-- MySQL dump 10.13  Distrib 5.5.62, for Win64 (AMD64)
--
-- Host: 127.0.0.1    Database: devportal_cloudappi_db
-- ------------------------------------------------------
-- Server version	5.7.38-log

/*!40101 SET @OLD_CHARACTER_SET_CLIENT=@@CHARACTER_SET_CLIENT */;
/*!40101 SET @OLD_CHARACTER_SET_RESULTS=@@CHARACTER_SET_RESULTS */;
/*!40101 SET @OLD_COLLATION_CONNECTION=@@COLLATION_CONNECTION */;
/*!40101 SET NAMES utf8 */;
/*!40103 SET @OLD_TIME_ZONE=@@TIME_ZONE */;
/*!40103 SET TIME_ZONE='+00:00' */;
/*!40014 SET @OLD_UNIQUE_CHECKS=@@UNIQUE_CHECKS, UNIQUE_CHECKS=0 */;
/*!40014 SET @OLD_FOREIGN_KEY_CHECKS=@@FOREIGN_KEY_CHECKS, FOREIGN_KEY_CHECKS=0 */;
/*!40101 SET @OLD_SQL_MODE=@@SQL_MODE, SQL_MODE='NO_AUTO_VALUE_ON_ZERO' */;
/*!40111 SET @OLD_SQL_NOTES=@@SQL_NOTES, SQL_NOTES=0 */;

--
-- Table structure for table `api_filters`
--

DROP TABLE IF EXISTS `api_filters`;
/*!40101 SET @saved_cs_client     = @@character_set_client */;
/*!40101 SET character_set_client = utf8 */;
CREATE TABLE `api_filters` (
  `id` int(10) unsigned NOT NULL AUTO_INCREMENT,
  `title` varchar(255) DEFAULT NULL,
  `published_at` datetime DEFAULT NULL,
  `created_by` int(11) DEFAULT NULL,
  `updated_by` int(11) DEFAULT NULL,
  `created_at` timestamp NULL DEFAULT CURRENT_TIMESTAMP,
  `updated_at` timestamp NULL DEFAULT CURRENT_TIMESTAMP,
  `label_project` varchar(255) DEFAULT NULL,
  `label_version` varchar(255) DEFAULT NULL,
  `slug` varchar(255) DEFAULT NULL,
  `locale` varchar(255) DEFAULT NULL,
  PRIMARY KEY (`id`),
  UNIQUE KEY `api_filters_slug_unique` (`slug`)
) ENGINE=InnoDB AUTO_INCREMENT=4 DEFAULT CHARSET=utf8;
/*!40101 SET character_set_client = @saved_cs_client */;

--
-- Dumping data for table `api_filters`
--

LOCK TABLES `api_filters` WRITE;
/*!40000 ALTER TABLE `api_filters` DISABLE KEYS */;
INSERT INTO `api_filters` VALUES (2,NULL,'2022-01-14 22:59:52',12,13,'2022-01-14 22:59:23','2022-03-14 04:26:47',NULL,NULL,'api-filters','en'),(3,NULL,'2022-02-21 21:57:02',13,13,'2022-02-21 21:50:57','2022-03-14 04:59:08',NULL,NULL,'api-filters-es','es');
/*!40000 ALTER TABLE `api_filters` ENABLE KEYS */;
UNLOCK TABLES;

--
-- Table structure for table `api_filters__localizations`
--

DROP TABLE IF EXISTS `api_filters__localizations`;
/*!40101 SET @saved_cs_client     = @@character_set_client */;
/*!40101 SET character_set_client = utf8 */;
CREATE TABLE `api_filters__localizations` (
  `id` int(10) unsigned NOT NULL AUTO_INCREMENT,
  `api_filter_id` int(11) DEFAULT NULL,
  `api-filter_id` int(11) DEFAULT NULL,
  PRIMARY KEY (`id`)
) ENGINE=InnoDB AUTO_INCREMENT=3 DEFAULT CHARSET=utf8;
/*!40101 SET character_set_client = @saved_cs_client */;

--
-- Dumping data for table `api_filters__localizations`
--

LOCK TABLES `api_filters__localizations` WRITE;
/*!40000 ALTER TABLE `api_filters__localizations` DISABLE KEYS */;
INSERT INTO `api_filters__localizations` VALUES (1,3,2),(2,2,3);
/*!40000 ALTER TABLE `api_filters__localizations` ENABLE KEYS */;
UNLOCK TABLES;

--
-- Table structure for table `api_filters_components`
--

DROP TABLE IF EXISTS `api_filters_components`;
/*!40101 SET @saved_cs_client     = @@character_set_client */;
/*!40101 SET character_set_client = utf8 */;
CREATE TABLE `api_filters_components` (
  `id` int(10) unsigned NOT NULL AUTO_INCREMENT,
  `field` varchar(255) NOT NULL,
  `order` int(10) unsigned NOT NULL,
  `component_type` varchar(255) NOT NULL,
  `component_id` int(11) NOT NULL,
  `api_filter_id` int(10) unsigned NOT NULL,
  PRIMARY KEY (`id`),
  KEY `api_filter_id_fk` (`api_filter_id`),
  CONSTRAINT `api_filter_id_fk` FOREIGN KEY (`api_filter_id`) REFERENCES `api_filters` (`id`) ON DELETE CASCADE
) ENGINE=InnoDB AUTO_INCREMENT=25 DEFAULT CHARSET=utf8;
/*!40101 SET character_set_client = @saved_cs_client */;

--
-- Dumping data for table `api_filters_components`
--

LOCK TABLES `api_filters_components` WRITE;
/*!40000 ALTER TABLE `api_filters_components` DISABLE KEYS */;
INSERT INTO `api_filters_components` VALUES (18,'remove_filters',1,'components_links_simple_buttons',7,2),(19,'buttons',1,'components_links_simple_buttons',8,2),(20,'filters_header',1,'components_elements_placeholders',27,2),(21,'filters_header',2,'components_formulario_select_options',2,2),(22,'buttons',1,'components_links_simple_buttons',16,3),(23,'filters_header',1,'components_elements_placeholders',28,3),(24,'filters_header',2,'components_formulario_select_options',4,3);
/*!40000 ALTER TABLE `api_filters_components` ENABLE KEYS */;
UNLOCK TABLES;

--
-- Table structure for table `apis`
--

DROP TABLE IF EXISTS `apis`;
/*!40101 SET @saved_cs_client     = @@character_set_client */;
/*!40101 SET character_set_client = utf8 */;
CREATE TABLE `apis` (
  `id` int(10) unsigned NOT NULL AUTO_INCREMENT,
  `idCatalogo` varchar(255) DEFAULT NULL,
  `name` varchar(255) DEFAULT NULL,
  `version` varchar(255) DEFAULT NULL,
  `description` longtext,
  `comercialTitle` varchar(255) DEFAULT NULL,
  `shortComercialDescription` longtext,
  `longComercialDescription` longtext,
  `isPublicDocumented` tinyint(1) DEFAULT NULL,
  `goesPortal` tinyint(1) DEFAULT NULL,
  `published_at` datetime DEFAULT NULL,
  `created_by` int(11) DEFAULT NULL,
  `updated_by` int(11) DEFAULT NULL,
  `created_at` timestamp NULL DEFAULT CURRENT_TIMESTAMP,
  `updated_at` timestamp NULL DEFAULT CURRENT_TIMESTAMP,
  `openDoc` longtext,
  `isPublicPortalVisible` tinyint(1) DEFAULT NULL,
  `slug` varchar(255) DEFAULT NULL,
  `state` varchar(255) DEFAULT NULL,
  `businessDescription` longtext,
  `order` int(11) DEFAULT NULL,
  `stat` tinyint(1) DEFAULT NULL,
  `IsPublicCoverVisible` tinyint(1) DEFAULT NULL,
  `locale` varchar(255) DEFAULT NULL,
  `filter_status` int(11) DEFAULT NULL,
  `smallText` varchar(255) DEFAULT NULL,
  PRIMARY KEY (`id`),
  UNIQUE KEY `apis_idcatalogo_unique` (`idCatalogo`),
  UNIQUE KEY `apis_slug_unique` (`slug`)
) ENGINE=InnoDB AUTO_INCREMENT=51 DEFAULT CHARSET=utf8;
/*!40101 SET character_set_client = @saved_cs_client */;

--
-- Dumping data for table `apis`
--

LOCK TABLES `apis` WRITE;
/*!40000 ALTER TABLE `apis` DISABLE KEYS */;
INSERT INTO `apis` VALUES (1,'712c44de-177b-4f98-a29e-f5f4e8649d57','marketplace','v1.0','Lorem Ipsus Vida Lorem Ipsus Vida Lorem Ipsus Vida Lorem Ipsus Vida Lorem Ipsus Vida','API to offset','All available endpoints to offset any amount of CO2 or to manage your environmental project so people can offset on it.','Te ayudamos a proteger a tus clientes a trav├®s de estos seguros que contemplan una amplia variedad de coberturas y permiten ofrecer un mayor servicio.',1,1,'2021-06-15 16:29:46',1,13,'2021-06-07 16:59:35','2022-03-14 03:23:10','{\"definitions\":{\"ProjectImage\":{\"description\":\"List of project_pictures objects.\",\"required\":[\"project\"],\"type\":\"object\",\"properties\":{\"id\":{\"title\":\"ID\",\"type\":\"integer\",\"readOnly\":true},\"project\":{\"title\":\"Project\",\"type\":\"string\",\"format\":\"uri\"},\"image\":{\"title\":\"Image\",\"type\":\"string\",\"readOnly\":true,\"format\":\"uri\"}}},\"ReadProject\":{\"required\":[\"name\",\"description\",\"code\",\"country\",\"region\",\"sdg_compliances\"],\"type\":\"object\",\"properties\":{\"postal_code\":{\"title\":\"Postal code\",\"type\":\"string\",\"maxLength\":100,\"x-nullable\":true},\"street\":{\"title\":\"Street\",\"type\":\"string\",\"maxLength\":100,\"x-nullable\":true},\"co2_balance\":{\"title\":\"Co2 balance\",\"type\":\"string\",\"readOnly\":true},\"billing_vat_number\":{\"title\":\"Billing_vat_number\",\"type\":\"string\",\"maxLength\":255,\"x-nullable\":true},\"methodology\":{\"title\":\"Methodology\",\"type\":\"string\",\"maxLength\":100,\"x-nullable\":true},\"is_featured\":{\"title\":\"Is featured\",\"type\":\"boolean\",\"readOnly\":true},\"registry_depositing_name\":{\"title\":\"Registry_depositing_name\",\"type\":\"string\",\"maxLength\":100,\"x-nullable\":true},\"first_verifier\":{\"title\":\"First Verifier\",\"type\":\"string\",\"maxLength\":100,\"x-nullable\":true},\"compensated_credits\":{\"title\":\"Compensated credits\",\"type\":\"string\",\"readOnly\":true},\"integration_registry\":{\"title\":\"Integration registry\",\"type\":\"string\",\"enum\":[\"ECOREGISTRY\",\"BME\"],\"x-nullable\":true},\"created\":{\"title\":\"Created\",\"type\":\"string\",\"format\":\"date-time\",\"readOnly\":true},\"price\":{\"title\":\"Define Price\",\"type\":\"number\",\"x-nullable\":true},\"date_registration\":{\"title\":\"Date of Registration\",\"type\":\"string\",\"format\":\"date-time\",\"x-nullable\":true},\"currency_token\":{\"title\":\"Currency token\",\"type\":\"integer\"},\"available_volume_credits\":{\"title\":\"Available volume credits\",\"type\":\"string\",\"readOnly\":true},\"monitoring_report\":{\"title\":\"Monitoring report\",\"type\":\"string\",\"readOnly\":true,\"x-nullable\":true,\"format\":\"uri\"},\"city\":{\"title\":\"City\",\"type\":\"string\",\"maxLength\":100,\"x-nullable\":true},\"name\":{\"title\":\"Project Title\",\"type\":\"string\",\"maxLength\":100,\"minLength\":1},\"latitude\":{\"title\":\"Latitude\",\"type\":\"string\",\"maxLength\":25,\"x-nullable\":true},\"thumbnail\":{\"title\":\"Thumbnail\",\"type\":\"string\",\"readOnly\":true,\"x-nullable\":true,\"format\":\"uri\"},\"billing_state\":{\"title\":\"Billing_state\",\"type\":\"string\",\"maxLength\":255,\"x-nullable\":true},\"code\":{\"title\":\"Project CODE\",\"type\":\"string\",\"maxLength\":100,\"minLength\":1,\"x-nullable\":true},\"rating_count\":{\"title\":\"Rating count\",\"type\":\"integer\",\"maximum\":2147483647,\"minimum\":-2147483648},\"recent_purchases\":{\"title\":\"Recent purchases\",\"type\":\"string\",\"readOnly\":true},\"billing_city\":{\"title\":\"Billing_city\",\"type\":\"string\",\"maxLength\":255,\"x-nullable\":true},\"sdg_compliances\":{\"type\":\"array\",\"items\":{\"$ref\":\"#/definitions/SDGCompliance\"}},\"url\":{\"title\":\"Url\",\"type\":\"string\",\"maxLength\":200,\"x-nullable\":true},\"longitude\":{\"title\":\"Longitude\",\"type\":\"string\",\"maxLength\":25,\"x-nullable\":true},\"pdd\":{\"title\":\"Pdd\",\"type\":\"string\",\"readOnly\":true,\"x-nullable\":true,\"format\":\"uri\"},\"vat_percentage\":{\"title\":\"Vat percentage\",\"type\":\"string\",\"readOnly\":true},\"billing_address\":{\"title\":\"Billing_address\",\"type\":\"string\",\"maxLength\":255,\"x-nullable\":true},\"billing_company_name\":{\"title\":\"Billing_company_name\",\"type\":\"string\",\"maxLength\":255,\"x-nullable\":true},\"state\":{\"title\":\"State\",\"type\":\"string\",\"maxLength\":100,\"x-nullable\":true},\"is_upcoming\":{\"title\":\"Is upcoming\",\"type\":\"boolean\",\"readOnly\":true},\"external_fee\":{\"title\":\"External fee\",\"type\":\"integer\",\"x-nullable\":true},\"credits_certificate\":{\"title\":\"Credits certificate\",\"type\":\"string\",\"readOnly\":true,\"x-nullable\":true,\"format\":\"uri\"},\"billing_country\":{\"title\":\"Billing country\",\"type\":\"integer\",\"x-nullable\":true},\"validator\":{\"title\":\"Validator\",\"type\":\"string\",\"maxLength\":100,\"x-nullable\":true},\"status\":{\"title\":\"Status\",\"type\":\"string\",\"maxLength\":100,\"x-nullable\":true},\"region\":{\"$ref\":\"#/definitions/Region\"},\"kind\":{\"title\":\"Kind\",\"type\":\"string\",\"enum\":[\"contribution\",\"compensation\"]},\"volume_credits\":{\"title\":\"Total Available tCO2e\",\"type\":\"number\"},\"pictures\":{\"description\":\"List of project_pictures objects.\",\"type\":\"array\",\"items\":{\"$ref\":\"#/definitions/ProjectImage\"},\"readOnly\":true},\"bc_address\":{\"title\":\"Bc address\",\"type\":\"string\",\"readOnly\":true},\"registry_depositing_url\":{\"title\":\"Registry_depositing_url\",\"type\":\"string\",\"x-nullable\":true},\"country\":{\"$ref\":\"#/definitions/Country\"},\"is_visible_in_climatetrade\":{\"title\":\"Is visible in ClimateTrade\",\"type\":\"boolean\"},\"cover\":{\"title\":\"Cover\",\"type\":\"string\",\"readOnly\":true,\"x-nullable\":true,\"format\":\"uri\"},\"integration_registry_project_id\":{\"title\":\"Integration registry project ID\",\"type\":\"string\",\"maxLength\":100,\"x-nullable\":true},\"verification_report\":{\"title\":\"Verification report\",\"type\":\"string\",\"readOnly\":true,\"x-nullable\":true,\"format\":\"uri\"},\"sub_type\":{\"title\":\"Type\",\"type\":\"string\",\"maxLength\":100,\"x-nullable\":true},\"token\":{\"title\":\"Token\",\"type\":\"integer\",\"readOnly\":true},\"type\":{\"title\":\"Type\",\"type\":\"string\",\"maxLength\":100,\"x-nullable\":true},\"validation_report\":{\"title\":\"Validation report\",\"type\":\"string\",\"readOnly\":true,\"x-nullable\":true,\"format\":\"uri\"},\"video\":{\"title\":\"Project video\",\"type\":\"string\",\"format\":\"uri\",\"maxLength\":200,\"x-nullable\":true},\"id\":{\"title\":\"ID\",\"type\":\"integer\",\"readOnly\":true},\"credit_start\":{\"title\":\"Credit Start\",\"type\":\"string\",\"format\":\"date-time\",\"x-nullable\":true},\"description\":{\"title\":\"Project Description\",\"type\":\"string\",\"minLength\":1},\"company\":{\"title\":\"Company\",\"type\":\"integer\",\"readOnly\":true},\"billing_postal_code\":{\"title\":\"Billing_postal_code\",\"type\":\"string\",\"maxLength\":255,\"x-nullable\":true},\"rating\":{\"title\":\"Rating\",\"type\":\"integer\",\"maximum\":2147483647,\"minimum\":-2147483648},\"standard\":{\"title\":\"Standard Project Type\",\"type\":\"string\",\"maxLength\":100,\"x-nullable\":true},\"registered_since\":{\"title\":\"Registered since\",\"type\":\"string\",\"format\":\"date-time\",\"x-nullable\":true}}},\"VerifyJSONWebToken\":{\"required\":[\"token\"],\"type\":\"object\",\"properties\":{\"token\":{\"title\":\"Token\",\"type\":\"string\",\"minLength\":1}}},\"RefreshJSONWebToken\":{\"required\":[\"token\"],\"type\":\"object\",\"properties\":{\"token\":{\"title\":\"Token\",\"type\":\"string\",\"minLength\":1}}},\"SDGCompliance\":{\"required\":[\"name\"],\"type\":\"object\",\"properties\":{\"id\":{\"title\":\"ID\",\"type\":\"integer\",\"readOnly\":true},\"name\":{\"title\":\"Name\",\"type\":\"string\",\"maxLength\":100,\"minLength\":1},\"code\":{\"title\":\"Code\",\"type\":\"integer\",\"maximum\":2147483647,\"minimum\":0,\"x-nullable\":true},\"icon\":{\"title\":\"Icon\",\"type\":\"string\",\"readOnly\":true,\"x-nullable\":true,\"format\":\"uri\"},\"image\":{\"title\":\"Image\",\"type\":\"string\",\"readOnly\":true,\"x-nullable\":true,\"format\":\"uri\"}}},\"Offset\":{\"required\":[\"offsets\",\"ticket_data\"],\"type\":\"object\",\"properties\":{\"offsets\":{\"title\":\"Offsets\",\"type\":\"object\"},\"ticket_data\":{\"title\":\"Ticket data\",\"type\":\"object\"}}},\"Region\":{\"required\":[\"name\"],\"type\":\"object\",\"properties\":{\"id\":{\"title\":\"ID\",\"type\":\"integer\",\"readOnly\":true},\"name\":{\"title\":\"Name\",\"type\":\"string\",\"maxLength\":100,\"minLength\":1}}},\"Country\":{\"required\":[\"name\"],\"type\":\"object\",\"properties\":{\"id\":{\"title\":\"ID\",\"type\":\"integer\",\"readOnly\":true},\"name\":{\"title\":\"Name\",\"type\":\"string\",\"maxLength\":100,\"minLength\":1},\"flag\":{\"title\":\"Flag\",\"type\":\"string\",\"readOnly\":true,\"format\":\"uri\"},\"is_in_eu\":{\"title\":\"Is in EU\",\"type\":\"boolean\"},\"vat_percentage\":{\"title\":\"VAT percentage\",\"type\":\"number\",\"maximum\":100,\"minimum\":0},\"code2\":{\"title\":\"Code2\",\"type\":\"string\",\"maxLength\":2,\"x-nullable\":true},\"longitude\":{\"title\":\"Longitude\",\"type\":\"string\",\"readOnly\":true},\"latitude\":{\"title\":\"Latitude\",\"type\":\"string\",\"readOnly\":true}}},\"Project\":{\"required\":[\"name\",\"description\",\"code\"],\"type\":\"object\",\"properties\":{\"postal_code\":{\"title\":\"Postal code\",\"type\":\"string\",\"maxLength\":100,\"x-nullable\":true},\"street\":{\"title\":\"Street\",\"type\":\"string\",\"maxLength\":100,\"x-nullable\":true},\"co2_balance\":{\"title\":\"Co2 balance\",\"type\":\"string\",\"readOnly\":true},\"billing_vat_number\":{\"title\":\"Billing_vat_number\",\"type\":\"string\",\"maxLength\":255,\"x-nullable\":true},\"methodology\":{\"title\":\"Methodology\",\"type\":\"string\",\"maxLength\":100,\"x-nullable\":true},\"is_featured\":{\"title\":\"Is featured\",\"type\":\"boolean\",\"readOnly\":true},\"registry_depositing_name\":{\"title\":\"Registry_depositing_name\",\"type\":\"string\",\"maxLength\":100,\"x-nullable\":true},\"first_verifier\":{\"title\":\"First Verifier\",\"type\":\"string\",\"maxLength\":100,\"x-nullable\":true},\"compensated_credits\":{\"title\":\"Compensated credits\",\"type\":\"string\",\"readOnly\":true},\"integration_registry\":{\"title\":\"Integration registry\",\"type\":\"string\",\"enum\":[\"ECOREGISTRY\",\"BME\"],\"x-nullable\":true},\"created\":{\"title\":\"Created\",\"type\":\"string\",\"format\":\"date-time\",\"readOnly\":true},\"price\":{\"title\":\"Define Price\",\"type\":\"number\",\"x-nullable\":true},\"date_registration\":{\"title\":\"Date of Registration\",\"type\":\"string\",\"format\":\"date-time\",\"x-nullable\":true},\"currency_token\":{\"title\":\"Currency token\",\"type\":\"integer\"},\"available_volume_credits\":{\"title\":\"Available volume credits\",\"type\":\"string\",\"readOnly\":true},\"monitoring_report\":{\"title\":\"Monitoring report\",\"type\":\"string\",\"readOnly\":true,\"x-nullable\":true,\"format\":\"uri\"},\"city\":{\"title\":\"City\",\"type\":\"string\",\"maxLength\":100,\"x-nullable\":true},\"name\":{\"title\":\"Project Title\",\"type\":\"string\",\"maxLength\":100,\"minLength\":1},\"latitude\":{\"title\":\"Latitude\",\"type\":\"string\",\"maxLength\":25,\"x-nullable\":true},\"thumbnail\":{\"title\":\"Thumbnail\",\"type\":\"string\",\"readOnly\":true,\"x-nullable\":true,\"format\":\"uri\"},\"billing_state\":{\"title\":\"Billing_state\",\"type\":\"string\",\"maxLength\":255,\"x-nullable\":true},\"code\":{\"title\":\"Project CODE\",\"type\":\"string\",\"maxLength\":100,\"minLength\":1,\"x-nullable\":true},\"rating_count\":{\"title\":\"Rating count\",\"type\":\"integer\",\"maximum\":2147483647,\"minimum\":-2147483648},\"recent_purchases\":{\"title\":\"Recent purchases\",\"type\":\"string\",\"readOnly\":true},\"billing_city\":{\"title\":\"Billing_city\",\"type\":\"string\",\"maxLength\":255,\"x-nullable\":true},\"sdg_compliances\":{\"type\":\"array\",\"items\":{\"type\":\"integer\"},\"uniqueItems\":true},\"url\":{\"title\":\"Url\",\"type\":\"string\",\"maxLength\":200,\"x-nullable\":true},\"longitude\":{\"title\":\"Longitude\",\"type\":\"string\",\"maxLength\":25,\"x-nullable\":true},\"pdd\":{\"title\":\"Pdd\",\"type\":\"string\",\"readOnly\":true,\"x-nullable\":true,\"format\":\"uri\"},\"vat_percentage\":{\"title\":\"Vat percentage\",\"type\":\"string\",\"readOnly\":true},\"billing_address\":{\"title\":\"Billing_address\",\"type\":\"string\",\"maxLength\":255,\"x-nullable\":true},\"billing_company_name\":{\"title\":\"Billing_company_name\",\"type\":\"string\",\"maxLength\":255,\"x-nullable\":true},\"state\":{\"title\":\"State\",\"type\":\"string\",\"maxLength\":100,\"x-nullable\":true},\"is_upcoming\":{\"title\":\"Is upcoming\",\"type\":\"boolean\",\"readOnly\":true},\"external_fee\":{\"title\":\"External fee\",\"type\":\"integer\",\"x-nullable\":true},\"credits_certificate\":{\"title\":\"Credits certificate\",\"type\":\"string\",\"readOnly\":true,\"x-nullable\":true,\"format\":\"uri\"},\"billing_country\":{\"title\":\"Billing country\",\"type\":\"integer\",\"x-nullable\":true},\"validator\":{\"title\":\"Validator\",\"type\":\"string\",\"maxLength\":100,\"x-nullable\":true},\"status\":{\"title\":\"Status\",\"type\":\"string\",\"maxLength\":100,\"x-nullable\":true},\"region\":{\"title\":\"Region\",\"type\":\"integer\",\"x-nullable\":true},\"kind\":{\"title\":\"Kind\",\"type\":\"string\",\"enum\":[\"contribution\",\"compensation\"]},\"volume_credits\":{\"title\":\"Total Available tCO2e\",\"type\":\"number\"},\"pictures\":{\"description\":\"List of project_pictures objects.\",\"type\":\"array\",\"items\":{\"$ref\":\"#/definitions/ProjectImage\"},\"readOnly\":true},\"bc_address\":{\"title\":\"Bc address\",\"type\":\"string\",\"readOnly\":true},\"registry_depositing_url\":{\"title\":\"Registry_depositing_url\",\"type\":\"string\",\"x-nullable\":true},\"country\":{\"title\":\"Host country\",\"type\":\"integer\",\"x-nullable\":true},\"is_visible_in_climatetrade\":{\"title\":\"Is visible in ClimateTrade\",\"type\":\"boolean\"},\"cover\":{\"title\":\"Cover\",\"type\":\"string\",\"readOnly\":true,\"x-nullable\":true,\"format\":\"uri\"},\"integration_registry_project_id\":{\"title\":\"Integration registry project ID\",\"type\":\"string\",\"maxLength\":100,\"x-nullable\":true},\"verification_report\":{\"title\":\"Verification report\",\"type\":\"string\",\"readOnly\":true,\"x-nullable\":true,\"format\":\"uri\"},\"sub_type\":{\"title\":\"Type\",\"type\":\"string\",\"maxLength\":100,\"x-nullable\":true},\"token\":{\"title\":\"Token\",\"type\":\"integer\",\"readOnly\":true},\"type\":{\"title\":\"Type\",\"type\":\"string\",\"maxLength\":100,\"x-nullable\":true},\"validation_report\":{\"title\":\"Validation report\",\"type\":\"string\",\"readOnly\":true,\"x-nullable\":true,\"format\":\"uri\"},\"video\":{\"title\":\"Project video\",\"type\":\"string\",\"format\":\"uri\",\"maxLength\":200,\"x-nullable\":true},\"id\":{\"title\":\"ID\",\"type\":\"integer\",\"readOnly\":true},\"credit_start\":{\"title\":\"Credit Start\",\"type\":\"string\",\"format\":\"date-time\",\"x-nullable\":true},\"description\":{\"title\":\"Project Description\",\"type\":\"string\",\"minLength\":1},\"company\":{\"title\":\"Company\",\"type\":\"integer\",\"readOnly\":true},\"billing_postal_code\":{\"title\":\"Billing_postal_code\",\"type\":\"string\",\"maxLength\":255,\"x-nullable\":true},\"rating\":{\"title\":\"Rating\",\"type\":\"integer\",\"maximum\":2147483647,\"minimum\":-2147483648},\"standard\":{\"title\":\"Standard Project Type\",\"type\":\"string\",\"maxLength\":100,\"x-nullable\":true},\"registered_since\":{\"title\":\"Registered since\",\"type\":\"string\",\"format\":\"date-time\",\"x-nullable\":true}}}},\"securityDefinitions\":{\"basic\":{\"type\":\"basic\"}},\"security\":[{\"basic\":[]}],\"host\":[\"https://dev.backend.climatetrade.net\",\"https://pre.backend.climatetrade.net\"],\"swagger\":\"2.0\",\"info\":{\"title\":\"ClimateTrade API\",\"description\":\"Computers have their own language called Machine Code which tells them what to do. As you can see, it doesnÔÇÖt make a lot of sense to humans!\\n\\n  Each number or letter is telling the computer to change something in its memory. This could be a number or word, or a little part of a picture or video. By themselves, computers donÔÇÖt know how to do anything. It is the job of the programmer to give them instructions.\",\"termsOfService\":\"https://www.climatetrade.com/terms/\",\"contact\":{\"email\":\"info@climatetrade.com\"},\"version\":\"v1\"},\"paths\":{\"/token-refresh/\":{\"post\":{\"operationId\":\"token-refresh_create\",\"summary\":\"API View that returns a refreshed token (with new expiration) based on\\nexisting token\",\"description\":\"If \'orig_iat\' field (original issued-at-time) is found, will first check\\nif it\'s within expiration window, then copy it to the new token\",\"parameters\":[{\"name\":\"data\",\"in\":\"body\",\"required\":true,\"schema\":{\"$ref\":\"#/definitions/RefreshJSONWebToken\"}}],\"responses\":{\"201\":{\"description\":\"\",\"schema\":{\"$ref\":\"#/definitions/RefreshJSONWebToken\"}}},\"tags\":[\"token-refresh\"]},\"parameters\":[]},\"/token-verify/\":{\"post\":{\"operationId\":\"token-verify_create\",\"description\":\"API View that checks the veracity of a token, returning the token if it\\nis valid.\",\"parameters\":[{\"name\":\"data\",\"in\":\"body\",\"required\":true,\"schema\":{\"$ref\":\"#/definitions/VerifyJSONWebToken\"}}],\"responses\":{\"201\":{\"description\":\"\",\"schema\":{\"$ref\":\"#/definitions/VerifyJSONWebToken\"}}},\"tags\":[\"token-verify\"]},\"parameters\":[]},\"/v1/offsets/\":{\"post\":{\"operationId\":\"v1_offsets_create\",\"description\":\"\",\"parameters\":[{\"name\":\"data\",\"in\":\"body\",\"required\":true,\"schema\":{\"$ref\":\"#/definitions/Offset\"}}],\"responses\":{\"201\":{\"description\":\"\",\"schema\":{\"$ref\":\"#/definitions/Offset\"}}},\"tags\":[\"v1\"]},\"parameters\":[]},\"/v1/projects/\":{\"get\":{\"operationId\":\"v1_projects_list\",\"description\":\"\",\"parameters\":[{\"name\":\"user_id\",\"in\":\"query\",\"description\":\"Filter using the user internal ID.\",\"required\":false,\"type\":\"number\"},{\"name\":\"country_id\",\"in\":\"query\",\"description\":\"Filter using country internal ID.\",\"required\":false,\"type\":\"number\"},{\"name\":\"country_name\",\"in\":\"query\",\"description\":\"Filter using country name.\",\"required\":false,\"type\":\"string\"},{\"name\":\"purchase_by\",\"in\":\"query\",\"description\":\"Filter projects where the given user ID has invested.\",\"required\":false,\"type\":\"number\"},{\"name\":\"kind\",\"in\":\"query\",\"description\":\"Filter projects by kind\",\"required\":false,\"type\":\"string\"},{\"name\":\"is_visible_in_climatetrade\",\"in\":\"query\",\"description\":\"Filter projects visible in ClimateTrade\",\"required\":false,\"type\":\"string\"},{\"name\":\"is_featured\",\"in\":\"query\",\"description\":\"Filter featured projects\",\"required\":false,\"type\":\"string\"},{\"name\":\"ordering\",\"in\":\"query\",\"description\":\"Use to ordering the results, with: \'name\', \'created\' and \'volume_credits\' as possible values.\",\"required\":false,\"type\":\"string\"},{\"name\":\"is_upcoming\",\"in\":\"query\",\"description\":\"Filter upcoming projects\",\"required\":false,\"type\":\"string\"},{\"name\":\"sdg_compliance\",\"in\":\"query\",\"description\":\"Filter projects by SDG Compliance\",\"required\":false,\"type\":\"number\"},{\"name\":\"search\",\"in\":\"query\",\"description\":\"A search term.\",\"required\":false,\"type\":\"string\"},{\"name\":\"page\",\"in\":\"query\",\"description\":\"A page number within the paginated result set.\",\"required\":false,\"type\":\"integer\"},{\"name\":\"page_size\",\"in\":\"query\",\"description\":\"Number of results to return per page.\",\"required\":false,\"type\":\"integer\"}],\"responses\":{\"200\":{\"description\":\"\",\"schema\":{\"required\":[\"count\",\"results\"],\"type\":\"object\",\"properties\":{\"count\":{\"type\":\"integer\"},\"next\":{\"type\":\"string\",\"format\":\"uri\",\"x-nullable\":true},\"previous\":{\"type\":\"string\",\"format\":\"uri\",\"x-nullable\":true},\"results\":{\"type\":\"array\",\"items\":{\"$ref\":\"#/definitions/ReadProject\"}}}}}},\"tags\":[\"v1\"]},\"post\":{\"operationId\":\"v1_projects_create\",\"description\":\"\",\"parameters\":[{\"name\":\"data\",\"in\":\"body\",\"required\":true,\"schema\":{\"$ref\":\"#/definitions/Project\"}}],\"responses\":{\"201\":{\"description\":\"\",\"schema\":{\"$ref\":\"#/definitions/Project\"}}},\"tags\":[\"v1\"]},\"parameters\":[]},\"/v1/projects/business/\":{\"get\":{\"operationId\":\"v1_projects_business\",\"description\":\"\",\"parameters\":[{\"name\":\"user_id\",\"in\":\"query\",\"description\":\"Filter using the user internal ID.\",\"required\":false,\"type\":\"number\"},{\"name\":\"country_id\",\"in\":\"query\",\"description\":\"Filter using country internal ID.\",\"required\":false,\"type\":\"number\"},{\"name\":\"country_name\",\"in\":\"query\",\"description\":\"Filter using country name.\",\"required\":false,\"type\":\"string\"},{\"name\":\"purchase_by\",\"in\":\"query\",\"description\":\"Filter projects where the given user ID has invested.\",\"required\":false,\"type\":\"number\"},{\"name\":\"kind\",\"in\":\"query\",\"description\":\"Filter projects by kind\",\"required\":false,\"type\":\"string\"},{\"name\":\"is_visible_in_climatetrade\",\"in\":\"query\",\"description\":\"Filter projects visible in ClimateTrade\",\"required\":false,\"type\":\"string\"},{\"name\":\"is_featured\",\"in\":\"query\",\"description\":\"Filter featured projects\",\"required\":false,\"type\":\"string\"},{\"name\":\"ordering\",\"in\":\"query\",\"description\":\"Use to ordering the results, with: \'name\', \'created\' and \'volume_credits\' as possible values.\",\"required\":false,\"type\":\"string\"},{\"name\":\"is_upcoming\",\"in\":\"query\",\"description\":\"Filter upcoming projects\",\"required\":false,\"type\":\"string\"},{\"name\":\"sdg_compliance\",\"in\":\"query\",\"description\":\"Filter projects by SDG Compliance\",\"required\":false,\"type\":\"number\"},{\"name\":\"search\",\"in\":\"query\",\"description\":\"A search term.\",\"required\":false,\"type\":\"string\"},{\"name\":\"page\",\"in\":\"query\",\"description\":\"A page number within the paginated result set.\",\"required\":false,\"type\":\"integer\"},{\"name\":\"page_size\",\"in\":\"query\",\"description\":\"Number of results to return per page.\",\"required\":false,\"type\":\"integer\"}],\"responses\":{\"200\":{\"description\":\"\",\"schema\":{\"required\":[\"count\",\"results\"],\"type\":\"object\",\"properties\":{\"count\":{\"type\":\"integer\"},\"next\":{\"type\":\"string\",\"format\":\"uri\",\"x-nullable\":true},\"previous\":{\"type\":\"string\",\"format\":\"uri\",\"x-nullable\":true},\"results\":{\"type\":\"array\",\"items\":{\"$ref\":\"#/definitions/ReadProject\"}}}}}},\"tags\":[\"v1\"]},\"parameters\":[]},\"/v1/projects/validate/\":{\"post\":{\"operationId\":\"v1_projects_validate\",\"description\":\"\",\"parameters\":[{\"name\":\"data\",\"in\":\"body\",\"required\":true,\"schema\":{\"$ref\":\"#/definitions/Project\"}}],\"responses\":{\"201\":{\"description\":\"\",\"schema\":{\"$ref\":\"#/definitions/Project\"}}},\"tags\":[\"v1\"]},\"parameters\":[]},\"/v1/projects/{id}/\":{\"get\":{\"operationId\":\"v1_projects_read\",\"description\":\"\",\"parameters\":[],\"responses\":{\"200\":{\"description\":\"\",\"schema\":{\"$ref\":\"#/definitions/ReadProject\"}}},\"tags\":[\"v1\"]},\"put\":{\"operationId\":\"v1_projects_update\",\"description\":\"\",\"parameters\":[{\"name\":\"data\",\"in\":\"body\",\"required\":true,\"schema\":{\"$ref\":\"#/definitions/Project\"}}],\"responses\":{\"200\":{\"description\":\"\",\"schema\":{\"$ref\":\"#/definitions/Project\"}}},\"tags\":[\"v1\"]},\"patch\":{\"operationId\":\"v1_projects_partial_update\",\"description\":\"\",\"parameters\":[{\"name\":\"data\",\"in\":\"body\",\"required\":true,\"schema\":{\"$ref\":\"#/definitions/Project\"}}],\"responses\":{\"200\":{\"description\":\"\",\"schema\":{\"$ref\":\"#/definitions/Project\"}}},\"tags\":[\"v1\"]},\"delete\":{\"operationId\":\"v1_projects_delete\",\"description\":\"\",\"parameters\":[],\"responses\":{\"204\":{\"description\":\"\"}},\"tags\":[\"v1\"]},\"parameters\":[{\"name\":\"id\",\"in\":\"path\",\"description\":\"A unique integer value identifying this project.\",\"required\":true,\"type\":\"integer\"}]}},\"schemes\":[\"https\"],\"produces\":[\"application/json\"],\"basePath\":\"/api\",\"consumes\":[\"application/json\"]}',1,'api-climatetrade-v1.0',NULL,NULL,5,NULL,0,'en',1,'+ View documentation'),(40,'3e0ceae2-eb32-4375-b976-056d6416687e','calculators','v1.0',NULL,'API to calculate','All available endpoints to calculate the amount of CO2 associated with a specific product or service.','Esta API expone los servicios para el producto Vehicular de RIMAC, con el cual podr├ís realizar todo tipo de gestiones, desde la cotizaci├│n flexible y r├ípida hasta la renovaci├│n y endosos.\n',0,NULL,'2021-09-17 18:12:51',2,13,'2021-09-17 18:12:47','2022-03-17 06:21:42','{\"definitions\":{\"RefreshJSONWebToken\":{\"required\":[\"token\"],\"type\":\"object\",\"properties\":{\"token\":{\"title\":\"Token\",\"type\":\"string\",\"minLength\":1}}},\"VerifyJSONWebToken\":{\"required\":[\"token\"],\"type\":\"object\",\"properties\":{\"token\":{\"title\":\"Token\",\"type\":\"string\",\"minLength\":1}}}},\"securityDefinitions\":{\"Basic\":{\"type\":\"basic\"}},\"security\":[{\"Basic\":[]}],\"host\":\"pre.backend.calculator.climatetrade.net\",\"swagger\":\"2.0\",\"info\":{\"title\":\"ClimateTrade API\",\"description\":\"\",\"termsOfService\":\"https://www.climatetrade.com/terms/\",\"contact\":{\"email\":\"info@climatetrade.com\"},\"version\":\"v1\"},\"paths\":{\"/token-refresh/\":{\"post\":{\"operationId\":\"token-refresh_create\",\"summary\":\"API View that returns a refreshed token (with new expiration) based on\\nexisting token\",\"description\":\"If \'orig_iat\' field (original issued-at-time) is found, will first check\\nif it\'s within expiration window, then copy it to the new token\",\"parameters\":[{\"name\":\"data\",\"in\":\"body\",\"required\":true,\"schema\":{\"$ref\":\"#/definitions/RefreshJSONWebToken\"}}],\"responses\":{\"201\":{\"description\":\"\",\"schema\":{\"$ref\":\"#/definitions/RefreshJSONWebToken\"}}},\"tags\":[\"token-refresh\"]},\"parameters\":[]},\"/token-verify/\":{\"post\":{\"operationId\":\"token-verify_create\",\"description\":\"API View that checks the veracity of a token, returning the token if it\\nis valid.\",\"parameters\":[{\"name\":\"data\",\"in\":\"body\",\"required\":true,\"schema\":{\"$ref\":\"#/definitions/VerifyJSONWebToken\"}}],\"responses\":{\"201\":{\"description\":\"\",\"schema\":{\"$ref\":\"#/definitions/VerifyJSONWebToken\"}}},\"tags\":[\"token-verify\"]},\"parameters\":[]},\"/v1/calculate/\":{\"post\":{\"operationId\":\"v1_calculate_create\",\"description\":\"expected blocks:\\n- electric consumption\\n- employees travel to office\\n- business trips\\n- other\",\"parameters\":[],\"responses\":{\"201\":{\"description\":\"\"}},\"tags\":[\"v1\"]},\"parameters\":[]},\"/v1/calculate/calculate_cars_co2/\":{\"get\":{\"operationId\":\"v1_calculate_calculate_cars_co2\",\"description\":\"query params:\\n- make_model\\n- motor_type\\n- km\\nexample /api/v1/calculate/calculate_hotel_co2/?make_model=audi_a6&motor_diesel=112&km=50\",\"parameters\":[],\"responses\":{\"200\":{\"description\":\"\"}},\"tags\":[\"v1\"]},\"parameters\":[]},\"/v1/calculate/calculate_hotel_co2/\":{\"get\":{\"operationId\":\"v1_calculate_calculate_hotel_co2\",\"summary\":\"query params:\\n- stars\\n- rooms\\n- days\\n- country\",\"description\":\"example /api/v1/calculate/calculate_hotel_co2/?stars=4&rooms=1&days=1&country=india\",\"parameters\":[],\"responses\":{\"200\":{\"description\":\"\"}},\"tags\":[\"v1\"]},\"parameters\":[]}},\"schemes\":[\"https\"],\"produces\":[\"application/json\"],\"basePath\":\"/api\",\"consumes\":[\"application/json\"]}',1,'calculators','deprecado','PRUEBAS TEST review rimac\nWith the [GraphHopper Directions API](https://www.graphhopper.com/products/) you can integrate A-to-B route planning, turn-by-turn navigation,\nroute optimization, isochrone calculations and other tools in your application.\n\n\n# Flujos de venta SOAT\n\n## Flujo B├ísico\n\n![2021-08-10 20_58_06-Flujo HappyPath.png](https://dyvr5xl1zwdq4.cloudfront.net/2021_08_10_20_58_06_Flujo_Happy_Path_307dbb2efb.png)\n\n\nThe GraphHopper Directions API consists of the following RESTful web services:\n\n * [Sunarp](#operation/getMaestrosVehicular),\n * [Crear Cotizaci├│n](#operation/crearCotizacion),\n * [Cronograma](#operation/crearCronograma),\n * [Obtener Persona](#operation/agregarPersona),\n * [Agregar CLiente](#operation/agregarPersona)\n\n<PullRight>\nThis part will appear in the right pane.\n</PullRight>\n\n<iframe width=\"560\" height=\"315\" src=\"https://www.youtube.com/embed/NcEHOlnAY6A\" frameborder=\"0\" allow=\"accelerometer; autoplay; clipboard-write; encrypted-media; gyroscope; picture-in-picture\" allowfullscreen></iframe>\n\n1. [Sign up for GraphHopper](https://support.graphhopper.com/a/solutions/articles/44001976025)\n2. [Create an API key](https://support.graphhopper.com/a/solutions/articles/44001976027)\n\nEach API part has its own documentation. Jump to the desired API part and learn about the API through the given examples and tutorials.\n\nIn addition, for each API there are specific sample requests that you can send via Insomnia or Postman to see what the requests and responses look like.\n\n## FLujo con validaciones\n\nTo explore our APIs with [Insomnia](https://insomnia.rest/), follow these steps:\n\n![2021-08-10 20_58_06-Flujo HappyPath.png](https://dyvr5xl1zwdq4.cloudfront.net/2021_08_11_13_02_26_Postman_f91d3bb4f7.png)\n\n1. Open Insomnia and Import [our workspace](https://raw.githubusercontent.com/graphhopper/directions-api-doc/master/web/restclients/GraphHopper-Direction-API-Insomnia.json).\n2. Specify [your API key](https://graphhopper.com/dashboard/#/register) in your workspace: Manage Environments -> Base Environment -> `\\\"api_key\\\": your API key`\n3. Start exploring\n\n![Insomnia](./img/insomnia.png)\n\n## FLujo con validaciones 2\n\nTo explore our APIs with [Postman](https://www.getpostman.com/), follow these steps:\n\n1. Import our [request collections](https://raw.githubusercontent.com/graphhopper/directions-api-doc/master/web/restclients/graphhopper_directions_api.postman_collection.json) as well as our [environment file](https://raw.githubusercontent.com/graphhopper/directions-api-doc/master/web/restclients/graphhopper_directions_api.postman_environment.json).\n2. Specify [your API key](https://graphhopper.com/dashboard/#/register) in your environment: `\\\"api_key\\\": your API key`\n3. Start exploring\n\n![Postman](./img/postman.png)\n\n### Bandwidth reduction\n\nIf you create your own client, make sure it supports http/2 and gzipped responses for best speed.\n\nIf you use the Matrix, the Route Optimization API or the Cluster API and want to solve large problems, we recommend you to reduce bandwidth\nby [compressing your POST request](https://gist.github.com/karussell/82851e303ea7b3459b2dea01f18949f4)\nand specifying the header as follows: `Content-Encoding: gzip`. This will also avoid the HTTP 413 error \\\"Request Entity Too Large\\\".\n\n## Contact Us\n\nIf you have problems or questions, please read the following information:\n\n- [FAQ](https://graphhopper.com/api/1/docs/FAQ/)\n- [Public forum](https://discuss.graphhopper.com/c/directions-api)\n- [Contact us](https://www.graphhopper.com/contact-form/)\n- [GraphHopper Status Page](https://status.graphhopper.com/)\n\nTo stay informed about the latest developments, you can\n\n- follow us on [twitter](https://twitter.com/graphhopper/),\n- read [our blog](https://graphhopper.com/blog/),\n- watch [our documentation repository](https://github.com/graphhopper/directions-api-doc),\n- sign up for our newsletter or\n- [our forum](https://discuss.graphhopper.com/c/directions-api).\n\nSelect the channel you like the most.\n\n\n# Maestros y codigos\n\nCurrently, our main data source is [OpenStreetMap](https://www.openstreetmap.org). We also integrated other network data providers.\nThis chapter gives an overview about the options you have.\n\n## Codigos de error\n\n#### Geographical Coverage\n\n[OpenStreetMap](https://www.openstreetmap.org) covers the whole world. If you want to see for yourself if we can provide data suitable for your region,\nplease visit [GraphHopper Maps](https://graphhopper.com/maps/).\nYou can edit and modify OpenStreetMap data if you find that important information is missing, e.g. a weight limit for a bridge.\n[Here](https://wiki.openstreetmap.org/wiki/Beginners%27_guide) is a beginner\'s guide that shows how to add data. If you have edited data, we usually consider your data after 1 week at the latest.\n\n#### Supported Vehicle Profiles\n\nThe Routing, Matrix and Route Optimization APIs support the following vehicle profiles:\n\nName       | Description           | Restrictions              | Icon\n-----------|:----------------------|:--------------------------|:---------------------------------------------------------\ncar        | Car mode              | car access                | ![car image](https://graphhopper.com/maps/img/car.png)\nsmall_truck| Small truck like a Mercedes Sprinter, Ford Transit or Iveco Daily | height=2.7m, width=2+0.4m, length=5.5m, weight=2080+1400 kg | ![small truck image](https://graphhopper.com/maps/img/small_truck.png)\ntruck      | Truck like a MAN or Mercedes-Benz Actros | height=3.7m, width=2.6+0.5m, length=12m, weight=13000 + 13000 kg, hgv=yes, 3 Axes | ![truck image](https://graphhopper.com/maps/img/truck.png)\nscooter    | Moped mode | Fast inner city, often used for food delivery, is able to ignore certain bollards, maximum speed of roughly 50km/h | ![scooter image](https://graphhopper.com/maps/img/scooter.png)\nfoot       | Pedestrian or walking without dangerous [SAC-scales](https://wiki.openstreetmap.org/wiki/Key:sac_scale) | foot access         | ![foot image](https://graphhopper.com/maps/img/foot.png)\nhike       | Pedestrian or walking with priority for more beautiful hiking tours and potentially a bit longer than `foot`. Walking duration is influenced by elevation differences.  | foot access         | ![hike image](https://graphhopper.com/maps/img/hike.png)\nbike       | Trekking bike avoiding hills | bike access  | ![bike image](https://graphhopper.com/maps/img/bike.png)\nmtb        | Mountainbike          | bike access         | ![Mountainbike image](https://graphhopper.com/maps/img/mtb.png)\nracingbike| Bike preferring roads | bike access         | ![racingbike image](https://graphhopper.com/maps/img/racingbike.png)\n\nPlease note:\n\n * all motor vehicles (`car`, `small_truck`, `truck` and `scooter`) support turn restrictions via `turn_costs=true`\n * the free package supports only the vehicle profiles `car`, `bike` or `foot`\n * up to 2 different vehicle profiles can be used in a single optimization request. The number of vehicles is unaffected and depends on your subscription.\n * we offer custom vehicle profiles with different properties, different speed profiles or different access options. To find out more about custom profiles, please [contact us](https://www.graphhopper.com/contact-form/).\n * a sophisticated `motorcycle` profile is available up on request. It is powered by the [Kurviger](https://kurviger.de/en) Routing API and favors curves and slopes while avoiding cities and highways.\n \n## TomTom\n\nIf you want to include traffic, you can purchase the TomTom Add-on.\nThis Add-on only uses TomTom\'s road network and historical traffic information.\nLive traffic is not yet considered. If you are interested to learn how we consider traffic information, we recommend that you read [this article](https://www.graphhopper.com/blog/2017/11/06/time-dependent-optimization/).\n\nPlease note the following:\n\n * Currently we only offer this for our [Route Optimization API](#tag/Route-Optimization-API).\n * In addition to our terms, you need to accept TomTom\'s [End User License Aggreement](https://www.graphhopper.com/tomtom-end-user-license-agreement/).\n * We do *not* use TomTom\'s web services. We only use their data with our software.\n \n[Contact us](https://www.graphhopper.com/contact-form/) for more details.\n\n#### Geographical Coverage\n\nWe offer\n\n- Europe including Russia\n- North, Central and South America\n- Saudi Arabia\n- United Arab Emirates\n- South Africa\n- Australia\n\n#### Supported Vehicle Profiles\n\nName       | Description           | Restrictions              | Icon\n-----------|:----------------------|:--------------------------|:---------------------------------------------------------\ncar        | Car mode              | car access                | ![car image](https://graphhopper.com/maps/img/car.png)\nsmall_truck| Small truck like a Mercedes Sprinter, Ford Transit or Iveco Daily | height=2.7m, width=2+0.4m, length=5.5m, weight=2080+1400 kg | ![small truck image](https://graphhopper.com/maps/img/small_truck.png)\n',1,NULL,1,'en',1,'+ View documentation'),(48,NULL,'marketplace','v1.0',NULL,'API para compensar','Todos los puntos finales disponibles para compensar cualquier cantidad de CO2 o para administrar su proyecto ambiental para que las personas puedan compensarlo.',NULL,1,NULL,'2022-02-22 03:39:42',13,13,'2022-02-22 03:37:47','2022-03-10 20:42:34','{\"definitions\":{\"ProjectImage\":{\"description\":\"List of project_pictures objects.\",\"required\":[\"project\"],\"type\":\"object\",\"properties\":{\"id\":{\"title\":\"ID\",\"type\":\"integer\",\"readOnly\":true},\"project\":{\"title\":\"Project\",\"type\":\"string\",\"format\":\"uri\"},\"image\":{\"title\":\"Image\",\"type\":\"string\",\"readOnly\":true,\"format\":\"uri\"}}},\"ReadProject\":{\"required\":[\"name\",\"description\",\"code\",\"country\",\"region\",\"sdg_compliances\"],\"type\":\"object\",\"properties\":{\"postal_code\":{\"title\":\"Postal code\",\"type\":\"string\",\"maxLength\":100,\"x-nullable\":true},\"street\":{\"title\":\"Street\",\"type\":\"string\",\"maxLength\":100,\"x-nullable\":true},\"co2_balance\":{\"title\":\"Co2 balance\",\"type\":\"string\",\"readOnly\":true},\"billing_vat_number\":{\"title\":\"Billing_vat_number\",\"type\":\"string\",\"maxLength\":255,\"x-nullable\":true},\"methodology\":{\"title\":\"Methodology\",\"type\":\"string\",\"maxLength\":100,\"x-nullable\":true},\"is_featured\":{\"title\":\"Is featured\",\"type\":\"boolean\",\"readOnly\":true},\"registry_depositing_name\":{\"title\":\"Registry_depositing_name\",\"type\":\"string\",\"maxLength\":100,\"x-nullable\":true},\"first_verifier\":{\"title\":\"First Verifier\",\"type\":\"string\",\"maxLength\":100,\"x-nullable\":true},\"compensated_credits\":{\"title\":\"Compensated credits\",\"type\":\"string\",\"readOnly\":true},\"integration_registry\":{\"title\":\"Integration registry\",\"type\":\"string\",\"enum\":[\"ECOREGISTRY\",\"BME\"],\"x-nullable\":true},\"created\":{\"title\":\"Created\",\"type\":\"string\",\"format\":\"date-time\",\"readOnly\":true},\"price\":{\"title\":\"Define Price\",\"type\":\"number\",\"x-nullable\":true},\"date_registration\":{\"title\":\"Date of Registration\",\"type\":\"string\",\"format\":\"date-time\",\"x-nullable\":true},\"currency_token\":{\"title\":\"Currency token\",\"type\":\"integer\"},\"available_volume_credits\":{\"title\":\"Available volume credits\",\"type\":\"string\",\"readOnly\":true},\"monitoring_report\":{\"title\":\"Monitoring report\",\"type\":\"string\",\"readOnly\":true,\"x-nullable\":true,\"format\":\"uri\"},\"city\":{\"title\":\"City\",\"type\":\"string\",\"maxLength\":100,\"x-nullable\":true},\"name\":{\"title\":\"Project Title\",\"type\":\"string\",\"maxLength\":100,\"minLength\":1},\"latitude\":{\"title\":\"Latitude\",\"type\":\"string\",\"maxLength\":25,\"x-nullable\":true},\"thumbnail\":{\"title\":\"Thumbnail\",\"type\":\"string\",\"readOnly\":true,\"x-nullable\":true,\"format\":\"uri\"},\"billing_state\":{\"title\":\"Billing_state\",\"type\":\"string\",\"maxLength\":255,\"x-nullable\":true},\"code\":{\"title\":\"Project CODE\",\"type\":\"string\",\"maxLength\":100,\"minLength\":1,\"x-nullable\":true},\"rating_count\":{\"title\":\"Rating count\",\"type\":\"integer\",\"maximum\":2147483647,\"minimum\":-2147483648},\"recent_purchases\":{\"title\":\"Recent purchases\",\"type\":\"string\",\"readOnly\":true},\"billing_city\":{\"title\":\"Billing_city\",\"type\":\"string\",\"maxLength\":255,\"x-nullable\":true},\"sdg_compliances\":{\"type\":\"array\",\"items\":{\"$ref\":\"#/definitions/SDGCompliance\"}},\"url\":{\"title\":\"Url\",\"type\":\"string\",\"maxLength\":200,\"x-nullable\":true},\"longitude\":{\"title\":\"Longitude\",\"type\":\"string\",\"maxLength\":25,\"x-nullable\":true},\"pdd\":{\"title\":\"Pdd\",\"type\":\"string\",\"readOnly\":true,\"x-nullable\":true,\"format\":\"uri\"},\"vat_percentage\":{\"title\":\"Vat percentage\",\"type\":\"string\",\"readOnly\":true},\"billing_address\":{\"title\":\"Billing_address\",\"type\":\"string\",\"maxLength\":255,\"x-nullable\":true},\"billing_company_name\":{\"title\":\"Billing_company_name\",\"type\":\"string\",\"maxLength\":255,\"x-nullable\":true},\"state\":{\"title\":\"State\",\"type\":\"string\",\"maxLength\":100,\"x-nullable\":true},\"is_upcoming\":{\"title\":\"Is upcoming\",\"type\":\"boolean\",\"readOnly\":true},\"external_fee\":{\"title\":\"External fee\",\"type\":\"integer\",\"x-nullable\":true},\"credits_certificate\":{\"title\":\"Credits certificate\",\"type\":\"string\",\"readOnly\":true,\"x-nullable\":true,\"format\":\"uri\"},\"billing_country\":{\"title\":\"Billing country\",\"type\":\"integer\",\"x-nullable\":true},\"validator\":{\"title\":\"Validator\",\"type\":\"string\",\"maxLength\":100,\"x-nullable\":true},\"status\":{\"title\":\"Status\",\"type\":\"string\",\"maxLength\":100,\"x-nullable\":true},\"region\":{\"$ref\":\"#/definitions/Region\"},\"kind\":{\"title\":\"Kind\",\"type\":\"string\",\"enum\":[\"contribution\",\"compensation\"]},\"volume_credits\":{\"title\":\"Total Available tCO2e\",\"type\":\"number\"},\"pictures\":{\"description\":\"List of project_pictures objects.\",\"type\":\"array\",\"items\":{\"$ref\":\"#/definitions/ProjectImage\"},\"readOnly\":true},\"bc_address\":{\"title\":\"Bc address\",\"type\":\"string\",\"readOnly\":true},\"registry_depositing_url\":{\"title\":\"Registry_depositing_url\",\"type\":\"string\",\"x-nullable\":true},\"country\":{\"$ref\":\"#/definitions/Country\"},\"is_visible_in_climatetrade\":{\"title\":\"Is visible in ClimateTrade\",\"type\":\"boolean\"},\"cover\":{\"title\":\"Cover\",\"type\":\"string\",\"readOnly\":true,\"x-nullable\":true,\"format\":\"uri\"},\"integration_registry_project_id\":{\"title\":\"Integration registry project ID\",\"type\":\"string\",\"maxLength\":100,\"x-nullable\":true},\"verification_report\":{\"title\":\"Verification report\",\"type\":\"string\",\"readOnly\":true,\"x-nullable\":true,\"format\":\"uri\"},\"sub_type\":{\"title\":\"Type\",\"type\":\"string\",\"maxLength\":100,\"x-nullable\":true},\"token\":{\"title\":\"Token\",\"type\":\"integer\",\"readOnly\":true},\"type\":{\"title\":\"Type\",\"type\":\"string\",\"maxLength\":100,\"x-nullable\":true},\"validation_report\":{\"title\":\"Validation report\",\"type\":\"string\",\"readOnly\":true,\"x-nullable\":true,\"format\":\"uri\"},\"video\":{\"title\":\"Project video\",\"type\":\"string\",\"format\":\"uri\",\"maxLength\":200,\"x-nullable\":true},\"id\":{\"title\":\"ID\",\"type\":\"integer\",\"readOnly\":true},\"credit_start\":{\"title\":\"Credit Start\",\"type\":\"string\",\"format\":\"date-time\",\"x-nullable\":true},\"description\":{\"title\":\"Project Description\",\"type\":\"string\",\"minLength\":1},\"company\":{\"title\":\"Company\",\"type\":\"integer\",\"readOnly\":true},\"billing_postal_code\":{\"title\":\"Billing_postal_code\",\"type\":\"string\",\"maxLength\":255,\"x-nullable\":true},\"rating\":{\"title\":\"Rating\",\"type\":\"integer\",\"maximum\":2147483647,\"minimum\":-2147483648},\"standard\":{\"title\":\"Standard Project Type\",\"type\":\"string\",\"maxLength\":100,\"x-nullable\":true},\"registered_since\":{\"title\":\"Registered since\",\"type\":\"string\",\"format\":\"date-time\",\"x-nullable\":true}}},\"VerifyJSONWebToken\":{\"required\":[\"token\"],\"type\":\"object\",\"properties\":{\"token\":{\"title\":\"Token\",\"type\":\"string\",\"minLength\":1}}},\"RefreshJSONWebToken\":{\"required\":[\"token\"],\"type\":\"object\",\"properties\":{\"token\":{\"title\":\"Token\",\"type\":\"string\",\"minLength\":1}}},\"SDGCompliance\":{\"required\":[\"name\"],\"type\":\"object\",\"properties\":{\"id\":{\"title\":\"ID\",\"type\":\"integer\",\"readOnly\":true},\"name\":{\"title\":\"Name\",\"type\":\"string\",\"maxLength\":100,\"minLength\":1},\"code\":{\"title\":\"Code\",\"type\":\"integer\",\"maximum\":2147483647,\"minimum\":0,\"x-nullable\":true},\"icon\":{\"title\":\"Icon\",\"type\":\"string\",\"readOnly\":true,\"x-nullable\":true,\"format\":\"uri\"},\"image\":{\"title\":\"Image\",\"type\":\"string\",\"readOnly\":true,\"x-nullable\":true,\"format\":\"uri\"}}},\"Offset\":{\"required\":[\"offsets\",\"ticket_data\"],\"type\":\"object\",\"properties\":{\"offsets\":{\"title\":\"Offsets\",\"type\":\"object\"},\"ticket_data\":{\"title\":\"Ticket data\",\"type\":\"object\"}}},\"Region\":{\"required\":[\"name\"],\"type\":\"object\",\"properties\":{\"id\":{\"title\":\"ID\",\"type\":\"integer\",\"readOnly\":true},\"name\":{\"title\":\"Name\",\"type\":\"string\",\"maxLength\":100,\"minLength\":1}}},\"Country\":{\"required\":[\"name\"],\"type\":\"object\",\"properties\":{\"id\":{\"title\":\"ID\",\"type\":\"integer\",\"readOnly\":true},\"name\":{\"title\":\"Name\",\"type\":\"string\",\"maxLength\":100,\"minLength\":1},\"flag\":{\"title\":\"Flag\",\"type\":\"string\",\"readOnly\":true,\"format\":\"uri\"},\"is_in_eu\":{\"title\":\"Is in EU\",\"type\":\"boolean\"},\"vat_percentage\":{\"title\":\"VAT percentage\",\"type\":\"number\",\"maximum\":100,\"minimum\":0},\"code2\":{\"title\":\"Code2\",\"type\":\"string\",\"maxLength\":2,\"x-nullable\":true},\"longitude\":{\"title\":\"Longitude\",\"type\":\"string\",\"readOnly\":true},\"latitude\":{\"title\":\"Latitude\",\"type\":\"string\",\"readOnly\":true}}},\"Project\":{\"required\":[\"name\",\"description\",\"code\"],\"type\":\"object\",\"properties\":{\"postal_code\":{\"title\":\"Postal code\",\"type\":\"string\",\"maxLength\":100,\"x-nullable\":true},\"street\":{\"title\":\"Street\",\"type\":\"string\",\"maxLength\":100,\"x-nullable\":true},\"co2_balance\":{\"title\":\"Co2 balance\",\"type\":\"string\",\"readOnly\":true},\"billing_vat_number\":{\"title\":\"Billing_vat_number\",\"type\":\"string\",\"maxLength\":255,\"x-nullable\":true},\"methodology\":{\"title\":\"Methodology\",\"type\":\"string\",\"maxLength\":100,\"x-nullable\":true},\"is_featured\":{\"title\":\"Is featured\",\"type\":\"boolean\",\"readOnly\":true},\"registry_depositing_name\":{\"title\":\"Registry_depositing_name\",\"type\":\"string\",\"maxLength\":100,\"x-nullable\":true},\"first_verifier\":{\"title\":\"First Verifier\",\"type\":\"string\",\"maxLength\":100,\"x-nullable\":true},\"compensated_credits\":{\"title\":\"Compensated credits\",\"type\":\"string\",\"readOnly\":true},\"integration_registry\":{\"title\":\"Integration registry\",\"type\":\"string\",\"enum\":[\"ECOREGISTRY\",\"BME\"],\"x-nullable\":true},\"created\":{\"title\":\"Created\",\"type\":\"string\",\"format\":\"date-time\",\"readOnly\":true},\"price\":{\"title\":\"Define Price\",\"type\":\"number\",\"x-nullable\":true},\"date_registration\":{\"title\":\"Date of Registration\",\"type\":\"string\",\"format\":\"date-time\",\"x-nullable\":true},\"currency_token\":{\"title\":\"Currency token\",\"type\":\"integer\"},\"available_volume_credits\":{\"title\":\"Available volume credits\",\"type\":\"string\",\"readOnly\":true},\"monitoring_report\":{\"title\":\"Monitoring report\",\"type\":\"string\",\"readOnly\":true,\"x-nullable\":true,\"format\":\"uri\"},\"city\":{\"title\":\"City\",\"type\":\"string\",\"maxLength\":100,\"x-nullable\":true},\"name\":{\"title\":\"Project Title\",\"type\":\"string\",\"maxLength\":100,\"minLength\":1},\"latitude\":{\"title\":\"Latitude\",\"type\":\"string\",\"maxLength\":25,\"x-nullable\":true},\"thumbnail\":{\"title\":\"Thumbnail\",\"type\":\"string\",\"readOnly\":true,\"x-nullable\":true,\"format\":\"uri\"},\"billing_state\":{\"title\":\"Billing_state\",\"type\":\"string\",\"maxLength\":255,\"x-nullable\":true},\"code\":{\"title\":\"Project CODE\",\"type\":\"string\",\"maxLength\":100,\"minLength\":1,\"x-nullable\":true},\"rating_count\":{\"title\":\"Rating count\",\"type\":\"integer\",\"maximum\":2147483647,\"minimum\":-2147483648},\"recent_purchases\":{\"title\":\"Recent purchases\",\"type\":\"string\",\"readOnly\":true},\"billing_city\":{\"title\":\"Billing_city\",\"type\":\"string\",\"maxLength\":255,\"x-nullable\":true},\"sdg_compliances\":{\"type\":\"array\",\"items\":{\"type\":\"integer\"},\"uniqueItems\":true},\"url\":{\"title\":\"Url\",\"type\":\"string\",\"maxLength\":200,\"x-nullable\":true},\"longitude\":{\"title\":\"Longitude\",\"type\":\"string\",\"maxLength\":25,\"x-nullable\":true},\"pdd\":{\"title\":\"Pdd\",\"type\":\"string\",\"readOnly\":true,\"x-nullable\":true,\"format\":\"uri\"},\"vat_percentage\":{\"title\":\"Vat percentage\",\"type\":\"string\",\"readOnly\":true},\"billing_address\":{\"title\":\"Billing_address\",\"type\":\"string\",\"maxLength\":255,\"x-nullable\":true},\"billing_company_name\":{\"title\":\"Billing_company_name\",\"type\":\"string\",\"maxLength\":255,\"x-nullable\":true},\"state\":{\"title\":\"State\",\"type\":\"string\",\"maxLength\":100,\"x-nullable\":true},\"is_upcoming\":{\"title\":\"Is upcoming\",\"type\":\"boolean\",\"readOnly\":true},\"external_fee\":{\"title\":\"External fee\",\"type\":\"integer\",\"x-nullable\":true},\"credits_certificate\":{\"title\":\"Credits certificate\",\"type\":\"string\",\"readOnly\":true,\"x-nullable\":true,\"format\":\"uri\"},\"billing_country\":{\"title\":\"Billing country\",\"type\":\"integer\",\"x-nullable\":true},\"validator\":{\"title\":\"Validator\",\"type\":\"string\",\"maxLength\":100,\"x-nullable\":true},\"status\":{\"title\":\"Status\",\"type\":\"string\",\"maxLength\":100,\"x-nullable\":true},\"region\":{\"title\":\"Region\",\"type\":\"integer\",\"x-nullable\":true},\"kind\":{\"title\":\"Kind\",\"type\":\"string\",\"enum\":[\"contribution\",\"compensation\"]},\"volume_credits\":{\"title\":\"Total Available tCO2e\",\"type\":\"number\"},\"pictures\":{\"description\":\"List of project_pictures objects.\",\"type\":\"array\",\"items\":{\"$ref\":\"#/definitions/ProjectImage\"},\"readOnly\":true},\"bc_address\":{\"title\":\"Bc address\",\"type\":\"string\",\"readOnly\":true},\"registry_depositing_url\":{\"title\":\"Registry_depositing_url\",\"type\":\"string\",\"x-nullable\":true},\"country\":{\"title\":\"Host country\",\"type\":\"integer\",\"x-nullable\":true},\"is_visible_in_climatetrade\":{\"title\":\"Is visible in ClimateTrade\",\"type\":\"boolean\"},\"cover\":{\"title\":\"Cover\",\"type\":\"string\",\"readOnly\":true,\"x-nullable\":true,\"format\":\"uri\"},\"integration_registry_project_id\":{\"title\":\"Integration registry project ID\",\"type\":\"string\",\"maxLength\":100,\"x-nullable\":true},\"verification_report\":{\"title\":\"Verification report\",\"type\":\"string\",\"readOnly\":true,\"x-nullable\":true,\"format\":\"uri\"},\"sub_type\":{\"title\":\"Type\",\"type\":\"string\",\"maxLength\":100,\"x-nullable\":true},\"token\":{\"title\":\"Token\",\"type\":\"integer\",\"readOnly\":true},\"type\":{\"title\":\"Type\",\"type\":\"string\",\"maxLength\":100,\"x-nullable\":true},\"validation_report\":{\"title\":\"Validation report\",\"type\":\"string\",\"readOnly\":true,\"x-nullable\":true,\"format\":\"uri\"},\"video\":{\"title\":\"Project video\",\"type\":\"string\",\"format\":\"uri\",\"maxLength\":200,\"x-nullable\":true},\"id\":{\"title\":\"ID\",\"type\":\"integer\",\"readOnly\":true},\"credit_start\":{\"title\":\"Credit Start\",\"type\":\"string\",\"format\":\"date-time\",\"x-nullable\":true},\"description\":{\"title\":\"Project Description\",\"type\":\"string\",\"minLength\":1},\"company\":{\"title\":\"Company\",\"type\":\"integer\",\"readOnly\":true},\"billing_postal_code\":{\"title\":\"Billing_postal_code\",\"type\":\"string\",\"maxLength\":255,\"x-nullable\":true},\"rating\":{\"title\":\"Rating\",\"type\":\"integer\",\"maximum\":2147483647,\"minimum\":-2147483648},\"standard\":{\"title\":\"Standard Project Type\",\"type\":\"string\",\"maxLength\":100,\"x-nullable\":true},\"registered_since\":{\"title\":\"Registered since\",\"type\":\"string\",\"format\":\"date-time\",\"x-nullable\":true}}}},\"securityDefinitions\":{\"basic\":{\"type\":\"basic\"}},\"security\":[{\"basic\":[]}],\"host\":\"pre.backend.climatetrade.net\",\"swagger\":\"2.0\",\"info\":{\"title\":\"ClimateTrade API\",\"description\":\"\",\"termsOfService\":\"https://www.climatetrade.com/terms/\",\"contact\":{\"email\":\"info@climatetrade.com\"},\"version\":\"v1\"},\"paths\":{\"/token-refresh/\":{\"post\":{\"operationId\":\"token-refresh_create\",\"summary\":\"API View that returns a refreshed token (with new expiration) based on\\nexisting token\",\"description\":\"If \'orig_iat\' field (original issued-at-time) is found, will first check\\nif it\'s within expiration window, then copy it to the new token\",\"parameters\":[{\"name\":\"data\",\"in\":\"body\",\"required\":true,\"schema\":{\"$ref\":\"#/definitions/RefreshJSONWebToken\"}}],\"responses\":{\"201\":{\"description\":\"\",\"schema\":{\"$ref\":\"#/definitions/RefreshJSONWebToken\"}}},\"tags\":[\"token-refresh\"]},\"parameters\":[]},\"/token-verify/\":{\"post\":{\"operationId\":\"token-verify_create\",\"description\":\"API View that checks the veracity of a token, returning the token if it\\nis valid.\",\"parameters\":[{\"name\":\"data\",\"in\":\"body\",\"required\":true,\"schema\":{\"$ref\":\"#/definitions/VerifyJSONWebToken\"}}],\"responses\":{\"201\":{\"description\":\"\",\"schema\":{\"$ref\":\"#/definitions/VerifyJSONWebToken\"}}},\"tags\":[\"token-verify\"]},\"parameters\":[]},\"/v1/offsets/\":{\"post\":{\"operationId\":\"v1_offsets_create\",\"description\":\"\",\"parameters\":[{\"name\":\"data\",\"in\":\"body\",\"required\":true,\"schema\":{\"$ref\":\"#/definitions/Offset\"}}],\"responses\":{\"201\":{\"description\":\"\",\"schema\":{\"$ref\":\"#/definitions/Offset\"}}},\"tags\":[\"v1\"]},\"parameters\":[]},\"/v1/projects/\":{\"get\":{\"operationId\":\"v1_projects_list\",\"description\":\"\",\"parameters\":[{\"name\":\"user_id\",\"in\":\"query\",\"description\":\"Filter using the user internal ID.\",\"required\":false,\"type\":\"number\"},{\"name\":\"country_id\",\"in\":\"query\",\"description\":\"Filter using country internal ID.\",\"required\":false,\"type\":\"number\"},{\"name\":\"country_name\",\"in\":\"query\",\"description\":\"Filter using country name.\",\"required\":false,\"type\":\"string\"},{\"name\":\"purchase_by\",\"in\":\"query\",\"description\":\"Filter projects where the given user ID has invested.\",\"required\":false,\"type\":\"number\"},{\"name\":\"kind\",\"in\":\"query\",\"description\":\"Filter projects by kind\",\"required\":false,\"type\":\"string\"},{\"name\":\"is_visible_in_climatetrade\",\"in\":\"query\",\"description\":\"Filter projects visible in ClimateTrade\",\"required\":false,\"type\":\"string\"},{\"name\":\"is_featured\",\"in\":\"query\",\"description\":\"Filter featured projects\",\"required\":false,\"type\":\"string\"},{\"name\":\"ordering\",\"in\":\"query\",\"description\":\"Use to ordering the results, with: \'name\', \'created\' and \'volume_credits\' as possible values.\",\"required\":false,\"type\":\"string\"},{\"name\":\"is_upcoming\",\"in\":\"query\",\"description\":\"Filter upcoming projects\",\"required\":false,\"type\":\"string\"},{\"name\":\"sdg_compliance\",\"in\":\"query\",\"description\":\"Filter projects by SDG Compliance\",\"required\":false,\"type\":\"number\"},{\"name\":\"search\",\"in\":\"query\",\"description\":\"A search term.\",\"required\":false,\"type\":\"string\"},{\"name\":\"page\",\"in\":\"query\",\"description\":\"A page number within the paginated result set.\",\"required\":false,\"type\":\"integer\"},{\"name\":\"page_size\",\"in\":\"query\",\"description\":\"Number of results to return per page.\",\"required\":false,\"type\":\"integer\"}],\"responses\":{\"200\":{\"description\":\"\",\"schema\":{\"required\":[\"count\",\"results\"],\"type\":\"object\",\"properties\":{\"count\":{\"type\":\"integer\"},\"next\":{\"type\":\"string\",\"format\":\"uri\",\"x-nullable\":true},\"previous\":{\"type\":\"string\",\"format\":\"uri\",\"x-nullable\":true},\"results\":{\"type\":\"array\",\"items\":{\"$ref\":\"#/definitions/ReadProject\"}}}}}},\"tags\":[\"v1\"]},\"post\":{\"operationId\":\"v1_projects_create\",\"description\":\"\",\"parameters\":[{\"name\":\"data\",\"in\":\"body\",\"required\":true,\"schema\":{\"$ref\":\"#/definitions/Project\"}}],\"responses\":{\"201\":{\"description\":\"\",\"schema\":{\"$ref\":\"#/definitions/Project\"}}},\"tags\":[\"v1\"]},\"parameters\":[]},\"/v1/projects/business/\":{\"get\":{\"operationId\":\"v1_projects_business\",\"description\":\"\",\"parameters\":[{\"name\":\"user_id\",\"in\":\"query\",\"description\":\"Filter using the user internal ID.\",\"required\":false,\"type\":\"number\"},{\"name\":\"country_id\",\"in\":\"query\",\"description\":\"Filter using country internal ID.\",\"required\":false,\"type\":\"number\"},{\"name\":\"country_name\",\"in\":\"query\",\"description\":\"Filter using country name.\",\"required\":false,\"type\":\"string\"},{\"name\":\"purchase_by\",\"in\":\"query\",\"description\":\"Filter projects where the given user ID has invested.\",\"required\":false,\"type\":\"number\"},{\"name\":\"kind\",\"in\":\"query\",\"description\":\"Filter projects by kind\",\"required\":false,\"type\":\"string\"},{\"name\":\"is_visible_in_climatetrade\",\"in\":\"query\",\"description\":\"Filter projects visible in ClimateTrade\",\"required\":false,\"type\":\"string\"},{\"name\":\"is_featured\",\"in\":\"query\",\"description\":\"Filter featured projects\",\"required\":false,\"type\":\"string\"},{\"name\":\"ordering\",\"in\":\"query\",\"description\":\"Use to ordering the results, with: \'name\', \'created\' and \'volume_credits\' as possible values.\",\"required\":false,\"type\":\"string\"},{\"name\":\"is_upcoming\",\"in\":\"query\",\"description\":\"Filter upcoming projects\",\"required\":false,\"type\":\"string\"},{\"name\":\"sdg_compliance\",\"in\":\"query\",\"description\":\"Filter projects by SDG Compliance\",\"required\":false,\"type\":\"number\"},{\"name\":\"search\",\"in\":\"query\",\"description\":\"A search term.\",\"required\":false,\"type\":\"string\"},{\"name\":\"page\",\"in\":\"query\",\"description\":\"A page number within the paginated result set.\",\"required\":false,\"type\":\"integer\"},{\"name\":\"page_size\",\"in\":\"query\",\"description\":\"Number of results to return per page.\",\"required\":false,\"type\":\"integer\"}],\"responses\":{\"200\":{\"description\":\"\",\"schema\":{\"required\":[\"count\",\"results\"],\"type\":\"object\",\"properties\":{\"count\":{\"type\":\"integer\"},\"next\":{\"type\":\"string\",\"format\":\"uri\",\"x-nullable\":true},\"previous\":{\"type\":\"string\",\"format\":\"uri\",\"x-nullable\":true},\"results\":{\"type\":\"array\",\"items\":{\"$ref\":\"#/definitions/ReadProject\"}}}}}},\"tags\":[\"v1\"]},\"parameters\":[]},\"/v1/projects/validate/\":{\"post\":{\"operationId\":\"v1_projects_validate\",\"description\":\"\",\"parameters\":[{\"name\":\"data\",\"in\":\"body\",\"required\":true,\"schema\":{\"$ref\":\"#/definitions/Project\"}}],\"responses\":{\"201\":{\"description\":\"\",\"schema\":{\"$ref\":\"#/definitions/Project\"}}},\"tags\":[\"v1\"]},\"parameters\":[]},\"/v1/projects/{id}/\":{\"get\":{\"operationId\":\"v1_projects_read\",\"description\":\"\",\"parameters\":[],\"responses\":{\"200\":{\"description\":\"\",\"schema\":{\"$ref\":\"#/definitions/ReadProject\"}}},\"tags\":[\"v1\"]},\"put\":{\"operationId\":\"v1_projects_update\",\"description\":\"\",\"parameters\":[{\"name\":\"data\",\"in\":\"body\",\"required\":true,\"schema\":{\"$ref\":\"#/definitions/Project\"}}],\"responses\":{\"200\":{\"description\":\"\",\"schema\":{\"$ref\":\"#/definitions/Project\"}}},\"tags\":[\"v1\"]},\"patch\":{\"operationId\":\"v1_projects_partial_update\",\"description\":\"\",\"parameters\":[{\"name\":\"data\",\"in\":\"body\",\"required\":true,\"schema\":{\"$ref\":\"#/definitions/Project\"}}],\"responses\":{\"200\":{\"description\":\"\",\"schema\":{\"$ref\":\"#/definitions/Project\"}}},\"tags\":[\"v1\"]},\"delete\":{\"operationId\":\"v1_projects_delete\",\"description\":\"\",\"parameters\":[],\"responses\":{\"204\":{\"description\":\"\"}},\"tags\":[\"v1\"]},\"parameters\":[{\"name\":\"id\",\"in\":\"path\",\"description\":\"A unique integer value identifying this project.\",\"required\":true,\"type\":\"integer\"}]}},\"schemes\":[\"https\"],\"produces\":[\"application/json\"],\"basePath\":\"/api\",\"consumes\":[\"application/json\"]}',1,'api-climatetrade-v1.0-es',NULL,NULL,NULL,NULL,0,'es',4,'+ Ver documentaci├│n'),(50,NULL,'calculators','v1.0',NULL,'API para calcular','Todos los puntos finales disponibles para calcular la cantidad de CO2 asociada a un producto o servicio espec├¡fico.',NULL,0,NULL,'2022-02-24 19:40:34',13,13,'2022-02-24 14:58:53','2022-03-10 20:42:49','{\"definitions\":{\"RefreshJSONWebToken\":{\"required\":[\"token\"],\"type\":\"object\",\"properties\":{\"token\":{\"title\":\"Token\",\"type\":\"string\",\"minLength\":1}}},\"VerifyJSONWebToken\":{\"required\":[\"token\"],\"type\":\"object\",\"properties\":{\"token\":{\"title\":\"Token\",\"type\":\"string\",\"minLength\":1}}}},\"securityDefinitions\":{\"Basic\":{\"type\":\"basic\"}},\"security\":[{\"Basic\":[]}],\"host\":\"pre.backend.calculator.climatetrade.net\",\"swagger\":\"2.0\",\"info\":{\"title\":\"ClimateTrade API\",\"description\":\"\",\"termsOfService\":\"https://www.climatetrade.com/terms/\",\"contact\":{\"email\":\"info@climatetrade.com\"},\"version\":\"v1\"},\"paths\":{\"/token-refresh/\":{\"post\":{\"operationId\":\"token-refresh_create\",\"summary\":\"API View that returns a refreshed token (with new expiration) based on\\nexisting token\",\"description\":\"If \'orig_iat\' field (original issued-at-time) is found, will first check\\nif it\'s within expiration window, then copy it to the new token\",\"parameters\":[{\"name\":\"data\",\"in\":\"body\",\"required\":true,\"schema\":{\"$ref\":\"#/definitions/RefreshJSONWebToken\"}}],\"responses\":{\"201\":{\"description\":\"\",\"schema\":{\"$ref\":\"#/definitions/RefreshJSONWebToken\"}}},\"tags\":[\"token-refresh\"]},\"parameters\":[]},\"/token-verify/\":{\"post\":{\"operationId\":\"token-verify_create\",\"description\":\"API View that checks the veracity of a token, returning the token if it\\nis valid.\",\"parameters\":[{\"name\":\"data\",\"in\":\"body\",\"required\":true,\"schema\":{\"$ref\":\"#/definitions/VerifyJSONWebToken\"}}],\"responses\":{\"201\":{\"description\":\"\",\"schema\":{\"$ref\":\"#/definitions/VerifyJSONWebToken\"}}},\"tags\":[\"token-verify\"]},\"parameters\":[]},\"/v1/calculate/\":{\"post\":{\"operationId\":\"v1_calculate_create\",\"description\":\"expected blocks:\\n- electric consumption\\n- employees travel to office\\n- business trips\\n- other\",\"parameters\":[],\"responses\":{\"201\":{\"description\":\"\"}},\"tags\":[\"v1\"]},\"parameters\":[]},\"/v1/calculate/calculate_cars_co2/\":{\"get\":{\"operationId\":\"v1_calculate_calculate_cars_co2\",\"description\":\"query params:\\n- make_model\\n- motor_type\\n- km\\nexample /api/v1/calculate/calculate_hotel_co2/?make_model=audi_a6&motor_diesel=112&km=50\",\"parameters\":[],\"responses\":{\"200\":{\"description\":\"\"}},\"tags\":[\"v1\"]},\"parameters\":[]},\"/v1/calculate/calculate_hotel_co2/\":{\"get\":{\"operationId\":\"v1_calculate_calculate_hotel_co2\",\"summary\":\"query params:\\n- stars\\n- rooms\\n- days\\n- country\",\"description\":\"example /api/v1/calculate/calculate_hotel_co2/?stars=4&rooms=1&days=1&country=india\",\"parameters\":[],\"responses\":{\"200\":{\"description\":\"\"}},\"tags\":[\"v1\"]},\"parameters\":[]}},\"schemes\":[\"https\"],\"produces\":[\"application/json\"],\"basePath\":\"/api\",\"consumes\":[\"application/json\"]}',1,'calculators-es',NULL,NULL,NULL,NULL,1,'es',4,'+ Ver documentaci├│n');
/*!40000 ALTER TABLE `apis` ENABLE KEYS */;
UNLOCK TABLES;

--
-- Table structure for table `apis__localizations`
--

DROP TABLE IF EXISTS `apis__localizations`;
/*!40101 SET @saved_cs_client     = @@character_set_client */;
/*!40101 SET character_set_client = utf8 */;
CREATE TABLE `apis__localizations` (
  `id` int(10) unsigned NOT NULL AUTO_INCREMENT,
  `api_id` int(11) DEFAULT NULL,
  `related_api_id` int(11) DEFAULT NULL,
  PRIMARY KEY (`id`)
) ENGINE=InnoDB AUTO_INCREMENT=6 DEFAULT CHARSET=utf8;
/*!40101 SET character_set_client = @saved_cs_client */;

--
-- Dumping data for table `apis__localizations`
--

LOCK TABLES `apis__localizations` WRITE;
/*!40000 ALTER TABLE `apis__localizations` DISABLE KEYS */;
INSERT INTO `apis__localizations` VALUES (1,48,1),(2,1,48),(3,50,40),(4,40,50),(5,52,41);
/*!40000 ALTER TABLE `apis__localizations` ENABLE KEYS */;
UNLOCK TABLES;

--
-- Table structure for table `apis_category_apis__category_apis_apis`
--

DROP TABLE IF EXISTS `apis_category_apis__category_apis_apis`;
/*!40101 SET @saved_cs_client     = @@character_set_client */;
/*!40101 SET character_set_client = utf8 */;
CREATE TABLE `apis_category_apis__category_apis_apis` (
  `id` int(10) unsigned NOT NULL AUTO_INCREMENT,
  `api_id` int(11) DEFAULT NULL,
  `category-api_id` int(11) DEFAULT NULL,
  PRIMARY KEY (`id`)
) ENGINE=InnoDB AUTO_INCREMENT=59 DEFAULT CHARSET=utf8;
/*!40101 SET character_set_client = @saved_cs_client */;

--
-- Dumping data for table `apis_category_apis__category_apis_apis`
--

LOCK TABLES `apis_category_apis__category_apis_apis` WRITE;
/*!40000 ALTER TABLE `apis_category_apis__category_apis_apis` DISABLE KEYS */;
INSERT INTO `apis_category_apis__category_apis_apis` VALUES (9,1,2),(12,14,0),(13,20,0),(15,25,0),(16,26,0),(17,30,0),(18,30,0),(19,31,0),(20,32,0),(21,33,0),(22,34,0),(23,34,0),(24,34,0),(25,34,0),(39,40,2),(44,1,4),(47,48,10),(48,48,8),(50,50,10),(53,50,8),(54,40,4),(55,1,3),(56,40,3),(57,48,7),(58,50,7);
/*!40000 ALTER TABLE `apis_category_apis__category_apis_apis` ENABLE KEYS */;
UNLOCK TABLES;

--
-- Table structure for table `apis_components`
--

DROP TABLE IF EXISTS `apis_components`;
/*!40101 SET @saved_cs_client     = @@character_set_client */;
/*!40101 SET character_set_client = utf8 */;
CREATE TABLE `apis_components` (
  `id` int(10) unsigned NOT NULL AUTO_INCREMENT,
  `field` varchar(255) NOT NULL,
  `order` int(10) unsigned NOT NULL,
  `component_type` varchar(255) NOT NULL,
  `component_id` int(11) NOT NULL,
  `api_id` int(10) unsigned NOT NULL,
  PRIMARY KEY (`id`),
  KEY `api_id_fk` (`api_id`),
  CONSTRAINT `api_id_fk` FOREIGN KEY (`api_id`) REFERENCES `apis` (`id`) ON DELETE CASCADE
) ENGINE=InnoDB AUTO_INCREMENT=91 DEFAULT CHARSET=utf8;
/*!40101 SET character_set_client = @saved_cs_client */;

--
-- Dumping data for table `apis_components`
--

LOCK TABLES `apis_components` WRITE;
/*!40000 ALTER TABLE `apis_components` DISABLE KEYS */;
INSERT INTO `apis_components` VALUES (2,'features',1,'components_sections_feature_basic_groups',2,1),(6,'metadata',1,'components_meta_metadata',29,1),(14,'featuresGroup',1,'components_elements_features',51,1),(15,'featuresGroup',2,'components_elements_features',52,1),(30,'metadata',1,'components_meta_metadata',64,40),(40,'featuresGroup',1,'components_elements_features',81,40),(41,'featuresGroup',3,'components_elements_features',82,40),(42,'featuresGroup',4,'components_elements_features',83,40),(43,'featuresGroup',6,'components_elements_features',84,40),(45,'featuresGroup',4,'components_elements_features',85,1),(46,'featuresGroup',6,'components_elements_features',86,1),(61,'featuresGroup',5,'components_elements_features',101,1),(62,'featuresGroup',2,'components_elements_features',102,40),(63,'featuresGroup',5,'components_elements_features',103,40),(69,'featuresGroup',3,'components_elements_features',109,1),(89,'metadata',1,'components_meta_metadata',143,48),(90,'metadata',1,'components_meta_metadata',144,50);
/*!40000 ALTER TABLE `apis_components` ENABLE KEYS */;
UNLOCK TABLES;

--
-- Table structure for table `apis_filter_project_types__filter_project_types_apis`
--

DROP TABLE IF EXISTS `apis_filter_project_types__filter_project_types_apis`;
/*!40101 SET @saved_cs_client     = @@character_set_client */;
/*!40101 SET character_set_client = utf8 */;
CREATE TABLE `apis_filter_project_types__filter_project_types_apis` (
  `id` int(10) unsigned NOT NULL AUTO_INCREMENT,
  `filter-project-type_id` int(11) DEFAULT NULL,
  `api_id` int(11) DEFAULT NULL,
  PRIMARY KEY (`id`)
) ENGINE=InnoDB DEFAULT CHARSET=utf8;
/*!40101 SET character_set_client = @saved_cs_client */;

--
-- Dumping data for table `apis_filter_project_types__filter_project_types_apis`
--

LOCK TABLES `apis_filter_project_types__filter_project_types_apis` WRITE;
/*!40000 ALTER TABLE `apis_filter_project_types__filter_project_types_apis` DISABLE KEYS */;
/*!40000 ALTER TABLE `apis_filter_project_types__filter_project_types_apis` ENABLE KEYS */;
UNLOCK TABLES;

--
-- Table structure for table `apis_filter_solutions__filter_solutions_apis`
--

DROP TABLE IF EXISTS `apis_filter_solutions__filter_solutions_apis`;
/*!40101 SET @saved_cs_client     = @@character_set_client */;
/*!40101 SET character_set_client = utf8 */;
CREATE TABLE `apis_filter_solutions__filter_solutions_apis` (
  `id` int(10) unsigned NOT NULL AUTO_INCREMENT,
  `filter-solution_id` int(11) DEFAULT NULL,
  `api_id` int(11) DEFAULT NULL,
  PRIMARY KEY (`id`)
) ENGINE=InnoDB AUTO_INCREMENT=17 DEFAULT CHARSET=utf8;
/*!40101 SET character_set_client = @saved_cs_client */;

--
-- Dumping data for table `apis_filter_solutions__filter_solutions_apis`
--

LOCK TABLES `apis_filter_solutions__filter_solutions_apis` WRITE;
/*!40000 ALTER TABLE `apis_filter_solutions__filter_solutions_apis` DISABLE KEYS */;
INSERT INTO `apis_filter_solutions__filter_solutions_apis` VALUES (13,11,40),(14,16,50),(15,21,1),(16,22,48);
/*!40000 ALTER TABLE `apis_filter_solutions__filter_solutions_apis` ENABLE KEYS */;
UNLOCK TABLES;

--
-- Table structure for table `apis_filter_statuses__filter_statuses_apis`
--

DROP TABLE IF EXISTS `apis_filter_statuses__filter_statuses_apis`;
/*!40101 SET @saved_cs_client     = @@character_set_client */;
/*!40101 SET character_set_client = utf8 */;
CREATE TABLE `apis_filter_statuses__filter_statuses_apis` (
  `id` int(10) unsigned NOT NULL AUTO_INCREMENT,
  `filter-status_id` int(11) DEFAULT NULL,
  `api_id` int(11) DEFAULT NULL,
  PRIMARY KEY (`id`)
) ENGINE=InnoDB AUTO_INCREMENT=3 DEFAULT CHARSET=utf8;
/*!40101 SET character_set_client = @saved_cs_client */;

--
-- Dumping data for table `apis_filter_statuses__filter_statuses_apis`
--

LOCK TABLES `apis_filter_statuses__filter_statuses_apis` WRITE;
/*!40000 ALTER TABLE `apis_filter_statuses__filter_statuses_apis` DISABLE KEYS */;
INSERT INTO `apis_filter_statuses__filter_statuses_apis` VALUES (1,2,40),(2,1,1);
/*!40000 ALTER TABLE `apis_filter_statuses__filter_statuses_apis` ENABLE KEYS */;
UNLOCK TABLES;

--
-- Table structure for table `apis_filter_versions__filter_versions_apis`
--

DROP TABLE IF EXISTS `apis_filter_versions__filter_versions_apis`;
/*!40101 SET @saved_cs_client     = @@character_set_client */;
/*!40101 SET character_set_client = utf8 */;
CREATE TABLE `apis_filter_versions__filter_versions_apis` (
  `id` int(10) unsigned NOT NULL AUTO_INCREMENT,
  `filter-version_id` int(11) DEFAULT NULL,
  `api_id` int(11) DEFAULT NULL,
  PRIMARY KEY (`id`)
) ENGINE=InnoDB AUTO_INCREMENT=15 DEFAULT CHARSET=utf8;
/*!40101 SET character_set_client = @saved_cs_client */;

--
-- Dumping data for table `apis_filter_versions__filter_versions_apis`
--

LOCK TABLES `apis_filter_versions__filter_versions_apis` WRITE;
/*!40000 ALTER TABLE `apis_filter_versions__filter_versions_apis` DISABLE KEYS */;
INSERT INTO `apis_filter_versions__filter_versions_apis` VALUES (1,1,1),(12,4,48),(13,1,40),(14,4,50);
/*!40000 ALTER TABLE `apis_filter_versions__filter_versions_apis` ENABLE KEYS */;
UNLOCK TABLES;

--
-- Table structure for table `apis_solutions__solutions_apis`
--

DROP TABLE IF EXISTS `apis_solutions__solutions_apis`;
/*!40101 SET @saved_cs_client     = @@character_set_client */;
/*!40101 SET character_set_client = utf8 */;
CREATE TABLE `apis_solutions__solutions_apis` (
  `id` int(10) unsigned NOT NULL AUTO_INCREMENT,
  `api_id` int(11) DEFAULT NULL,
  `solution_id` int(11) DEFAULT NULL,
  PRIMARY KEY (`id`)
) ENGINE=InnoDB AUTO_INCREMENT=78 DEFAULT CHARSET=utf8;
/*!40101 SET character_set_client = @saved_cs_client */;

--
-- Dumping data for table `apis_solutions__solutions_apis`
--

LOCK TABLES `apis_solutions__solutions_apis` WRITE;
/*!40000 ALTER TABLE `apis_solutions__solutions_apis` DISABLE KEYS */;
INSERT INTO `apis_solutions__solutions_apis` VALUES (1,1,1),(28,14,0),(29,20,0),(32,25,0),(33,26,0),(34,30,0),(35,30,0),(36,31,0),(37,32,0),(38,33,0),(39,34,0),(40,34,0),(41,34,0),(42,34,0),(53,41,1),(54,40,1),(58,40,2),(59,43,2),(60,43,4),(63,44,1),(66,46,1),(71,41,4),(75,40,4),(76,47,1),(77,47,4);
/*!40000 ALTER TABLE `apis_solutions__solutions_apis` ENABLE KEYS */;
UNLOCK TABLES;

--
-- Table structure for table `apis_tags__tags_apis`
--

DROP TABLE IF EXISTS `apis_tags__tags_apis`;
/*!40101 SET @saved_cs_client     = @@character_set_client */;
/*!40101 SET character_set_client = utf8 */;
CREATE TABLE `apis_tags__tags_apis` (
  `id` int(10) unsigned NOT NULL AUTO_INCREMENT,
  `api_id` int(11) DEFAULT NULL,
  `tag_id` int(11) DEFAULT NULL,
  PRIMARY KEY (`id`)
) ENGINE=InnoDB DEFAULT CHARSET=utf8;
/*!40101 SET character_set_client = @saved_cs_client */;

--
-- Dumping data for table `apis_tags__tags_apis`
--

LOCK TABLES `apis_tags__tags_apis` WRITE;
/*!40000 ALTER TABLE `apis_tags__tags_apis` DISABLE KEYS */;
/*!40000 ALTER TABLE `apis_tags__tags_apis` ENABLE KEYS */;
UNLOCK TABLES;

--
-- Table structure for table `apis_use_cases__solutions_apis`
--

DROP TABLE IF EXISTS `apis_use_cases__solutions_apis`;
/*!40101 SET @saved_cs_client     = @@character_set_client */;
/*!40101 SET character_set_client = utf8 */;
CREATE TABLE `apis_use_cases__solutions_apis` (
  `id` int(10) unsigned NOT NULL AUTO_INCREMENT,
  `api_id` int(11) DEFAULT NULL,
  `solution_id` int(11) DEFAULT NULL,
  PRIMARY KEY (`id`)
) ENGINE=InnoDB DEFAULT CHARSET=utf8;
/*!40101 SET character_set_client = @saved_cs_client */;

--
-- Dumping data for table `apis_use_cases__solutions_apis`
--

LOCK TABLES `apis_use_cases__solutions_apis` WRITE;
/*!40000 ALTER TABLE `apis_use_cases__solutions_apis` DISABLE KEYS */;
/*!40000 ALTER TABLE `apis_use_cases__solutions_apis` ENABLE KEYS */;
UNLOCK TABLES;

--
-- Table structure for table `authors`
--

DROP TABLE IF EXISTS `authors`;
/*!40101 SET @saved_cs_client     = @@character_set_client */;
/*!40101 SET character_set_client = utf8 */;
CREATE TABLE `authors` (
  `id` int(10) unsigned NOT NULL AUTO_INCREMENT,
  `name` varchar(255) DEFAULT NULL,
  `lastname` varchar(255) DEFAULT NULL,
  `occupation` varchar(255) DEFAULT NULL,
  `biography` longtext,
  `email` varchar(255) DEFAULT NULL,
  `published_at` datetime DEFAULT NULL,
  `created_by` int(11) DEFAULT NULL,
  `updated_by` int(11) DEFAULT NULL,
  `created_at` timestamp NULL DEFAULT CURRENT_TIMESTAMP,
  `updated_at` timestamp NULL DEFAULT CURRENT_TIMESTAMP,
  `slug` varchar(255) DEFAULT NULL,
  `locale` varchar(255) DEFAULT NULL,
  PRIMARY KEY (`id`)
) ENGINE=InnoDB AUTO_INCREMENT=9 DEFAULT CHARSET=utf8;
/*!40101 SET character_set_client = @saved_cs_client */;

--
-- Dumping data for table `authors`
--

LOCK TABLES `authors` WRITE;
/*!40000 ALTER TABLE `authors` DISABLE KEYS */;
INSERT INTO `authors` VALUES (1,'Beatriz','Abad','API Owner','LoremIpS USUSUSUSU LoremIpSUS USUS\nUSULo remIpSUSUSUSU SULoremIpSUSU\nSUSUSULorem IpSUSUSUSUSU LoremIpS\nUSUSUSUSU','beatriz@cloudapi.net','2021-06-10 22:29:49',1,1,'2021-06-10 22:29:47','2021-08-06 17:56:51',NULL,'en'),(2,'Uziel','Trujillo','Developer','LoremIpS USUSUSUSU LoremIpSUS USUS\nUSULo remIpSUSUSUSU SULoremIpSUSU\nSUSUSULorem IpSUSUSUSUSU LoremIpS\nUSUSUSUSU','uziel@cloudapi.net','2021-06-10 22:31:08',1,1,'2021-06-10 22:30:52','2021-08-06 17:57:02',NULL,'en'),(8,'Osti Katriel','Barrozo Figueroa','Developer',NULL,NULL,'2022-01-04 22:15:53',12,12,'2022-01-04 21:14:59','2022-01-04 22:15:53',NULL,'en');
/*!40000 ALTER TABLE `authors` ENABLE KEYS */;
UNLOCK TABLES;

--
-- Table structure for table `authors__localizations`
--

DROP TABLE IF EXISTS `authors__localizations`;
/*!40101 SET @saved_cs_client     = @@character_set_client */;
/*!40101 SET character_set_client = utf8 */;
CREATE TABLE `authors__localizations` (
  `id` int(10) unsigned NOT NULL AUTO_INCREMENT,
  `author_id` int(11) DEFAULT NULL,
  `related_author_id` int(11) DEFAULT NULL,
  PRIMARY KEY (`id`)
) ENGINE=InnoDB DEFAULT CHARSET=utf8;
/*!40101 SET character_set_client = @saved_cs_client */;

--
-- Dumping data for table `authors__localizations`
--

LOCK TABLES `authors__localizations` WRITE;
/*!40000 ALTER TABLE `authors__localizations` DISABLE KEYS */;
/*!40000 ALTER TABLE `authors__localizations` ENABLE KEYS */;
UNLOCK TABLES;

--
-- Table structure for table `blog_items`
--

DROP TABLE IF EXISTS `blog_items`;
/*!40101 SET @saved_cs_client     = @@character_set_client */;
/*!40101 SET character_set_client = utf8 */;
CREATE TABLE `blog_items` (
  `id` int(10) unsigned NOT NULL AUTO_INCREMENT,
  `title` varchar(255) DEFAULT NULL,
  `slug` varchar(255) DEFAULT NULL,
  `timeRead` varchar(255) DEFAULT NULL,
  `published_at` datetime DEFAULT NULL,
  `created_by` int(11) DEFAULT NULL,
  `updated_by` int(11) DEFAULT NULL,
  `created_at` timestamp NULL DEFAULT CURRENT_TIMESTAMP,
  `updated_at` timestamp NULL DEFAULT CURRENT_TIMESTAMP,
  `nameUser` varchar(255) DEFAULT NULL,
  `jobUser` varchar(255) DEFAULT NULL,
  `date` date DEFAULT NULL,
  `description` longtext,
  `content` longtext,
  PRIMARY KEY (`id`),
  UNIQUE KEY `blog_items_slug_unique` (`slug`)
) ENGINE=InnoDB AUTO_INCREMENT=5 DEFAULT CHARSET=utf8;
/*!40101 SET character_set_client = @saved_cs_client */;

--
-- Dumping data for table `blog_items`
--

LOCK TABLES `blog_items` WRITE;
/*!40000 ALTER TABLE `blog_items` DISABLE KEYS */;
INSERT INTO `blog_items` VALUES (1,'Conoce nuestras APIs','nuestras-apis','Lectura de 5 Min.','2022-10-17 18:49:23',12,8,'2022-10-17 23:48:50','2023-01-03 23:38:56','María Mercedes Barrera','Directora Ejecutiva','2022-04-17','Lorem Ipsum is simply dummy text of the printing and typesetting industry.  standard dummy text.','> Creo que los animales ven en el hombre un ser igual a ellos que ha perdido de forma extraordinariamente peligrosa el sano intelecto animal.\n> Es decir, que ven en él al animal irracional, al animal que ríe, al animal que llora, al animal infeliz. — Friedrich Nietzsche\n\n![alt text for screen readers](https://d1qq9lwf5ow8iz.cloudfront.net/live-images-1/ImageDetail_97c95eb6-175b-470f-8bc0-3bb82dde0354_Large#center \"Text to show on mouseover\")\n\n1. Elemento de lista 1\n2.  Elemento de lista 2\n    - Elemento de lista 3\n    - Elemento de lista 4\n        1. Elemento de lista 5\n        2. Elemento de lista 6'),(2,'La movilidad eléctrica: ¿el futuro del transporte urbano?','movilidad-electrica','Lectura de 8 Min.','2022-10-18 15:47:00',12,12,'2022-10-18 20:46:38','2022-10-19 00:49:43','TowerTech','Editor','2022-06-15','Coches eléctricos, scooters, bicicletas que funcionan con electricidad… seguramente habrás escuchado hablar de alguno de ellos. En un mundo abrumado por la emisión de gases contaminantes, la apuesta por reducir nuestra huella de carbono y proponer alternativas más responsables con el medio ambiente ha generado un cambio en nuestros paradigmas.  Pero, ¿qué tan viable es la movilidad eléctrica, y por qué parece tan prometedora a largo plazo? ¿Por dónde empezar a adoptar hábitos más sostenibles a la hora de movernos en nuestra vida cotidiana? Aquí te contamos más al respecto.','![pexels-mikhail-nilov-7734597.jpg](https://stapimarketdev.blob.core.windows.net/images-apimarket/assets/pexels_mikhail_nilov_7734597_51d66e4697.jpg)\n\n\nCoches eléctricos, scooters, bicicletas que funcionan con electricidad… seguramente habrás escuchado hablar de alguno de ellos. En un mundo abrumado por la emisión de gases contaminantes, la apuesta por reducir nuestra huella de carbono y proponer alternativas más responsables con el medio ambiente ha generado un cambio en nuestros paradigmas.  Pero, ¿qué tan viable es la movilidad eléctrica, y por qué parece tan prometedora a largo plazo? ¿Por dónde empezar a adoptar hábitos más sostenibles a la hora de movernos en nuestra vida cotidiana? Aquí te contamos más al respecto.\n \n\nLa movilidad eléctrica: ¿tendencia generacional o solución a largo plazo?\nSegún el informe HPI Check Electric Vehicle Study, los millenials se muestran mucho más abiertos a cambiar sus formas de transporte convencionales y apostar por la movilidad eléctrica sostenible: el 91 % de los jóvenes entre 25 y 34 años se ha planteado la idea de comprar un transporte eléctrico, frente al abrumador 32 % de los encuestados de entre 55 y 64 años. Sin duda alguna, se trata de una diferencia abismal en los números. Y, si bien, las nuevas generaciones están mucho más habituadas a las tecnologías modernas, el tema de raíz quizá tenga que ver con un sesgo de información: mucha gente cree que invertir en vehículos eléctricos es un derroche innecesario. Por otro lado, el tema de los hábitos cotidianos y la resistencia al cambio también influye: muchos no están dispuestos a hacer la transición del automóvil a una bicicleta o un scooter. Más allá de una tendencia generacional, la movilidad eléctrica es una alternativa que llegó para quedarse, y que más temprano que tarde deberemos aceptar en nuestro día a día.\n\n \n\n¿Está preparada Latinoamérica para darle la bienvenida a la movilidad eléctrica? \n2020 y 2021 han sido años decisivos en el tema de la movilidad. La pandemia trajo consigo disrupciones en el transporte que generaron una nueva forma de ver la movilidad sostenible, que ahora ha tomado un papel mucho más importante del que tenía en los años anteriores. La necesidad de cambiar hacia sistemas más responsables con el medio ambiente, que permitan un futuro más eficiente, se ha incrementado entre la población, especialmente la latinoamericana. La mayor tasa de autobuses per cápita se encuentra en América Latina y el Caribe; es por ello que muchos gobiernos han priorizado el uso de buses eléctricos (Santiago de Chile, Bogotá y Ciudad de México son las ciudades con mayor avance en la electrificación del transporte público, según la ONU).\n\nPor otro lado, la instalación y adaptación de puntos de carga para vehículos eléctricos aumentó  considerablemente durante 2020. Y aunque la tendencia sugiere que cada vez la población latinoamericana se muestra más abierta a la movilidad eléctrica, la realidad es que también es necesario proponer nuevos mecanismos financieros, que permitan el acceso masivo a los medios de transporte eléctricos.\n\nAdoptar hábitos sostenibles y hacer cambios en nuestro estilo de vida no solo nos permite generar un impacto positivo en nuestro entorno, sino que contribuye a incrementar nuestro bienestar físico, mental y social. En TowerTech tenemos la información que necesitas para conocer más acerca de las nuevas tendencias en el tema de movilidad; además, te brindamos asesoría a través de nuestros expertos, quienes podrán ayudarte a elegir el seguro de movilidad que vaya mejor contigo, para asegurarte de vivir más protegido.'),(3,'Seguridad de las API','seguridad-api','Lectura de 5 min.','2022-10-18 16:04:56',12,12,'2022-10-18 21:04:54','2022-10-19 00:51:43','María Mercedes Barrera','Directora Ejecutiva Fundación TowerTech','2022-05-08','La seguridad de las API implica proteger la integridad de las que posee y de las que utiliza. ¿Pero y eso qué quiere decir?','# Foobar\n\nFoobar is a Python library for dealing with word pluralization.\n\n## Installation\n\nUse the package manager [pip](https://pip.pypa.io/en/stable/) to install foobar.\n\n```bash\npip install foobar\n```\n\n## Usage\n\n```python\nimport foobar\n\n# returns \'words\'\nfoobar.pluralize(\'word\')\n\n# returns \'geese\'\nfoobar.pluralize(\'goose\')\n\n# returns \'phenomenon\'\nfoobar.singularize(\'phenomena\')\n```\n\n## Contributing\nPull requests are welcome. For major changes, please open an issue first to discuss what you would like to change.\n\nPlease make sure to update tests as appropriate.\n\n## License\n[MIT](https://choosealicense.com/licenses/mit/)'),(4,'¿Qué son las pruebas de API?','pruebas-api','Lectura 5 min.','2022-10-18 17:42:18',12,12,'2022-10-18 22:42:15','2022-10-19 00:53:13','John Doe','Admin','2022-06-12','Las API son excelentes porque representan bloques de construcción que los desarrolladores pueden usar para ensamblar fácilmente todo tipo de interacciones sin tener que reescribir una interfaz cada vez que necesitan máquinas para comunicarse.','En el desarrollo de servicios, una interfaz de programa de aplicación (API) es una forma en que varias aplicaciones se comunican entre sí utilizando un lenguaje común, a menudo definido por un contrato. Ejemplos de estos serían un documento Swagger para servicios RESTful o un WSDL para servicios SOAP. Incluso las bases de datos tienen un lenguaje de interfaz, es decir, SQL.\n\nAl igual que la interfaz de usuario permite que un ser humano interactúe con una aplicación, las API permiten que las máquinas se comuniquen entre sí de manera eficiente.\n\nLas API son excelentes porque representan bloques de construcción que los desarrolladores pueden usar para ensamblar fácilmente todo tipo de interacciones sin tener que reescribir una interfaz cada vez que necesitan máquinas para comunicarse. Además, dado que las API tienen contratos, las aplicaciones que desean comunicarse entre sí se pueden construir de formas completamente diferentes, siempre que se comuniquen de acuerdo con el contrato de API. Esto permite que diferentes desarrolladores de diferentes organizaciones en diferentes partes del mundo creen aplicaciones altamente distribuidas mientras reutilizan las mismas API.\n\nCuando un usuario interactúa con el frontend de una aplicación (es decir, una aplicación móvil), ese frontend realiza llamadas API a los sistemas back-end, lo que simplifica el proceso de desarrollo de dos maneras principales:\n- El desarrollador no tiene que preocuparse por crear una aplicación personalizada para cada dispositivo móvil o navegador.\n- Se pueden actualizar o modificar diferentes sistemas backend sin tener que volver a implementar la aplicación completa cada vez.\n\nComo resultado, los desarrolladores pueden ahorrar tiempo centrándose en el servicio individual para realizar una tarea discreta, en lugar de dedicar tiempo a escribir la lógica en su aplicación.');
/*!40000 ALTER TABLE `blog_items` ENABLE KEYS */;
UNLOCK TABLES;

--
-- Table structure for table `blog_items_components`
--

DROP TABLE IF EXISTS `blog_items_components`;
/*!40101 SET @saved_cs_client     = @@character_set_client */;
/*!40101 SET character_set_client = utf8 */;
CREATE TABLE `blog_items_components` (
  `id` int(10) unsigned NOT NULL AUTO_INCREMENT,
  `field` varchar(255) NOT NULL,
  `order` int(10) unsigned NOT NULL,
  `component_type` varchar(255) NOT NULL,
  `component_id` int(11) NOT NULL,
  `blog_item_id` int(10) unsigned NOT NULL,
  PRIMARY KEY (`id`),
  KEY `blog_item_id_fk` (`blog_item_id`),
  CONSTRAINT `blog_item_id_fk` FOREIGN KEY (`blog_item_id`) REFERENCES `blog_items` (`id`) ON DELETE CASCADE
) ENGINE=InnoDB AUTO_INCREMENT=14 DEFAULT CHARSET=utf8;
/*!40101 SET character_set_client = @saved_cs_client */;

--
-- Dumping data for table `blog_items_components`
--

LOCK TABLES `blog_items_components` WRITE;
/*!40000 ALTER TABLE `blog_items_components` DISABLE KEYS */;
INSERT INTO `blog_items_components` VALUES (1,'tags',1,'components_elements_titles',58,1),(2,'tags',2,'components_elements_titles',59,1),(3,'tags',3,'components_elements_titles',60,1),(7,'tags',1,'components_elements_titles',61,2),(8,'tags',1,'components_elements_titles',62,3),(9,'tags',2,'components_elements_titles',63,3),(10,'questions',3,'components_sura_questions',21,3),(11,'questions',1,'components_sura_questions',19,3),(12,'questions',2,'components_sura_questions',20,3),(13,'tags',1,'components_elements_titles',64,4);
/*!40000 ALTER TABLE `blog_items_components` ENABLE KEYS */;
UNLOCK TABLES;

--
-- Table structure for table `category_apis`
--

DROP TABLE IF EXISTS `category_apis`;
/*!40101 SET @saved_cs_client     = @@character_set_client */;
/*!40101 SET character_set_client = utf8 */;
CREATE TABLE `category_apis` (
  `id` int(10) unsigned NOT NULL AUTO_INCREMENT,
  `title` varchar(255) DEFAULT NULL,
  `published_at` datetime DEFAULT NULL,
  `created_by` int(11) DEFAULT NULL,
  `updated_by` int(11) DEFAULT NULL,
  `created_at` timestamp NULL DEFAULT CURRENT_TIMESTAMP,
  `updated_at` timestamp NULL DEFAULT CURRENT_TIMESTAMP,
  `description` varchar(255) DEFAULT NULL,
  `availability` varchar(255) DEFAULT NULL,
  `locale` varchar(255) DEFAULT NULL,
  PRIMARY KEY (`id`)
) ENGINE=InnoDB AUTO_INCREMENT=11 DEFAULT CHARSET=utf8;
/*!40101 SET character_set_client = @saved_cs_client */;

--
-- Dumping data for table `category_apis`
--

LOCK TABLES `category_apis` WRITE;
/*!40000 ALTER TABLE `category_apis` DISABLE KEYS */;
INSERT INTO `category_apis` VALUES (2,'v1','2021-06-18 20:30:44',1,13,'2021-06-18 17:55:48','2022-03-14 03:49:43',NULL,NULL,'en'),(3,'token-refresh','2021-09-22 04:32:25',3,13,'2021-09-22 04:32:20','2022-03-14 03:52:40',NULL,NULL,'en'),(4,'token-verify','2022-01-26 22:54:36',12,13,'2022-01-26 22:54:25','2022-03-14 03:52:23',NULL,NULL,'en'),(7,'token-actualizar','2022-02-21 22:50:26',13,13,'2022-02-21 22:50:24','2022-03-14 03:52:59',NULL,NULL,'es'),(8,'token-verificar','2022-02-21 22:50:50',13,13,'2022-02-21 22:50:48','2022-03-14 03:52:17',NULL,NULL,'es'),(10,'v1','2022-02-21 22:51:27',13,13,'2022-02-21 22:51:25','2022-03-14 03:49:48',NULL,NULL,'es');
/*!40000 ALTER TABLE `category_apis` ENABLE KEYS */;
UNLOCK TABLES;

--
-- Table structure for table `category_apis__localizations`
--

DROP TABLE IF EXISTS `category_apis__localizations`;
/*!40101 SET @saved_cs_client     = @@character_set_client */;
/*!40101 SET character_set_client = utf8 */;
CREATE TABLE `category_apis__localizations` (
  `id` int(10) unsigned NOT NULL AUTO_INCREMENT,
  `category_api_id` int(11) DEFAULT NULL,
  `category-api_id` int(11) DEFAULT NULL,
  PRIMARY KEY (`id`)
) ENGINE=InnoDB AUTO_INCREMENT=11 DEFAULT CHARSET=utf8;
/*!40101 SET character_set_client = @saved_cs_client */;

--
-- Dumping data for table `category_apis__localizations`
--

LOCK TABLES `category_apis__localizations` WRITE;
/*!40000 ALTER TABLE `category_apis__localizations` DISABLE KEYS */;
INSERT INTO `category_apis__localizations` VALUES (1,6,5),(3,7,3),(4,3,7),(5,8,4),(6,4,8),(7,9,1),(9,10,2),(10,2,10);
/*!40000 ALTER TABLE `category_apis__localizations` ENABLE KEYS */;
UNLOCK TABLES;

--
-- Table structure for table `category_posts`
--

DROP TABLE IF EXISTS `category_posts`;
/*!40101 SET @saved_cs_client     = @@character_set_client */;
/*!40101 SET character_set_client = utf8 */;
CREATE TABLE `category_posts` (
  `id` int(10) unsigned NOT NULL AUTO_INCREMENT,
  `title` varchar(255) DEFAULT NULL,
  `description` varchar(255) DEFAULT NULL,
  `published_at` datetime DEFAULT NULL,
  `created_by` int(11) DEFAULT NULL,
  `updated_by` int(11) DEFAULT NULL,
  `created_at` timestamp NULL DEFAULT CURRENT_TIMESTAMP,
  `updated_at` timestamp NULL DEFAULT CURRENT_TIMESTAMP,
  `order` bigint(20) DEFAULT NULL,
  `locale` varchar(255) DEFAULT NULL,
  PRIMARY KEY (`id`)
) ENGINE=InnoDB AUTO_INCREMENT=5 DEFAULT CHARSET=utf8;
/*!40101 SET character_set_client = @saved_cs_client */;

--
-- Dumping data for table `category_posts`
--

LOCK TABLES `category_posts` WRITE;
/*!40000 ALTER TABLE `category_posts` DISABLE KEYS */;
INSERT INTO `category_posts` VALUES (1,'Innovaci├│n','IoT, DevSecOps, Agile...','2021-05-20 04:49:05',1,3,'2021-05-20 04:48:47','2021-10-19 03:14:59',3,'en'),(2,'APIs','Gobierno, Arquitectura, Seguridad...','2021-05-20 04:52:38',1,3,'2021-05-20 04:49:24','2021-10-19 03:19:02',2,'en'),(3,'Tecnolog├¡a','Cloud, Serverless, Blockchain...','2021-05-20 04:53:05',1,3,'2021-05-20 04:49:48','2021-10-19 03:19:34',4,'en'),(4,'Todo','','2021-07-21 16:21:32',1,6,'2021-05-20 04:53:43','2021-09-15 15:49:18',1,'en');
/*!40000 ALTER TABLE `category_posts` ENABLE KEYS */;
UNLOCK TABLES;

--
-- Table structure for table `category_posts__localizations`
--

DROP TABLE IF EXISTS `category_posts__localizations`;
/*!40101 SET @saved_cs_client     = @@character_set_client */;
/*!40101 SET character_set_client = utf8 */;
CREATE TABLE `category_posts__localizations` (
  `id` int(10) unsigned NOT NULL AUTO_INCREMENT,
  `category_post_id` int(11) DEFAULT NULL,
  `category-post_id` int(11) DEFAULT NULL,
  PRIMARY KEY (`id`)
) ENGINE=InnoDB DEFAULT CHARSET=utf8;
/*!40101 SET character_set_client = @saved_cs_client */;

--
-- Dumping data for table `category_posts__localizations`
--

LOCK TABLES `category_posts__localizations` WRITE;
/*!40000 ALTER TABLE `category_posts__localizations` DISABLE KEYS */;
/*!40000 ALTER TABLE `category_posts__localizations` ENABLE KEYS */;
UNLOCK TABLES;

--
-- Table structure for table `category_posts_posts__updates_category_posts`
--

DROP TABLE IF EXISTS `category_posts_posts__updates_category_posts`;
/*!40101 SET @saved_cs_client     = @@character_set_client */;
/*!40101 SET character_set_client = utf8 */;
CREATE TABLE `category_posts_posts__updates_category_posts` (
  `id` int(10) unsigned NOT NULL AUTO_INCREMENT,
  `update_id` int(11) DEFAULT NULL,
  `category-post_id` int(11) DEFAULT NULL,
  PRIMARY KEY (`id`)
) ENGINE=InnoDB AUTO_INCREMENT=43 DEFAULT CHARSET=utf8;
/*!40101 SET character_set_client = @saved_cs_client */;

--
-- Dumping data for table `category_posts_posts__updates_category_posts`
--

LOCK TABLES `category_posts_posts__updates_category_posts` WRITE;
/*!40000 ALTER TABLE `category_posts_posts__updates_category_posts` DISABLE KEYS */;
INSERT INTO `category_posts_posts__updates_category_posts` VALUES (5,4,3),(38,18,1),(41,14,1),(42,13,3);
/*!40000 ALTER TABLE `category_posts_posts__updates_category_posts` ENABLE KEYS */;
UNLOCK TABLES;

--
-- Table structure for table `category_tags`
--

DROP TABLE IF EXISTS `category_tags`;
/*!40101 SET @saved_cs_client     = @@character_set_client */;
/*!40101 SET character_set_client = utf8 */;
CREATE TABLE `category_tags` (
  `id` int(10) unsigned NOT NULL AUTO_INCREMENT,
  `title` varchar(255) DEFAULT NULL,
  `description` varchar(255) DEFAULT NULL,
  `published_at` datetime DEFAULT NULL,
  `created_by` int(11) DEFAULT NULL,
  `updated_by` int(11) DEFAULT NULL,
  `created_at` timestamp NULL DEFAULT CURRENT_TIMESTAMP,
  `updated_at` timestamp NULL DEFAULT CURRENT_TIMESTAMP,
  `tag` int(11) DEFAULT NULL,
  `locale` varchar(255) DEFAULT NULL,
  PRIMARY KEY (`id`)
) ENGINE=InnoDB AUTO_INCREMENT=3 DEFAULT CHARSET=utf8;
/*!40101 SET character_set_client = @saved_cs_client */;

--
-- Dumping data for table `category_tags`
--

LOCK TABLES `category_tags` WRITE;
/*!40000 ALTER TABLE `category_tags` DISABLE KEYS */;
INSERT INTO `category_tags` VALUES (1,'Soluciones',NULL,'2021-05-20 22:17:56',1,1,'2021-05-20 22:17:42','2021-05-21 15:47:09',5,'en'),(2,'Posts',NULL,'2021-05-20 22:19:48',1,1,'2021-05-20 22:19:35','2021-05-21 16:09:21',1,'en');
/*!40000 ALTER TABLE `category_tags` ENABLE KEYS */;
UNLOCK TABLES;

--
-- Table structure for table `category_tags__localizations`
--

DROP TABLE IF EXISTS `category_tags__localizations`;
/*!40101 SET @saved_cs_client     = @@character_set_client */;
/*!40101 SET character_set_client = utf8 */;
CREATE TABLE `category_tags__localizations` (
  `id` int(10) unsigned NOT NULL AUTO_INCREMENT,
  `category_tag_id` int(11) DEFAULT NULL,
  `category-tag_id` int(11) DEFAULT NULL,
  PRIMARY KEY (`id`)
) ENGINE=InnoDB DEFAULT CHARSET=utf8;
/*!40101 SET character_set_client = @saved_cs_client */;

--
-- Dumping data for table `category_tags__localizations`
--

LOCK TABLES `category_tags__localizations` WRITE;
/*!40000 ALTER TABLE `category_tags__localizations` DISABLE KEYS */;
/*!40000 ALTER TABLE `category_tags__localizations` ENABLE KEYS */;
UNLOCK TABLES;

--
-- Table structure for table `clienttestimonials`
--

DROP TABLE IF EXISTS `clienttestimonials`;
/*!40101 SET @saved_cs_client     = @@character_set_client */;
/*!40101 SET character_set_client = utf8 */;
CREATE TABLE `clienttestimonials` (
  `id` int(10) unsigned NOT NULL AUTO_INCREMENT,
  `title` varchar(255) DEFAULT NULL,
  `description` longtext,
  `customer` int(11) DEFAULT NULL,
  `isPublicCoverVisible` tinyint(1) DEFAULT NULL,
  `locale` varchar(255) DEFAULT NULL,
  `published_at` datetime DEFAULT NULL,
  `created_by` int(11) DEFAULT NULL,
  `updated_by` int(11) DEFAULT NULL,
  `created_at` timestamp NULL DEFAULT CURRENT_TIMESTAMP,
  `updated_at` timestamp NULL DEFAULT CURRENT_TIMESTAMP,
  PRIMARY KEY (`id`)
) ENGINE=InnoDB DEFAULT CHARSET=utf8;
/*!40101 SET character_set_client = @saved_cs_client */;

--
-- Dumping data for table `clienttestimonials`
--

LOCK TABLES `clienttestimonials` WRITE;
/*!40000 ALTER TABLE `clienttestimonials` DISABLE KEYS */;
/*!40000 ALTER TABLE `clienttestimonials` ENABLE KEYS */;
UNLOCK TABLES;

--
-- Table structure for table `clienttestimonials__localizations`
--

DROP TABLE IF EXISTS `clienttestimonials__localizations`;
/*!40101 SET @saved_cs_client     = @@character_set_client */;
/*!40101 SET character_set_client = utf8 */;
CREATE TABLE `clienttestimonials__localizations` (
  `id` int(10) unsigned NOT NULL AUTO_INCREMENT,
  `clientTestimonial_id` int(11) DEFAULT NULL,
  `success-story_id` int(11) DEFAULT NULL,
  PRIMARY KEY (`id`)
) ENGINE=InnoDB DEFAULT CHARSET=utf8;
/*!40101 SET character_set_client = @saved_cs_client */;

--
-- Dumping data for table `clienttestimonials__localizations`
--

LOCK TABLES `clienttestimonials__localizations` WRITE;
/*!40000 ALTER TABLE `clienttestimonials__localizations` DISABLE KEYS */;
/*!40000 ALTER TABLE `clienttestimonials__localizations` ENABLE KEYS */;
UNLOCK TABLES;

--
-- Table structure for table `components_apis_filters`
--

DROP TABLE IF EXISTS `components_apis_filters`;
/*!40101 SET @saved_cs_client     = @@character_set_client */;
/*!40101 SET character_set_client = utf8 */;
CREATE TABLE `components_apis_filters` (
  `id` int(10) unsigned NOT NULL AUTO_INCREMENT,
  `statusName` varchar(255) DEFAULT NULL,
  `projectTypeName` varchar(255) DEFAULT NULL,
  `versionName` varchar(255) DEFAULT NULL,
  `solutionName` varchar(255) DEFAULT NULL,
  `tagsName` varchar(255) DEFAULT NULL,
  `orderByName` varchar(255) DEFAULT NULL,
  PRIMARY KEY (`id`)
) ENGINE=InnoDB DEFAULT CHARSET=utf8;
/*!40101 SET character_set_client = @saved_cs_client */;

--
-- Dumping data for table `components_apis_filters`
--

LOCK TABLES `components_apis_filters` WRITE;
/*!40000 ALTER TABLE `components_apis_filters` DISABLE KEYS */;
/*!40000 ALTER TABLE `components_apis_filters` ENABLE KEYS */;
UNLOCK TABLES;

--
-- Table structure for table `components_apis_filters_components`
--

DROP TABLE IF EXISTS `components_apis_filters_components`;
/*!40101 SET @saved_cs_client     = @@character_set_client */;
/*!40101 SET character_set_client = utf8 */;
CREATE TABLE `components_apis_filters_components` (
  `id` int(10) unsigned NOT NULL AUTO_INCREMENT,
  `field` varchar(255) NOT NULL,
  `order` int(10) unsigned NOT NULL,
  `component_type` varchar(255) NOT NULL,
  `component_id` int(11) NOT NULL,
  `components_apis_filter_id` int(10) unsigned NOT NULL,
  PRIMARY KEY (`id`),
  KEY `components_apis_filter_id_fk` (`components_apis_filter_id`),
  CONSTRAINT `components_apis_filter_id_fk` FOREIGN KEY (`components_apis_filter_id`) REFERENCES `components_apis_filters` (`id`) ON DELETE CASCADE
) ENGINE=InnoDB DEFAULT CHARSET=utf8;
/*!40101 SET character_set_client = @saved_cs_client */;

--
-- Dumping data for table `components_apis_filters_components`
--

LOCK TABLES `components_apis_filters_components` WRITE;
/*!40000 ALTER TABLE `components_apis_filters_components` DISABLE KEYS */;
/*!40000 ALTER TABLE `components_apis_filters_components` ENABLE KEYS */;
UNLOCK TABLES;

--
-- Table structure for table `components_apis_paginations`
--

DROP TABLE IF EXISTS `components_apis_paginations`;
/*!40101 SET @saved_cs_client     = @@character_set_client */;
/*!40101 SET character_set_client = utf8 */;
CREATE TABLE `components_apis_paginations` (
  `id` int(10) unsigned NOT NULL AUTO_INCREMENT,
  `firstName` varchar(255) DEFAULT NULL,
  `secondName` varchar(255) DEFAULT NULL,
  PRIMARY KEY (`id`)
) ENGINE=InnoDB DEFAULT CHARSET=utf8;
/*!40101 SET character_set_client = @saved_cs_client */;

--
-- Dumping data for table `components_apis_paginations`
--

LOCK TABLES `components_apis_paginations` WRITE;
/*!40000 ALTER TABLE `components_apis_paginations` DISABLE KEYS */;
/*!40000 ALTER TABLE `components_apis_paginations` ENABLE KEYS */;
UNLOCK TABLES;

--
-- Table structure for table `components_cards_card_carousels`
--

DROP TABLE IF EXISTS `components_cards_card_carousels`;
/*!40101 SET @saved_cs_client     = @@character_set_client */;
/*!40101 SET character_set_client = utf8 */;
CREATE TABLE `components_cards_card_carousels` (
  `id` int(10) unsigned NOT NULL AUTO_INCREMENT,
  `title` varchar(255) DEFAULT NULL,
  `subtitle` varchar(255) DEFAULT NULL,
  `buttons` longtext,
  `actionButtons` longtext,
  PRIMARY KEY (`id`)
) ENGINE=InnoDB AUTO_INCREMENT=3 DEFAULT CHARSET=utf8;
/*!40101 SET character_set_client = @saved_cs_client */;

--
-- Dumping data for table `components_cards_card_carousels`
--

LOCK TABLES `components_cards_card_carousels` WRITE;
/*!40000 ALTER TABLE `components_cards_card_carousels` DISABLE KEYS */;
INSERT INTO `components_cards_card_carousels` VALUES (1,'┬íToda la potencia de una aseguradora en APIs!',NULL,'[{\"name\":\"Empezar ahora\",\"type\":\"warning\",\"url\":\"/\"},{\"name\":\"Ver APIs\",\"type\":\"ghost\",\"url\":\"/\"}]','[{\"type\":\"primary\",\"label\":\"Empezar ahora\"},{\"type\":\"ghost\",\"label\":\"Ver APIs\"}]'),(2,'┬íToda la potencia de una aseguradora en APIs! 2',NULL,'[{\"name\":\"Empezar ahora\",\"type\":\"warning\",\"url\":\"/\"},{\"name\":\"Ver APIs\",\"type\":\"ghost\",\"url\":\"/\"}]','[{\"type\":\"primary\",\"label\":\"Empezar ahora\"},{\"type\":\"ghost\",\"label\":\"Ver APIs\"}]');
/*!40000 ALTER TABLE `components_cards_card_carousels` ENABLE KEYS */;
UNLOCK TABLES;

--
-- Table structure for table `components_cards_card_carousels_components`
--

DROP TABLE IF EXISTS `components_cards_card_carousels_components`;
/*!40101 SET @saved_cs_client     = @@character_set_client */;
/*!40101 SET character_set_client = utf8 */;
CREATE TABLE `components_cards_card_carousels_components` (
  `id` int(10) unsigned NOT NULL AUTO_INCREMENT,
  `field` varchar(255) NOT NULL,
  `order` int(10) unsigned NOT NULL,
  `component_type` varchar(255) NOT NULL,
  `component_id` int(11) NOT NULL,
  `components_cards_card_carousel_id` int(10) unsigned NOT NULL,
  PRIMARY KEY (`id`),
  KEY `components_cards_card_carousel_id_fk` (`components_cards_card_carousel_id`),
  CONSTRAINT `components_cards_card_carousel_id_fk` FOREIGN KEY (`components_cards_card_carousel_id`) REFERENCES `components_cards_card_carousels` (`id`) ON DELETE CASCADE
) ENGINE=InnoDB DEFAULT CHARSET=utf8;
/*!40101 SET character_set_client = @saved_cs_client */;

--
-- Dumping data for table `components_cards_card_carousels_components`
--

LOCK TABLES `components_cards_card_carousels_components` WRITE;
/*!40000 ALTER TABLE `components_cards_card_carousels_components` DISABLE KEYS */;
/*!40000 ALTER TABLE `components_cards_card_carousels_components` ENABLE KEYS */;
UNLOCK TABLES;

--
-- Table structure for table `components_cards_card_products`
--

DROP TABLE IF EXISTS `components_cards_card_products`;
/*!40101 SET @saved_cs_client     = @@character_set_client */;
/*!40101 SET character_set_client = utf8 */;
CREATE TABLE `components_cards_card_products` (
  `id` int(10) unsigned NOT NULL AUTO_INCREMENT,
  `title` varchar(255) DEFAULT NULL,
  `subtitle` longtext,
  PRIMARY KEY (`id`)
) ENGINE=InnoDB DEFAULT CHARSET=utf8;
/*!40101 SET character_set_client = @saved_cs_client */;

--
-- Dumping data for table `components_cards_card_products`
--

LOCK TABLES `components_cards_card_products` WRITE;
/*!40000 ALTER TABLE `components_cards_card_products` DISABLE KEYS */;
/*!40000 ALTER TABLE `components_cards_card_products` ENABLE KEYS */;
UNLOCK TABLES;

--
-- Table structure for table `components_cards_card_products_components`
--

DROP TABLE IF EXISTS `components_cards_card_products_components`;
/*!40101 SET @saved_cs_client     = @@character_set_client */;
/*!40101 SET character_set_client = utf8 */;
CREATE TABLE `components_cards_card_products_components` (
  `id` int(10) unsigned NOT NULL AUTO_INCREMENT,
  `field` varchar(255) NOT NULL,
  `order` int(10) unsigned NOT NULL,
  `component_type` varchar(255) NOT NULL,
  `component_id` int(11) NOT NULL,
  `components_cards_card_product_id` int(10) unsigned NOT NULL,
  PRIMARY KEY (`id`),
  KEY `components_cards_card_product_id_fk` (`components_cards_card_product_id`),
  CONSTRAINT `components_cards_card_product_id_fk` FOREIGN KEY (`components_cards_card_product_id`) REFERENCES `components_cards_card_products` (`id`) ON DELETE CASCADE
) ENGINE=InnoDB DEFAULT CHARSET=utf8;
/*!40101 SET character_set_client = @saved_cs_client */;

--
-- Dumping data for table `components_cards_card_products_components`
--

LOCK TABLES `components_cards_card_products_components` WRITE;
/*!40000 ALTER TABLE `components_cards_card_products_components` DISABLE KEYS */;
/*!40000 ALTER TABLE `components_cards_card_products_components` ENABLE KEYS */;
UNLOCK TABLES;

--
-- Table structure for table `components_cards_cards`
--

DROP TABLE IF EXISTS `components_cards_cards`;
/*!40101 SET @saved_cs_client     = @@character_set_client */;
/*!40101 SET character_set_client = utf8 */;
CREATE TABLE `components_cards_cards` (
  `id` int(10) unsigned NOT NULL AUTO_INCREMENT,
  `title` varchar(255) DEFAULT NULL,
  `description` longtext,
  `iconText` varchar(255) DEFAULT NULL,
  `footerTitle` varchar(255) DEFAULT NULL,
  `footerDescription` varchar(255) DEFAULT NULL,
  `icon` varchar(255) DEFAULT NULL,
  `LinkName` varchar(255) DEFAULT NULL,
  `LinkUrl` varchar(255) DEFAULT NULL,
  `titleFooter` varchar(255) DEFAULT NULL,
  `descriptionFooter` varchar(255) DEFAULT NULL,
  `version` varchar(255) DEFAULT NULL,
  `steps` longtext,
  `descriptionHeader` varchar(255) DEFAULT NULL,
  `timeRead` varchar(255) DEFAULT NULL,
  PRIMARY KEY (`id`)
) ENGINE=InnoDB AUTO_INCREMENT=21 DEFAULT CHARSET=utf8;
/*!40101 SET character_set_client = @saved_cs_client */;

--
-- Dumping data for table `components_cards_cards`
--

LOCK TABLES `components_cards_cards` WRITE;
/*!40000 ALTER TABLE `components_cards_cards` DISABLE KEYS */;
INSERT INTO `components_cards_cards` VALUES (1,'Nulla ornare lacus dignissim.','Quisque rutrum. Sed augue ipsum, egestas nec, vestibulum et, malesuada adipiscing, dui. Vestibulum volutpat pretium libero. Praesent blandit laoreet nibh. Nam at totor in tellus interdum sai.\n\nSuspendisse potenti. Integer tincidunt. Aenean commodo ligula eget dolor. Nulla consequat massa quis enim. ','MdDeleteForever','Tallah Cotton ','Cargo','MdInsertPhoto',NULL,NULL,'Tallah Cotton ','Cargo',NULL,NULL,NULL,NULL),(2,'Nulla ornare','Quisque rutrum. Sed augue ipsum, egestas nec, vestibulum et, malesuada adipiscing, dui. Vestibulum volutpat pretium libero. Praesent blandit laoreet nibh. Nam at totor in tellus interdum sai.','MdDisabledByDefault','Tallah Cotton ','kike','MdInsertPhoto',NULL,NULL,'Cargo','Tallah',NULL,NULL,NULL,NULL),(3,'lacus dignissim.','Suspendisse potenti. Integer tincidunt. Aenean commodo ligula eget dolor. Nulla consequat massa quis enim. ','MdDelete','Ejemplo','Subtitulo','MdInsertPhoto',NULL,NULL,'Cotton Cargo','Data',NULL,NULL,NULL,NULL),(4,'Nulla ornare lacus dignissim.','Quisque rutrum. Sed augue ipsum, egestas nec, vestibulum et, malesuada adipiscing, dui. Vestibulum volutpat pretium libero. Praesent blandit laoreet nibh. Nam at totor in tellus interdum sai.\n\nSuspendisse potenti. Integer tincidunt. Aenean commodo ligula eget dolor. Nulla consequat massa quis enim. ','MdCompress','Tallah Cotton ','Cargo','MdInsertPhoto',NULL,NULL,'Nulla',' ornare lacus.','',NULL,NULL,NULL),(5,'acus dignissim.','Quisque rutrum. Sed augue ipsum, egestas nec, vestibulum et, malesuada adipiscing, dui. Vestibulum volutpat pretium libero. Praesent blandit laoreet nibh. Nam at totor in tellus interdum sai.\n\nSuspendisse potenti. Integer tincidunt. Aenean commodo ligula eget dolor. Nulla consequat massa quis enim. ','MdDescription','dsdasd','ejemeplo','MdInsertPhoto',NULL,NULL,' dignissim',' ornare',NULL,NULL,NULL,NULL),(6,'Tableta ','Quisque rutrum. Sed augue ipsum, egestas nec, vestibulum et, malesuada adipiscing, dui. Vestibulum volutpat pretium libero. Praesent blandit laoreet nibh. Nam at totor in tellus interdum sai.\n\nSuspendisse potenti. Integer tincidunt. Aenean commodo ligula eget dolor. Nulla consequat massa quis enim. ','','Tallah Cargo',' Cotton','MdInsertPhoto',NULL,NULL,'malesuada adipiscing.','Sed augue',NULL,NULL,NULL,NULL),(7,'Null  dignissim.','Quisquium libero. Praesent blandit laoreet nibh. Nam at totor in tellus interdum sai.\n\nSuspendisse potenti. Integer tincidunt. Aenean commodo ligula eget dolor. Nulla consequat massa quis enim. ','MdGavel',' Cargo','Tallah Cotton','MdInsertPhoto',NULL,NULL,'vestibulum et, ','dui. Vestibulum ',NULL,NULL,NULL,NULL),(8,'Ejmplo de card','Quisque rutrum.pretium libero. Praesent blandit laoreet nibh. Nam at totor in tellus interdum sai.\n\nSuspendisse potenti. Integer tincidunt. Aenean commodo ligula eget dolor. Nulla consequat massa quis enim. ','MdCommentBank','Ejemplo','Xd','MdInsertPhoto',NULL,NULL,'Nulla massa ','Quisque  quis enim. ',NULL,NULL,NULL,NULL),(14,'Nulla ornare lacus dignissim.',' Quisque rutrum. Sed augue ipsum, egestas nec, vestibulum et, malesuada adipiscing, dui. Vestibulum volutpat pretium libero. Praesent blandit laoreet nibh. Nam at totor in tellus interdum sai.\n\nSuspendisse potenti. Integer tincidunt. Aenean commodo ligula eget dolor. Nulla consequat massa quis enim.',NULL,NULL,NULL,'MdInsertPhoto',NULL,NULL,'Tallah Cotton','Cargo',NULL,NULL,NULL,NULL),(15,'Nulla dignissim.','Quisque rutrum. Sed augue ipsum, egestas nec, vestibulum et, malesuada adipiscing, dui. Vestibulum volutpat pretium libero. Praesent blandit laoreet nibh. Nam at totor in tellus interdum sai.',NULL,NULL,NULL,'MdInsertPhoto',NULL,'Cargo','Tallah Cotton',NULL,NULL,NULL,NULL,NULL),(16,'Conoce nuestras APIs de auto flexible','Quisque rutrum. Sed augue ipsum, egestas nec, vestibulum et, malesuada adipi cing, dui. Vestibulum volutpat pretium libero. Praesent blandit laoreet nibh. Nam at totor in tellus interdum sai.Suspendisse potenti. Integer tincidunt. Aenean commodo ligula eget dolor. Nulla consequat massa quis enimQuisque rutrum. Sed augue ipsum, egestas nec, vestibulum et, malesuada adipi cing, dui. Vestibulum volutpat pretium libero. ',NULL,NULL,NULL,NULL,NULL,NULL,NULL,NULL,NULL,'[{\"class\":\"primary\",\"spanClass\":\"blog-chip\",\"label\":\"APIS\"},{\"class\":\"primary\",\"spanClass\":\"blog-chip\",\"label\":\"Empresas\"},{\"class\":\"primary\",\"spanClass\":\"blog-chip\",\"label\":\"Desarrolladores\"}]',NULL,'LECTURA DE 5 MIN.'),(17,'Conoce nuestras novedades','imQuisque rutrum. Sed augue ipsum, egestas nec, vestibulum et, malesuada adipi cing, dui. Vestibulum volutpat pretium libero. Praesent blandit laoreet nibh. Nam at totor in tellus interdum sai.Suspendisse potenti. Integer tincidunt. Aenean commodo ligula eget dolor. Nulla consequat massa quis enimQuisque rutrum. Sed augue ipsum, egestas nec, vestibulum et, malesuada adipi cing, dui. Vestibulum volutpat pretium libero',NULL,NULL,NULL,NULL,NULL,NULL,NULL,NULL,NULL,'[{\"class\":\"gray\",\"label\":\"APIS\"},{\"class\":\"gray\",\"label\":\"Novedades\"}]',NULL,'LECTURA DE 5 MIN.'),(18,'Conoce nuestros desarrollos de apis','ng, dui. Vestibulum volutpat pretium libero. Praesent blandit laoreet nibh. Nam at totor in tellus interdum sai.Suspendisse potenti. Integer tincidunt. ',NULL,NULL,NULL,NULL,NULL,NULL,NULL,NULL,NULL,'[{\"class\":\"gray\",\"label\":\"Desarrolladores\"}]',NULL,'LECTURA DE 5 MIN.'),(19,'Nuestras APIs',' Aenean commodo ligula eget dolor. Nulla consequat massa quis enimQuisque rutrum. Sed augue ipsum, egestas nec, vestibulum et, malesuada adipi cing, dui. Vestibulum volutpat pretium libero. Praesent blandit laoreet nibh. Nam at totor in tellus interdum sai.',NULL,NULL,NULL,NULL,NULL,NULL,NULL,NULL,NULL,'[{\"class\":\"gray\",\"label\":\"APIS\"},{\"class\":\"gray\",\"label\":\"Desarrollo\"}]',NULL,'LECTURA DE 10 MIN.'),(20,'Nuestras empresas asociadas','Nam at totor in tellus interdum sai.Suspendisse potenti. Integer tincidunt. Aenean commodo ligula eget dolor. Nulla consequat massa quis enimQuisque rutrum. Sed augue ipsum, egestas nec, vestibulum et, malesuada adipi cing, dui. Vestibulum volutpat pretium libero. Praesent blandit laoreet nibh. Nam at totor in tellus interdum sai.Suspendisse potenti. Integer tincidunt. ',NULL,NULL,NULL,NULL,NULL,NULL,NULL,NULL,NULL,'[{\"class\":\"gray\",\"label\":\"APIS\"},{\"class\":\"gray\",\"label\":\"Empresas\"}]',NULL,'LECTURA DE 5 MIN.');
/*!40000 ALTER TABLE `components_cards_cards` ENABLE KEYS */;
UNLOCK TABLES;

--
-- Table structure for table `components_cards_product_link_cards`
--

DROP TABLE IF EXISTS `components_cards_product_link_cards`;
/*!40101 SET @saved_cs_client     = @@character_set_client */;
/*!40101 SET character_set_client = utf8 */;
CREATE TABLE `components_cards_product_link_cards` (
  `id` int(10) unsigned NOT NULL AUTO_INCREMENT,
  `title` varchar(255) DEFAULT NULL,
  `subtitle` longtext,
  PRIMARY KEY (`id`)
) ENGINE=InnoDB DEFAULT CHARSET=utf8;
/*!40101 SET character_set_client = @saved_cs_client */;

--
-- Dumping data for table `components_cards_product_link_cards`
--

LOCK TABLES `components_cards_product_link_cards` WRITE;
/*!40000 ALTER TABLE `components_cards_product_link_cards` DISABLE KEYS */;
/*!40000 ALTER TABLE `components_cards_product_link_cards` ENABLE KEYS */;
UNLOCK TABLES;

--
-- Table structure for table `components_cards_product_link_cards_components`
--

DROP TABLE IF EXISTS `components_cards_product_link_cards_components`;
/*!40101 SET @saved_cs_client     = @@character_set_client */;
/*!40101 SET character_set_client = utf8 */;
CREATE TABLE `components_cards_product_link_cards_components` (
  `id` int(10) unsigned NOT NULL AUTO_INCREMENT,
  `field` varchar(255) NOT NULL,
  `order` int(10) unsigned NOT NULL,
  `component_type` varchar(255) NOT NULL,
  `component_id` int(11) NOT NULL,
  `components_cards_product_link_card_id` int(10) unsigned NOT NULL,
  PRIMARY KEY (`id`),
  KEY `components_cards_product_link_card_id_fk` (`components_cards_product_link_card_id`),
  CONSTRAINT `components_cards_product_link_card_id_fk` FOREIGN KEY (`components_cards_product_link_card_id`) REFERENCES `components_cards_product_link_cards` (`id`) ON DELETE CASCADE
) ENGINE=InnoDB DEFAULT CHARSET=utf8;
/*!40101 SET character_set_client = @saved_cs_client */;

--
-- Dumping data for table `components_cards_product_link_cards_components`
--

LOCK TABLES `components_cards_product_link_cards_components` WRITE;
/*!40000 ALTER TABLE `components_cards_product_link_cards_components` DISABLE KEYS */;
/*!40000 ALTER TABLE `components_cards_product_link_cards_components` ENABLE KEYS */;
UNLOCK TABLES;

--
-- Table structure for table `components_cards_testcars`
--

DROP TABLE IF EXISTS `components_cards_testcars`;
/*!40101 SET @saved_cs_client     = @@character_set_client */;
/*!40101 SET character_set_client = utf8 */;
CREATE TABLE `components_cards_testcars` (
  `id` int(10) unsigned NOT NULL AUTO_INCREMENT,
  PRIMARY KEY (`id`)
) ENGINE=InnoDB DEFAULT CHARSET=utf8;
/*!40101 SET character_set_client = @saved_cs_client */;

--
-- Dumping data for table `components_cards_testcars`
--

LOCK TABLES `components_cards_testcars` WRITE;
/*!40000 ALTER TABLE `components_cards_testcars` DISABLE KEYS */;
/*!40000 ALTER TABLE `components_cards_testcars` ENABLE KEYS */;
UNLOCK TABLES;

--
-- Table structure for table `components_cards_use_case_cards`
--

DROP TABLE IF EXISTS `components_cards_use_case_cards`;
/*!40101 SET @saved_cs_client     = @@character_set_client */;
/*!40101 SET character_set_client = utf8 */;
CREATE TABLE `components_cards_use_case_cards` (
  `id` int(10) unsigned NOT NULL AUTO_INCREMENT,
  `estatus` varchar(255) DEFAULT NULL,
  `title` varchar(255) DEFAULT NULL,
  `description` longtext,
  `linkUrl` varchar(255) DEFAULT NULL,
  `linkText` varchar(255) DEFAULT NULL,
  `input` longtext,
  `badge` longtext,
  `statusText` varchar(255) DEFAULT NULL,
  PRIMARY KEY (`id`)
) ENGINE=InnoDB AUTO_INCREMENT=102 DEFAULT CHARSET=utf8;
/*!40101 SET character_set_client = @saved_cs_client */;

--
-- Dumping data for table `components_cards_use_case_cards`
--

LOCK TABLES `components_cards_use_case_cards` WRITE;
/*!40000 ALTER TABLE `components_cards_use_case_cards` DISABLE KEYS */;
INSERT INTO `components_cards_use_case_cards` VALUES (22,NULL,'Airlines','ClimateTrade offers the possibility to calculate flightsÔÇÖ carbon footprint, allowing end users to offset emissions directly from an airline or OTA website, through our API.','/use-cases/airlines','+ View more',NULL,'',''),(23,NULL,'Airlines','ClimateTrade offers the possibility to calculate flightsÔÇÖ carbon footprint, allowing end users to offset emissions directly from an airline or OTA website, through our API.','/use-cases/airlines','+ View more',NULL,'',''),(24,NULL,'Financial Services','ClimateTrade solutions allow consumers to offset the carbon footprint of their financial transactions directly from their banking app','/use-cases/financial-services','+ View more',NULL,'',''),(28,NULL,'Hotels/Tourism','ClimateTradeÔÇÖs API can be integrated into any hotels, tourist or destination website to allow customers to calculate and offset their holidaysÔÇÖ carbon footprint.','/use-cases/tourism','+ View more',NULL,NULL,''),(29,NULL,'Mobility','Calculate and offset the footprint of every trip made by any ground transportation vehicle through our API.','/use-cases/mobility','+ View more',NULL,'',''),(30,NULL,'Hotels/Tourism','ClimateTradeÔÇÖs API can be integrated into any hotels, tourist or destination website to allow customers to calculate and offset their holidaysÔÇÖ carbon footprint.','/use-cases/tourism','+ View more',NULL,NULL,''),(31,NULL,'Financial Services','ClimateTrade solutions allow consumers to offset the carbon footprint of their financial transactions directly from their banking app.','/use-cases/financial-services','+ View more',NULL,'',''),(32,NULL,'Hotels/Tourism','ClimateTradeÔÇÖs API can be integrated into any hotels, tourist or destination website to allow customers to calculate and offset their holidaysÔÇÖ carbon footprint.','/use-cases/tourism','+ View more',NULL,NULL,''),(33,NULL,'Mobility','Calculate and offset the footprint of every trip made by any ground transportation vehicle through our API.','/use-cases/mobility','+ View more',NULL,'',''),(37,NULL,'Airlines','ClimateTrade offers the possibility to calculate flightsÔÇÖ carbon footprint, allowing end users to offset emissions directly from an airline or OTA website, through our API.','/use-cases/airlines','+ View more',NULL,'',''),(38,NULL,'Hotels/Tourism','ClimateTradeÔÇÖs API can be integrated into any hotels, tourist or destination website to allow customers to calculate and offset their holidaysÔÇÖ carbon footprint.','/use-cases/tourism','+ View more',NULL,NULL,''),(39,NULL,'Mobility','Calculate and offset the footprint of every trip made by any ground transportation vehicle through our API.','/use-cases/mobility','+ View more',NULL,'',''),(40,NULL,'Airlines','ClimateTrade offers the possibility to calculate flightsÔÇÖ carbon footprint, allowing end users to offset emissions directly from an airline or OTA website, through our API.','/use-cases/airlines','+ View more',NULL,'',''),(41,NULL,'Hotels/Tourism','ClimateTradeÔÇÖs API can be integrated into any hotels, tourist or destination website to allow customers to calculate and offset their holidaysÔÇÖ carbon footprint.','/use-cases/tourism','+ View more',NULL,NULL,''),(42,NULL,'Mobility','Calculate and offset the footprint of every trip made by any ground transportation vehicle through our API.','/use-cases/mobility','+ View more',NULL,'',''),(43,NULL,'Airlines','ClimateTrade offers the possibility to calculate flightsÔÇÖ carbon footprint, allowing end users to offset emissions directly from an airline or OTA website, through our API.','/use-cases/airlines','+ View more',NULL,'',''),(44,NULL,'Financial Services','ClimateTrade solutions allow consumers to offset the carbon footprint of their financial transactions directly from their banking app\n','/use-cases/financial-services/','+ View more',NULL,NULL,''),(45,NULL,'Mobility','Calculate and offset the footprint of every trip made by any ground transportation vehicle through our API.','/use-cases/mobility','+ View more',NULL,'',''),(46,NULL,'Airlines','ClimateTrade offers the possibility to calculate flightsÔÇÖ carbon footprint, allowing end users to offset emissions directly from an airline or OTA website, through our API.','/use-cases/airlines','+ View more',NULL,'',''),(47,NULL,' Tourism','ClimateTradeÔÇÖs API can be integrated into any hotels, tourist or destination website to allow customers to calculate and offset their holidaysÔÇÖ carbon footprint.','/use-cases/tourism','+ View more',NULL,NULL,''),(48,NULL,'Mobility','Calculate and offset the footprint of every trip made by any ground transportation vehicle through our API.','/use-cases/mobility','+ View more',NULL,'',''),(49,NULL,'Airlines','ClimateTrade offers the possibility to calculate flightsÔÇÖ carbon footprint, allowing end users to offset emissions directly from an airline or OTA website, through our API.','/use-cases/airlines','+ View more',NULL,'',''),(50,NULL,'Hotels/Tourism','ClimateTradeÔÇÖs API can be integrated into any hotels, tourist or destination website to allow customers to calculate and offset their holidaysÔÇÖ carbon footprint.','/use-cases/tourism','+ View more',NULL,NULL,''),(51,NULL,'Mobility','Calculate and offset the footprint of every trip made by any ground transportation vehicle through our API.','/use-cases/mobility','+ View more',NULL,'',''),(52,NULL,'Airlines','ClimateTrade offers the possibility to calculate flightsÔÇÖ carbon footprint, allowing end users to offset emissions directly from an airline or OTA website, through our API.','/use-cases/airlines','+ View more',NULL,'',''),(53,NULL,'Hotels/Tourism','ClimateTradeÔÇÖs API can be integrated into any hotels, tourist or destination website to allow customers to calculate and offset their holidaysÔÇÖ carbon footprint.','/use-cases/tourism','+ View more',NULL,NULL,''),(54,NULL,'Mobility','Calculate and offset the footprint of every trip made by any ground transportation vehicle through our API.','/use-cases/mobility','+ View more',NULL,'',''),(62,NULL,'Aerol├¡neas','ClimateTrade ofrece la posibilidad de calcular la huella de carbono de los vuelos, lo que permite a los usuarios finales compensar las emisiones directamente desde el sitio web de una aerol├¡nea u OTA, a trav├®s de nuestra API.','/es/use-cases/airlines','+ Ver mas',NULL,'',''),(63,NULL,'Hoteles/Turismo','La API de ClimateTrade se puede integrar en cualquier sitio web de hoteles, turistas o destinos para permitir a los clientes calcular y compensar la huella de carbono de sus vacaciones.','/es/use-cases/tourism','+ Ver m├ís',NULL,NULL,''),(64,NULL,'Movilidad','Calcula y compensa la huella de cada viaje realizado por cualquier veh├¡culo de transporte terrestre a trav├®s de nuestra API.','/es/use-cases/mobility','+ Ver mas',NULL,'',''),(65,NULL,'Aerol├¡neas','ClimateTrade ofrece la posibilidad de calcular la huella de carbono de los vuelos, lo que permite a los usuarios finales compensar las emisiones directamente desde el sitio web de una aerol├¡nea u OTA, a trav├®s de nuestra API.','/es/use-cases/airlines','+ Ver m├ís',NULL,'',''),(66,NULL,'Servicios financieros','Las soluciones de ClimateTrade permiten a los consumidores compensar la huella de carbono de sus transacciones financieras directamente desde su aplicaci├│n bancaria','/es/use-cases/tourism','+ Ver m├ís',NULL,NULL,''),(67,NULL,'Movilidad','Calcula y compensa la huella de cada viaje realizado por cualquier veh├¡culo de transporte terrestre a trav├®s de nuestra API.','/es/use-cases/mobility','+ Ver m├ís',NULL,'',''),(68,NULL,'Aerol├¡neas','ClimateTrade ofrece la posibilidad de calcular la huella de carbono de los vuelos, lo que permite a los usuarios finales compensar las emisiones directamente desde el sitio web de una aerol├¡nea u OTA, a trav├®s de nuestra API.','/es/use-cases/airlines','+ Ver m├ís',NULL,'',''),(69,NULL,'Hoteles/Turismo','La API de ClimateTrade se puede integrar en cualquier sitio web de hoteles, turistas o destinos para permitir a los clientes calcular y compensar la huella de carbono de sus vacaciones.','/es/use-cases/tourism','+ Ver m├ís',NULL,NULL,''),(70,NULL,'Movilidad','Calcula y compensa la huella de cada viaje realizado por cualquier veh├¡culo de transporte terrestre a trav├®s de nuestra API.','/es/use-cases/mobility','+ Ver m├ís',NULL,'',''),(71,NULL,'Aerol├¡neas','ClimateTrade ofrece la posibilidad de calcular la huella de carbono de los vuelos, lo que permite a los usuarios finales compensar las emisiones directamente desde el sitio web de una aerol├¡nea u OTA, a trav├®s de nuestra API.','/es/use-cases/airlines','+ Ver m├ís',NULL,'',''),(72,NULL,'Hoteles/Turismo','La API de ClimateTrade se puede integrar en cualquier sitio web de hoteles, turistas o destinos para permitir a los clientes calcular y compensar la huella de carbono de sus vacaciones.','/es/use-cases/tourism','+ Ver m├ís',NULL,NULL,''),(73,NULL,'Movilidad','Calcula y compensa la huella de cada viaje realizado por cualquier veh├¡culo de transporte terrestre a trav├®s de nuestra API.','/es/use-cases/mobility','+ Ver mas',NULL,'',''),(74,NULL,'Aerol├¡neas','ClimateTrade ofrece la posibilidad de calcular la huella de carbono de los vuelos, lo que permite a los usuarios finales compensar las emisiones directamente desde el sitio web de una aerol├¡nea u OTA, a trav├®s de nuestra API.','/es/use-cases/airlines','+ Ver mas',NULL,'',''),(75,NULL,'Hoteles/Turismo','La API de ClimateTrade se puede integrar en cualquier sitio web de hoteles, turistas o destinos para permitir a los clientes calcular y compensar la huella de carbono de sus vacaciones.','/es/use-cases/tourism','+ Ver mas',NULL,NULL,''),(76,NULL,'Movilidad','Calcula y compensa la huella de cada viaje realizado por cualquier veh├¡culo de transporte terrestre a trav├®s de nuestra API.','/es/use-cases/mobility','+ View more',NULL,'',''),(85,NULL,'Aerol├¡neas','ClimateTrade ofrece la posibilidad de calcular la huella de carbono de los vuelos, lo que permite a los usuarios finales compensar las emisiones directamente desde el sitio web de una aerol├¡nea u OTA, a trav├®s de nuestra API.','/es/use-cases/airlines','+ Ver mas',NULL,'',''),(86,NULL,'Hoteles/Turismo','La API de ClimateTrade se puede integrar en cualquier sitio web de hoteles, turistas o destinos para permitir a los clientes calcular y compensar la huella de carbono de sus vacaciones.','/es/use-cases/tourism','+ Ver m├ís',NULL,NULL,''),(87,NULL,'Servicios financieros','Las soluciones de ClimateTrade permiten a los consumidores compensar la huella de carbono de sus transacciones financieras directamente desde su aplicaci├│n bancaria.','/es/use-cases/financial-services/','+ Ver m├ís',NULL,'',''),(88,NULL,'Aerol├¡neas','ClimateTrade ofrece la posibilidad de calcular la huella de carbono de los vuelos, lo que permite a los usuarios finales compensar las emisiones directamente desde el sitio web de una aerol├¡nea u OTA, a trav├®s de nuestra API.','/es/use-cases/airlines','+ Ver mas',NULL,'',''),(89,NULL,'Hoteles/Turismo','La API de ClimateTrade se puede integrar en cualquier sitio web de hoteles, turistas o destinos para permitir a los clientes calcular y compensar la huella de carbono de sus vacaciones.','/es/use-cases/tourism','+ Ver mas',NULL,NULL,''),(90,NULL,'Movilidad','Calcula y compensa la huella de cada viaje realizado por cualquier veh├¡culo de transporte terrestre a trav├®s de nuestra API.','/es/use-cases/mobility','+ Ver m├ís',NULL,'',''),(91,NULL,'Servicios financieros','Las soluciones de ClimateTrade permiten a los consumidores compensar la huella de carbono de sus transacciones financieras directamente desde su aplicaci├│n bancaria','/es/use-cases/financial-services','+ Ver m├ís',NULL,'',''),(92,NULL,'Hoteles/Turismo','La API de ClimateTrade se puede integrar en cualquier sitio web de hoteles, turistas o destinos para permitir a los clientes calcular y compensar la huella de carbono de sus vacaciones.','/es/use-cases/tourism','+ Ver m├ís',NULL,NULL,''),(93,NULL,'Movilidad','Calcula y compensa la huella de cada viaje realizado por cualquier veh├¡culo de transporte terrestre a trav├®s de nuestra API.','/es/use-cases/mobility','+ Ver mas',NULL,'',''),(94,NULL,'Aerol├¡neas','ClimateTrade ofrece la posibilidad de calcular la huella de carbono de los vuelos, lo que permite a los usuarios finales compensar las emisiones directamente desde el sitio web de una aerol├¡nea u OTA, a trav├®s de nuestra API.','/es/use-cases/airlines','+ Ver m├ís',NULL,'',''),(95,NULL,'Hoteles/Turismo','La API de ClimateTrade se puede integrar en cualquier sitio web de hoteles, turistas o destinos para permitir a los clientes calcular y compensar la huella de carbono de sus vacaciones.','/es/use-cases/tourism','+ Ver m├ís',NULL,NULL,''),(96,NULL,'Movilidad','Calcula y compensa la huella de cada viaje realizado por cualquier veh├¡culo de transporte terrestre a trav├®s de nuestra API.','/es/use-cases/mobility','+ Ver m├ís',NULL,'',''),(99,NULL,'Lorem ipsum','Lorem Ipsum is simply dummy text of the printing and typesetting industry.  standard dummy text ever.',NULL,'M├üS INFORMACI├ôN',NULL,NULL,'GET'),(100,NULL,'Lorem ipsum','Lorem Ipsum is simply dummy text of the printing and typesetting industry.  standard dummy text ever.',NULL,'M├üS INFORMACI├ôN',NULL,NULL,'POST'),(101,NULL,'Lorem ipsum','Lorem Ipsum is simply dummy text of the printing and typesetting industry.  standard dummy text ever.',NULL,'M├üS INFORMACI├ôN',NULL,NULL,'GET');
/*!40000 ALTER TABLE `components_cards_use_case_cards` ENABLE KEYS */;
UNLOCK TABLES;

--
-- Table structure for table `components_cards_use_case_cards_components`
--

DROP TABLE IF EXISTS `components_cards_use_case_cards_components`;
/*!40101 SET @saved_cs_client     = @@character_set_client */;
/*!40101 SET character_set_client = utf8 */;
CREATE TABLE `components_cards_use_case_cards_components` (
  `id` int(10) unsigned NOT NULL AUTO_INCREMENT,
  `field` varchar(255) NOT NULL,
  `order` int(10) unsigned NOT NULL,
  `component_type` varchar(255) NOT NULL,
  `component_id` int(11) NOT NULL,
  `components_cards_use_case_card_id` int(10) unsigned NOT NULL,
  PRIMARY KEY (`id`),
  KEY `components_cards_use_case_card_id_fk` (`components_cards_use_case_card_id`),
  CONSTRAINT `components_cards_use_case_card_id_fk` FOREIGN KEY (`components_cards_use_case_card_id`) REFERENCES `components_cards_use_case_cards` (`id`) ON DELETE CASCADE
) ENGINE=InnoDB DEFAULT CHARSET=utf8;
/*!40101 SET character_set_client = @saved_cs_client */;

--
-- Dumping data for table `components_cards_use_case_cards_components`
--

LOCK TABLES `components_cards_use_case_cards_components` WRITE;
/*!40000 ALTER TABLE `components_cards_use_case_cards_components` DISABLE KEYS */;
/*!40000 ALTER TABLE `components_cards_use_case_cards_components` ENABLE KEYS */;
UNLOCK TABLES;

--
-- Table structure for table `components_elements_badgets`
--

DROP TABLE IF EXISTS `components_elements_badgets`;
/*!40101 SET @saved_cs_client     = @@character_set_client */;
/*!40101 SET character_set_client = utf8 */;
CREATE TABLE `components_elements_badgets` (
  `id` int(10) unsigned NOT NULL AUTO_INCREMENT,
  `title` varchar(255) DEFAULT NULL,
  `idContentType` varchar(255) DEFAULT NULL,
  PRIMARY KEY (`id`),
  UNIQUE KEY `components_elements_badgets_idcontenttype_unique` (`idContentType`)
) ENGINE=InnoDB AUTO_INCREMENT=58 DEFAULT CHARSET=utf8;
/*!40101 SET character_set_client = @saved_cs_client */;

--
-- Dumping data for table `components_elements_badgets`
--

LOCK TABLES `components_elements_badgets` WRITE;
/*!40000 ALTER TABLE `components_elements_badgets` DISABLE KEYS */;
INSERT INTO `components_elements_badgets` VALUES (1,'Vida',NULL),(2,'Salud',NULL),(3,NULL,NULL),(4,'Vida',NULL),(5,'Vida',NULL),(6,'Salud',NULL),(7,NULL,NULL),(8,'Vida',NULL),(9,'Vida',NULL),(10,'Salud',NULL),(12,'Vida',NULL),(13,'Salud',NULL),(15,'Vida',NULL),(17,'Vida',NULL),(18,'Vida',NULL),(19,'Salud',NULL),(25,'Vida',NULL),(26,'Vida',NULL),(27,'Salud',NULL),(28,'Vida',NULL),(31,'Vida',NULL),(32,'Vida',NULL),(33,'Empresas',NULL),(34,'Empresas',NULL),(35,'APIs',NULL),(36,'Desarrolladores',NULL),(42,'Empresas',NULL),(52,'Empresas',NULL),(53,'Desarrolladores',NULL),(54,'Desarrolladores',NULL),(57,'Empresas',NULL);
/*!40000 ALTER TABLE `components_elements_badgets` ENABLE KEYS */;
UNLOCK TABLES;

--
-- Table structure for table `components_elements_basic_cards`
--

DROP TABLE IF EXISTS `components_elements_basic_cards`;
/*!40101 SET @saved_cs_client     = @@character_set_client */;
/*!40101 SET character_set_client = utf8 */;
CREATE TABLE `components_elements_basic_cards` (
  `id` int(10) unsigned NOT NULL AUTO_INCREMENT,
  `title` varchar(255) DEFAULT NULL,
  `subtitle` varchar(255) DEFAULT NULL,
  `description` longtext,
  `availability` varchar(255) DEFAULT NULL,
  PRIMARY KEY (`id`)
) ENGINE=InnoDB DEFAULT CHARSET=utf8;
/*!40101 SET character_set_client = @saved_cs_client */;

--
-- Dumping data for table `components_elements_basic_cards`
--

LOCK TABLES `components_elements_basic_cards` WRITE;
/*!40000 ALTER TABLE `components_elements_basic_cards` DISABLE KEYS */;
/*!40000 ALTER TABLE `components_elements_basic_cards` ENABLE KEYS */;
UNLOCK TABLES;

--
-- Table structure for table `components_elements_basic_cards_components`
--

DROP TABLE IF EXISTS `components_elements_basic_cards_components`;
/*!40101 SET @saved_cs_client     = @@character_set_client */;
/*!40101 SET character_set_client = utf8 */;
CREATE TABLE `components_elements_basic_cards_components` (
  `id` int(10) unsigned NOT NULL AUTO_INCREMENT,
  `field` varchar(255) NOT NULL,
  `order` int(10) unsigned NOT NULL,
  `component_type` varchar(255) NOT NULL,
  `component_id` int(11) NOT NULL,
  `components_elements_basic_card_id` int(10) unsigned NOT NULL,
  PRIMARY KEY (`id`),
  KEY `components_elements_basic_card_id_fk` (`components_elements_basic_card_id`),
  CONSTRAINT `components_elements_basic_card_id_fk` FOREIGN KEY (`components_elements_basic_card_id`) REFERENCES `components_elements_basic_cards` (`id`) ON DELETE CASCADE
) ENGINE=InnoDB DEFAULT CHARSET=utf8;
/*!40101 SET character_set_client = @saved_cs_client */;

--
-- Dumping data for table `components_elements_basic_cards_components`
--

LOCK TABLES `components_elements_basic_cards_components` WRITE;
/*!40000 ALTER TABLE `components_elements_basic_cards_components` DISABLE KEYS */;
/*!40000 ALTER TABLE `components_elements_basic_cards_components` ENABLE KEYS */;
UNLOCK TABLES;

--
-- Table structure for table `components_elements_big_features`
--

DROP TABLE IF EXISTS `components_elements_big_features`;
/*!40101 SET @saved_cs_client     = @@character_set_client */;
/*!40101 SET character_set_client = utf8 */;
CREATE TABLE `components_elements_big_features` (
  `id` int(10) unsigned NOT NULL AUTO_INCREMENT,
  `title` varchar(255) DEFAULT NULL,
  `description` longtext,
  `position` varchar(255) DEFAULT NULL,
  PRIMARY KEY (`id`)
) ENGINE=InnoDB DEFAULT CHARSET=utf8;
/*!40101 SET character_set_client = @saved_cs_client */;

--
-- Dumping data for table `components_elements_big_features`
--

LOCK TABLES `components_elements_big_features` WRITE;
/*!40000 ALTER TABLE `components_elements_big_features` DISABLE KEYS */;
/*!40000 ALTER TABLE `components_elements_big_features` ENABLE KEYS */;
UNLOCK TABLES;

--
-- Table structure for table `components_elements_cards`
--

DROP TABLE IF EXISTS `components_elements_cards`;
/*!40101 SET @saved_cs_client     = @@character_set_client */;
/*!40101 SET character_set_client = utf8 */;
CREATE TABLE `components_elements_cards` (
  `id` int(10) unsigned NOT NULL AUTO_INCREMENT,
  `title` varchar(255) DEFAULT NULL,
  `subtitle` varchar(255) DEFAULT NULL,
  PRIMARY KEY (`id`)
) ENGINE=InnoDB DEFAULT CHARSET=utf8;
/*!40101 SET character_set_client = @saved_cs_client */;

--
-- Dumping data for table `components_elements_cards`
--

LOCK TABLES `components_elements_cards` WRITE;
/*!40000 ALTER TABLE `components_elements_cards` DISABLE KEYS */;
/*!40000 ALTER TABLE `components_elements_cards` ENABLE KEYS */;
UNLOCK TABLES;

--
-- Table structure for table `components_elements_columns`
--

DROP TABLE IF EXISTS `components_elements_columns`;
/*!40101 SET @saved_cs_client     = @@character_set_client */;
/*!40101 SET character_set_client = utf8 */;
CREATE TABLE `components_elements_columns` (
  `id` int(10) unsigned NOT NULL AUTO_INCREMENT,
  PRIMARY KEY (`id`)
) ENGINE=InnoDB DEFAULT CHARSET=utf8;
/*!40101 SET character_set_client = @saved_cs_client */;

--
-- Dumping data for table `components_elements_columns`
--

LOCK TABLES `components_elements_columns` WRITE;
/*!40000 ALTER TABLE `components_elements_columns` DISABLE KEYS */;
/*!40000 ALTER TABLE `components_elements_columns` ENABLE KEYS */;
UNLOCK TABLES;

--
-- Table structure for table `components_elements_containers`
--

DROP TABLE IF EXISTS `components_elements_containers`;
/*!40101 SET @saved_cs_client     = @@character_set_client */;
/*!40101 SET character_set_client = utf8 */;
CREATE TABLE `components_elements_containers` (
  `id` int(10) unsigned NOT NULL AUTO_INCREMENT,
  `title` varchar(255) DEFAULT NULL,
  `description` longtext,
  `keyword` varchar(255) DEFAULT NULL,
  `idContentType` varchar(255) DEFAULT NULL,
  PRIMARY KEY (`id`),
  UNIQUE KEY `components_elements_containers_idcontenttype_unique` (`idContentType`)
) ENGINE=InnoDB AUTO_INCREMENT=48 DEFAULT CHARSET=utf8;
/*!40101 SET character_set_client = @saved_cs_client */;

--
-- Dumping data for table `components_elements_containers`
--

LOCK TABLES `components_elements_containers` WRITE;
/*!40000 ALTER TABLE `components_elements_containers` DISABLE KEYS */;
INSERT INTO `components_elements_containers` VALUES (1,'Brokers','Donec pharetra massa a feugiat viverra.doc',NULL,NULL),(4,'Banca','Donec pharetra massa a feugiat viverra.',NULL,NULL),(5,'Empieza a utilizar las APIs Rimac','Sed massa tellus, tincids','',NULL),(6,'Empieza a utilizar las APIs Rimac','Sed massa tellus, tincids','',NULL),(7,'Empieza a utilizar las APIs Rimac','Sed massa tellus, tincids','',NULL),(8,'Empieza a utilizar las APIs Rimac','Sed massa tellus, tincids','',NULL),(9,'Empieza a utilizar las APIs Rimac','Sed massa tellus, tincids','',NULL),(10,'Autentificaci├│n','Sed massa tellus, tincids','',NULL),(11,'Empieza a utilizar las APIs Rimac','Sed massa tellus, tincids','',NULL),(12,'Empieza a utilizar las APIs Rimac','Sed massa tellus, tincids','',NULL),(13,'Empieza a utilizar las APIs Rimac','Sed massa tellus, tincids','',NULL),(14,'Empieza a utilizar las APIs Rimac','Sed massa tellus, tincids','',NULL),(15,'Empieza a utilizar las APIs Rimac','Sed massa tellus, tincids','',NULL),(16,'Empieza a utilizar las APIs Rimac','Sed massa tellus, tincids','',NULL),(17,'Telco','Donec pharetra massa a feugiat viverra.',NULL,NULL),(18,'Retail','Donec pharetra massa a feugiat viverra.',NULL,NULL),(21,'Flotas','Donec pharetra massa a feugiat viverra.',NULL,NULL),(22,'Empresas','Donec pharetra massa a feugiat viverra.',NULL,NULL),(23,'C├│mo llamar a una API con Postman x2','Sed massa tellus, tincids','',NULL),(24,'C├│mo utilizar el Sandbox','Sed massa tellus, tincids','',NULL),(25,'┬┐Qu├® es Serverless?','Mauris vel nibh ex. Integer iaculis placerat nunc, in ultricies nunc dignissim eu.',NULL,NULL),(26,'DDD como filosof├¡a de empresa.','Mauris vel nibh ex. Integer iaculis placerat nunc, in ultricies nunc dignissim eu.',NULL,NULL),(27,'Tendencias Insurtech en el sector de seguros.','Mauris vel nibh ex. Integer iaculis placerat nunc, in ultricies nunc dignissim eu.',NULL,NULL),(28,'Conoce nuestras APIs de auto flexible.','Mauris vel nibh ex. Integer iaculis placerat nunc, in ultricies nunc dignissim eu.',NULL,NULL),(33,'API Owner','Mauris vel nibh ex. Integer iaculis placerat nunc, in ultricies nunc dignissim eu.',NULL,NULL),(42,'API Owner','Mauris vel nibh ex. Integer iaculis placerat nunc, in ultricies nunc dignissim eu.',NULL,NULL),(43,'Conoce nuestras APIs de auto flexible.','Mauris vel nibh ex. Integer iaculis placerat nunc, in ultricies nunc dignissim eu.',NULL,NULL),(44,'Conoce nuestras APIs de auto flexible.','Mauris vel nibh ex. Integer iaculis placerat nunc, in ultricies nunc dignissim eu.',NULL,NULL),(47,'┬┐Qu├® es Serverless?','Mauris vel nibh ex. Integer iaculis placerat nunc, in ultricies nunc dignissim eu.',NULL,NULL);
/*!40000 ALTER TABLE `components_elements_containers` ENABLE KEYS */;
UNLOCK TABLES;

--
-- Table structure for table `components_elements_containers_components`
--

DROP TABLE IF EXISTS `components_elements_containers_components`;
/*!40101 SET @saved_cs_client     = @@character_set_client */;
/*!40101 SET character_set_client = utf8 */;
CREATE TABLE `components_elements_containers_components` (
  `id` int(10) unsigned NOT NULL AUTO_INCREMENT,
  `field` varchar(255) NOT NULL,
  `order` int(10) unsigned NOT NULL,
  `component_type` varchar(255) NOT NULL,
  `component_id` int(11) NOT NULL,
  `components_elements_container_id` int(10) unsigned NOT NULL,
  PRIMARY KEY (`id`),
  KEY `components_elements_container_id_fk` (`components_elements_container_id`),
  CONSTRAINT `components_elements_container_id_fk` FOREIGN KEY (`components_elements_container_id`) REFERENCES `components_elements_containers` (`id`) ON DELETE CASCADE
) ENGINE=InnoDB AUTO_INCREMENT=89 DEFAULT CHARSET=utf8;
/*!40101 SET character_set_client = @saved_cs_client */;

--
-- Dumping data for table `components_elements_containers_components`
--

LOCK TABLES `components_elements_containers_components` WRITE;
/*!40000 ALTER TABLE `components_elements_containers_components` DISABLE KEYS */;
INSERT INTO `components_elements_containers_components` VALUES (1,'buttonLink',1,'components_links_buttons',15,1),(2,'badgeInfo',1,'components_elements_badgets',18,1),(3,'badgeInfo',2,'components_elements_badgets',19,1),(12,'buttonLink',1,'components_links_buttons',23,4),(13,'badgeInfo',1,'components_elements_badgets',25,4),(14,'buttonLink',1,'components_links_buttons',25,5),(15,'buttonLink',1,'components_links_buttons',26,6),(16,'buttonLink',1,'components_links_buttons',27,7),(17,'buttonLink',1,'components_links_buttons',28,8),(18,'buttonLink',1,'components_links_buttons',29,9),(19,'buttonLink',1,'components_links_buttons',30,10),(20,'buttonLink',1,'components_links_buttons',31,11),(21,'buttonLink',1,'components_links_buttons',32,12),(22,'buttonLink',1,'components_links_buttons',33,13),(23,'buttonLink',1,'components_links_buttons',34,14),(24,'buttonLink',1,'components_links_buttons',35,15),(25,'buttonLink',1,'components_links_buttons',36,16),(26,'buttonLink',1,'components_links_buttons',38,17),(27,'badgeInfo',1,'components_elements_badgets',26,17),(28,'badgeInfo',2,'components_elements_badgets',27,17),(29,'buttonLink',1,'components_links_buttons',39,18),(30,'badgeInfo',1,'components_elements_badgets',28,18),(35,'buttonLink',1,'components_links_buttons',48,21),(36,'badgeInfo',1,'components_elements_badgets',31,21),(37,'buttonLink',1,'components_links_buttons',49,22),(38,'badgeInfo',1,'components_elements_badgets',32,22),(39,'buttonLink',1,'components_links_buttons',60,23),(40,'buttonLink',1,'components_links_buttons',61,24),(41,'buttonLink',1,'components_links_buttons',62,25),(42,'badgeInfo',1,'components_elements_badgets',33,25),(43,'buttonLink',1,'components_links_buttons',63,26),(44,'badgeInfo',1,'components_elements_badgets',34,26),(45,'buttonLink',1,'components_links_buttons',64,27),(46,'badgeInfo',1,'components_elements_badgets',35,27),(47,'buttonLink',1,'components_links_buttons',65,28),(48,'badgeInfo',1,'components_elements_badgets',36,28),(58,'buttonLink',1,'components_links_buttons',73,33),(59,'badgeInfo',1,'components_elements_badgets',42,33),(77,'buttonLink',1,'components_links_buttons',88,42),(78,'badgeInfo',1,'components_elements_badgets',52,42),(79,'buttonLink',1,'components_links_buttons',89,43),(80,'badgeInfo',1,'components_elements_badgets',53,43),(81,'buttonLink',1,'components_links_buttons',90,44),(82,'badgeInfo',1,'components_elements_badgets',54,44),(87,'buttonLink',1,'components_links_buttons',93,47),(88,'badgeInfo',1,'components_elements_badgets',57,47);
/*!40000 ALTER TABLE `components_elements_containers_components` ENABLE KEYS */;
UNLOCK TABLES;

--
-- Table structure for table `components_elements_custom_radios`
--

DROP TABLE IF EXISTS `components_elements_custom_radios`;
/*!40101 SET @saved_cs_client     = @@character_set_client */;
/*!40101 SET character_set_client = utf8 */;
CREATE TABLE `components_elements_custom_radios` (
  `id` int(10) unsigned NOT NULL AUTO_INCREMENT,
  `title` varchar(255) DEFAULT NULL,
  `estatus` varchar(255) DEFAULT NULL,
  PRIMARY KEY (`id`)
) ENGINE=InnoDB DEFAULT CHARSET=utf8;
/*!40101 SET character_set_client = @saved_cs_client */;

--
-- Dumping data for table `components_elements_custom_radios`
--

LOCK TABLES `components_elements_custom_radios` WRITE;
/*!40000 ALTER TABLE `components_elements_custom_radios` DISABLE KEYS */;
/*!40000 ALTER TABLE `components_elements_custom_radios` ENABLE KEYS */;
UNLOCK TABLES;

--
-- Table structure for table `components_elements_entrada_guia_desarrolladores`
--

DROP TABLE IF EXISTS `components_elements_entrada_guia_desarrolladores`;
/*!40101 SET @saved_cs_client     = @@character_set_client */;
/*!40101 SET character_set_client = utf8 */;
CREATE TABLE `components_elements_entrada_guia_desarrolladores` (
  `id` int(10) unsigned NOT NULL AUTO_INCREMENT,
  `titulo` varchar(255) DEFAULT NULL,
  `descripcion` varchar(255) DEFAULT NULL,
  `contenido` longtext,
  PRIMARY KEY (`id`)
) ENGINE=InnoDB DEFAULT CHARSET=utf8;
/*!40101 SET character_set_client = @saved_cs_client */;

--
-- Dumping data for table `components_elements_entrada_guia_desarrolladores`
--

LOCK TABLES `components_elements_entrada_guia_desarrolladores` WRITE;
/*!40000 ALTER TABLE `components_elements_entrada_guia_desarrolladores` DISABLE KEYS */;
/*!40000 ALTER TABLE `components_elements_entrada_guia_desarrolladores` ENABLE KEYS */;
UNLOCK TABLES;

--
-- Table structure for table `components_elements_entrada_guia_desarrolladores_components`
--

DROP TABLE IF EXISTS `components_elements_entrada_guia_desarrolladores_components`;
/*!40101 SET @saved_cs_client     = @@character_set_client */;
/*!40101 SET character_set_client = utf8 */;
CREATE TABLE `components_elements_entrada_guia_desarrolladores_components` (
  `id` int(10) unsigned NOT NULL AUTO_INCREMENT,
  `field` varchar(255) NOT NULL,
  `order` int(10) unsigned NOT NULL,
  `component_type` varchar(255) NOT NULL,
  `component_id` int(11) NOT NULL,
  `components_elements_entrada_guia_desarrolladore_id` int(10) unsigned NOT NULL,
  PRIMARY KEY (`id`),
  KEY `components_elements_entrada_guia_desarrolladore_id_fk` (`components_elements_entrada_guia_desarrolladore_id`),
  CONSTRAINT `components_elements_entrada_guia_desarrolladore_id_fk` FOREIGN KEY (`components_elements_entrada_guia_desarrolladore_id`) REFERENCES `components_elements_entrada_guia_desarrolladores` (`id`) ON DELETE CASCADE
) ENGINE=InnoDB DEFAULT CHARSET=utf8;
/*!40101 SET character_set_client = @saved_cs_client */;

--
-- Dumping data for table `components_elements_entrada_guia_desarrolladores_components`
--

LOCK TABLES `components_elements_entrada_guia_desarrolladores_components` WRITE;
/*!40000 ALTER TABLE `components_elements_entrada_guia_desarrolladores_components` DISABLE KEYS */;
/*!40000 ALTER TABLE `components_elements_entrada_guia_desarrolladores_components` ENABLE KEYS */;
UNLOCK TABLES;

--
-- Table structure for table `components_elements_entries`
--

DROP TABLE IF EXISTS `components_elements_entries`;
/*!40101 SET @saved_cs_client     = @@character_set_client */;
/*!40101 SET character_set_client = utf8 */;
CREATE TABLE `components_elements_entries` (
  `id` int(10) unsigned NOT NULL AUTO_INCREMENT,
  `title` varchar(255) DEFAULT NULL,
  `description` varchar(255) DEFAULT NULL,
  `publication_date` datetime DEFAULT NULL,
  `content` longtext,
  `idContentType` varchar(255) DEFAULT NULL,
  `text` varchar(255) DEFAULT NULL,
  PRIMARY KEY (`id`),
  UNIQUE KEY `components_elements_entries_idcontenttype_unique` (`idContentType`)
) ENGINE=InnoDB AUTO_INCREMENT=222 DEFAULT CHARSET=utf8;
/*!40101 SET character_set_client = @saved_cs_client */;

--
-- Dumping data for table `components_elements_entries`
--

LOCK TABLES `components_elements_entries` WRITE;
/*!40000 ALTER TABLE `components_elements_entries` DISABLE KEYS */;
INSERT INTO `components_elements_entries` VALUES (1,'Serverless',NULL,NULL,'# ┬┐Qu├® es Serverless?\n\n##### In egestas blandit felis id porttitor. Mauris vel nibh ex. Integer iaculis placerat nunc, in ultricies nunc dignissim eu.  Proin eros elit, aliquet nec magna ornare, luctus posuere lacus. Proin placerat viverra lacus at dignissim. \n\n16 febrero del 2021 - Lectura de 5 min.\n\n![img-2 1 (3)](https://pre-strapi.cloudappi.net/uploads/img_2_1_3_4a4b6eb0aa.svg)\n\n\n### ┬┐Qu├® es Serverless?\n\n##### In egestas blandit felis id porttitor. Mauris vel nibh ex. Integer iaculis placerat nunc, in ultricies nunc dignissim eu. Proin eros elit, aliquet nec magna ornare, luctus posuere lacus. Proin placerat viverra lacus at dignissim. In egestas blandit felis id porttitor. Mauris vel nibh ex. Integer iaculis placerat nunc, in ultricies nunc dignissim eu. Proin eros elit, aliquet nec magna ornare, luctus posuere lacus. Proin placerat viverra lacus at dignissim. \n\n![img-2 1 (3)](https://pre-strapi.cloudappi.net/uploads/img_2_1_3_4a4b6eb0aa.svg)\n\n### ┬┐Qu├® beneficios tienen las APIs de auto flexible?\n\nIn egestas blandit felis id porttitor. Mauris vel nibh ex. Integer iaculis placerat nunc, in ultricies nunc dignissim eu. Proin eros elit, aliquet nec magna ornare, luctus posuere lacus. Proin eros elit, aliquet nec magna ornare, luctus posuere lacus. Proin placerat viverra lacus presenta: \n\n     ÔÇó  In egestas blandit felis id porttitor. \n     ÔÇó  Felis id porttitor. \n     ÔÇó  Luctus posuere lacus. \n     ÔÇó  Proin eros elit, aliquet nec magna ornare\n\n\n\n\n \n',NULL,NULL),(2,'Haz llamadas a una APIs x1',NULL,NULL,'### Haz llamadas a una API\n\nIn egestas blandit felis id porttitor. Mauris vel nibh ex. Integer iaculis placerat nunc, in ultricies nunc dignissim eu. Proin eros elit, aliquet nec magna ornare, luctus posuere lacus. Proin placerat viverra lacus at dignissim. \n\nIn egestas blandit felis id porttitor. Mauris vel nibh ex. Integer iaculis placerat nunc, in ultricies nunc dignissim eu. Proin eros elit, aliquet nec magna ornare, luctus posuere lacus. Proin placerat viverra lacus at dignissim. In egestas blandit felis id porttitor. Mauris vel nibh ex. Integer iaculis placerat nunc, in ultricies nunc dignissim eu. Proin eros elit, aliquet nec magna ornare, luctus posuere lacus. Proin placerat viverra lacus at dignissim. ',NULL,NULL),(3,'Autenticaci├│n',NULL,NULL,'In egestas blandit felis id porttitor. Mauris vel nibh ex. Integer iaculis placerat nunc, in ultricies nunc dignissim eu. Proin eros elit, aliquet nec magna ornare.\n      \n- Profile information\n  - UserÔÇÖs unique identifier\n  - Name\n  - Surnames\n  - Gender\n  - Birthdate\n  - Identity document\n  - User addresses\n  - Email\n  - Mobile phone\n     \n- Contract list\n- User NID (National Identity Number) digitalized download\n- User Nid (National Identity Number) digitalized metadata\n\nThis API is available in the following environments:\n    - Sandbox (see section below).\n     - Live (production',NULL,NULL),(4,'OTP ÔÇô One-Time Password',NULL,NULL,'In egestas blandit felis id porttitor. Mauris vel nibh ex. Integer iaculis placerat nunc, in ultricies nunc dignissim eu. Proin eros elit, aliquet nec magna ornare, luctus posuere lacus. Proin placerat viverra lacus at dignissim. \n\nIn egestas blandit felis id porttitor. Mauris vel nibh ex. Integer iaculis placerat nunc, in ultricies nunc dignissim eu. Proin eros elit, aliquet nec magna ornare, luctus posuere lacus. Proin placerat viverra lacus at dignissim. In egestas blandit felis id porttitor. Mauris vel nibh ex. Integer iaculis placerat nunc, in ultricies nunc dignissim eu. Proin eros elit, aliquet nec magna ornare, luctus posuere lacus. Proin placerat viverra lacus at dignissim. ',NULL,NULL),(5,'Haz llamadas a una API',NULL,NULL,'### Haz llamadas a una API\n\nIn egestas blandit felis id porttitor. Mauris vel nibh ex. Integer iaculis placerat nunc, in ultricies nunc dignissim eu. Proin eros elit, aliquet nec magna ornare, luctus posuere lacus. Proin placerat viverra lacus at dignissim. \n\nIn egestas blandit felis id porttitor. Mauris vel nibh ex. Integer iaculis placerat nunc, in ultricies nunc dignissim eu. Proin eros elit, aliquet nec magna ornare, luctus posuere lacus. Proin placerat viverra lacus at dignissim. In egestas blandit felis id porttitor. Mauris vel nibh ex. Integer iaculis placerat nunc, in ultricies nunc dignissim eu. Proin eros elit, aliquet nec magna ornare, luctus posuere lacus. Proin placerat viverra lacus at dignissim. \n\n## Basic Usage\n\n```jsx\nimport MarkdownEditor from \'@uiw/react-markdown-editor\';\nimport React from \'react\';\nimport ReactDOM from \'react-dom\';\n\nconst Dome = () => (\n  <MarkdownEditor\n    value={this.state.markdown}\n    onChange={this.updateMarkdown}\n  />\n);\n\nReactDOM.render(<Dome />, document.getElementById(\'app\'));\n```\n\n[text](https://apicatalog.rimac.com/)\n\n![Mask Group (2).svg](/uploads/Mask_Group_2_28f1135dc8.svg)\n\n> quote fgfgfgfg',NULL,NULL),(6,'Autenticaci├│n',NULL,NULL,'In egestas blandit felis id porttitor. Mauris vel nibh ex. Integer iaculis placerat nunc, in ultricies nunc dignissim eu. Proin eros elit, aliquet nec magna ornare.\n      \n- Profile information\n  - UserÔÇÖs unique identifier\n  - Name\n  - Surnames\n  - Gender\n  - Birthdate\n  - Identity document\n  - User addresses\n  - Email\n  - Mobile phone\n     \n- Contract list\n- User NID (National Identity Number) digitalized download\n- User Nid (National Identity Number) digitalized metadata\n\nThis API is available in the following environments:\n    - Sandbox (see section below).\n     - Live (production',NULL,NULL),(7,'OTP ÔÇô One-Time Password',NULL,NULL,'In egestas blandit felis id porttitor. Mauris vel nibh ex. Integer iaculis placerat nunc, in ultricies nunc dignissim eu. Proin eros elit, aliquet nec magna ornare, luctus posuere lacus. Proin placerat viverra lacus at dignissim. \n\nIn egestas blandit felis id porttitor. Mauris vel nibh ex. Integer iaculis placerat nunc, in ultricies nunc dignissim eu. Proin eros elit, aliquet nec magna ornare, luctus posuere lacus. Proin placerat viverra lacus at dignissim. In egestas blandit felis id porttitor. Mauris vel nibh ex. Integer iaculis placerat nunc, in ultricies nunc dignissim eu. Proin eros elit, aliquet nec magna ornare, luctus posuere lacus. Proin placerat viverra lacus at dignissim. ',NULL,NULL),(8,'Haz llamadas a una API',NULL,NULL,'### Haz llamadas a una API\n\nIn egestas blandit felis id porttitor. Mauris vel nibh ex. Integer iaculis placerat nunc, in ultricies nunc dignissim eu. Proin eros elit, aliquet nec magna ornare, luctus posuere lacus. Proin placerat viverra lacus at dignissim. \n\nIn egestas blandit felis id porttitor. Mauris vel nibh ex. Integer iaculis placerat nunc, in ultricies nunc dignissim eu. Proin eros elit, aliquet nec magna ornare, luctus posuere lacus. Proin placerat viverra lacus at dignissim. In egestas blandit felis id porttitor. Mauris vel nibh ex. Integer iaculis placerat nunc, in ultricies nunc dignissim eu. Proin eros elit, aliquet nec magna ornare, luctus posuere lacus. Proin placerat viverra lacus at dignissim. ',NULL,NULL),(9,'Autenticaci├│n',NULL,NULL,'In egestas blandit felis id porttitor. Mauris vel nibh ex. Integer iaculis placerat nunc, in ultricies nunc dignissim eu. Proin eros elit, aliquet nec magna ornare.\n      \n- Profile information\n  - UserÔÇÖs unique identifier\n  - Name\n  - Surnames\n  - Gender\n  - Birthdate\n  - Identity document\n  - User addresses\n  - Email\n  - Mobile phone\n     \n- Contract list\n- User NID (National Identity Number) digitalized download\n- User Nid (National Identity Number) digitalized metadata\n\nThis API is available in the following environments:\n    - Sandbox (see section below).\n     - Live (production',NULL,NULL),(10,'OTP ÔÇô One-Time Password',NULL,NULL,'In egestas blandit felis id porttitor. Mauris vel nibh ex. Integer iaculis placerat nunc, in ultricies nunc dignissim eu. Proin eros elit, aliquet nec magna ornare, luctus posuere lacus. Proin placerat viverra lacus at dignissim. \n\nIn egestas blandit felis id porttitor. Mauris vel nibh ex. Integer iaculis placerat nunc, in ultricies nunc dignissim eu. Proin eros elit, aliquet nec magna ornare, luctus posuere lacus. Proin placerat viverra lacus at dignissim. In egestas blandit felis id porttitor. Mauris vel nibh ex. Integer iaculis placerat nunc, in ultricies nunc dignissim eu. Proin eros elit, aliquet nec magna ornare, luctus posuere lacus. Proin placerat viverra lacus at dignissim. ',NULL,NULL),(11,'DDD como filosof├¡a de empresa.',NULL,NULL,'# DDD como filosof├¡a de empresa.\n\nIn egestas blandit felis id porttitor. Mauris vel nibh ex. Integer iaculis placerat nunc, in ultricies nunc dignissim eu.  Proin eros elit, aliquet nec magna ornare, luctus posuere lacus. Proin placerat viverra lacus at dignissim. \n\n16 febrero del 2021 - Lectura de 5 min.\n\n![img-2 1 (3)](https://pre-strapi.cloudappi.net/uploads/img_2_1_3_4a4b6eb0aa.svg)\n\n**┬┐Qu├® son las APIs de auto flexible?**\n\nIn egestas blandit felis id porttitor. Mauris vel nibh ex. Integer iaculis placerat nunc, in ultricies nunc dignissim eu. Proin eros elit, aliquet nec magna ornare, luctus posuere lacus. Proin placerat viverra lacus at dignissim. In egestas blandit felis id porttitor. Mauris vel nibh ex. Integer iaculis placerat nunc, in ultricies nunc dignissim eu. Proin eros elit, aliquet nec magna ornare, luctus posuere lacus. Proin placerat viverra lacus at dignissim. \n\n![img-2 1 (3)](https://pre-strapi.cloudappi.net/uploads/img_2_1_3_4a4b6eb0aa.svg)\n\n**┬┐Qu├® beneficios tienen las APIs de auto flexible?**\n\nIn egestas blandit felis id porttitor. Mauris vel nibh ex. Integer iaculis placerat nunc, in ultricies nunc dignissim eu. Proin eros elit, aliquet nec magna ornare, luctus posuere lacus. Proin eros elit, aliquet nec magna ornare, luctus posuere lacus. Proin placerat viverra lacus presenta: \n\n ÔÇó  In egestas blandit felis id porttitor. \n ÔÇó  Felis id porttitor. \nÔÇó  Luctus posuere lacus. \nÔÇó  Proin eros elit, aliquet nec magna ornare\n![Group 17281.svg](https://pre-strapi.cloudappi.net/uploads/Group_17281_07e674f83a.svg)\n',NULL,NULL),(12,'Tendencias Insurtech en el sector de seguros.',NULL,NULL,'# Tendencias Insurtech en el sector de seguros.\n\n##### In egestas blandit felis id porttitor. Mauris vel nibh ex. Integer iaculis placerat nunc, in ultricies nunc dignissim eu.  Proin eros elit, aliquet nec magna ornare, luctus posuere lacus. Proin placerat viverra lacus at dignissim. \n\n16 febrero del 2021 - Lectura de 5 min.\n\n![img-2 1 (3)](https://pre-strapi.cloudappi.net/uploads/img_2_1_3_4a4b6eb0aa.svg)\n\n### ┬┐Qu├® son las APIs de auto flexible?\n\n##### In egestas blandit felis id porttitor. Mauris vel nibh ex. Integer iaculis placerat nunc, in ultricies nunc dignissim eu. Proin eros elit, aliquet nec magna ornare, luctus posuere lacus. Proin placerat viverra lacus at dignissim. In egestas blandit felis id porttitor. Mauris vel nibh ex. Integer iaculis placerat nunc, in ultricies nunc dignissim eu. Proin eros elit, aliquet nec magna ornare, luctus posuere lacus. Proin placerat viverra lacus at dignissim. \n\n![img-2 1 (3)](https://pre-strapi.cloudappi.net/uploads/img_2_1_3_4a4b6eb0aa.svg)\n\n### ┬┐Qu├® beneficios tienen las APIs de auto flexible?\n\nIn egestas blandit felis id porttitor. Mauris vel nibh ex. Integer iaculis placerat nunc, in ultricies nunc dignissim eu. Proin eros elit, aliquet nec magna ornare, luctus posuere lacus. Proin eros elit, aliquet nec magna ornare, luctus posuere lacus. Proin placerat viverra lacus presenta: \n\n     ÔÇó  In egestas blandit felis id porttitor. \n     ÔÇó  Felis id porttitor. \n     ÔÇó  Luctus posuere lacus. \n     ÔÇó  Proin eros elit, aliquet nec magna ornare',NULL,NULL),(13,'Conoce nuestras APIs de auto flexible.',NULL,NULL,'# Conoce nuestras APIs de auto flexible\n\n##### In egestas blandit felis id porttitor. Mauris vel nibh ex. Integer iaculis placerat nunc, in ultricies nunc dignissim eu.  Proin eros elit, aliquet nec magna ornare, luctus posuere lacus. Proin placerat viverra lacus at dignissim. \n\n16 febrero del 2021 - Lectura de 5 min.\n\n![img-2 1 (3)](https://pre-strapi.cloudappi.net/uploads/img_2_1_3_4a4b6eb0aa.svg)\n\n### ┬┐Qu├® son las APIs de auto flexible?\n\n##### In egestas blandit felis id porttitor. Mauris vel nibh ex. Integer iaculis placerat nunc, in ultricies nunc dignissim eu. Proin eros elit, aliquet nec magna ornare, luctus posuere lacus. Proin placerat viverra lacus at dignissim. In egestas blandit felis id porttitor. Mauris vel nibh ex. Integer iaculis placerat nunc, in ultricies nunc dignissim eu. Proin eros elit, aliquet nec magna ornare, luctus posuere lacus. Proin placerat viverra lacus at dignissim. \n\n![img-2 1 (3)](https://pre-strapi.cloudappi.net/uploads/img_2_1_3_4a4b6eb0aa.svg)\n\n### ┬┐Qu├® beneficios tienen las APIs de auto flexible?\n\nIn egestas blandit felis id porttitor. Mauris vel nibh ex. Integer iaculis placerat nunc, in ultricies nunc dignissim eu. Proin eros elit, aliquet nec magna ornare, luctus posuere lacus. Proin eros elit, aliquet nec magna ornare, luctus posuere lacus. Proin placerat viverra lacus presenta: \n\n     ÔÇó  In egestas blandit felis id porttitor. \n     ÔÇó  Felis id porttitor. \n     ÔÇó  Luctus posuere lacus. \n     ÔÇó  Proin eros elit, aliquet nec magna ornare',NULL,NULL),(14,'API Owner',NULL,NULL,'# API Owner\n\n##### In egestas blandit felis id porttitor. Mauris vel nibh ex. Integer iaculis placerat nunc, in ultricies nunc dignissim eu.  Proin eros elit, aliquet nec magna ornare, luctus posuere lacus. Proin placerat viverra lacus at dignissim. \n\n16 febrero del 2021 - Lectura de 5 min.\n\n![img-2 1 (3)](https://pre-strapi.cloudappi.net/uploads/img_2_1_3_4a4b6eb0aa.svg)\n\n\n### API Owner Definicion\n\n##### In egestas blandit felis id porttitor. Mauris vel nibh ex. Integer iaculis placerat nunc, in ultricies nunc dignissim eu. Proin eros elit, aliquet nec magna ornare, luctus posuere lacus. Proin placerat viverra lacus at dignissim. In egestas blandit felis id porttitor. Mauris vel nibh ex. Integer iaculis placerat nunc, in ultricies nunc dignissim eu. Proin eros elit, aliquet nec magna ornare, luctus posuere lacus. Proin placerat viverra lacus at dignissim. \n\n![img-2 1 (3)](https://pre-strapi.cloudappi.net/uploads/img_2_1_3_4a4b6eb0aa.svg)\n\n### ┬┐Qu├® beneficios tienen las APIs de auto flexible?\n\nIn egestas blandit felis id porttitor. Mauris vel nibh ex. Integer iaculis placerat nunc, in ultricies nunc dignissim eu. Proin eros elit, aliquet nec magna ornare, luctus posuere lacus. Proin eros elit, aliquet nec magna ornare, luctus posuere lacus. Proin placerat viverra lacus presenta: \n\n     ÔÇó  In egestas blandit felis id porttitor. \n     ÔÇó  Felis id porttitor. \n     ÔÇó  Luctus posuere lacus. \n     ÔÇó  Proin eros elit, aliquet nec magna ornare\n\n\n\n\n \n',NULL,NULL),(16,'Test',NULL,NULL,'**fdfdfdf**\n```fgfgfgfgfgfgf```\n',NULL,NULL),(23,'API Owner',NULL,NULL,'# API Owner\n\n##### In egestas blandit felis id porttitor. Mauris vel nibh ex. Integer iaculis placerat nunc, in ultricies nunc dignissim eu.  Proin eros elit, aliquet nec magna ornare, luctus posuere lacus. Proin placerat viverra lacus at dignissim. \n\n16 febrero del 2021 - Lectura de 5 min.\n\n![img-2 1 (3)](https://pre-strapi.cloudappi.net/uploads/img_2_1_3_4a4b6eb0aa.svg)\n\n\n### API Owner Definicion\n\n##### In egestas blandit felis id porttitor. Mauris vel nibh ex. Integer iaculis placerat nunc, in ultricies nunc dignissim eu. Proin eros elit, aliquet nec magna ornare, luctus posuere lacus. Proin placerat viverra lacus at dignissim. In egestas blandit felis id porttitor. Mauris vel nibh ex. Integer iaculis placerat nunc, in ultricies nunc dignissim eu. Proin eros elit, aliquet nec magna ornare, luctus posuere lacus. Proin placerat viverra lacus at dignissim. \n\n![img-2 1 (3)](https://pre-strapi.cloudappi.net/uploads/img_2_1_3_4a4b6eb0aa.svg)\n\n### ┬┐Qu├® beneficios tienen las APIs de auto flexible?\n\nIn egestas blandit felis id porttitor. Mauris vel nibh ex. Integer iaculis placerat nunc, in ultricies nunc dignissim eu. Proin eros elit, aliquet nec magna ornare, luctus posuere lacus. Proin eros elit, aliquet nec magna ornare, luctus posuere lacus. Proin placerat viverra lacus presenta: \n\n     ÔÇó  In egestas blandit felis id porttitor. \n     ÔÇó  Felis id porttitor. \n     ÔÇó  Luctus posuere lacus. \n     ÔÇó  Proin eros elit, aliquet nec magna ornare\n\n\n\n\n \n',NULL,NULL),(24,'Conoce nuestras APIs de auto flexible.',NULL,NULL,'# Conoce nuestras APIs de auto flexible\n\n##### In egestas blandit felis id porttitor. Mauris vel nibh ex. Integer iaculis placerat nunc, in ultricies nunc dignissim eu.  Proin eros elit, aliquet nec magna ornare, luctus posuere lacus. Proin placerat viverra lacus at dignissim. \n\n16 febrero del 2021 - Lectura de 5 min.\n\n![img-2 1 (3)](https://pre-strapi.cloudappi.net/uploads/img_2_1_3_4a4b6eb0aa.svg)\n\n### ┬┐Qu├® son las APIs de auto flexible?\n\n##### In egestas blandit felis id porttitor. Mauris vel nibh ex. Integer iaculis placerat nunc, in ultricies nunc dignissim eu. Proin eros elit, aliquet nec magna ornare, luctus posuere lacus. Proin placerat viverra lacus at dignissim. In egestas blandit felis id porttitor. Mauris vel nibh ex. Integer iaculis placerat nunc, in ultricies nunc dignissim eu. Proin eros elit, aliquet nec magna ornare, luctus posuere lacus. Proin placerat viverra lacus at dignissim. \n\n![img-2 1 (3)](https://pre-strapi.cloudappi.net/uploads/img_2_1_3_4a4b6eb0aa.svg)\n\n### ┬┐Qu├® beneficios tienen las APIs de auto flexible?\n\nIn egestas blandit felis id porttitor. Mauris vel nibh ex. Integer iaculis placerat nunc, in ultricies nunc dignissim eu. Proin eros elit, aliquet nec magna ornare, luctus posuere lacus. Proin eros elit, aliquet nec magna ornare, luctus posuere lacus. Proin placerat viverra lacus presenta: \n\n     ÔÇó  In egestas blandit felis id porttitor. \n     ÔÇó  Felis id porttitor. \n     ÔÇó  Luctus posuere lacus. \n     ÔÇó  Proin eros elit, aliquet nec magna ornare',NULL,NULL),(25,'Conoce nuestras APIs de auto flexible.',NULL,NULL,'# Conoce nuestras APIs de auto flexible\n\n##### In egestas blandit felis id porttitor. Mauris vel nibh ex. Integer iaculis placerat nunc, in ultricies nunc dignissim eu.  Proin eros elit, aliquet nec magna ornare, luctus posuere lacus. Proin placerat viverra lacus at dignissim. \n\n16 febrero del 2021 - Lectura de 5 min.\n\n![img-2 1 (3)](https://pre-strapi.cloudappi.net/uploads/img_2_1_3_4a4b6eb0aa.svg)\n\n### ┬┐Qu├® son las APIs de auto flexible?\n\n##### In egestas blandit felis id porttitor. Mauris vel nibh ex. Integer iaculis placerat nunc, in ultricies nunc dignissim eu. Proin eros elit, aliquet nec magna ornare, luctus posuere lacus. Proin placerat viverra lacus at dignissim. In egestas blandit felis id porttitor. Mauris vel nibh ex. Integer iaculis placerat nunc, in ultricies nunc dignissim eu. Proin eros elit, aliquet nec magna ornare, luctus posuere lacus. Proin placerat viverra lacus at dignissim. \n\n![img-2 1 (3)](https://pre-strapi.cloudappi.net/uploads/img_2_1_3_4a4b6eb0aa.svg)\n\n### ┬┐Qu├® beneficios tienen las APIs de auto flexible?\n\nIn egestas blandit felis id porttitor. Mauris vel nibh ex. Integer iaculis placerat nunc, in ultricies nunc dignissim eu. Proin eros elit, aliquet nec magna ornare, luctus posuere lacus. Proin eros elit, aliquet nec magna ornare, luctus posuere lacus. Proin placerat viverra lacus presenta: \n\n     ÔÇó  In egestas blandit felis id porttitor. \n     ÔÇó  Felis id porttitor. \n     ÔÇó  Luctus posuere lacus. \n     ÔÇó  Proin eros elit, aliquet nec magna ornare',NULL,NULL),(28,'Serverless',NULL,NULL,'# ┬┐Qu├® es Serverless?\n\n##### In egestas blandit felis id porttitor. Mauris vel nibh ex. Integer iaculis placerat nunc, in ultricies nunc dignissim eu.  Proin eros elit, aliquet nec magna ornare, luctus posuere lacus. Proin placerat viverra lacus at dignissim. \n\n16 febrero del 2021 - Lectura de 5 min.\n\n![img-2 1 (3)](https://pre-strapi.cloudappi.net/uploads/img_2_1_3_4a4b6eb0aa.svg)\n\n\n### ┬┐Qu├® es Serverless?\n\n##### In egestas blandit felis id porttitor. Mauris vel nibh ex. Integer iaculis placerat nunc, in ultricies nunc dignissim eu. Proin eros elit, aliquet nec magna ornare, luctus posuere lacus. Proin placerat viverra lacus at dignissim. In egestas blandit felis id porttitor. Mauris vel nibh ex. Integer iaculis placerat nunc, in ultricies nunc dignissim eu. Proin eros elit, aliquet nec magna ornare, luctus posuere lacus. Proin placerat viverra lacus at dignissim. \n\n![img-2 1 (3)](https://pre-strapi.cloudappi.net/uploads/img_2_1_3_4a4b6eb0aa.svg)\n\n### ┬┐Qu├® beneficios tienen las APIs de auto flexible?\n\nIn egestas blandit felis id porttitor. Mauris vel nibh ex. Integer iaculis placerat nunc, in ultricies nunc dignissim eu. Proin eros elit, aliquet nec magna ornare, luctus posuere lacus. Proin eros elit, aliquet nec magna ornare, luctus posuere lacus. Proin placerat viverra lacus presenta: \n\n     ÔÇó  In egestas blandit felis id porttitor. \n     ÔÇó  Felis id porttitor. \n     ÔÇó  Luctus posuere lacus. \n     ÔÇó  Proin eros elit, aliquet nec magna ornare\n\n\n\n\n \n',NULL,NULL),(46,'┬┐C├│mo puedo darme de alta en el API Market?',NULL,NULL,'Darse de alta en el Developer Portal de RIMAC es muy intuitivo. En la **esquina superior derecha** de la web encontrar├ís el bot├│n de [Reg├¡strate](https://apiconsole.rimac.com/register), una vez hagas click ser├ís dirigido al **formulario de registro**. Introduce los datos solicitados de la organizaci├│n y del representante. \n\nEnv├¡a la solicitud y con la mayor brevedad posible **el equipo de RIMAC validar├í tu registro** y si todo es correcto recibir├ís las **credenciales de acceso** en tu correo electr├│nico.\n\nPuedes ver m├ís detalles en la [Startguide](http://devportal-rimac-dynamic.cloudappi.net/documentacion/guiadesarrolladores/startguide-apimarket/)\n\n\n',NULL,NULL),(47,'┬┐Cu├ínto tarda en validarse mi cuenta?',NULL,NULL,'El proceso de validaci├│n de la cuenta es muy breve, lo que quiere decir que en **un plazo de 2 a 5 d├¡as** recibir├ís la confirmaci├│n en tu correo electr├│nico. \n\nSi no has tenido previo contacto con los equipos de RIMAC, es probable que dentro de este proceso se agenden reuniones para **definir los t├®rminos comerciales** y poder **entregarte las mejores soluciones** para tu negocio. \n',NULL,NULL),(48,'┬┐C├│mo consigo las credenciales de acceso?',NULL,NULL,'Para obtener las credenciales de acceso al ├írea privada del Developer Portal de RIMAC **es necesario estar registrado y validado por el equipo de RIMAC**. \n\nPara ello, rellena el **[formulario de registro](https://apiconsole.rimac.com/register)** y con la mayor brevedad posible nos pondremos en contacto contigo.',NULL,NULL),(49,'┬┐Darme de alta en el API Market conlleva alg├║n coste?',NULL,NULL,'Registrarte en el API Market es **totalmente gratuito** ya que la finalidad de este canal es que puedas conocer las **soluciones de RIMAC** de una forma m├ís din├ímica y f├ícil.',NULL,NULL),(50,'┬┐D├│nde puedo ver la documentaci├│n de las APIs?',NULL,NULL,'Dentro de la [secci├│n de APIs](http://devportal-rimac-dynamic.cloudappi.net/documentacion/apis/) del Developer Portal encontrar├ís todas las APIs que hay a tu disposici├│n y desde ah├¡ podr├ís seleccionar la **Documentaci├│n** de aquella que desees ver. \n\nPara obtener toda la **informaci├│n t├®cnica** y **probar la API** deber├ís contar con una cuenta validada del API Market de Rimac.',NULL,NULL),(51,'┬┐Puedo probar las APIs antes de integrarlas?',NULL,NULL,'Por supuesto, **ponemos a tu disposici├│n nuestro sandbox** del cual puedes hacer uso en cualquier momento desde tu cuenta. Para saber m├ís, echa un vistazo a [esta gu├¡a](http://devportal-rimac-dynamic.cloudappi.net/documentacion/guiadesarrolladores/por-que-utilizar-nuestro-sandbox).',NULL,NULL),(52,'┬┐El uso de las APIs conlleva alg├║n coste?',NULL,NULL,'No. Por lo general **no hay ning├║n coste asociado al uso de las APIs**, si tienes alguna duda consulta con nuestro ├írea de negocio.',NULL,NULL),(54,'┬┐Cu├ínto tarda en completarse la integraci├│n?',NULL,NULL,'Una de las principales ventajas de la interconexi├│n con RIMAC es que se consigue de **forma ├ígil y r├ípida** lo que significa que en **pocas semanas** podr├ís comenzar a vender y gestionar los nuevos productos a trav├®s de tus plataformas. \n\nNo obstante, ten en cuenta que la duraci├│n del proceso de integraci├│n tambi├®n **depender├í de ti**: recursos, canal, capacidad t├®cnica y experiencia integrando APIs...  Pero no te preocupes, dure lo que dure, **nuestro equipo de expertos te acompa├▒ar├í durante todo el proceso.**',NULL,NULL),(55,'┬┐Qu├® beneficios me ofrece integrar las APIs de RIMAC?',NULL,NULL,'Las APIs de RIMAC te ofrecen infinidad de beneficios para tu plataforma, entre ellos, la integraci├│n de nuevos productos y la oportunidad de venderlos. Adem├ís te permiten **agilizar los procesos de contrataci├│n** y **gesti├│n de seguros de una forma f├ícil y r├ípida.**',NULL,NULL),(58,'No puedo acceder a mi ├írea privada, ┬┐Qu├® debo hacer?',NULL,NULL,'Si ya tienes tu cuenta validada y no puedes acceder al area privada, por favor, **intenta resetear la contrase├▒a**  desde la funcionalidad que encontrar├ís en la pantalla de login. \n\nSi el problema persiste y eres un developer de una organizaci├│n, **ponte en contacto con el administrador** de la misma para que pueda revisar tu usuario y contrase├▒a. \n\nSi sigue sin funcionar, por favor, ponte en contacto con nosotros.\n\n',NULL,NULL),(62,'Loremipdus Loremipdus Loremipdus',NULL,NULL,'Loremipdus Loremipdus Loremipdus Loremipdus Loremipdus Loremipdus',NULL,NULL),(63,'Loremipdus',NULL,NULL,'Loremipdus Loremipdus Loremipdus Loremipdus Loremipdus Loremipdus Loremipdus Loremipdus Loremipdus Loremipdus Loremipdus Loremipdus Loremipdus Loremipdus Loremipdus Loremipdus Loremipdus Loremipdus',NULL,NULL),(64,'Optico',NULL,NULL,'Loremipdus Loremipdus Loremipdus Loremipdus Loremipdus Loremipdus Loremipdus Loremipdus Loremipdus',NULL,NULL),(65,'Gominola',NULL,NULL,'- Loremipdus Loremipdus Loremipdus Loremipdus Loremipdus Loremipdus Loremipdus Loremipdus Loremipdus\n\n### ┬┐Qu├® no es Serverlesshhh?\n\nIn egestas blandit felis id porttitor. Mauris vel nibh ex. Integer iaculis placerat nunc, in ultricies nunc dignissim eu. Proin eros elit, aliquet nec magna ornare, luctus posuere lacus. Proin placerat viverra lacus at dignissim. In egestas blandit felis id porttitor. Mauris vel nibh ex. Integer iaculis placerat nunc, in ultricies nunc dignissim eu. Proin eros elit, aliquet nec magna ornare, luctus posuere lacus. Proin placerat viverra lacus at dignissim. \n\n\n```java\n// Archivo Programa.java\nclass Programa {\n    static public int perimetro(int largo, int ancho) {\n      return 2*largo + 2*ancho;\n    }\n\n    static public void main(String args[]) {\n      int largo = 42;\n      int ancho = 37;\n      System.out.println(perimetro(largo, ancho)); // imprime en consola el resultado.\n} }\n```\n\n| Syntax      | Description | Test Text     |\n| :---        |    :----:   |          ---: |\n| Header      | Title       | Here\'s this   |\n| Paragraph   | Text        | And more      |\n\n- \n# GFM\n\n## Autolink literals\n\nwww.example.com, https://example.com, and contact@example.com.\n\n## Strikethrough\n\n~one~ or ~~two~~ tildes.\n\n## Table\n\n| a | b  |  c |  d  |\n| - | :- | -: | :-: |\n\n| Property     | Default Value |\n    | ------------ | ------------- |\n    | value        | \\`undefined\\`   |\n    | get          | \\`undefined\\`   |\n    | set          | \\`undefined\\`   |\n    | writable     | \\`false\\`       |\n    | enumerable   | \\`false\\`       |\n    | configurable | \\`false\\`       |\n\n## Tasklist\n\n* [ ] to do\n* [x] done\n\n',NULL,NULL),(66,'Nola',NULL,NULL,'Loremipdus Loremipdus Loremipdus Loremipdus Loremipdus Loremipdus Loremipdus Loremipdus Loremipdus*italic text*\n\n```py\n# archivo programa.py\ndef perimetro(largo, ancho):\n  return 2 * largo + 2 * ancho\n\nlargo = 42\nancho = 37\nprint perimetro(largo, ancho)  # imprime en la consola el resultado\n```',NULL,NULL),(67,'Gomita Rimac',NULL,NULL,'**bold text**Loremipdus Loremipdus Loremipdus Loremipdus Loremipdus Loremipdus Loremipdus Loremipdus Loremipdus',NULL,NULL),(68,'Azucar',NULL,NULL,'Loremipdus Loremipdus Loremipdus Loremipdus Loremipdus Loremipdus Loremipdus Loremipdus Loremipdus',NULL,NULL),(69,'Versus',NULL,NULL,'Loremipdus Loremipdus Loremipdus Loremipdus Loremipdus Loremipdus Loremipdus Loremipdus Loremipdus',NULL,NULL),(70,'Demo',NULL,NULL,'# Introduction\n\n\nVuePress is composed of two parts: a [minimalistic static site generator](https://github.com/vuejs/vuepress/tree/master/packages/%40vuepress/core) with a Vue-powered [theming system](../theme/README.md) and [Plugin API](../plugin/README.md), and a [default theme](../theme/default-theme-config.md) optimized for writing technical documentation. It was created to support the documentation needs of VueÔÇÖs own sub projects.\n\nEach page generated by VuePress has its own pre-rendered static HTML, providing great loading performance and is SEO-friendly. Yet, once the page is loaded, Vue takes over the static content and turns it into a full Single-Page Application (SPA). Extra pages are fetched on demand as the user navigates around the site.\n\n## How It Works\n\nA VuePress site is in fact a SPA powered by [Vue](http://vuejs.org/), [Vue Router](https://github.com/vuejs/vue-router) and [webpack](http://webpack.js.org/). If youÔÇÖve used Vue before, you will notice the familiar development experience when you are writing or developing custom themes (you can even use Vue DevTools to debug your custom theme!).\n\nDuring the build, we create a server-rendered version of the app and render the corresponding HTML by virtually visiting each route. This approach is inspired by [Nuxt](https://nuxtjs.org/)\'s `nuxt generate` command and other projects like [Gatsby](https://www.gatsbyjs.org/).\n\nEach Markdown file is compiled into HTML with [markdown-it](https://github.com/markdown-it/markdown-it) and then processed as the template of a Vue component. This allows you to directly use Vue inside your Markdown files and is great when you need to embed dynamic content.\n\n## Features\n\n**Built-in Markdown extensions**\n\n* [Table of Contents](../guide/markdown.md#table-of-contents)\n* [Custom Containers](../guide/markdown.md#custom-containers)\n* [Line Highlighting](../guide/markdown.md#line-highlighting-in-code-blocks)\n* [Line Numbers](../guide/markdown.md#line-numbers)\n* [Import Code Snippets](../guide/markdown.md#import-code-snippets)\n\n**Using Vue in Markdown**\n\n* [Templating](../guide/using-vue.md#templating)\n* [Using Components](../guide/using-vue.md#using-components)\n\n**Vue-powered custom theme system**\n\n* [Metadata](../theme/writing-a-theme.md#site-and-page-metadata)\n* [Content Excerpt](../theme/writing-a-theme.md#content-excerpt)\n\n**Default theme**\n\n* Responsive layout\n* [Optional Homepage](../theme/default-theme-config.md#homepage)\n* [Simple out-of-the-box header-based search](../theme/default-theme-config.md#built-in-search)\n* [Algolia Search](../theme/default-theme-config.md#algolia-search)\n* Customizable [navbar](../theme/default-theme-config.md#navbar) and [sidebar](../theme/default-theme-config.md#sidebar)\n* [Auto-generated GitHub link and page edit links](../theme/default-theme-config.md#git-repo-and-edit-links)\n* [PWA: Popup UI to refresh contents](../theme/default-theme-config.md#popup-ui-to-refresh-contents)\n* [Last Updated](../theme/default-theme-config.md#last-updated)\n* [Multi-Language Support](../guide/i18n.md)\n\n**Blog theme**\n\n* [Documentation](https://vuepress-theme-blog.ulivz.com/)\n* [Live Example](https://ulivz.com/)\n\n\n**Plugin**\n\n* [Powerful Plugin API](../plugin/README.md)\n* [Blog Plugin](https://vuepress-plugin-blog.ulivz.com/)\n* [Search Plugin](../plugin/official/plugin-search.md)\n* [PWA Plugin](../plugin/official/plugin-pwa.md)\n* [Google Analytics Plugin](../plugin/official/plugin-google-analytics.md)\n* ...\n\n## Why Not ...?\n\n### Nuxt\n\nNuxt is capable of doing what VuePress does, but itÔÇÖs designed for building applications. VuePress is focused on content-centric static sites and provides features tailored for technical documentation out of the box.\n\n### Docsify / Docute\n\nBoth are great projects and also Vue-powered. Except they are both fully runtime-driven and therefore not SEO-friendly. If you donÔÇÖt care for SEO and donÔÇÖt want to mess with installing dependencies, these are still great choices.\n\n### Hexo\n\nHexo has been serving the Vue docs well - in fact, we are probably still a long way to go from migrating away from it for our main site. The biggest problem is that its theming system is static and string-based - we want to take advantage of Vue for both the layout and the interactivity. Also, HexoÔÇÖs Markdown rendering isnÔÇÖt the most flexible to configure.\n\n### GitBook\n\nWeÔÇÖve been using GitBook for most of our sub project docs. The primary problem with GitBook is that its development reload performance is intolerable with a large amount of files. The default theme also has a pretty limiting navigation structure, and the theming system is, again, not Vue based. The team behind GitBook is also more focused on turning it into a commercial product rather than an open-source tool.\n\n![img-2 1 (3)](https://pre-strapi.cloudappi.net/uploads/img_2_1_3_4a4b6eb0aa.svg)\n',NULL,NULL),(71,'Demo2',NULL,NULL,'Lorem ipsum dolor sit amet, consectetur adipiscing elit, sed do eiusmod tempor incididunt ut labore et dolore magna aliqua. Ut enim ad minim veniam, quis nostrud exercitation ullamco laboris nisi ut aliquip ex ea commodo consequat. Duis aute irure dolor in reprehenderit in voluptate velit esse cillum dolore eu fugiat nulla pariatur. Excepteur sint occaecat cupidatat non proident, sunt in culpa qui officia deserunt mollit anim id est laborum\n\nModificando esto!\n\nPrueba Planning\n\n![default2_heroBlog.svg](https://dyvr5xl1zwdq4.cloudfront.net/default2_hero_Blog_1ea3fc9971.svg)\n\nA paragraph with *emphasis* and **strong importance**.\n\n> A block quote with ~strikethrough~ and a URL: https://reactjs.org.\n\n* Lists\n* [ ] todo\n* [x] done\n\nA table:\n\n Syntax      | Description |\n| ----------- | ----------- |\n| Header      | Title       |\n| Paragraph   | Text        |\n\n\n# Definicion de la API\n\nA la hora de definir una API es importante no olvidar que el desarrollador va a ser el cliente al que nuestro proyecto va dirigido y que el ├®xito de nuestra API depende del uso que los desarrolladores hagan de ella, por lo que debemos facilitarles la vida en todo momento y en todos los aspectos posibles. Toda API debe ser Developer-friendly. \n\nHaz que tu API sea lo m├ís sencilla e inteligible posible. Huye de todo aquello que pueda suponer ambig├╝edad, confusi├│n o un mayor esfuerzo o complejidad de uso para el desarrollador.\n\n<img src=\"/images/api-visual.png#center\" width=\"400\" height=\"300\">\n\n## 1.- Nomenclatura\n\n### 1.1.- Definici├│n de URLs\n\nLa estructura de una URL cuando hablamos de APIs es la siguiente:\n\n![](/images/api_nomenclatura.png)\n\nEl basepath est├í constituido por en nombre de la api y la versi├│n.\n\nLa combinaci├│n *protocolo* + *host* + *basepath* conforman la URL Base. En esta y en las siguientes secciones del documento cuando se habla de URLs nos referiremos, en general, al recurso. En ocasiones se incluir├í la *query string* en la definici├│n de URL.\n\nDeben mantenerse siempre URLs lo m├ís sencillas e intuitivas que sea posible para que al desarrollador le sea f├ícil usarlas dentro de sus aplicaciones y recordarlas sin tener que acudir a la documentaci├│n.\n\nUn ejemplo de URL intuitiva ser├¡a el siguiente:\n\n* GET {URL Base}/users\n* GET {URL Base}/users/4567898980\n\nEn el primer caso se est├í solicitando una colecci├│n de usuarios, mientras que en el segundo caso se est├ín obteniendo los datos de un usuario con identificador ÔÇÿ4567898980ÔÇÖ.\n\n**Reglas doSonar:**\n\n* OAR001MandatoryHttpsProtocolCheck\n* OAR011KebabCaseUrlCheck\n* OARE005HostRimacCheck\n* OARE006BasePathRimacCheck\n\n###### ***Revisar seccion de reglas de validaci├│n OpenAPI3 (*)***\n\n### 1.2.- Definici├│n de los verbos de HTTP para realizar operaciones sobre los recursos\n\nLos verbos que ofrece HTTP son POST, GET, PUT, PATCH y DELETE. Estos verbos suelen asimilarse a cada uno de los t├®rminos que forman parte del acr├│nimo CRUD (Create, Read, Update y Delete). Con URLs sencillas que sigan el patr├│n establecido en el punto anterior y su combinaci├│n con estos verbos, podemos realizar las operaciones m├ís habituales tanto con elementos como con colecciones. \n\nReglas doSonar:\n\nÔùÅ	**OAR008AllowedHttpVerbCheck** \n\n### 1.3.- Definici├│n de los nombres de los recursos en plural\n\nSe deben utilizar siempre los nombres en plural para asegurarnos de que los desarrolladores pueden predecir las URLs sin dificultad. Por ejemplo, si queremos obtener todos los usuarios de una aplicaci├│n es m├ís intuitivo poner \"GET: {URL Base}/users\" que \"GET: {URL Base}/user\", que podr├¡a confundir al desarrollador acerca de si est├í obteniendo un usuario o varios. \nPara recursos que deban nombrarse con dos o m├ís palabras se debe emplear la convenci├│n de nombres ÔÇÿkebab caseÔÇÖ, es decir, palabras en min├║sculas separadas por gui├│n medio. Por ejemplo: ÔÇÿsolicitudes-altaÔÇÖ.\n\nReglas doSonar:\n\nÔùÅ	**OAR011KebabCaseUrlCheck**\n\n### 1.4.- Definici├│n de nombres concretos para los recursos\n\nEs una trampa en la que suele caerse con facilidad y que no ayuda nada a nuestro prop├│sito de facilitar la vida a los desarrolladores. \nCuando alguien lee una URL, debe ser capaz de interpretar a qu├® elementos se est├í refiriendo de manera concreta. As├¡, habr├í que evitar URLs con t├®rminos abstractos del tipo: \n\n* {baseURL}/~~items~~\n* {baseURL}/~~elements~~/123454\n* {baseURL}/~~terms~~/1211212\n* {baseURL}/~~objects~~/\n* {baseURL}/~~instances~~/\n\n**Reglas doSonar:**\n\n* OAR032AmbiguousElementsPathCheck\n\n### 1.5.- Definici├│n de niveles de relaciones entre recursos\n\nEn muchas ocasiones, no s├│lo queremos trabajar con un objeto concreto a trav├®s de un servicio, sino que deseamos realizar una operaci├│n con otro objeto o colecci├│n de objetos perteneciente o relacionado con el primero. En estos casos decimos que hay una relaci├│n entre objetos. Esta relaci├│n debe estar reflejada en la URL de la petici├│n de forma clara e inteligible. \nPor ejemplo, siguiendo la misma l├│gica descrita hasta ahora en la definici├│n de URLs y el uso de los verbos HTTP, si queremos obtener todas las cuentas de un usuario concreto, usaremos: \n\n* GET: {URL Base}/users/1234567/accounts \n\nY, por ejemplo, para crear una nueva cuenta para ese mismo usuario: \n\n* POST: {URL Base}/users/1234567/accounts \n\nComo se puede comprobar, la estructura viene a ser \"/recurso/identificador/recurso\". Como m├íximo las urls deben tener 3 niveles a partir de la URL Base. \n\n**Reglas doSonar:**\n\n* OAR014ResourceLevelCheck\n* OAR015ResourceLevelMaxCheck\n\n### 1.6.- Definici├│n de par├ímetros de consulta (query parameters)\n\nLa mayor├¡a de los servicios necesitar├ín de informaci├│n adicional al identificador. Esta informaci├│n vendr├í recogida en par├ímetros que se usar├ín para filtrar, buscar o modificar de alg├║n modo al elemento principal. Estos par├ímetros se colocar├ín en la URL tras el car├ícter \"?\", en la *query string*, y siempre deben ir en min├║sculas. Si alg├║n par├ímetro tiene 2 palabras, deben ir separados con guiones medios. Este formato se conoce como *kebab case*, y es recomendable porque facilita la legibilidad de la URL.\n\nPor ejemplo, para buscar todos los productos adquiridos por un cliente que cumplan ciertas condiciones usaremos la URL:\n\n* `GET {baseURL}/clients/1234567/products?size=M&color=white`\n\nEstos atributos debemos recordar que deben ir en el formato \"url encoded\", que formatea los par├ímetros para que no afecten a la url. Es decir, no podr├¡amos crear la siguiente url:\n\n* `GET {baseURL}/clients/1234567/products?description=producto de color rojo = 223333`\n\nEl servidor no sabr├¡a si el par├ímetro description es \"producto de color rojo = 223333\" o rojo es otro par├ímetro. Lo correcto ser├¡a:\n\n* `GET {baseURL}/clients/1234567/products?description=producto%20de%20color%20rojo`\n\nseguido de & y el par {clave=valor_url_encoded} correspondiente a otro par├ímetro. Este ser├¡a el esquema a seguir:\n\n* `VERBO {baseURL}/recurso?[{clave=valor_url_encoded}&{clave=valor_url_encoded}&..].`\n\n### 1.7.- Definici├│n de la convenci├│n de nombres para atributos de los cuerpos de solicitud y respuesta y para los par├ímetros de consulta (query parameters) y url (path parameters) <Badge text=\"nuevo\"/>\n\nAl definir los atributos de los cuerpos de solicitud o respuesta, as├¡ como los nombres de los par├ímetros de consulta y url, en ocasiones es necesario nombrarlos con varias palabras. Como parte del est├índar de definici├│n de APIs de Rimac estos atributos y par├ímetros se deben nombrar empleando la convenci├│n ÔÇÿcamelCaseÔÇÖ, en la que se escriben todas las palabras juntas y cada una de ellas se escribe con may├║scula, excepto la primera palabra.\nEjemplos:\nCuerpo de solicitud o respuesta:\n\n```json\n{\n    userId: 23123123,\n    deleteUser: true,\n    applicationName: ÔÇ£FlowersÔÇØ\n} \n```\n\n## 2.- Formatos\n\n### 2.1.- Definici├│n de formatos de entrada y salida\n\nTodas las APIs deben de definir un formato de los datos del cuerpo de una solicitud o respuesta. Las APIs pueden aceptar y devolver datos en diferentes formatos, siendo JSON y XML los m├ís comunes. Sin embargo se debe definir un formato por defecto para todas las APIs, el formato por defecto para el est├índar de Rimac es application/json, exceptuando aquellas que requieran aceptar una petici├│n o devolver una respuesta en un formato distinto.\n\n**Reglas doSonar:**\n\n* OAR006UndefinedConsumesCheck\n* OAR007UndefinedProducesCheck\n* OAR009ConsumesDefaultMimeTypeCheck\n* OAR010ProducesDefaultMimeTypeCheck\n\n### 2.2.- Definici├│n de respuesta estandarizada\n\nPara mantener un formato ├║nico de respuesta, se defini├│ una estructura est├índar que usar├ín todas las APIs de la organizaci├│n.\nEl modelo de respuesta est├índar definido es el siguiente:\n\n```json\n{\n    \"error\": {\n        \"code\": \"string\",\n        \"httpStatus\": integer,\n        \"message\": \"string\",\n        \"details\": [ÔÇ£stringÔÇØ, ÔÇ£stringÔÇØ, ÔÇ£stringÔÇØ]\n    },\n    \"paging\": {\n        \"start\": integer,\n        \"limit\": integer,\n        \"total\": integer,\n        \"links\": [\n            {\n                \"self\": {\n                    \"href\": \"string\"\n                }\n            },\n            {\n                \"previous\": {\n                    \"href\": \"string\"\n                }\n            },\n            {\n                \"next\": {\n                    \"href\": \"string\"\n                }\n            },\n            {\n                \"first\": {\n                    \"href\": \"string\"\n                }\n            },\n            {\n                \"last\": {\n                    \"href\": \"string\"\n                }\n            }\n        ]\n    },\n    \"payload\": object\n}\n```\n\n',NULL,NULL),(72,'Objetivo',NULL,NULL,'Proporcionar al CANAL todo lo necesario para que planifique el proyecto (Gantt) y pueda iniciar el ciclo de interconexi├│n de APIs R├¡mac: dise├▒ado para realizar la integraci├│n con nuestras APIs en alrededor de 28 d├¡as.\n\n![RIMAC Conectate](https://dyvr5xl1zwdq4.cloudfront.net/call_To_Action_rimac_a343c98f06.svg)\n\n**La sesi├│n comprende:**\n\n-  Presentaci├│n del Ciclo de Interconexi├│n de Apis.\n-  Presentaci├│n del Diagrama para Venta Nueva.\n-  Entrega de Cat├ílogo de Apis (Swagger).\n-  Base de Datos de Marcas y Modelos de Veh├¡culos.\n-  Identificaci├│n de Data de Maestros .\n-  Presentaci├│n de Productos.',NULL,NULL),(73,'Ciclo de Interconexi├│n de APIs',NULL,NULL,'\n## Requisitos\n-  Contar con un front listo para integrar.\n-  Equipo de trabajo.\n-  Protocolos de Seguridad/ Firewall\n-  Contrato Cerrado\n\n## Metodolog├¡a\n- Un producto a la vez\n-  1ro Venta Nueva \n-  Luego Endosos\n-  Pruebas en Test con planes modelos.\n\n![ciclo_interconexi├│n APIs.png](https://dyvr5xl1zwdq4.cloudfront.net/ciclo_interconexion_AP_Is_d8077a925a.png)\n\n',NULL,NULL),(76,'┬┐Existe alg├║n manual de usuario para el ├írea privada?',NULL,NULL,'S├¡, hemos elaborado una **gu├¡a detallada del ├írea privada** para que puedas explorar al completo sus funcionalidad y **sacarle el m├íximo partido** al API Market. ',NULL,NULL),(119,'Gominola',NULL,NULL,'- Loremipdus Loremipdus Loremipdus Loremipdus Loremipdus Loremipdus Loremipdus Loremipdus Loremipdus\n\n### ┬┐Qu├® no es Serverlesshhh?\n\nIn egestas blandit felis id porttitor. Mauris vel nibh ex. Integer iaculis placerat nunc, in ultricies nunc dignissim eu. Proin eros elit, aliquet nec magna ornare, luctus posuere lacus. Proin placerat viverra lacus at dignissim. In egestas blandit felis id porttitor. Mauris vel nibh ex. Integer iaculis placerat nunc, in ultricies nunc dignissim eu. Proin eros elit, aliquet nec magna ornare, luctus posuere lacus. Proin placerat viverra lacus at dignissim. \n\n\n```java\n// Archivo Programa.java\nclass Programa {\n    static public int perimetro(int largo, int ancho) {\n      return 2*largo + 2*ancho;\n    }\n\n    static public void main(String args[]) {\n      int largo = 42;\n      int ancho = 37;\n      System.out.println(perimetro(largo, ancho)); // imprime en consola el resultado.\n} }\n```\n\n| Syntax      | Description | Test Text     |\n| :---        |    :----:   |          ---: |\n| Header      | Title       | Here\'s this   |\n| Paragraph   | Text        | And more      |\n\n- \n# GFM\n\n## Autolink literals\n\nwww.example.com, https://example.com, and contact@example.com.\n\n## Strikethrough\n\n~one~ or ~~two~~ tildes.\n\n## Table\n\n| a | b  |  c |  d  |\n| - | :- | -: | :-: |\n\n| Property     | Default Value |\n    | ------------ | ------------- |\n    | value        | \\`undefined\\`   |\n    | get          | \\`undefined\\`   |\n    | set          | \\`undefined\\`   |\n    | writable     | \\`false\\`       |\n    | enumerable   | \\`false\\`       |\n    | configurable | \\`false\\`       |\n\n## Tasklist\n\n* [ ] to do\n* [x] done\n\n',NULL,NULL),(120,'Nola',NULL,NULL,'Loremipdus Loremipdus Loremipdus Loremipdus Loremipdus Loremipdus Loremipdus Loremipdus Loremipdus*italic text*\n\n```py\n# archivo programa.py\ndef perimetro(largo, ancho):\n  return 2 * largo + 2 * ancho\n\nlargo = 42\nancho = 37\nprint perimetro(largo, ancho)  # imprime en la consola el resultado\n```',NULL,NULL),(127,'Introducci├│n',NULL,NULL,'Las APIs son utilizadas en la actualidad por las empresas y organizaciones para conectar los servicios y transferir datos. Muchas veces, estos datos **comprometen informaci├│n personal muy sensible** y que, por tanto, debe estar protegida. \n\nLas APIs da├▒adas, expuestas o pirateadas ocasionan **riesgos y vulnerabilidades en la seguridad** de algunos datos que nunca deber├¡an estar disponibles y abiertos para todo el p├║blico. \nNo obstante, debemos tener en cuenta que la seguridad depende del tipo de datos que se transfieran ya que **no todos los datos son iguales** ni deben protegerse con los mismos mecanismos.\n\nControlar el acceso, generar tokens temporales, cifrar los datos y mantener nuestros sistemas siempre actualizados son algunas de las **claves para disminuir el riesgo de ataque**.\n\nEn el caso de las **APIs de RIMAC API Market**, en ellas se manejan muchos tipos de datos diferentes, por ello, hemos desarrollado un **amplio despliegue en seguridad** para garantizar que ninguno de estos datos de los asegurados, ya sean m├®dicos, personales o financieros puedan ser expuestos. \n\nA continuaci├│n podr├ís encontrar detallado los principales ataques que pueden recibir las APIs y **c├│mo RIMAC los mitiga** con la potente **herramienta de seguridad de AWS**.',NULL,NULL),(128,'AWS Signature',NULL,NULL,'Todo el proceso para a├▒adir la **informaci├│n de autenticaci├│n** en las APIs de RIMAC API Market, se hace a trav├®s de **AWS Signature**, una de las herramientas m├ís potentes para proteger nuestras APIs. \n\nPara garantizar las solicitudes de acceso, se debe firmar con las **credenciales de seguridad** que normalmente est├ín compuestas por un **ID de clave de acceso y una clave de acceso secreta.** \n\nCuando AWS recibe una solicitud **compara** la firma registrada con la que acaba de recibir en la solicitud: **Si las firmas coinciden, accedes a la informaci├│n** pero si las firmas no coinciden, la solicitud se deniega y el acceso no se brinda.\n\nPara llevar a cabo el **funcionamiento de Signature Version 4 de Amazon Web Services (AWS Signature)** debes seguir los siguientes pasos:\n\n**1**. Crear una **solicitud can├│nica**.\n\n**2**. Utilizar la solicitud can├│nica y los metadatos adicionales para crear una **cadena de firma**.\n\n**3**. Generar la **clave de firma** mediante la clave de acceso secreta de AWS.\n\n**4**. Utilizar la clave de firma y la cadena del paso 2 para crear una **firma personal de autenticaci├│n**. \n\n**5**. A├▒adir la firma generada a la **solicitud de HTTP** en un encabezado o como un par├ímetro de la cadena de consulta.\n\nSi necesitas m├ís informaci├│n, puedes consultar a nuestro equipo de expertos a trav├®s del formulario de contacto.',NULL,NULL),(129,'Loremipdus',NULL,NULL,'optivoLoremipdus Loremipdus Loremipdus Loremipdus Loremipdus Loremipdus Loremipdus Loremipdus Loremipdus Loremipdus Loremipdus Loremipdus Loremipdus Loremipdus Loremipdus Loremipdus Loremipdus Loremipdus',NULL,NULL),(130,'Optico',NULL,NULL,'Loremipdus Loremipdus Loremipdus Loremipdus Loremipdus Loremipdus Loremipdus Loremipdus Loremipdus  Loremipdus Loremipdus Loremipdus Loremipdus Loremipdus Loremipdus Loremipdus Loremipdus Loremipdus',NULL,NULL),(133,'Beneficios',NULL,NULL,'Hacer uso de las APIs de RIMAC es muy beneficioso para cualquier negocio ya que **permiten ofrecer servicios de forma ├ígil y eficaz**. Adem├ís las APIs han sido trabajadas, revisadas y probadas para garantizar la **m├íxima calidad a sus usuarios.** \n\nEntre sus principales ventajas se encuentra el **tiempo de respuesta**, ya que las operaciones fluct├║an entre **1 a 2 minutos en adelante por operaci├│n**.  As├¡ mismo, todos los servicios se encuentran en la **Nube**, lo cual segura que no se de una ca├¡da en el sistema.\n\nPor otro lado, la **integraci├│n**, te permite tener un **propio ambiente de trabajo** para emitir directo en RIMAC y el uso de las APIs de RIMAC te ayudan a emitir las **p├│lizas a demanda** brindando una disponibilidad total. \n\nAdicionalmente las APIs de RIMAC cuentan con su propia **Pasarella de Pagos**, tienen conexi├│n directa a **VISANET** (a trav├®s del PCI) y permiten realizar pagos desde **diferentes tarjetas** como: VISA, MASTERCARD, DINNERS y AMERICAN EXPRESS.\n\nTodo ello hace que las APIs de RIMAC ofrezcan **un entorno confiable y seguro de pago.** \n\n![pasos-integracion-apis.svg](https://dyvr5xl1zwdq4.cloudfront.net/pasos_integracion_apis_8368069dc5.svg)\n\n',NULL,NULL),(134,'Requisitos t├®cnicos',NULL,NULL,'Si bien la interconexi├│n de RIMAC es muy sencilla de realizar, se necesitan unos cuantos requisitos t├®cnicos para poder hacer uso de las APIs de este API Market. \n\nEn primer lugar se debe **contar con un sistema web**. Dentro de este sistema web, el **lenguaje** usado en el mismo debe permitir la integraci├│n con **servicios de AWS** (por ejemplo: .net, jscript, java oc...)\n\nPor otro lado, existen una serie de **restricciones de Seguridad obligatorias** para poder llevar a cabo la interconexi├│n como son:\n\n\n**- Confirmaci├│n de la utilizaci├│n de los protocolos TLSv1.1 y TLSv1.2 para la comunicaci├│n con las APIs de RIMAC**\n\n**- Firewall de Redirect**\n\n**- Firewall de API┬┤s**    \n\n\nFinalmente, si eres un **Broker** aqu├¡ te dejamos algunas recomendaciones para la evaluaci├│n de la seguridad: \n\n**- IP┬┤s Din├ímicas o Est├íticas** \n\n**- Protocolo de comunicaci├│n con las API┬┤s AWS**',NULL,NULL),(135,'Gominola',NULL,NULL,'- Loremipdus Loremipdus Loremipdus Loremipdus Loremipdus Loremipdus Loremipdus Loremipdus Loremipdus\n\n### ┬┐Qu├® no es Serverlesshhh?\n\nIn egestas blandit felis id porttitor. Mauris vel nibh ex. Integer iaculis placerat nunc, in ultricies nunc dignissim eu. Proin eros elit, aliquet nec magna ornare, luctus posuere lacus. Proin placerat viverra lacus at dignissim. In egestas blandit felis id porttitor. Mauris vel nibh ex. Integer iaculis placerat nunc, in ultricies nunc dignissim eu. Proin eros elit, aliquet nec magna ornare, luctus posuere lacus. Proin placerat viverra lacus at dignissim. \n\n\n```java\n// Archivo Programa.java\nclass Programa {\n    static public int perimetro(int largo, int ancho) {\n      return 2*largo + 2*ancho;\n    }\n\n    static public void main(String args[]) {\n      int largo = 42;\n      int ancho = 37;\n      System.out.println(perimetro(largo, ancho)); // imprime en consola el resultado.\n} }\n```\n\n| Syntax      | Description | Test Text     |\n| :---        |    :----:   |          ---: |\n| Header      | Title       | Here\'s this   |\n| Paragraph   | Text        | And more      |\n\n- \n# GFM\n\n## Autolink literals\n\nwww.example.com, https://example.com, and contact@example.com.\n\n## Strikethrough\n\n~one~ or ~~two~~ tildes.\n\n## Table\n\n| a | b  |  c |  d  |\n| - | :- | -: | :-: |\n\n| Property     | Default Value |\n    | ------------ | ------------- |\n    | value        | \\`undefined\\`   |\n    | get          | \\`undefined\\`   |\n    | set          | \\`undefined\\`   |\n    | writable     | \\`false\\`       |\n    | enumerable   | \\`false\\`       |\n    | configurable | \\`false\\`       |\n\n## Tasklist\n\n* [ ] to do\n* [x] done',NULL,NULL),(136,'Nola',NULL,NULL,'Loremipdus Loremipdus Loremipdus Loremipdus Loremipdus Loremipdus Loremipdus Loremipdus Loremipdus*italic text*\n\n```py\n# archivo programa.py\ndef perimetro(largo, ancho):\n  return 2 * largo + 2 * ancho\n\nlargo = 42\nancho = 37\nprint perimetro(largo, ancho)  # imprime en la consola el resultado\n```',NULL,NULL),(137,'Introducci├│n',NULL,NULL,'Bienvenido al Developer Portal de RIMAC, **el API Market oficial de la aseguradora l├¡der de Per├║**. Aqu├¡ tendr├ís a tu disposici├│n nuestras APIs, un equipo de soporte continuo y una implementaci├│n r├ípida y ├ígil. \n\n\n\n\n### Ahora bien, ┬┐por d├│nde empezar? \n\n*Descubre en esta gu├¡a lo sencillo que es conectarte con RIMAC 2.0.*\n\nUna vez est├®s dentro del API Market podr├ís utilizar el **men├║ superior** para navegar por todas las p├íginas del mismo, desde soluciones y APIs hasta las ├║ltimas novedades tecnol├│gicas en RIMAC Tech. \n\nA trav├®s de la **parte p├║blica del Developer Portal** puedes acceder a todas nuestras APIs y conocer sus principales caracter├¡sticas, qu├® ventajas te ofrecen y c├│mo de r├ípido puedes integrarlas en tu plataforma.  \n\nAdem├ís puedes hacer uso de la documentaci├│n elaborada detalladamente para ti en la secci├│n de **Gu├¡as para desarrolladores**. Estas gu├¡as te ense├▒ar├ín algunos de los conceptos claves para consumir las APIs de forma efectiva como son las herramientas recomendadas, las buenas pr├ícticas de dise├▒o o la explicaci├│n del funcionamiento de nuestro sandbox. \n\n![guiapaso-1.png](https://dyvr5xl1zwdq4.cloudfront.net/guiapaso_1_7e3743b216.png)\n\nUna vez hayas navegado por todo el portal y **quieras dar un paso m├ís all├í** probando las APIs antes de integrarlas o explorando su documentaci├│n t├®cnica, debes contar con una cuenta validada. \n\nTe explicamos a continuaci├│n brevemente **c├│mo darte de alta de forma sencilla en el API Market de RIMAC**. \n\n![3pasosinicio.PNG](https://dyvr5xl1zwdq4.cloudfront.net/3pasosinicio_1542535061.PNG)\n',NULL,NULL),(138,'Reg├¡strate',NULL,NULL,'El primer paso para darte de alta y crearte una cuenta en el API Market de RIMAC es completar el **formulario de registro** que encuentras en la esquina superior derecha: \n\n![registrate1.png](https://dyvr5xl1zwdq4.cloudfront.net/registrate1_04af154371.png)\n\nDebe desplegarse en tu pantalla el formulario de la imagen en el cual deber├ís a├▒adir los datos de tu organizaci├│n y del representante. Este ├║ltimo puedes ser tu mismo o un tercero. \n\n![registrate2.PNG](https://dyvr5xl1zwdq4.cloudfront.net/registrate2_2272680f17.PNG)\n\nEn este punto es importante que aceptes la casilla de **Pol├¡tica de Protecci├│n de datos y T├®rminos y Condiciones** para poder continuar con el registro. Adicionalmente puedes aceptar las **comunicaciones de RIMAC** y de esta forma enterarte primero de todas las novedades que se tengan en los productos de la compa├▒├¡a. \n\n### ┬┐Qu├® pasa cuando rellenas el formulario? - siguientes pasos\n\nUna vez el formulario haya sido enviado recibir├ís en tu bandeja de entrada un **correo de confirmaci├│n** como el de la imagen que encontrar├ís a continuaci├│n. Por favor, si no lo recibes revisa tu bandeja de Spam o ponte en contacto con el equipo de soporte en CORREO. \n\n![registro-mail.svg](https://dyvr5xl1zwdq4.cloudfront.net/registro_mail_2ea8bb3a97.svg)\n\nCon la mayor brevedad posible el equipo de RIMAC valorar├í tu registro. Si la cuenta es validad recibir├ís las **credenciales de acceso** y podr├ís acceder al ├írea privada del API Market y empezar a navegar y probar las APIs.\n',NULL,NULL),(141,'┬┐Qu├® es un sandbox?',NULL,NULL,'La necesidad de probar archivos, APIs o programas en un **entorno controlado sin comprometer la seguridad y estabilidad** del todo sistema es esencial, es por ello que existen los conocidos como **sandbox -cajones de arena-** donde como developer puedes **ejecutar todo tipo de pruebas con seguridad.** \n\nEstos entornos de pruebas cerrados nos permiten probar los cambios de c├│digo **de forma aislada**, protegiendo los servidores de datos y controlando **en tiempo real** la ejecuci├│n del c├│digo.\n\n![sandbox.png](https://dyvr5xl1zwdq4.cloudfront.net/sandbox_9c3dfc9c0e.png)\n\n**En RIMAC hemos creado un entorno de prueba aislado para que puedas ejecutar las APIs con datos fake**. Las ventajas y beneficios que esto te ofrece son numerosos, entre ellos, **facilita la interconexi├│n** y la prueba de las APIs sin tener que llevar a cabo excesivos desarrollos. \n\nAdem├ís puedes ir avanzando con este sandbox mientras que en paralelo nuestros equipos gestionan toda la **configuraci├│n comercial**, de esta manera, puedes probar todas las APIs e ir personalizando de acuerdo a tu plan.\n\nTe presentamos nuestro sandbox y **te ense├▒amos c├│mo utilizarlo** en el siguiente punto. \n',NULL,NULL),(142,'cd',NULL,NULL,'cd',NULL,NULL),(151,'Personaliza',NULL,NULL,'Con tu cuenta validada ya puedes explorar al completo el API Market de RIMAC, probar las APIs, ver la documentaci├│n t├®cnica y muchas cosas m├ís. \nAdem├ís hacerlo te va a resultar muy intuitivo ya que desde tu ├írea privada y la **p├ígina de APIs** podr├ís encontrar todo lo que necesites. En nuestra biblioteca de APIs, **uno de los mayores cat├ílogos del rubro**, tendr├ís todas las APIs que nos han ayudado a liderar la transformaci├│n digital del sector seguros.\n\n![biblioteca-apis.svg](https://dyvr5xl1zwdq4.cloudfront.net/biblioteca_apis_c9ea6e39ee.svg)\n\nA continuaci├│n vas a descubrir como navegar por el cat├ílogo de APIs. Si lo que quieres es saber c├│mo utilizar el ├írea privada y sacarle el m├íximo partido a tus APIs, por favor, dir├¡gete al **Manual de Usuario** que encontrar├ís en tu perfil.\n\n### Navegar por la biblioteca de APIs - sencillo y pr├íctico\n\nDesde la p├ígina de APIs podr├ís acceder a toda la **documentaci├│n comercial y t├®cnica de cada API**, lo que significa que tendr├ís a tu disposici├│n la informaci├│n necesaria para saber qu├® API implementar en tu plataforma. \n\nAl entrar en la biblioteca podr├ís comprobar el estado de las APIs, apareci├®ndote la etiqueta de **Publicado o Deprecado** seg├║n sea el caso. Esto hace referencia al **ciclo de vida de la API** en particular, siendo siempre necesario que hagas uso de las Publicadas ya que son** la ├║ltima versi├│n** de cada producto y por tanto cuentan con mayores funcionalidades y ventajas.\n(PREGUNTAR SI TAMBIEN HAY QUE PONER LA OPCION DE \"EN DESARROLLO\" \n\n![apis.PNG](https://dyvr5xl1zwdq4.cloudfront.net/apis_4bccdb0f19.PNG)\n\nPara analizar y explorar toda la informaci├│n de las APIs selecciona la que desees y haz click en **\"Ver Documentaci├│n\"**, eso te llevar├í a su descripci├│n y caracter├¡sticas. \n\n![documentacion.svg](https://dyvr5xl1zwdq4.cloudfront.net/documentacion_9037db312d.svg)\n\nSi lo que quieres es ver toda la documentaci├│n t├®cnica o probarla, como te hemos comentado anteriormente, **dir├¡gete al formulario de registro** ya que deber├ís contar con una cuenta validada. \n\n\n\n\n\n',NULL,NULL),(152,'Empieza',NULL,NULL,'**┬íEnhorabuena!** Si has llegado hasta aqu├¡ significa que tienes una cuenta validada y con ello el acceso a todas las funcionalidades de este amplio cat├ílogo de APIs. \n\nEste ├║ltimo punto del funcionamiento del API Market es el m├ís interesante ya que en el **podr├ís analizar, explorar, conocer y probar todas las APIs de RIMAC** e integrarlas en tus plataformas. \n\nPara ello, dir├¡gete a tu **├írea privada** y haz uso de todos los recursos que ponemos a tu disposici├│n (documentaci├│n t├®cnica, gu├¡as detalladas, manual de usuario, estad├¡sticas...)\n\n### Pero... ┬┐Y si todav├¡a no tengo cuenta? \n\nSi por el contrario, estas leyendo eso sin tener tu cuenta del API Market todavia, **┬┐a qu├® esperas?** Te animamos a hacerlo ya que es un proceso muy ├ígil y breve que **te otorga infinidad de ventajas para tu negocio.** \n\n\nGracias por leer la Startguide del API Market de RIMAC, si tienes cualquier duda, nuestro equipo estar├í encantado de ayudarte. \n\n\n',NULL,NULL),(153,'┬┐Qu├® es el Sandbox?',NULL,NULL,'El Sandbox que ponemos a tu disposici├│n es un **entorno de prueba** que hemos preparado para que puedas ir probando y conectando las APIs. La integraci├│n aqu├¡ es exactamente igual que en preproducci├│n con la diferencia de que esto se realiza con **datos fake** para que no tengas que introducir tus datos reales. \n\nTe animamos a iniciar vuestras integraciones de este modo pues son **datos muy enriquecidos.**',NULL,NULL),(154,'┬┐Necesito tener una cuenta para utilizar el Sandbox?',NULL,NULL,'S├¡, para acceder al Sandbox de RIMAC as├¡ como probar las APIs en ├®l es necesario tener una **cuenta validada** en el API Market. Para ello, dir├¡gete al [formulario de registro](https://apiconsole.rimac.com/register).',NULL,NULL),(156,'┬┐Qu├® APIs est├ín disponibles en el API Market de RIMAC?',NULL,NULL,'Todas las APIs del API Market est├ín a tu disposici├│n, puedes encontrarlas en la **[secci├│n \"APIs](http://devportal-rimac-dynamic.cloudappi.net/documentacion/apis/)\"** del men├║ superior y ver su documentaci├│n y caracter├¡sticas. Para probarlas debes tener una **cuenta validada** que puedes crear en el bot├│n de [registro](https://apiconsole-desa.rimac.com/register) de la esquina superior derecha.',NULL,NULL),(157,'┬┐D├│nde puedo utilizar las API de Rimac?',NULL,NULL,'Las APIs de RIMAC pueden ser utilizadas en cualquier **sistema web o app** que incluyan los requisitos t├®cnicos necesarios para ello. \n\nPuedes verlos todo en esta [gu├¡a](http://devportal-rimac-dynamic.cloudappi.net/documentacion/guiadesarrolladores/beneficios-y-requisitos-de-la-interconexion) elaborada para ti.',NULL,NULL),(158,'┬┐Es necesario ser una empresa para utilizar el API Market?',NULL,NULL,'S├¡ ya que para sacar el m├íximo partido a las APIs de RIMAC....',NULL,NULL),(159,'Si tengo una incidencia o no s├® c├│mo funcionan las APIs. ┬┐Hay alg├║n tipo de asistencia disponible?',NULL,NULL,'Con el objetivo de facilitar el uso de las APIs, en el men├║ principal de la web puedes encontrar diversos **[documentos y gu├¡as completas](http://devportal-rimac-dynamic.cloudappi.net/documentacion/guiadesarrolladores/)** elaboradas para ti. Si├®ntete libre para consultar y descargar estas gu├¡as. \n',NULL,NULL),(160,'┬┐C├│mo consultar una API?',NULL,NULL,'Dir├¡gete a la[ p├ígina de APIs](http://devportal-rimac-dynamic.cloudappi.net/documentacion/apis/) que encontrar├ís en el men├║ superior de la pantalla. Una vez ah├¡ busca la API que quieres consultar utilizando los filtros del panel izquierdo y selecciona **\"Ver documentaci├│n\"** de la API. Ser├ís redirigido a la p├ígina de la API donde podr├ís acceder a las **caracter├¡sticas principales**. ',NULL,NULL),(161,'┬┐Qu├® servicios incluyen las APIs?',NULL,NULL,'Una de las ventajas que ofrecen las APIs de RIMAC es que con ellas **puedes gestionar todo tipo de operaciones de negocio**: cotizaci├│n, emisiones, inclusiones, endosos, anulaciones... \n\nEsto significa que para cada una de las partes de **preventa, venta y postventa**, las APIs pueden ayudarte y simplificarte el trabajo. ',NULL,NULL),(162,'┬┐Qu├® mecanismos de seguridad utiliza Rimac?',NULL,NULL,'Para nosotros, garantizarte la mayor seguridad es lo primero. En el caso de nuestras APIs, **no existe un tipo ├║nico de seguridad**. En ocasiones esta se lleva a cabo por **aplicaci├│n** y otras por** usuario**, dependiendo del tipo de integraci├│n y de producto que estemos utilizando en cada momento.\n\nUtilizamos **mecanismos est├índar**, concretamente **AWS Signature**. Si necesitas saber m├ís, [aqu├¡](http://devportal-rimac-dynamic.cloudappi.net/documentacion/guiadesarrolladores/seguridad-en-nuestras-apis) te dejamos la gu├¡a de seguridad detallada, ',NULL,NULL),(163,'┬┐Qu├® es API Design?',NULL,NULL,'Las APIs (Application Programming Interface), nos facilitan el **acceso a servicios o bases de datos** haciendo posible la **interconexi├│n** de m├│dulos y aplicaciones, y permitiendo la reutilizaci├│n de servicios y acceso a backends. Esta comunicaci├│n entre diferentes aplicaciones se realiza con **reglas y ajustes preestablecidos.**\n\nA trav├®s del lenguaje de programaci├│n, las APIs se han convertido en **la nueva forma en la que las organizaciones intercambian datos, servicios y recursos**. \n\n![API-pag1 (1).png](https://dyvr5xl1zwdq4.cloudfront.net/API_pag1_1_105162c4f3.png)\n\nPara visualizar una API y entenderla, esta debe estar bien definida ya que de este modo se facilitar├í la colaboraci├│n de todas las partes implicadas en el desarrollo. Esta definici├│n se compone de **documentaci├│n** y significa trasladar el **dominio de negocio** a una interfaz de recursos f├ícilmente consumible.\n\nLa definici├│n de las APIs no solo ayuda a las personas externas a comprender y utilizar nuestra API sino que tambi├®n la hace ser **developer friendly**, es decir, permite que la API se consuma sin contexto funcional. \n\nEstas junto con otras ventajas que nos ofrece la definici├│n de las APIs hacen que **la API Definition sea esencial en nuestros gobiernos de APIs** y por ello debe ser siempre **el primer paso** que siempre hay que seguir para desarrollar aplicaciones APIficadas.\n\nEsto es lo que se conoce como **API First** y en esta gu├¡a te describimos c├│mo llevarlo a cabo y que beneficios te brinda esta metodolog├¡a.',NULL,NULL),(164,'Definici├│n y beneficios API First',NULL,NULL,'API First es el enfoque para el desarrollo de software en el que se asume que el dise├▒o y el desarrollo de una API son **anteriores a su implementaci├│n**, de esta forma, las partes interesadas de forma colaborativa se encargan de proyectar, mockear, implementar y documentar una API antes de comenzar a desarrollar. \n\n**Principios de API First:**\n**1**. La API es la primera interfaz de tu aplicaci├│n \n**2.** La API viene primero luego su implementaci├│n\n**3.** La API debe ser auto descriptiva , self service y muy bien documentada\n\n![flujo api first (1).png](https://dyvr5xl1zwdq4.cloudfront.net/flujo_api_first_1_3b0eb7fcb7.png)\n\n**Beneficios de la metodolog├¡a API First:**\n\n- **Reducci├│n de costos** --> La buena documentaci├│n de las APIs elaboradas bajo la metodolog├¡a API First permite que el c├│digo se pueda reutilizar en muchos proyectos diferentes, ahorrando tiempo y costos.  El dise├▒o API First adem├ís permite que la mayor├¡a de los problemas se resuelvan antes de que se escriba el c├│digo, previniendo problemas sin llegar a la integraci├│n de la API con las aplicaciones.\n\n- **Mejora del time-to-market** --> La automatizaci├│n que permite este enfoque hace que gran parte del proceso de creaci├│n de API se puede automatizar con las herramientas que permiten la importaci├│n de archivos de definici├│n. Por ejemplo, SwaggerHub. La automatizaci├│n acelera significativamente el desarrollo de API y aplicaciones.\n\n- **Mejora en la experiencia del desarrollador** --> Unas  API coherentes, bien dise├▒adas y  documentadas garantiza una experiencia a los desarrolladores, quienes son los principales consumidores de API. Este punto es esencial ya que la experiencia del desarrollador (DX) puede llevar al ├®xito o al fracaso a una API. Con API First aseguramos  que los desarrolladores tengan experiencias positivas al usar sus API ya que es m├ís f├ícil reutilizar el c├│digo, reduciendo as├¡ la curva de aprendizaje.\n\n- **Minimiza el riesgo de fallas** --> Teniendo en cuenta que las APIs forman parte de las organizaciones y est├ín presente en todos los departamentos, la adopci├│n las buenas pr├ícticas de API First garantiza que las API sean confiables, consistentes y f├íciles de usar para los desarrolladores, mitigando el riesgo de fallas.\n\n- **Paralelismo de esfuerzos** --> Los desarrolladores no tienen que esperar a que se publiquen las API antes de pasar a la siguiente API o utilizarla, ya que podemos simular las respuestas (mocking)  en funci├│n del contrato acordado entre los distintos equipos de desarrollo. ',NULL,NULL),(165,'Herramientas para API First',NULL,NULL,'Como hemos comentado anteriormente, en la metodolog├¡a APIFirst intervienen todos los **stakesholders** dentro de la organizaci├│n. Para garantizar el entendimiento de la definici├│n, debemos trabajar con un **documento OpenAPI** de inicio. \n\nCon el documento de definici├│n se generar├í autom├íticamente un **mockserver** y este se expondr├í en el **API Manager**. De esta manera, permitimos realizar las pruebas y la implementaci├│n.\n\nSe aconseja tambi├®n que en los equipos de Scrum, las pruebas se desarrollen **en el mismo sprint** que la implementaci├│n ya que de este modo se consigue trabajar con un mayor **agilismo** pues los desarrolladores pueden utilizar las pruebas implementadas para validar su funcionalidad.\n\n![apifirst-herramientas.png](https://dyvr5xl1zwdq4.cloudfront.net/apifirst_herramientas_4ae59c04c2.png)\n\nA continuaci├│n, te mostramos las **herramientas a utilizar en API First cogiendo de base el documento OpenAPI**:\n\n- **Arquetipo de Lambda** para generar la API.\n- Esquema de tests en **Postman**.\n- **SDKs** (se utilizar├í para ayudar a las pruebas)\n- **Pruebas de estr├®s**. A trav├®s del documento OpenAPI \n- **Documentaci├│n del cat├ílogo enriquecida**.\n\n',NULL,NULL),(166,'Conclusi├│n y aplicaciones',NULL,NULL,'Las APIs se han convertido en una de las **formas de comunicaci├│n m├ís esenciales** en las corporaciones de hoy en d├¡a, y hacer un uso de ellas eficiente mejora nuestros equipos y resultados de negocio.\n\nPara asegurar que la documentaci├│n elaborada sea de f├ícil comprensi├│n y se **agilice el desarrollo** debemos prestar importante atenci├│n a la **definici├│n de las APIs**. La mejor manera de ello es implementar la **metodolog├¡a API First.**\n\nCon este enfoque de desarrollo, las APIs son la primera y la m├ís importante manera de acceder e interactuar con el producto principal, est├ín **enfocadas en aplicaciones cliente y usuarios** y son totalmente **independientes de la implementaci├│n.**\n\nLas ventajas de esto son tantas y m├ís como las vistas en estas gu├¡as y por ello te animamos siempre a implementarlo en tu empresa. **Si necesitas saber m├ís de c├│mo hacerlo, el equipo de RIMAC est├í completamente a tu disposici├│n**.',NULL,NULL),(167,'┬┐C├│mo utilizarlo?',NULL,NULL,'Este entorno de sandbox que hemos preparado te devuelve los datos fake y puedes conectarte a ├®l para ir probando las distintas **funcionalidades**. Las APIs que vas a encontrar aqu├¡ son exactamente **iguales que las de preproducci├│n** por lo que la integraci├│n es bastante similar. \n\nEn este sentido, con este **entorno de prueba** vas a poder conectar las distintas APIs todas las veces que sea necesario. Lo que hace nuestro sandbox es devolver unos **datos fake muy enriquecidos** que son fijos y los pod├®is comprobar en todo momento para que conozc├íis **c├│mo funcionan las APIs de RIMAC y qu├® ventajas competitivas os brindan.  **\n\n**┬íOs animamos a probarlo y a comenzar vuestras integraciones!** Para hacer uso del sandbox de RIMAC API Market y probar las APIs antes de integrarlas, es muy f├ícil, solo tienes que contar con una **cuenta validada** rellenando el formulario de registro y **comienza a probar todas las APIs de forma segura.**',NULL,NULL),(168,'Principales ataques',NULL,NULL,'En esta secci├│n podr├ís encontrar los **principales ataques de seguridad** a los que se enfrentan nuestras APIs:\n\n### **DoS** \nConocidos como DoS, los **ataques de red distribuidos** se generan debido a que un cliente realiza **varias llamadas** hasta que produce la **indisponibilidad del servicio**. Esto genera un sobrecoste ya que si tienes un **servicio autoescalable**, auto escalar├í hasta el m├íximo de instancias.\n\n#### **┬┐C├│mo se puede mitigar el riesgo?**\n- Controlando el **n├║mero de peticiones** por ÔÇ£clienteÔÇØ de la API\n- Controlando la **IP de origen**\n- Control de **peticiones por cliente** de la API\n\n### **Robo de credenciales**\nLa seguridad de las credenciales depende tanto del cliente como del servidor. Estas pueden estas almacenadas en distintos lugares: servidores, navegadores o Apps (en el c├│digo). Para proteger estos datos sensibles es necesario tener en cuenta todas las posibles vulnerabilidades.\n\n#### **┬┐C├│mo se puede mitigar el riesgo?**\n**Servidores:** Securizando mejor los sistemas operativos.\n**Navegadores**: Controlar que s├│lo sean claves para acceder a informaci├│n p├║blica.\n**Apps:** Algoritmos de cifrado para que sea m├ís dif├¡cil saber la clave si se decompilan la aplicaci├│n.\n\n### **Man in the middle**\nEl MITM (Man in the middle) es uno de los ataques **m├ís populares** debido a que con ├®l puedes conseguir mucha informaci├│n sensible. Se basa en **interceptar la comunicaci├│n** entre 2 o m├ís interlocutores, y permite a un atacante hacerse pasar por el cliente, suplantar la identidad, robar las credenciales y hasta que **un tercero se haga pasar por el servidor de la API**. \n\n#### **┬┐C├│mo se puede mitigar el riesgo?**\n- Utilizando **SSL**\n- Realizando **SSL pinning**\n- Utilizando **credenciales temporales** (por ejemplo, oauth 2.0,SAML)\n- Sistemas de **doble autenticaci├│n** (certificado cliente)\n- **Cifrando** el cuerpo del mensaje (json /xml)\n\n\n\n',NULL,NULL),(170,'oooo1',NULL,NULL,'kkkk1',NULL,NULL),(216,'Información',NULL,NULL,'Quisque r. Sed augue ipsum, egestas nec, vestibulum et, malesuada adipiscing, dui. Vestibulum volutpat pretium libero. Praesent blandit laoreet nibh. Nam at tortor in tellus interdum.\n\nSuspendisse potenti. Integer tincidunt. Aenean commodo ligula eget dolor. Nulla consequat massa quis enim. Sed magna purus, fermentum eu, tincidunt eu, varius ut, felis. Etiam rhoncus. In hac habitasse platea dictumst. Lorem ipsum dolor sir amet.\n\nLorem Ipsum:\n· Lorem Ipsum · Lorem Ipsum · Lorem Ipsum',NULL,NULL),(218,'In egestas blandit ',NULL,NULL,'Quisque rutrum. Sed augue ipsum, egestas nec, vestibulum et, malesuada adipiscing, dui. Vestibulum volutpat pretium libero. Praesent blandit laoreet nibh. Nam at tortor in tellus interdum.\n\nSuspendisse potenti. Integer tincidunt. Aenean commodo ligula eget dolor. Nulla consequat massa quis enim. Sed magna purus, fermentum eu, tincidunt eu, varius ut, felis. Etiam rhoncus. In hac habitasse platea dictumst. Lorem ipsum dolor sir amet.\n\nLorem Ipsum:\n· Lorem Ipsum · Lorem Ipsum · Lorem Ipsum',NULL,NULL),(219,'In egestas blandit felis',NULL,NULL,'Quisque rutrum. Sed augue ipsum, egestas nec, vestibulum et, malesuada adipiscing, dui. Vestibulum volutpat pretium libero. Praesent blandit laoreet nibh. Nam at tortor in tellus interdum.\n\nSuspendisse potenti. Integer tincidunt. Aenean commodo ligula eget dolor. Nulla consequat massa quis enim. Sed magna purus, fermentum eu, tincidunt eu, varius ut, felis. Etiam rhoncus. In hac habitasse platea dictumst. Lorem ipsum dolor sir amet.\n\nLorem Ipsum:\n· Lorem Ipsum · Lorem Ipsum · Lorem Ipsum',NULL,NULL),(220,'Políticas de privacidad',NULL,NULL,'Lorem ipsum dolor sit amet consectetur adipiscing elit praesent neque, porttitor vitae commodo massa accumsan interdum cum sagittis litora fringilla, turpis viverra consequat id pellentesque vel phasellus ultricies. Inceptos eget ultricies venenatis quisque scelerisque class convallis natoque, dapibus tellus sagittis platea viverra pharetra rutrum, morbi a donec fames nam nec lacus. Varius erat feugiat dui ultricies lacinia gravida facilisis donec blandit tempus vitae integer congue facilisi vulputate dictum, neque suspendisse vivamus litora praesent interdum pretium sem diam semper euismod conubia netus ac. Platea magna posuere ullamcorper tellus morbi per lacinia, tincidunt imperdiet enim odio massa justo, aptent non curabitur dictumst primis eleifend.\n\nLacus mollis pretium sapien accumsan et condimentum neque feugiat, porta nisi porttitor parturient hendrerit fames pulvinar, nisl nulla molestie fusce dictum duis enim. Vivamus interdum ornare dapibus iaculis elementum facilisi, eu ligula pretium ridiculus magna, fermentum lacinia litora purus netus. Tristique felis scelerisque dapibus sed eu habitasse dignissim leo, praesent ornare vivamus fusce sodales enim ad, quisque euismod blandit sem mus aliquam pretium. Leo ornare habitasse parturient id pretium vel semper magna dictumst fusce lectus turpis congue dui placerat, molestie porta pellentesque nulla consequat scelerisque class nunc vulputate curae integer sodales potenti.\n\nHimenaeos mauris platea sociis suspendisse cubilia vel at faucibus interdum magna nostra quisque inceptos, praesent tincidunt eros auctor magnis eget eu integer diam dapibus lacinia id. Vehicula est condimentum sociis aliquam erat justo magna libero vel facilisis, porta euismod a platea orci molestie laoreet nulla sapien tellus dictum, at varius habitasse ligula lacus nec conubia penatibus luctus. Bibendum orci sodales hendrerit litora nisi pretium dictumst ultrices eros libero massa montes curabitur, nisl arcu lobortis nullam pellentesque tristique feugiat taciti accumsan maecenas felis venenatis. Neque proin morbi inceptos pharetra ligula aenean cum, rutrum maecenas erat at potenti mattis, himenaeos vestibulum risus interdum vehicula augue.',NULL,NULL),(221,'Términos y condiciones',NULL,NULL,'Contrary to popular belief, Lorem Ipsum is not simply random text. It has roots in a piece of classical Latin literature from 45 BC, making it over 2000 years old. Richard McClintock, a Latin professor at Hampden-Sydney College in Virginia, looked up one of the more obscure Latin words, consectetur, from a Lorem Ipsum passage, and going through the cites of the word in classical literature, discovered the undoubtable source. Lorem Ipsum comes from sections 1.10.32 and 1.10.33 of \"de Finibus Bonorum et Malorum\" (The Extremes of Good and Evil) by Cicero, written in 45 BC. This book is a treatise on the theory of ethics, very popular during the Renaissance. The first line of Lorem Ipsum, \"Lorem ipsum dolor sit amet..\", comes from a line in section 1.10.32.\n\n\nThe standard chunk of Lorem Ipsum used since the 1500s is reproduced below for those interested. Sections 1.10.32 and 1.10.33 from \"de Finibus Bonorum et Malorum\" by Cicero are also reproduced in their exact original form, accompanied by English versions from the 1914 translation by H. Rackham.',NULL,NULL);
/*!40000 ALTER TABLE `components_elements_entries` ENABLE KEYS */;
UNLOCK TABLES;

--
-- Table structure for table `components_elements_entries_components`
--

DROP TABLE IF EXISTS `components_elements_entries_components`;
/*!40101 SET @saved_cs_client     = @@character_set_client */;
/*!40101 SET character_set_client = utf8 */;
CREATE TABLE `components_elements_entries_components` (
  `id` int(10) unsigned NOT NULL AUTO_INCREMENT,
  `field` varchar(255) NOT NULL,
  `order` int(10) unsigned NOT NULL,
  `component_type` varchar(255) NOT NULL,
  `component_id` int(11) NOT NULL,
  `components_elements_entry_id` int(10) unsigned NOT NULL,
  PRIMARY KEY (`id`),
  KEY `components_elements_entry_id_fk` (`components_elements_entry_id`),
  CONSTRAINT `components_elements_entry_id_fk` FOREIGN KEY (`components_elements_entry_id`) REFERENCES `components_elements_entries` (`id`) ON DELETE CASCADE
) ENGINE=InnoDB AUTO_INCREMENT=30 DEFAULT CHARSET=utf8;
/*!40101 SET character_set_client = @saved_cs_client */;

--
-- Dumping data for table `components_elements_entries_components`
--

LOCK TABLES `components_elements_entries_components` WRITE;
/*!40000 ALTER TABLE `components_elements_entries_components` DISABLE KEYS */;
INSERT INTO `components_elements_entries_components` VALUES (1,'mainHero',1,'components_elements_main_heroes',60,2),(2,'mainHero',1,'components_elements_main_heroes',61,3),(3,'mainHero',1,'components_elements_main_heroes',62,4),(4,'mainHero',1,'components_elements_main_heroes',65,5),(5,'mainHero',1,'components_elements_main_heroes',66,6),(6,'mainHero',1,'components_elements_main_heroes',67,7),(7,'mainHero',1,'components_elements_main_heroes',70,8),(8,'mainHero',1,'components_elements_main_heroes',71,9),(9,'mainHero',1,'components_elements_main_heroes',72,10),(10,'mainHero',1,'components_elements_main_heroes',74,1),(11,'mainHero',1,'components_elements_main_heroes',75,11),(12,'mainHero',1,'components_elements_main_heroes',77,12),(13,'mainHero',1,'components_elements_main_heroes',79,13),(14,'mainHero',1,'components_elements_main_heroes',86,14),(16,'mainHero',1,'components_elements_main_heroes',98,16),(17,'mainHero',2,'components_elements_main_heroes',99,16),(24,'mainHero',1,'components_elements_main_heroes',116,23),(25,'mainHero',1,'components_elements_main_heroes',118,24),(26,'mainHero',1,'components_elements_main_heroes',120,25),(29,'mainHero',1,'components_elements_main_heroes',126,28);
/*!40000 ALTER TABLE `components_elements_entries_components` ENABLE KEYS */;
UNLOCK TABLES;

--
-- Table structure for table `components_elements_entry_developer_guide`
--

DROP TABLE IF EXISTS `components_elements_entry_developer_guide`;
/*!40101 SET @saved_cs_client     = @@character_set_client */;
/*!40101 SET character_set_client = utf8 */;
CREATE TABLE `components_elements_entry_developer_guide` (
  `id` int(10) unsigned NOT NULL AUTO_INCREMENT,
  `titulo` varchar(255) DEFAULT NULL,
  `descripcion` varchar(255) DEFAULT NULL,
  `contenido` longtext,
  `title` varchar(255) DEFAULT NULL,
  `description` varchar(255) DEFAULT NULL,
  `content` longtext,
  PRIMARY KEY (`id`)
) ENGINE=InnoDB DEFAULT CHARSET=utf8;
/*!40101 SET character_set_client = @saved_cs_client */;

--
-- Dumping data for table `components_elements_entry_developer_guide`
--

LOCK TABLES `components_elements_entry_developer_guide` WRITE;
/*!40000 ALTER TABLE `components_elements_entry_developer_guide` DISABLE KEYS */;
/*!40000 ALTER TABLE `components_elements_entry_developer_guide` ENABLE KEYS */;
UNLOCK TABLES;

--
-- Table structure for table `components_elements_entry_developer_guide_components`
--

DROP TABLE IF EXISTS `components_elements_entry_developer_guide_components`;
/*!40101 SET @saved_cs_client     = @@character_set_client */;
/*!40101 SET character_set_client = utf8 */;
CREATE TABLE `components_elements_entry_developer_guide_components` (
  `id` int(10) unsigned NOT NULL AUTO_INCREMENT,
  `field` varchar(255) NOT NULL,
  `order` int(10) unsigned NOT NULL,
  `component_type` varchar(255) NOT NULL,
  `component_id` int(11) NOT NULL,
  `components_elements_entry_developer_guide_id` int(10) unsigned NOT NULL,
  PRIMARY KEY (`id`),
  KEY `components_elements_entry_developer_guide_id_fk` (`components_elements_entry_developer_guide_id`),
  CONSTRAINT `components_elements_entry_developer_guide_id_fk` FOREIGN KEY (`components_elements_entry_developer_guide_id`) REFERENCES `components_elements_entry_developer_guide` (`id`) ON DELETE CASCADE
) ENGINE=InnoDB DEFAULT CHARSET=utf8;
/*!40101 SET character_set_client = @saved_cs_client */;

--
-- Dumping data for table `components_elements_entry_developer_guide_components`
--

LOCK TABLES `components_elements_entry_developer_guide_components` WRITE;
/*!40000 ALTER TABLE `components_elements_entry_developer_guide_components` DISABLE KEYS */;
/*!40000 ALTER TABLE `components_elements_entry_developer_guide_components` ENABLE KEYS */;
UNLOCK TABLES;

--
-- Table structure for table `components_elements_entry_developer_guides`
--

DROP TABLE IF EXISTS `components_elements_entry_developer_guides`;
/*!40101 SET @saved_cs_client     = @@character_set_client */;
/*!40101 SET character_set_client = utf8 */;
CREATE TABLE `components_elements_entry_developer_guides` (
  `id` int(10) unsigned NOT NULL AUTO_INCREMENT,
  `title` varchar(255) DEFAULT NULL,
  `description` varchar(255) DEFAULT NULL,
  `content` longtext,
  PRIMARY KEY (`id`)
) ENGINE=InnoDB DEFAULT CHARSET=utf8;
/*!40101 SET character_set_client = @saved_cs_client */;

--
-- Dumping data for table `components_elements_entry_developer_guides`
--

LOCK TABLES `components_elements_entry_developer_guides` WRITE;
/*!40000 ALTER TABLE `components_elements_entry_developer_guides` DISABLE KEYS */;
/*!40000 ALTER TABLE `components_elements_entry_developer_guides` ENABLE KEYS */;
UNLOCK TABLES;

--
-- Table structure for table `components_elements_entry_developer_guides_components`
--

DROP TABLE IF EXISTS `components_elements_entry_developer_guides_components`;
/*!40101 SET @saved_cs_client     = @@character_set_client */;
/*!40101 SET character_set_client = utf8 */;
CREATE TABLE `components_elements_entry_developer_guides_components` (
  `id` int(10) unsigned NOT NULL AUTO_INCREMENT,
  `field` varchar(255) NOT NULL,
  `order` int(10) unsigned NOT NULL,
  `component_type` varchar(255) NOT NULL,
  `component_id` int(11) NOT NULL,
  `components_elements_entry_developer_guide_id` int(10) unsigned NOT NULL,
  PRIMARY KEY (`id`)
) ENGINE=InnoDB DEFAULT CHARSET=utf8;
/*!40101 SET character_set_client = @saved_cs_client */;

--
-- Dumping data for table `components_elements_entry_developer_guides_components`
--

LOCK TABLES `components_elements_entry_developer_guides_components` WRITE;
/*!40000 ALTER TABLE `components_elements_entry_developer_guides_components` DISABLE KEYS */;
/*!40000 ALTER TABLE `components_elements_entry_developer_guides_components` ENABLE KEYS */;
UNLOCK TABLES;

--
-- Table structure for table `components_elements_features`
--

DROP TABLE IF EXISTS `components_elements_features`;
/*!40101 SET @saved_cs_client     = @@character_set_client */;
/*!40101 SET character_set_client = utf8 */;
CREATE TABLE `components_elements_features` (
  `id` int(10) unsigned NOT NULL AUTO_INCREMENT,
  `name` varchar(255) DEFAULT NULL,
  `position` varchar(255) DEFAULT NULL,
  PRIMARY KEY (`id`)
) ENGINE=InnoDB AUTO_INCREMENT=131 DEFAULT CHARSET=utf8;
/*!40101 SET character_set_client = @saved_cs_client */;

--
-- Dumping data for table `components_elements_features`
--

LOCK TABLES `components_elements_features` WRITE;
/*!40000 ALTER TABLE `components_elements_features` DISABLE KEYS */;
INSERT INTO `components_elements_features` VALUES (10,'Donec pharetra massa',NULL),(11,'Donec pharetra massa',NULL),(12,'Donec pharetra massa',NULL),(13,'Donec pharetra massa',NULL),(14,'Donec pharetra massa',NULL),(15,'Donec pharetra massa',NULL),(16,'Donec pharetra massa',NULL),(17,'Lorem Ipsus salud  Lorem Ipsus salud Lorem Ipsus salud Lorem Ipsus salud Lorem Ipsus salud',NULL),(18,'Lorem Ipsus salud  Lorem Ipsus salud Lorem Ipsus salud Lorem Ipsus salud Lorem Ipsus salud',NULL),(19,'Lorem Ipsus salud  Lorem Ipsus salud Lorem Ipsus salud Lorem Ipsus salud Lorem Ipsus salud',NULL),(20,'Lorem Ipsus salud Lorem Ipsus salud Lorem Ipsus salud Lorem Ipsus salud',NULL),(21,'Lorem Ipsus salud Lorem Ipsus salud Lorem Ipsus salud Lorem Ipsus salud',NULL),(22,'Lorem Ipsus salud Lorem Ipsus salud Lorem Ipsus salud Lorem Ipsus salud',NULL),(23,'Lorem Ipsus salud Lorem Ipsus salud Lorem Ipsus salud Lorem Ipsus salud',NULL),(24,'44 Ipsus salud Lorem Ipsus salud Lorem Ipsus salud Lorem Ipsus salud',NULL),(25,'Sale and post-sale of insurance',NULL),(26,'Consultations and advanced reporting',NULL),(27,'Claims management',NULL),(29,'Flexible and fast quote',NULL),(30,'All kinds of operations',NULL),(31,'Sale and post-sale of products',NULL),(32,'Renewal and endorsements',NULL),(36,'Pago en l├¡nea disponible',NULL),(37,'Consultas y reporting avanzado',NULL),(38,'Venta y posventa de los seguros',NULL),(51,'Cotizaci├│n r├ípida',NULL),(52,'Flexibilidad para elegir coberturas',NULL),(65,'Pay on line',NULL),(75,'Cotizaci├│n r├ípida y simple',NULL),(77,'Integraci├│n inmediata con APESEG',NULL),(78,'Pasarela de pagos disponible',NULL),(80,'Cotizaci├│n flexible y r├ípida',NULL),(81,'Cotizaci├│n flexible y r├ípida',NULL),(82,'Emisi├│n de p├│liza en l├¡nea',NULL),(83,'Cambio de planes y coberturas',NULL),(84,' Integraci├│n con pasarela de pagos ',NULL),(85,'Emisi├│n de p├│lizas en l├¡nea',NULL),(86,'Endosos de inclusi├│n y renovaci├│n',NULL),(87,'Cotizaci├│n individual o grupo familiar',NULL),(92,'Proceso de checkout completo',NULL),(93,'Seguridad integrada',NULL),(96,'Selecciona el plan de su preferencia',NULL),(98,'Emisi├│n de p├│liza en l├¡nea',NULL),(99,'Inclusiones a p├│liza vigente',NULL),(100,'Pasarela de Pagos disponible',NULL),(101,'Integraci├│n con pasarela de pagos',NULL),(102,'Selecci├│n del cronograma de pagos',NULL),(103,'Anulaciones y renovaciones',NULL),(104,'Emisi├│n de p├│liza en l├¡nea',NULL),(105,'Compra en tiempo real',NULL),(106,'Servicios de postventa',NULL),(107,'Tasaci├│n directa',NULL),(108,'Flexibilidad y amplias coberturas',NULL),(109,'Registro de asegurados ',NULL),(110,'Validaciones de p├│liza vigente y siniestros',NULL),(112,'Generaci├│n de tokens',NULL),(113,'Pagos en l├¡nea y suscripciones',NULL),(114,'Devoluci├│n de primas',NULL),(115,'Selecci├│n de planes disponible',NULL),(118,'Registro de siniestro',NULL),(119,'Consulta del siniestro',NULL),(120,'Gesti├│n de modalidades de pago',NULL),(121,'Carga y descarga de documentos de sustento',NULL),(122,'Operaciones complementarias',NULL),(123,'Pago en linea',NULL),(124,'Venta y posventa de los seguros',NULL),(125,'Gesti├│n de siniestros',NULL),(126,'Consultas y reporting avanzado ',NULL),(127,'Todo tipo de operaciones',NULL),(128,'Cotizaci├│n flexible y r├ípida',NULL),(129,'Renovaci├│n y endosos',NULL),(130,'Venta y posventa de productos',NULL);
/*!40000 ALTER TABLE `components_elements_features` ENABLE KEYS */;
UNLOCK TABLES;

--
-- Table structure for table `components_elements_filter_versions`
--

DROP TABLE IF EXISTS `components_elements_filter_versions`;
/*!40101 SET @saved_cs_client     = @@character_set_client */;
/*!40101 SET character_set_client = utf8 */;
CREATE TABLE `components_elements_filter_versions` (
  `id` int(10) unsigned NOT NULL AUTO_INCREMENT,
  `title` varchar(255) DEFAULT NULL,
  PRIMARY KEY (`id`)
) ENGINE=InnoDB DEFAULT CHARSET=utf8;
/*!40101 SET character_set_client = @saved_cs_client */;

--
-- Dumping data for table `components_elements_filter_versions`
--

LOCK TABLES `components_elements_filter_versions` WRITE;
/*!40000 ALTER TABLE `components_elements_filter_versions` DISABLE KEYS */;
/*!40000 ALTER TABLE `components_elements_filter_versions` ENABLE KEYS */;
UNLOCK TABLES;

--
-- Table structure for table `components_elements_filter_versions_components`
--

DROP TABLE IF EXISTS `components_elements_filter_versions_components`;
/*!40101 SET @saved_cs_client     = @@character_set_client */;
/*!40101 SET character_set_client = utf8 */;
CREATE TABLE `components_elements_filter_versions_components` (
  `id` int(10) unsigned NOT NULL AUTO_INCREMENT,
  `field` varchar(255) NOT NULL,
  `order` int(10) unsigned NOT NULL,
  `component_type` varchar(255) NOT NULL,
  `component_id` int(11) NOT NULL,
  `components_elements_filter_version_id` int(10) unsigned NOT NULL,
  PRIMARY KEY (`id`),
  KEY `components_elements_filter_version_id_fk` (`components_elements_filter_version_id`),
  CONSTRAINT `components_elements_filter_version_id_fk` FOREIGN KEY (`components_elements_filter_version_id`) REFERENCES `components_elements_filter_versions` (`id`) ON DELETE CASCADE
) ENGINE=InnoDB DEFAULT CHARSET=utf8;
/*!40101 SET character_set_client = @saved_cs_client */;

--
-- Dumping data for table `components_elements_filter_versions_components`
--

LOCK TABLES `components_elements_filter_versions_components` WRITE;
/*!40000 ALTER TABLE `components_elements_filter_versions_components` DISABLE KEYS */;
/*!40000 ALTER TABLE `components_elements_filter_versions_components` ENABLE KEYS */;
UNLOCK TABLES;

--
-- Table structure for table `components_elements_footer_section_fours`
--

DROP TABLE IF EXISTS `components_elements_footer_section_fours`;
/*!40101 SET @saved_cs_client     = @@character_set_client */;
/*!40101 SET character_set_client = utf8 */;
CREATE TABLE `components_elements_footer_section_fours` (
  `id` int(10) unsigned NOT NULL AUTO_INCREMENT,
  `text` longtext,
  PRIMARY KEY (`id`)
) ENGINE=InnoDB DEFAULT CHARSET=utf8;
/*!40101 SET character_set_client = @saved_cs_client */;

--
-- Dumping data for table `components_elements_footer_section_fours`
--

LOCK TABLES `components_elements_footer_section_fours` WRITE;
/*!40000 ALTER TABLE `components_elements_footer_section_fours` DISABLE KEYS */;
/*!40000 ALTER TABLE `components_elements_footer_section_fours` ENABLE KEYS */;
UNLOCK TABLES;

--
-- Table structure for table `components_elements_footer_section_fours_components`
--

DROP TABLE IF EXISTS `components_elements_footer_section_fours_components`;
/*!40101 SET @saved_cs_client     = @@character_set_client */;
/*!40101 SET character_set_client = utf8 */;
CREATE TABLE `components_elements_footer_section_fours_components` (
  `id` int(10) unsigned NOT NULL AUTO_INCREMENT,
  `field` varchar(255) NOT NULL,
  `order` int(10) unsigned NOT NULL,
  `component_type` varchar(255) NOT NULL,
  `component_id` int(11) NOT NULL,
  `components_elements_footer_section_four_id` int(10) unsigned NOT NULL,
  PRIMARY KEY (`id`),
  KEY `components_elements_footer_section_four_id_fk` (`components_elements_footer_section_four_id`),
  CONSTRAINT `components_elements_footer_section_four_id_fk` FOREIGN KEY (`components_elements_footer_section_four_id`) REFERENCES `components_elements_footer_section_fours` (`id`) ON DELETE CASCADE
) ENGINE=InnoDB DEFAULT CHARSET=utf8;
/*!40101 SET character_set_client = @saved_cs_client */;

--
-- Dumping data for table `components_elements_footer_section_fours_components`
--

LOCK TABLES `components_elements_footer_section_fours_components` WRITE;
/*!40000 ALTER TABLE `components_elements_footer_section_fours_components` DISABLE KEYS */;
/*!40000 ALTER TABLE `components_elements_footer_section_fours_components` ENABLE KEYS */;
UNLOCK TABLES;

--
-- Table structure for table `components_elements_form_checkboxes`
--

DROP TABLE IF EXISTS `components_elements_form_checkboxes`;
/*!40101 SET @saved_cs_client     = @@character_set_client */;
/*!40101 SET character_set_client = utf8 */;
CREATE TABLE `components_elements_form_checkboxes` (
  `id` int(10) unsigned NOT NULL AUTO_INCREMENT,
  `text` varchar(255) DEFAULT NULL,
  `type` varchar(255) DEFAULT NULL,
  `isRequired` tinyint(1) DEFAULT NULL,
  `validationMessage` longtext,
  `name` varchar(255) DEFAULT NULL,
  PRIMARY KEY (`id`)
) ENGINE=InnoDB AUTO_INCREMENT=5 DEFAULT CHARSET=utf8;
/*!40101 SET character_set_client = @saved_cs_client */;

--
-- Dumping data for table `components_elements_form_checkboxes`
--

LOCK TABLES `components_elements_form_checkboxes` WRITE;
/*!40000 ALTER TABLE `components_elements_form_checkboxes` DISABLE KEYS */;
INSERT INTO `components_elements_form_checkboxes` VALUES (4,NULL,NULL,NULL,NULL,NULL);
/*!40000 ALTER TABLE `components_elements_form_checkboxes` ENABLE KEYS */;
UNLOCK TABLES;

--
-- Table structure for table `components_elements_form_checkboxes_components`
--

DROP TABLE IF EXISTS `components_elements_form_checkboxes_components`;
/*!40101 SET @saved_cs_client     = @@character_set_client */;
/*!40101 SET character_set_client = utf8 */;
CREATE TABLE `components_elements_form_checkboxes_components` (
  `id` int(10) unsigned NOT NULL AUTO_INCREMENT,
  `field` varchar(255) NOT NULL,
  `order` int(10) unsigned NOT NULL,
  `component_type` varchar(255) NOT NULL,
  `component_id` int(11) NOT NULL,
  `components_elements_form_checkbox_id` int(10) unsigned NOT NULL,
  PRIMARY KEY (`id`),
  KEY `components_elements_form_checkbox_id_fk` (`components_elements_form_checkbox_id`),
  CONSTRAINT `components_elements_form_checkbox_id_fk` FOREIGN KEY (`components_elements_form_checkbox_id`) REFERENCES `components_elements_form_checkboxes` (`id`) ON DELETE CASCADE
) ENGINE=InnoDB DEFAULT CHARSET=utf8;
/*!40101 SET character_set_client = @saved_cs_client */;

--
-- Dumping data for table `components_elements_form_checkboxes_components`
--

LOCK TABLES `components_elements_form_checkboxes_components` WRITE;
/*!40000 ALTER TABLE `components_elements_form_checkboxes_components` DISABLE KEYS */;
/*!40000 ALTER TABLE `components_elements_form_checkboxes_components` ENABLE KEYS */;
UNLOCK TABLES;

--
-- Table structure for table `components_elements_form_responses`
--

DROP TABLE IF EXISTS `components_elements_form_responses`;
/*!40101 SET @saved_cs_client     = @@character_set_client */;
/*!40101 SET character_set_client = utf8 */;
CREATE TABLE `components_elements_form_responses` (
  `id` int(10) unsigned NOT NULL AUTO_INCREMENT,
  `title` varchar(255) DEFAULT NULL,
  `message` longtext,
  `type` varchar(255) DEFAULT NULL,
  `show` tinyint(1) DEFAULT NULL,
  PRIMARY KEY (`id`)
) ENGINE=InnoDB DEFAULT CHARSET=utf8;
/*!40101 SET character_set_client = @saved_cs_client */;

--
-- Dumping data for table `components_elements_form_responses`
--

LOCK TABLES `components_elements_form_responses` WRITE;
/*!40000 ALTER TABLE `components_elements_form_responses` DISABLE KEYS */;
/*!40000 ALTER TABLE `components_elements_form_responses` ENABLE KEYS */;
UNLOCK TABLES;

--
-- Table structure for table `components_elements_image_lists`
--

DROP TABLE IF EXISTS `components_elements_image_lists`;
/*!40101 SET @saved_cs_client     = @@character_set_client */;
/*!40101 SET character_set_client = utf8 */;
CREATE TABLE `components_elements_image_lists` (
  `id` int(10) unsigned NOT NULL AUTO_INCREMENT,
  PRIMARY KEY (`id`)
) ENGINE=InnoDB DEFAULT CHARSET=utf8;
/*!40101 SET character_set_client = @saved_cs_client */;

--
-- Dumping data for table `components_elements_image_lists`
--

LOCK TABLES `components_elements_image_lists` WRITE;
/*!40000 ALTER TABLE `components_elements_image_lists` DISABLE KEYS */;
/*!40000 ALTER TABLE `components_elements_image_lists` ENABLE KEYS */;
UNLOCK TABLES;

--
-- Table structure for table `components_elements_item_lists`
--

DROP TABLE IF EXISTS `components_elements_item_lists`;
/*!40101 SET @saved_cs_client     = @@character_set_client */;
/*!40101 SET character_set_client = utf8 */;
CREATE TABLE `components_elements_item_lists` (
  `id` int(10) unsigned NOT NULL AUTO_INCREMENT,
  `title` varchar(255) DEFAULT NULL,
  `description` longtext,
  `iconText` varchar(255) DEFAULT NULL,
  `number` int(11) DEFAULT NULL,
  PRIMARY KEY (`id`)
) ENGINE=InnoDB AUTO_INCREMENT=10 DEFAULT CHARSET=utf8;
/*!40101 SET character_set_client = @saved_cs_client */;

--
-- Dumping data for table `components_elements_item_lists`
--

LOCK TABLES `components_elements_item_lists` WRITE;
/*!40000 ALTER TABLE `components_elements_item_lists` DISABLE KEYS */;
INSERT INTO `components_elements_item_lists` VALUES (1,'Reg├¡strate','Crea una cuenta para tu organizaci├│n y accede al cat├ílogo completos de APIs de SURA.','MdCancelScheduleSend',1),(2,'Personaliza','Selecciona las APIs que mejor se ajustan a tus necesidades y descubre todo lo que puedes conseguir con ellas.','MdCompress',2),(3,'Desarrolla','En breve tendr├ís integradas las APIs en tu plataforma para comenzar a vender y gestionar los productos.','MdEject',3),(4,'Lorem Ipsum','Lorem Ipsum es simplemente el texto de relleno de las imprentas y archivos de texto. ','Md3DRotation',4),(5,' Lorem Ipsum','Lorem Ipsum es simplemente el texto de relleno de las imprentas y archivos de texto. ','MdList',5),(6,'Lorem Ipsum','Lorem Ipsum es simplemente el texto de relleno de las imprentas y archivos de texto. ','MdQuestionAnswer',6),(7,' Lorem Ipsum','Lorem Ipsum es simplemente el texto de relleno de las imprentas y archivos de texto. ','MdAddToPhotos',1),(8,'Lorem Ipsum','Lorem Ipsum es simplemente el texto de relleno de las imprentas y archivos de texto. ','MdSimCard',2),(9,'Lorem Ipsum','Lorem Ipsum es simplemente el texto de relleno de las imprentas y archivos de texto. ','Md6Mp',3);
/*!40000 ALTER TABLE `components_elements_item_lists` ENABLE KEYS */;
UNLOCK TABLES;

--
-- Table structure for table `components_elements_link_texts`
--

DROP TABLE IF EXISTS `components_elements_link_texts`;
/*!40101 SET @saved_cs_client     = @@character_set_client */;
/*!40101 SET character_set_client = utf8 */;
CREATE TABLE `components_elements_link_texts` (
  `id` int(10) unsigned NOT NULL AUTO_INCREMENT,
  `text` varchar(255) DEFAULT NULL,
  PRIMARY KEY (`id`)
) ENGINE=InnoDB DEFAULT CHARSET=utf8;
/*!40101 SET character_set_client = @saved_cs_client */;

--
-- Dumping data for table `components_elements_link_texts`
--

LOCK TABLES `components_elements_link_texts` WRITE;
/*!40000 ALTER TABLE `components_elements_link_texts` DISABLE KEYS */;
/*!40000 ALTER TABLE `components_elements_link_texts` ENABLE KEYS */;
UNLOCK TABLES;

--
-- Table structure for table `components_elements_link_texts_components`
--

DROP TABLE IF EXISTS `components_elements_link_texts_components`;
/*!40101 SET @saved_cs_client     = @@character_set_client */;
/*!40101 SET character_set_client = utf8 */;
CREATE TABLE `components_elements_link_texts_components` (
  `id` int(10) unsigned NOT NULL AUTO_INCREMENT,
  `field` varchar(255) NOT NULL,
  `order` int(10) unsigned NOT NULL,
  `component_type` varchar(255) NOT NULL,
  `component_id` int(11) NOT NULL,
  `components_elements_link_text_id` int(10) unsigned NOT NULL,
  PRIMARY KEY (`id`),
  KEY `components_elements_link_text_id_fk` (`components_elements_link_text_id`),
  CONSTRAINT `components_elements_link_text_id_fk` FOREIGN KEY (`components_elements_link_text_id`) REFERENCES `components_elements_link_texts` (`id`) ON DELETE CASCADE
) ENGINE=InnoDB DEFAULT CHARSET=utf8;
/*!40101 SET character_set_client = @saved_cs_client */;

--
-- Dumping data for table `components_elements_link_texts_components`
--

LOCK TABLES `components_elements_link_texts_components` WRITE;
/*!40000 ALTER TABLE `components_elements_link_texts_components` DISABLE KEYS */;
/*!40000 ALTER TABLE `components_elements_link_texts_components` ENABLE KEYS */;
UNLOCK TABLES;

--
-- Table structure for table `components_elements_logos`
--

DROP TABLE IF EXISTS `components_elements_logos`;
/*!40101 SET @saved_cs_client     = @@character_set_client */;
/*!40101 SET character_set_client = utf8 */;
CREATE TABLE `components_elements_logos` (
  `id` int(10) unsigned NOT NULL AUTO_INCREMENT,
  `title` varchar(255) DEFAULT NULL,
  PRIMARY KEY (`id`)
) ENGINE=InnoDB AUTO_INCREMENT=4 DEFAULT CHARSET=utf8;
/*!40101 SET character_set_client = @saved_cs_client */;

--
-- Dumping data for table `components_elements_logos`
--

LOCK TABLES `components_elements_logos` WRITE;
/*!40000 ALTER TABLE `components_elements_logos` DISABLE KEYS */;
INSERT INTO `components_elements_logos` VALUES (1,'Strapi'),(2,'Strapi 2'),(3,'Strapi 3');
/*!40000 ALTER TABLE `components_elements_logos` ENABLE KEYS */;
UNLOCK TABLES;

--
-- Table structure for table `components_elements_logos_components`
--

DROP TABLE IF EXISTS `components_elements_logos_components`;
/*!40101 SET @saved_cs_client     = @@character_set_client */;
/*!40101 SET character_set_client = utf8 */;
CREATE TABLE `components_elements_logos_components` (
  `id` int(10) unsigned NOT NULL AUTO_INCREMENT,
  `field` varchar(255) NOT NULL,
  `order` int(10) unsigned NOT NULL,
  `component_type` varchar(255) NOT NULL,
  `component_id` int(11) NOT NULL,
  `components_elements_logo_id` int(10) unsigned NOT NULL,
  PRIMARY KEY (`id`),
  KEY `components_elements_logo_id_fk` (`components_elements_logo_id`),
  CONSTRAINT `components_elements_logo_id_fk` FOREIGN KEY (`components_elements_logo_id`) REFERENCES `components_elements_logos` (`id`) ON DELETE CASCADE
) ENGINE=InnoDB DEFAULT CHARSET=utf8;
/*!40101 SET character_set_client = @saved_cs_client */;

--
-- Dumping data for table `components_elements_logos_components`
--

LOCK TABLES `components_elements_logos_components` WRITE;
/*!40000 ALTER TABLE `components_elements_logos_components` DISABLE KEYS */;
/*!40000 ALTER TABLE `components_elements_logos_components` ENABLE KEYS */;
UNLOCK TABLES;

--
-- Table structure for table `components_elements_logotypes`
--

DROP TABLE IF EXISTS `components_elements_logotypes`;
/*!40101 SET @saved_cs_client     = @@character_set_client */;
/*!40101 SET character_set_client = utf8 */;
CREATE TABLE `components_elements_logotypes` (
  `id` int(10) unsigned NOT NULL AUTO_INCREMENT,
  `altText` varchar(255) DEFAULT NULL,
  PRIMARY KEY (`id`)
) ENGINE=InnoDB AUTO_INCREMENT=3 DEFAULT CHARSET=utf8;
/*!40101 SET character_set_client = @saved_cs_client */;

--
-- Dumping data for table `components_elements_logotypes`
--

LOCK TABLES `components_elements_logotypes` WRITE;
/*!40000 ALTER TABLE `components_elements_logotypes` DISABLE KEYS */;
INSERT INTO `components_elements_logotypes` VALUES (1,NULL),(2,NULL);
/*!40000 ALTER TABLE `components_elements_logotypes` ENABLE KEYS */;
UNLOCK TABLES;

--
-- Table structure for table `components_elements_logotypes_components`
--

DROP TABLE IF EXISTS `components_elements_logotypes_components`;
/*!40101 SET @saved_cs_client     = @@character_set_client */;
/*!40101 SET character_set_client = utf8 */;
CREATE TABLE `components_elements_logotypes_components` (
  `id` int(10) unsigned NOT NULL AUTO_INCREMENT,
  `field` varchar(255) NOT NULL,
  `order` int(10) unsigned NOT NULL,
  `component_type` varchar(255) NOT NULL,
  `component_id` int(11) NOT NULL,
  `components_elements_logotype_id` int(10) unsigned NOT NULL,
  PRIMARY KEY (`id`),
  KEY `components_elements_logotype_id_fk` (`components_elements_logotype_id`),
  CONSTRAINT `components_elements_logotype_id_fk` FOREIGN KEY (`components_elements_logotype_id`) REFERENCES `components_elements_logotypes` (`id`) ON DELETE CASCADE
) ENGINE=InnoDB AUTO_INCREMENT=3 DEFAULT CHARSET=utf8;
/*!40101 SET character_set_client = @saved_cs_client */;

--
-- Dumping data for table `components_elements_logotypes_components`
--

LOCK TABLES `components_elements_logotypes_components` WRITE;
/*!40000 ALTER TABLE `components_elements_logotypes_components` DISABLE KEYS */;
INSERT INTO `components_elements_logotypes_components` VALUES (1,'info',1,'components_elements_main_heroes',181,1),(2,'info',1,'components_elements_main_heroes',217,2);
/*!40000 ALTER TABLE `components_elements_logotypes_components` ENABLE KEYS */;
UNLOCK TABLES;

--
-- Table structure for table `components_elements_main_heroes`
--

DROP TABLE IF EXISTS `components_elements_main_heroes`;
/*!40101 SET @saved_cs_client     = @@character_set_client */;
/*!40101 SET character_set_client = utf8 */;
CREATE TABLE `components_elements_main_heroes` (
  `id` int(10) unsigned NOT NULL AUTO_INCREMENT,
  `title` varchar(255) DEFAULT NULL,
  `keyword` varchar(255) DEFAULT NULL,
  `description` varchar(255) DEFAULT NULL,
  `numberResults` bigint(20) DEFAULT NULL,
  `idContentType` varchar(255) DEFAULT NULL,
  `isKeywordInverted` tinyint(1) DEFAULT NULL,
  PRIMARY KEY (`id`),
  UNIQUE KEY `components_elements_main_heroes_idcontenttype_unique` (`idContentType`)
) ENGINE=InnoDB AUTO_INCREMENT=315 DEFAULT CHARSET=utf8;
/*!40101 SET character_set_client = @saved_cs_client */;

--
-- Dumping data for table `components_elements_main_heroes`
--

LOCK TABLES `components_elements_main_heroes` WRITE;
/*!40000 ALTER TABLE `components_elements_main_heroes` DISABLE KEYS */;
INSERT INTO `components_elements_main_heroes` VALUES (8,'Subscribe to our newsletter to learn more about the intersection between climate action and technology.  ok','',NULL,NULL,NULL,0),(10,'Nuestras ','APIs para Banca',NULL,NULL,NULL,NULL),(18,'principales','Caracter├¡sticas ',NULL,NULL,NULL,NULL),(19,'Nuestras ','APIs para Canales no tradicionales',NULL,NULL,NULL,NULL),(20,'┬┐C├│mo empezar a utilizar las ','APIs Rimac?',NULL,NULL,NULL,NULL),(21,'Gu├¡a para ','desarrolladores',NULL,NULL,NULL,NULL),(22,'Gu├¡a para ','desarrolladores',NULL,NULL,NULL,NULL),(23,'Gu├¡a para ','desarrolladores',NULL,NULL,NULL,NULL),(24,'Gu├¡a para ','desarrolladores',NULL,NULL,NULL,NULL),(25,'Gu├¡a para ','desarrolladores',NULL,NULL,NULL,NULL),(26,'Gu├¡a para ','desarrolladores',NULL,NULL,NULL,NULL),(27,'Gu├¡a para ','desarrolladores',NULL,NULL,NULL,NULL),(28,'Gu├¡a para ','desarrolladores',NULL,NULL,NULL,NULL),(29,'Gu├¡a para ','desarrolladores',NULL,NULL,NULL,NULL),(30,'Gu├¡a para ','desarrolladores',NULL,NULL,NULL,NULL),(31,'Gu├¡a para ','desarrolladores',NULL,NULL,NULL,NULL),(44,'Serverless',NULL,NULL,NULL,NULL,NULL),(54,'Las m├ís ','populares',NULL,NULL,NULL,NULL),(55,'Suscr├¡bete a ','RimacTech',NULL,NULL,NULL,NULL),(56,'┬┐Quieres saber m├ís sobre ','APIS en RimacTech?','Suscr├¡bete a RimacTech y no te pierdas ninguna publicaci├│n ',NULL,NULL,NULL),(57,'Gu├¡a para ','desarrolladores',NULL,NULL,NULL,NULL),(58,'┬┐Quieres ','saber m├ís sobre las  APIS en RimacTech?','> Suscr├¡bete a Vive Seguro y no te pierdas ninguna publicaci├│n ',NULL,NULL,NULL),(59,'Tambi├®n te puede ','interesar',NULL,NULL,NULL,NULL),(60,'Informaci├│n de la API','Informaci├│n de la API',NULL,NULL,NULL,NULL),(61,'Autenticaci├│n',NULL,NULL,NULL,NULL,NULL),(62,'OTP ÔÇô One-Time Password',NULL,NULL,NULL,NULL,NULL),(63,'┬┐C├│mo empezar a utilizar las ','APIs Rimac?',NULL,NULL,NULL,NULL),(64,'C├│mo llamar a una ','API con Postman',NULL,NULL,NULL,NULL),(65,'Informaci├│n de la API','Informaci├│n de la API',NULL,NULL,NULL,NULL),(66,'Autenticaci├│n',NULL,NULL,NULL,NULL,NULL),(67,'OTP ÔÇô One-Time Password',NULL,NULL,NULL,NULL,NULL),(68,'C├│mo llamar a una ','API con Postman x66',NULL,NULL,NULL,NULL),(69,'C├│mo utilizar el ','Sandbox',NULL,NULL,NULL,NULL),(70,'Informaci├│n de la API','Informaci├│n de la API',NULL,NULL,NULL,NULL),(71,'Autenticaci├│n',NULL,NULL,NULL,NULL,NULL),(72,'OTP ÔÇô One-Time Password',NULL,NULL,NULL,NULL,NULL),(73,'C├│mo utilizar el ','Sandbox',NULL,NULL,NULL,NULL),(74,'Serverless',NULL,NULL,NULL,NULL,NULL),(75,'DDD como filosof├¡a de empresa.',NULL,NULL,NULL,NULL,NULL),(76,'DDD como filosof├¡a de empresa',NULL,NULL,NULL,NULL,NULL),(77,'Tendencias Insurtech en el sector de seguros.',NULL,NULL,NULL,NULL,NULL),(78,'Tendencias Insurtech en el sector de seguros.',NULL,NULL,NULL,NULL,NULL),(79,'Conoce nuestras APIs de auto flexible.',NULL,NULL,NULL,NULL,NULL),(80,'Conoce nuestras APIs de auto flexible.',NULL,NULL,NULL,NULL,NULL),(86,'API Owner',NULL,NULL,NULL,NULL,NULL),(87,'API Owner',NULL,NULL,NULL,NULL,NULL),(98,'Test1111',NULL,NULL,NULL,NULL,NULL),(99,'Test22222',NULL,NULL,NULL,NULL,NULL),(104,'┬┐Quieres ','saber m├ís sobre las  APIS en RimacTech?','> Suscr├¡bete a Vive Seguro y no te pierdas ninguna publicaci├│n ',NULL,NULL,NULL),(105,'Tambi├®n te puede ','interesar',NULL,NULL,NULL,NULL),(106,'API Owner',NULL,NULL,NULL,NULL,NULL),(108,'API Owner',NULL,NULL,NULL,NULL,NULL),(110,'API Owner',NULL,NULL,NULL,NULL,NULL),(112,'API Owner',NULL,NULL,NULL,NULL,NULL),(114,'API Owner',NULL,NULL,NULL,NULL,NULL),(116,'API Owner',NULL,NULL,NULL,NULL,NULL),(117,'API Owner',NULL,NULL,NULL,NULL,NULL),(118,'Conoce nuestras APIs de auto flexible.',NULL,NULL,NULL,NULL,NULL),(119,'Conoce nuestras APIs de auto flexible.',NULL,NULL,NULL,NULL,NULL),(120,'Conoce nuestras APIs de auto flexible.',NULL,NULL,NULL,NULL,NULL),(121,'Conoce nuestras APIs de auto flexible.',NULL,NULL,NULL,NULL,NULL),(122,'Conoce nuestras APIs de auto flexible.',NULL,NULL,NULL,NULL,NULL),(124,'Conoce nuestras APIs de auto flexible.',NULL,NULL,NULL,NULL,NULL),(126,'Serverless',NULL,NULL,NULL,NULL,NULL),(127,'Serverless',NULL,NULL,NULL,NULL,NULL),(128,'Serverless',NULL,NULL,NULL,NULL,NULL),(130,'Serverless',NULL,NULL,NULL,NULL,NULL),(132,'Serverless',NULL,NULL,NULL,NULL,NULL),(134,'Serverless',NULL,NULL,NULL,NULL,NULL),(136,'Serverless',NULL,NULL,NULL,NULL,NULL),(138,'Tendencias Insurtech en el sector de seguros.',NULL,NULL,NULL,NULL,NULL),(140,'Tendencias Insurtech en el sector de seguros.',NULL,NULL,NULL,NULL,NULL),(142,'Tendencias Insurtech en el sector de seguros.',NULL,NULL,NULL,NULL,NULL),(144,'Tendencias Insurtech en el sector de seguros.',NULL,NULL,NULL,NULL,NULL),(146,'Tendencias Insurtech en el sector de seguros.',NULL,NULL,NULL,NULL,NULL),(148,'Tendencias Insurtech en el sector de seguros.',NULL,NULL,NULL,NULL,NULL),(150,'DDD como filosof├¡a de empresa.',NULL,NULL,NULL,NULL,NULL),(152,'DDD como filosof├¡a de empresa.',NULL,NULL,NULL,NULL,NULL),(154,'DDD como filosof├¡a de empresa.',NULL,NULL,NULL,NULL,NULL),(156,'DDD como filosof├¡a de empresa.',NULL,NULL,NULL,NULL,NULL),(158,'DDD como filosof├¡a de empresa.',NULL,NULL,NULL,NULL,NULL),(160,'DDD como filosof├¡a de empresa.',NULL,NULL,NULL,NULL,NULL),(173,'Otras APIS ','que te podr├¡an interesar',NULL,NULL,NULL,1),(174,'La biblioteca de APIs ','impulsar├í el desarrollo de tu negocio',NULL,NULL,NULL,0),(177,'┬┐No resolvimos ','tus dudas?',NULL,NULL,NULL,0),(179,'Contacta ','con nosotros',NULL,NULL,NULL,1),(181,'The marketplace where you can buy carbon credits to offset your emissions, without intermediaries and with total transparency thanks to Blockchain technology. The marketplace where you can buy carbon credits to offset your emissions, without intermediarie','Market',NULL,NULL,NULL,1),(183,'┬┐C├│mo empezar a utilizar las ','APIs Rimac Peru?',NULL,NULL,NULL,1),(184,'Documentaci├│n de las ','APIs',NULL,NULL,NULL,1),(185,'C├│mo llamar a una ','API con Postman',NULL,NULL,NULL,1),(186,'Documentaci├│n de las ','soluciones',NULL,NULL,NULL,1),(187,'KickOff','APIs',NULL,NULL,NULL,NULL),(188,'┬┐C├│mo solicitar el pase a ','producci├│n?',NULL,NULL,NULL,1),(189,'Autenticaci├│n ','real',NULL,NULL,NULL,1),(208,'Novedades ','RimacTech',NULL,NULL,NULL,0),(211,NULL,NULL,NULL,NULL,NULL,NULL),(217,'API ','Market',NULL,NULL,NULL,0),(218,NULL,NULL,NULL,NULL,NULL,NULL),(246,'┬┐C├│mo empezar a utilizar las ','APIs Rimac Peru?',NULL,NULL,NULL,1),(252,'┬┐C├│mo empezar a utilizar las ','APIs Rimac Peru?',NULL,NULL,NULL,0),(253,'Beneficios y requisitos de la ','interconexi├│n',NULL,NULL,NULL,0),(254,'┬┐Por qu├® utilizar nuestro',' sandbox?',NULL,NULL,NULL,0),(255,'Seguridad en ','nuestras APIs',NULL,NULL,NULL,0),(257,'Startguide','API Market',NULL,NULL,NULL,0),(258,'Herramientas recomendadas para ','el uso de APIs',NULL,NULL,NULL,0),(277,'Titulo1','ffff',NULL,NULL,NULL,NULL),(278,NULL,NULL,NULL,NULL,NULL,NULL),(279,'PruebaFeatureUseCase',NULL,NULL,NULL,NULL,NULL),(313,'Empezar ahora','tertiary',NULL,NULL,NULL,0),(314,'Ver APIs','ghost',NULL,NULL,NULL,1);
/*!40000 ALTER TABLE `components_elements_main_heroes` ENABLE KEYS */;
UNLOCK TABLES;

--
-- Table structure for table `components_elements_navbar_columns`
--

DROP TABLE IF EXISTS `components_elements_navbar_columns`;
/*!40101 SET @saved_cs_client     = @@character_set_client */;
/*!40101 SET character_set_client = utf8 */;
CREATE TABLE `components_elements_navbar_columns` (
  `id` int(10) unsigned NOT NULL AUTO_INCREMENT,
  `title` varchar(255) DEFAULT NULL,
  `drop` tinyint(1) DEFAULT NULL,
  PRIMARY KEY (`id`)
) ENGINE=InnoDB DEFAULT CHARSET=utf8;
/*!40101 SET character_set_client = @saved_cs_client */;

--
-- Dumping data for table `components_elements_navbar_columns`
--

LOCK TABLES `components_elements_navbar_columns` WRITE;
/*!40000 ALTER TABLE `components_elements_navbar_columns` DISABLE KEYS */;
/*!40000 ALTER TABLE `components_elements_navbar_columns` ENABLE KEYS */;
UNLOCK TABLES;

--
-- Table structure for table `components_elements_navbar_columns_components`
--

DROP TABLE IF EXISTS `components_elements_navbar_columns_components`;
/*!40101 SET @saved_cs_client     = @@character_set_client */;
/*!40101 SET character_set_client = utf8 */;
CREATE TABLE `components_elements_navbar_columns_components` (
  `id` int(10) unsigned NOT NULL AUTO_INCREMENT,
  `field` varchar(255) NOT NULL,
  `order` int(10) unsigned NOT NULL,
  `component_type` varchar(255) NOT NULL,
  `component_id` int(11) NOT NULL,
  `components_elements_navbar_column_id` int(10) unsigned NOT NULL,
  PRIMARY KEY (`id`),
  KEY `components_elements_navbar_column_id_fk` (`components_elements_navbar_column_id`),
  CONSTRAINT `components_elements_navbar_column_id_fk` FOREIGN KEY (`components_elements_navbar_column_id`) REFERENCES `components_elements_navbar_columns` (`id`) ON DELETE CASCADE
) ENGINE=InnoDB DEFAULT CHARSET=utf8;
/*!40101 SET character_set_client = @saved_cs_client */;

--
-- Dumping data for table `components_elements_navbar_columns_components`
--

LOCK TABLES `components_elements_navbar_columns_components` WRITE;
/*!40000 ALTER TABLE `components_elements_navbar_columns_components` DISABLE KEYS */;
/*!40000 ALTER TABLE `components_elements_navbar_columns_components` ENABLE KEYS */;
UNLOCK TABLES;

--
-- Table structure for table `components_elements_navbar_section`
--

DROP TABLE IF EXISTS `components_elements_navbar_section`;
/*!40101 SET @saved_cs_client     = @@character_set_client */;
/*!40101 SET character_set_client = utf8 */;
CREATE TABLE `components_elements_navbar_section` (
  `id` int(10) unsigned NOT NULL AUTO_INCREMENT,
  `title` varchar(255) DEFAULT NULL,
  `drop` tinyint(1) DEFAULT NULL,
  `idContentType` varchar(255) DEFAULT NULL,
  PRIMARY KEY (`id`),
  UNIQUE KEY `components_elements_navbar_section_idcontenttype_unique` (`idContentType`)
) ENGINE=InnoDB AUTO_INCREMENT=5 DEFAULT CHARSET=utf8;
/*!40101 SET character_set_client = @saved_cs_client */;

--
-- Dumping data for table `components_elements_navbar_section`
--

LOCK TABLES `components_elements_navbar_section` WRITE;
/*!40000 ALTER TABLE `components_elements_navbar_section` DISABLE KEYS */;
INSERT INTO `components_elements_navbar_section` VALUES (1,'Products',1,NULL),(2,'Use cases',1,NULL),(3,'API Docs',0,NULL),(4,'FAQs',0,NULL);
/*!40000 ALTER TABLE `components_elements_navbar_section` ENABLE KEYS */;
UNLOCK TABLES;

--
-- Table structure for table `components_elements_navbar_section_components`
--

DROP TABLE IF EXISTS `components_elements_navbar_section_components`;
/*!40101 SET @saved_cs_client     = @@character_set_client */;
/*!40101 SET character_set_client = utf8 */;
CREATE TABLE `components_elements_navbar_section_components` (
  `id` int(10) unsigned NOT NULL AUTO_INCREMENT,
  `field` varchar(255) NOT NULL,
  `order` int(10) unsigned NOT NULL,
  `component_type` varchar(255) NOT NULL,
  `component_id` int(11) NOT NULL,
  `components_elements_navbar_section_id` int(10) unsigned NOT NULL,
  PRIMARY KEY (`id`)
) ENGINE=InnoDB AUTO_INCREMENT=26 DEFAULT CHARSET=utf8;
/*!40101 SET character_set_client = @saved_cs_client */;

--
-- Dumping data for table `components_elements_navbar_section_components`
--

LOCK TABLES `components_elements_navbar_section_components` WRITE;
/*!40000 ALTER TABLE `components_elements_navbar_section_components` DISABLE KEYS */;
INSERT INTO `components_elements_navbar_section_components` VALUES (4,'links',2,'components_links_links',20,1),(10,'links',1,'components_links_links',32,1),(11,'personalizedLink',1,'components_links_links',107,4),(12,'personalizedLink',1,'components_links_links',108,1),(13,'personalizedLink',1,'components_links_links',109,3),(15,'personalizedLink',1,'components_links_links',173,2),(16,'personalizedLink',1,'components_links_links',176,5),(20,'links',1,'components_links_links',193,2),(21,'links',2,'components_links_links',194,2),(22,'links',3,'components_links_links',195,2),(23,'links',4,'components_links_links',196,2),(24,'links',5,'components_links_links',197,2),(25,'links',6,'components_links_links',198,2);
/*!40000 ALTER TABLE `components_elements_navbar_section_components` ENABLE KEYS */;
UNLOCK TABLES;

--
-- Table structure for table `components_elements_navbar_sections`
--

DROP TABLE IF EXISTS `components_elements_navbar_sections`;
/*!40101 SET @saved_cs_client     = @@character_set_client */;
/*!40101 SET character_set_client = utf8 */;
CREATE TABLE `components_elements_navbar_sections` (
  `id` int(10) unsigned NOT NULL AUTO_INCREMENT,
  `title` varchar(255) DEFAULT NULL,
  PRIMARY KEY (`id`)
) ENGINE=InnoDB DEFAULT CHARSET=utf8;
/*!40101 SET character_set_client = @saved_cs_client */;

--
-- Dumping data for table `components_elements_navbar_sections`
--

LOCK TABLES `components_elements_navbar_sections` WRITE;
/*!40000 ALTER TABLE `components_elements_navbar_sections` DISABLE KEYS */;
/*!40000 ALTER TABLE `components_elements_navbar_sections` ENABLE KEYS */;
UNLOCK TABLES;

--
-- Table structure for table `components_elements_navbar_sections_components`
--

DROP TABLE IF EXISTS `components_elements_navbar_sections_components`;
/*!40101 SET @saved_cs_client     = @@character_set_client */;
/*!40101 SET character_set_client = utf8 */;
CREATE TABLE `components_elements_navbar_sections_components` (
  `id` int(10) unsigned NOT NULL AUTO_INCREMENT,
  `field` varchar(255) NOT NULL,
  `order` int(10) unsigned NOT NULL,
  `component_type` varchar(255) NOT NULL,
  `component_id` int(11) NOT NULL,
  `components_elements_navbar_section_id` int(10) unsigned NOT NULL,
  PRIMARY KEY (`id`),
  KEY `components_elements_navbar_section_id_fk` (`components_elements_navbar_section_id`),
  CONSTRAINT `components_elements_navbar_section_id_fk` FOREIGN KEY (`components_elements_navbar_section_id`) REFERENCES `components_elements_navbar_sections` (`id`) ON DELETE CASCADE
) ENGINE=InnoDB DEFAULT CHARSET=utf8;
/*!40101 SET character_set_client = @saved_cs_client */;

--
-- Dumping data for table `components_elements_navbar_sections_components`
--

LOCK TABLES `components_elements_navbar_sections_components` WRITE;
/*!40000 ALTER TABLE `components_elements_navbar_sections_components` DISABLE KEYS */;
/*!40000 ALTER TABLE `components_elements_navbar_sections_components` ENABLE KEYS */;
UNLOCK TABLES;

--
-- Table structure for table `components_elements_notification_banners`
--

DROP TABLE IF EXISTS `components_elements_notification_banners`;
/*!40101 SET @saved_cs_client     = @@character_set_client */;
/*!40101 SET character_set_client = utf8 */;
CREATE TABLE `components_elements_notification_banners` (
  `id` int(10) unsigned NOT NULL AUTO_INCREMENT,
  `text` longtext,
  `type` varchar(255) DEFAULT NULL,
  `title` varchar(255) DEFAULT NULL,
  PRIMARY KEY (`id`)
) ENGINE=InnoDB AUTO_INCREMENT=3 DEFAULT CHARSET=utf8;
/*!40101 SET character_set_client = @saved_cs_client */;

--
-- Dumping data for table `components_elements_notification_banners`
--

LOCK TABLES `components_elements_notification_banners` WRITE;
/*!40000 ALTER TABLE `components_elements_notification_banners` DISABLE KEYS */;
INSERT INTO `components_elements_notification_banners` VALUES (1,NULL,'info','Cookies'),(2,NULL,'info','Cookies');
/*!40000 ALTER TABLE `components_elements_notification_banners` ENABLE KEYS */;
UNLOCK TABLES;

--
-- Table structure for table `components_elements_notification_banners_components`
--

DROP TABLE IF EXISTS `components_elements_notification_banners_components`;
/*!40101 SET @saved_cs_client     = @@character_set_client */;
/*!40101 SET character_set_client = utf8 */;
CREATE TABLE `components_elements_notification_banners_components` (
  `id` int(10) unsigned NOT NULL AUTO_INCREMENT,
  `field` varchar(255) NOT NULL,
  `order` int(10) unsigned NOT NULL,
  `component_type` varchar(255) NOT NULL,
  `component_id` int(11) NOT NULL,
  `components_elements_notification_banner_id` int(10) unsigned NOT NULL,
  PRIMARY KEY (`id`),
  KEY `components_elements_notification_banner_id_fk` (`components_elements_notification_banner_id`),
  CONSTRAINT `components_elements_notification_banner_id_fk` FOREIGN KEY (`components_elements_notification_banner_id`) REFERENCES `components_elements_notification_banners` (`id`) ON DELETE CASCADE
) ENGINE=InnoDB AUTO_INCREMENT=5 DEFAULT CHARSET=utf8;
/*!40101 SET character_set_client = @saved_cs_client */;

--
-- Dumping data for table `components_elements_notification_banners_components`
--

LOCK TABLES `components_elements_notification_banners_components` WRITE;
/*!40000 ALTER TABLE `components_elements_notification_banners_components` DISABLE KEYS */;
INSERT INTO `components_elements_notification_banners_components` VALUES (1,'body',1,'components_texts_link_texts',1,1),(2,'body',2,'components_texts_link_texts',2,1),(3,'body',1,'components_texts_link_texts',7,2),(4,'body',2,'components_texts_link_texts',8,2);
/*!40000 ALTER TABLE `components_elements_notification_banners_components` ENABLE KEYS */;
UNLOCK TABLES;

--
-- Table structure for table `components_elements_placeholders`
--

DROP TABLE IF EXISTS `components_elements_placeholders`;
/*!40101 SET @saved_cs_client     = @@character_set_client */;
/*!40101 SET character_set_client = utf8 */;
CREATE TABLE `components_elements_placeholders` (
  `id` int(10) unsigned NOT NULL AUTO_INCREMENT,
  `placeholder` varchar(255) DEFAULT NULL,
  `isRequired` tinyint(1) DEFAULT NULL,
  `type` varchar(255) DEFAULT NULL,
  `name` varchar(255) DEFAULT NULL,
  `value` longtext,
  `validationMessage` longtext,
  `label` varchar(255) DEFAULT NULL,
  PRIMARY KEY (`id`)
) ENGINE=InnoDB AUTO_INCREMENT=29 DEFAULT CHARSET=utf8;
/*!40101 SET character_set_client = @saved_cs_client */;

--
-- Dumping data for table `components_elements_placeholders`
--

LOCK TABLES `components_elements_placeholders` WRITE;
/*!40000 ALTER TABLE `components_elements_placeholders` DISABLE KEYS */;
INSERT INTO `components_elements_placeholders` VALUES (1,'Nombre y apellidos *',1,NULL,NULL,NULL,NULL,NULL),(2,'Correo electr├│nico *',1,NULL,NULL,NULL,NULL,NULL),(3,'Asunto *',1,NULL,NULL,NULL,NULL,NULL),(4,'Mensaje *',1,NULL,NULL,NULL,NULL,NULL),(11,NULL,NULL,NULL,NULL,NULL,NULL,NULL),(12,NULL,NULL,NULL,NULL,NULL,NULL,NULL),(13,NULL,NULL,NULL,NULL,NULL,NULL,NULL),(27,'Search API and tags...',NULL,'text','search','',NULL,NULL),(28,'Buscar API y etiquetas...',NULL,'text','search','',NULL,NULL);
/*!40000 ALTER TABLE `components_elements_placeholders` ENABLE KEYS */;
UNLOCK TABLES;

--
-- Table structure for table `components_elements_plans`
--

DROP TABLE IF EXISTS `components_elements_plans`;
/*!40101 SET @saved_cs_client     = @@character_set_client */;
/*!40101 SET character_set_client = utf8 */;
CREATE TABLE `components_elements_plans` (
  `id` int(10) unsigned NOT NULL AUTO_INCREMENT,
  `name` varchar(255) DEFAULT NULL,
  `description` longtext,
  `isRecommended` tinyint(1) DEFAULT NULL,
  `price` decimal(10,2) DEFAULT NULL,
  `pricePeriod` varchar(255) DEFAULT NULL,
  PRIMARY KEY (`id`)
) ENGINE=InnoDB DEFAULT CHARSET=utf8;
/*!40101 SET character_set_client = @saved_cs_client */;

--
-- Dumping data for table `components_elements_plans`
--

LOCK TABLES `components_elements_plans` WRITE;
/*!40000 ALTER TABLE `components_elements_plans` DISABLE KEYS */;
/*!40000 ALTER TABLE `components_elements_plans` ENABLE KEYS */;
UNLOCK TABLES;

--
-- Table structure for table `components_elements_plans_components`
--

DROP TABLE IF EXISTS `components_elements_plans_components`;
/*!40101 SET @saved_cs_client     = @@character_set_client */;
/*!40101 SET character_set_client = utf8 */;
CREATE TABLE `components_elements_plans_components` (
  `id` int(10) unsigned NOT NULL AUTO_INCREMENT,
  `field` varchar(255) NOT NULL,
  `order` int(10) unsigned NOT NULL,
  `component_type` varchar(255) NOT NULL,
  `component_id` int(11) NOT NULL,
  `components_elements_plan_id` int(10) unsigned NOT NULL,
  PRIMARY KEY (`id`),
  KEY `components_elements_plan_id_fk` (`components_elements_plan_id`),
  CONSTRAINT `components_elements_plan_id_fk` FOREIGN KEY (`components_elements_plan_id`) REFERENCES `components_elements_plans` (`id`) ON DELETE CASCADE
) ENGINE=InnoDB DEFAULT CHARSET=utf8;
/*!40101 SET character_set_client = @saved_cs_client */;

--
-- Dumping data for table `components_elements_plans_components`
--

LOCK TABLES `components_elements_plans_components` WRITE;
/*!40000 ALTER TABLE `components_elements_plans_components` DISABLE KEYS */;
/*!40000 ALTER TABLE `components_elements_plans_components` ENABLE KEYS */;
UNLOCK TABLES;

--
-- Table structure for table `components_elements_product_cards`
--

DROP TABLE IF EXISTS `components_elements_product_cards`;
/*!40101 SET @saved_cs_client     = @@character_set_client */;
/*!40101 SET character_set_client = utf8 */;
CREATE TABLE `components_elements_product_cards` (
  `id` int(10) unsigned NOT NULL AUTO_INCREMENT,
  `title` varchar(255) DEFAULT NULL,
  `subtitle` longtext,
  PRIMARY KEY (`id`)
) ENGINE=InnoDB AUTO_INCREMENT=5 DEFAULT CHARSET=utf8;
/*!40101 SET character_set_client = @saved_cs_client */;

--
-- Dumping data for table `components_elements_product_cards`
--

LOCK TABLES `components_elements_product_cards` WRITE;
/*!40000 ALTER TABLE `components_elements_product_cards` DISABLE KEYS */;
INSERT INTO `components_elements_product_cards` VALUES (2,'API Docs','Our bespoke calculator can be added to your API or Widget to make it even easier to offer carbon-neutral stays.'),(3,'Widget','Our bespoke calculator can be added to your API or Widget to make it even easier to offer carbon-neutral stays.'),(4,'Calculators','Our bespoke calculator can be added to your API or Widget to make it even easier to offer carbon-neutral stays.');
/*!40000 ALTER TABLE `components_elements_product_cards` ENABLE KEYS */;
UNLOCK TABLES;

--
-- Table structure for table `components_elements_redirect_links`
--

DROP TABLE IF EXISTS `components_elements_redirect_links`;
/*!40101 SET @saved_cs_client     = @@character_set_client */;
/*!40101 SET character_set_client = utf8 */;
CREATE TABLE `components_elements_redirect_links` (
  `id` int(10) unsigned NOT NULL AUTO_INCREMENT,
  `title` varchar(255) DEFAULT NULL,
  PRIMARY KEY (`id`)
) ENGINE=InnoDB AUTO_INCREMENT=3 DEFAULT CHARSET=utf8;
/*!40101 SET character_set_client = @saved_cs_client */;

--
-- Dumping data for table `components_elements_redirect_links`
--

LOCK TABLES `components_elements_redirect_links` WRITE;
/*!40000 ALTER TABLE `components_elements_redirect_links` DISABLE KEYS */;
INSERT INTO `components_elements_redirect_links` VALUES (1,'Columna1544546564'),(2,'Columna2');
/*!40000 ALTER TABLE `components_elements_redirect_links` ENABLE KEYS */;
UNLOCK TABLES;

--
-- Table structure for table `components_elements_redirect_links_components`
--

DROP TABLE IF EXISTS `components_elements_redirect_links_components`;
/*!40101 SET @saved_cs_client     = @@character_set_client */;
/*!40101 SET character_set_client = utf8 */;
CREATE TABLE `components_elements_redirect_links_components` (
  `id` int(10) unsigned NOT NULL AUTO_INCREMENT,
  `field` varchar(255) NOT NULL,
  `order` int(10) unsigned NOT NULL,
  `component_type` varchar(255) NOT NULL,
  `component_id` int(11) NOT NULL,
  `components_elements_redirect_link_id` int(10) unsigned NOT NULL,
  PRIMARY KEY (`id`),
  KEY `components_elements_redirect_link_id_fk` (`components_elements_redirect_link_id`),
  CONSTRAINT `components_elements_redirect_link_id_fk` FOREIGN KEY (`components_elements_redirect_link_id`) REFERENCES `components_elements_redirect_links` (`id`) ON DELETE CASCADE
) ENGINE=InnoDB AUTO_INCREMENT=19 DEFAULT CHARSET=utf8;
/*!40101 SET character_set_client = @saved_cs_client */;

--
-- Dumping data for table `components_elements_redirect_links_components`
--

LOCK TABLES `components_elements_redirect_links_components` WRITE;
/*!40000 ALTER TABLE `components_elements_redirect_links_components` DISABLE KEYS */;
INSERT INTO `components_elements_redirect_links_components` VALUES (1,'links',1,'components_links_basic_links',3,1),(8,'links',1,'components_links_basic_links',10,2),(9,'links',2,'components_links_basic_links',11,2),(10,'links',3,'components_links_basic_links',12,2),(11,'links',2,'components_links_basic_links',13,1),(14,'links',3,'components_links_basic_links',26,1),(15,'links',4,'components_links_basic_links',27,1),(16,'links',5,'components_links_basic_links',28,1),(17,'links',4,'components_links_basic_links',29,2),(18,'links',5,'components_links_basic_links',30,2);
/*!40000 ALTER TABLE `components_elements_redirect_links_components` ENABLE KEYS */;
UNLOCK TABLES;

--
-- Table structure for table `components_elements_search_inputs`
--

DROP TABLE IF EXISTS `components_elements_search_inputs`;
/*!40101 SET @saved_cs_client     = @@character_set_client */;
/*!40101 SET character_set_client = utf8 */;
CREATE TABLE `components_elements_search_inputs` (
  `id` int(10) unsigned NOT NULL AUTO_INCREMENT,
  `title` varchar(255) DEFAULT NULL,
  `description` varchar(255) DEFAULT NULL,
  `placeholder` varchar(255) DEFAULT NULL,
  PRIMARY KEY (`id`)
) ENGINE=InnoDB DEFAULT CHARSET=utf8;
/*!40101 SET character_set_client = @saved_cs_client */;

--
-- Dumping data for table `components_elements_search_inputs`
--

LOCK TABLES `components_elements_search_inputs` WRITE;
/*!40000 ALTER TABLE `components_elements_search_inputs` DISABLE KEYS */;
/*!40000 ALTER TABLE `components_elements_search_inputs` ENABLE KEYS */;
UNLOCK TABLES;

--
-- Table structure for table `components_elements_search_inputs_components`
--

DROP TABLE IF EXISTS `components_elements_search_inputs_components`;
/*!40101 SET @saved_cs_client     = @@character_set_client */;
/*!40101 SET character_set_client = utf8 */;
CREATE TABLE `components_elements_search_inputs_components` (
  `id` int(10) unsigned NOT NULL AUTO_INCREMENT,
  `field` varchar(255) NOT NULL,
  `order` int(10) unsigned NOT NULL,
  `component_type` varchar(255) NOT NULL,
  `component_id` int(11) NOT NULL,
  `components_elements_search_input_id` int(10) unsigned NOT NULL,
  PRIMARY KEY (`id`),
  KEY `components_elements_search_input_id_fk` (`components_elements_search_input_id`),
  CONSTRAINT `components_elements_search_input_id_fk` FOREIGN KEY (`components_elements_search_input_id`) REFERENCES `components_elements_search_inputs` (`id`) ON DELETE CASCADE
) ENGINE=InnoDB DEFAULT CHARSET=utf8;
/*!40101 SET character_set_client = @saved_cs_client */;

--
-- Dumping data for table `components_elements_search_inputs_components`
--

LOCK TABLES `components_elements_search_inputs_components` WRITE;
/*!40000 ALTER TABLE `components_elements_search_inputs_components` DISABLE KEYS */;
/*!40000 ALTER TABLE `components_elements_search_inputs_components` ENABLE KEYS */;
UNLOCK TABLES;

--
-- Table structure for table `components_elements_search_outputs`
--

DROP TABLE IF EXISTS `components_elements_search_outputs`;
/*!40101 SET @saved_cs_client     = @@character_set_client */;
/*!40101 SET character_set_client = utf8 */;
CREATE TABLE `components_elements_search_outputs` (
  `id` int(10) unsigned NOT NULL AUTO_INCREMENT,
  `title` varchar(255) DEFAULT NULL,
  `description` varchar(255) DEFAULT NULL,
  `resultInfo` varchar(255) DEFAULT NULL,
  `numberResults` bigint(20) DEFAULT NULL,
  `message` varchar(255) DEFAULT NULL,
  PRIMARY KEY (`id`)
) ENGINE=InnoDB DEFAULT CHARSET=utf8;
/*!40101 SET character_set_client = @saved_cs_client */;

--
-- Dumping data for table `components_elements_search_outputs`
--

LOCK TABLES `components_elements_search_outputs` WRITE;
/*!40000 ALTER TABLE `components_elements_search_outputs` DISABLE KEYS */;
/*!40000 ALTER TABLE `components_elements_search_outputs` ENABLE KEYS */;
UNLOCK TABLES;

--
-- Table structure for table `components_elements_search_outputs_components`
--

DROP TABLE IF EXISTS `components_elements_search_outputs_components`;
/*!40101 SET @saved_cs_client     = @@character_set_client */;
/*!40101 SET character_set_client = utf8 */;
CREATE TABLE `components_elements_search_outputs_components` (
  `id` int(10) unsigned NOT NULL AUTO_INCREMENT,
  `field` varchar(255) NOT NULL,
  `order` int(10) unsigned NOT NULL,
  `component_type` varchar(255) NOT NULL,
  `component_id` int(11) NOT NULL,
  `components_elements_search_output_id` int(10) unsigned NOT NULL,
  PRIMARY KEY (`id`),
  KEY `components_elements_search_output_id_fk` (`components_elements_search_output_id`),
  CONSTRAINT `components_elements_search_output_id_fk` FOREIGN KEY (`components_elements_search_output_id`) REFERENCES `components_elements_search_outputs` (`id`) ON DELETE CASCADE
) ENGINE=InnoDB DEFAULT CHARSET=utf8;
/*!40101 SET character_set_client = @saved_cs_client */;

--
-- Dumping data for table `components_elements_search_outputs_components`
--

LOCK TABLES `components_elements_search_outputs_components` WRITE;
/*!40000 ALTER TABLE `components_elements_search_outputs_components` DISABLE KEYS */;
/*!40000 ALTER TABLE `components_elements_search_outputs_components` ENABLE KEYS */;
UNLOCK TABLES;

--
-- Table structure for table `components_elements_selects`
--

DROP TABLE IF EXISTS `components_elements_selects`;
/*!40101 SET @saved_cs_client     = @@character_set_client */;
/*!40101 SET character_set_client = utf8 */;
CREATE TABLE `components_elements_selects` (
  `id` int(10) unsigned NOT NULL AUTO_INCREMENT,
  `name` varchar(255) DEFAULT NULL,
  PRIMARY KEY (`id`)
) ENGINE=InnoDB DEFAULT CHARSET=utf8;
/*!40101 SET character_set_client = @saved_cs_client */;

--
-- Dumping data for table `components_elements_selects`
--

LOCK TABLES `components_elements_selects` WRITE;
/*!40000 ALTER TABLE `components_elements_selects` DISABLE KEYS */;
/*!40000 ALTER TABLE `components_elements_selects` ENABLE KEYS */;
UNLOCK TABLES;

--
-- Table structure for table `components_elements_selects_components`
--

DROP TABLE IF EXISTS `components_elements_selects_components`;
/*!40101 SET @saved_cs_client     = @@character_set_client */;
/*!40101 SET character_set_client = utf8 */;
CREATE TABLE `components_elements_selects_components` (
  `id` int(10) unsigned NOT NULL AUTO_INCREMENT,
  `field` varchar(255) NOT NULL,
  `order` int(10) unsigned NOT NULL,
  `component_type` varchar(255) NOT NULL,
  `component_id` int(11) NOT NULL,
  `components_elements_select_id` int(10) unsigned NOT NULL,
  PRIMARY KEY (`id`),
  KEY `components_elements_select_id_fk` (`components_elements_select_id`),
  CONSTRAINT `components_elements_select_id_fk` FOREIGN KEY (`components_elements_select_id`) REFERENCES `components_elements_selects` (`id`) ON DELETE CASCADE
) ENGINE=InnoDB DEFAULT CHARSET=utf8;
/*!40101 SET character_set_client = @saved_cs_client */;

--
-- Dumping data for table `components_elements_selects_components`
--

LOCK TABLES `components_elements_selects_components` WRITE;
/*!40000 ALTER TABLE `components_elements_selects_components` DISABLE KEYS */;
/*!40000 ALTER TABLE `components_elements_selects_components` ENABLE KEYS */;
UNLOCK TABLES;

--
-- Table structure for table `components_elements_sliders`
--

DROP TABLE IF EXISTS `components_elements_sliders`;
/*!40101 SET @saved_cs_client     = @@character_set_client */;
/*!40101 SET character_set_client = utf8 */;
CREATE TABLE `components_elements_sliders` (
  `id` int(10) unsigned NOT NULL AUTO_INCREMENT,
  `title` varchar(255) DEFAULT NULL,
  `actionButtons` longtext,
  PRIMARY KEY (`id`)
) ENGINE=InnoDB AUTO_INCREMENT=5 DEFAULT CHARSET=utf8;
/*!40101 SET character_set_client = @saved_cs_client */;

--
-- Dumping data for table `components_elements_sliders`
--

LOCK TABLES `components_elements_sliders` WRITE;
/*!40000 ALTER TABLE `components_elements_sliders` DISABLE KEYS */;
INSERT INTO `components_elements_sliders` VALUES (1,'API Market de la primera herramienta para implementar API First','[{\"label\":\"Empezar ahora\",\"type\":\"tertiary\",\"route\":\"\"},{\"label\":\"Ver APIS\",\"type\":\"ghost\",\"route\":\"/apis\"}]'),(2,'Descubre las bibliotecas','[{\"label\":\"Empezar\",\"type\":\"tertiary\"}]'),(4,'Descubre las novedades','[{\"label\":\"Empezar\",\"type\":\"tertiary\",\"route\":\"\"}]');
/*!40000 ALTER TABLE `components_elements_sliders` ENABLE KEYS */;
UNLOCK TABLES;

--
-- Table structure for table `components_elements_social_networks`
--

DROP TABLE IF EXISTS `components_elements_social_networks`;
/*!40101 SET @saved_cs_client     = @@character_set_client */;
/*!40101 SET character_set_client = utf8 */;
CREATE TABLE `components_elements_social_networks` (
  `id` int(10) unsigned NOT NULL AUTO_INCREMENT,
  `url` varchar(255) DEFAULT NULL,
  `type` varchar(255) DEFAULT NULL,
  PRIMARY KEY (`id`)
) ENGINE=InnoDB AUTO_INCREMENT=13 DEFAULT CHARSET=utf8;
/*!40101 SET character_set_client = @saved_cs_client */;

--
-- Dumping data for table `components_elements_social_networks`
--

LOCK TABLES `components_elements_social_networks` WRITE;
/*!40000 ALTER TABLE `components_elements_social_networks` DISABLE KEYS */;
INSERT INTO `components_elements_social_networks` VALUES (1,NULL,NULL),(2,'https://www.facebook.com/adpreferences/ad_settings/?entry_product=account_settings_menu','Facebook'),(3,'https://www.facebook.com/adpreferences/ad_settings/?entry_product=account_settings_menu','LinkedIn'),(4,'https://www.facebook.com/adpreferences/ad_settings/?entry_product=account_settings_menu','Twitter'),(5,'https://www.facebook.com/adpreferences/ad_settings/?entry_product=account_settings_menu','Youtube'),(6,'https://www.facebook.com/adpreferences/ad_settings/?entry_product=account_settings_menu','Facebook'),(7,'https://www.facebook.com/adpreferences/ad_settings/?entry_product=account_settings_menu','Facebook'),(8,'https://www.facebook.com/adpreferences/ad_settings/?entry_product=account_settings_menu','Twitter'),(9,'https://www.facebook.com/adpreferences/ad_settings/?entry_product=account_settings_menu','Twitter'),(10,'https://www.facebook.com/ClimateTrade-445008769581303/','Facebook'),(11,'https://es.linkedin.com/company/climatetrade','LinkedIn'),(12,'https://twitter.com/climatetrade','Twitter');
/*!40000 ALTER TABLE `components_elements_social_networks` ENABLE KEYS */;
UNLOCK TABLES;

--
-- Table structure for table `components_elements_status_enumerables`
--

DROP TABLE IF EXISTS `components_elements_status_enumerables`;
/*!40101 SET @saved_cs_client     = @@character_set_client */;
/*!40101 SET character_set_client = utf8 */;
CREATE TABLE `components_elements_status_enumerables` (
  `id` int(10) unsigned NOT NULL AUTO_INCREMENT,
  `status` varchar(255) DEFAULT NULL,
  PRIMARY KEY (`id`)
) ENGINE=InnoDB DEFAULT CHARSET=utf8;
/*!40101 SET character_set_client = @saved_cs_client */;

--
-- Dumping data for table `components_elements_status_enumerables`
--

LOCK TABLES `components_elements_status_enumerables` WRITE;
/*!40000 ALTER TABLE `components_elements_status_enumerables` DISABLE KEYS */;
/*!40000 ALTER TABLE `components_elements_status_enumerables` ENABLE KEYS */;
UNLOCK TABLES;

--
-- Table structure for table `components_elements_titles`
--

DROP TABLE IF EXISTS `components_elements_titles`;
/*!40101 SET @saved_cs_client     = @@character_set_client */;
/*!40101 SET character_set_client = utf8 */;
CREATE TABLE `components_elements_titles` (
  `id` int(10) unsigned NOT NULL AUTO_INCREMENT,
  `title` varchar(255) DEFAULT NULL,
  `label` varchar(255) DEFAULT NULL,
  `class` varchar(255) DEFAULT NULL,
  `tab` varchar(255) DEFAULT NULL,
  PRIMARY KEY (`id`)
) ENGINE=InnoDB AUTO_INCREMENT=65 DEFAULT CHARSET=utf8;
/*!40101 SET character_set_client = @saved_cs_client */;

--
-- Dumping data for table `components_elements_titles`
--

LOCK TABLES `components_elements_titles` WRITE;
/*!40000 ALTER TABLE `components_elements_titles` DISABLE KEYS */;
INSERT INTO `components_elements_titles` VALUES (5,'APIs','APIs','primary','three'),(6,'Empresas','Empresas','primary','four'),(7,'Desarrolladores','Desarrolladores','primary','two'),(8,'APIs','APIs','primary','three'),(9,'Desarrolladores','Desarrolladores','primary','two'),(10,'In egestas blandit ','in-egestas-blandit',NULL,NULL),(11,'Información','informacion',NULL,NULL),(12,'In egestas blandit felis','in-egestas-blandit-felis',NULL,NULL),(21,'APIs','APIs','primary','three'),(22,'Novedades','Novedades','primary','one'),(23,NULL,'ejemplo','gray',NULL),(24,NULL,'Novedades','gray',NULL),(25,NULL,'Banca','gray',NULL),(26,NULL,'Vida','gray',NULL),(27,NULL,'Vida','gray',NULL),(28,NULL,'Siniestro vehicular','gray',NULL),(29,NULL,'Demo','gray',NULL),(30,NULL,'Siniestro vehicular','gray',NULL),(31,NULL,'Apis','gray',NULL),(32,NULL,'Demo','gray',NULL),(33,NULL,'Vida','gray',NULL),(34,NULL,'Apis','gray',NULL),(35,NULL,'Demo','gray',NULL),(36,NULL,'Siniestro vehicular','gray',NULL),(37,NULL,'Apis','gray',NULL),(38,NULL,'Demo','gray',NULL),(39,NULL,'Siniestro vehicular','gray',NULL),(40,NULL,'Banca','gray',NULL),(41,NULL,'Siniestro vehicular','gray',NULL),(42,NULL,'ejemplo','gray',NULL),(43,NULL,'Novedades','gray',NULL),(44,NULL,'Banca','gray',NULL),(45,NULL,'Vida','gray',NULL),(47,'Novedades','Novedades','primary','one'),(48,'Desarrolladores','Desarrolladores','primary','one'),(49,'APIs','APIs','primary','three'),(50,'Desarrolladores','Desarrolladores','primary','one'),(51,'Desarrolladores','Desarrolladores','primary','one'),(52,'APIs','APIs','primary','three'),(53,'Empresas','Empresas','primary','four'),(54,'Desarrolladores','Desarrolladores','primary','one'),(55,'Empresas','Empresas','primary','two'),(58,'APIs','APIs','primary','three'),(59,'Empresas','Empresas','primary','four'),(60,'Desarrolladores','Desarrolladores','primary','two'),(61,NULL,'Empresas','primary',NULL),(62,'APIs','APIs','primary','three'),(63,'Desarrolladores','Desarrolladores','primary','two'),(64,'APIs','APIs','primary','four');
/*!40000 ALTER TABLE `components_elements_titles` ENABLE KEYS */;
UNLOCK TABLES;

--
-- Table structure for table `components_formulario_button_forms`
--

DROP TABLE IF EXISTS `components_formulario_button_forms`;
/*!40101 SET @saved_cs_client     = @@character_set_client */;
/*!40101 SET character_set_client = utf8 */;
CREATE TABLE `components_formulario_button_forms` (
  `id` int(10) unsigned NOT NULL AUTO_INCREMENT,
  `type` varchar(255) DEFAULT NULL,
  `text` varchar(255) DEFAULT NULL,
  `class` varchar(255) DEFAULT NULL,
  `order` int(11) DEFAULT NULL,
  `name` varchar(255) DEFAULT NULL,
  PRIMARY KEY (`id`)
) ENGINE=InnoDB DEFAULT CHARSET=utf8;
/*!40101 SET character_set_client = @saved_cs_client */;

--
-- Dumping data for table `components_formulario_button_forms`
--

LOCK TABLES `components_formulario_button_forms` WRITE;
/*!40000 ALTER TABLE `components_formulario_button_forms` DISABLE KEYS */;
/*!40000 ALTER TABLE `components_formulario_button_forms` ENABLE KEYS */;
UNLOCK TABLES;

--
-- Table structure for table `components_formulario_button_forms_components`
--

DROP TABLE IF EXISTS `components_formulario_button_forms_components`;
/*!40101 SET @saved_cs_client     = @@character_set_client */;
/*!40101 SET character_set_client = utf8 */;
CREATE TABLE `components_formulario_button_forms_components` (
  `id` int(10) unsigned NOT NULL AUTO_INCREMENT,
  `field` varchar(255) NOT NULL,
  `order` int(10) unsigned NOT NULL,
  `component_type` varchar(255) NOT NULL,
  `component_id` int(11) NOT NULL,
  `components_formulario_button_form_id` int(10) unsigned NOT NULL,
  PRIMARY KEY (`id`),
  KEY `components_formulario_button_form_id_fk` (`components_formulario_button_form_id`),
  CONSTRAINT `components_formulario_button_form_id_fk` FOREIGN KEY (`components_formulario_button_form_id`) REFERENCES `components_formulario_button_forms` (`id`) ON DELETE CASCADE
) ENGINE=InnoDB DEFAULT CHARSET=utf8;
/*!40101 SET character_set_client = @saved_cs_client */;

--
-- Dumping data for table `components_formulario_button_forms_components`
--

LOCK TABLES `components_formulario_button_forms_components` WRITE;
/*!40000 ALTER TABLE `components_formulario_button_forms_components` DISABLE KEYS */;
/*!40000 ALTER TABLE `components_formulario_button_forms_components` ENABLE KEYS */;
UNLOCK TABLES;

--
-- Table structure for table `components_formulario_checkboxes`
--

DROP TABLE IF EXISTS `components_formulario_checkboxes`;
/*!40101 SET @saved_cs_client     = @@character_set_client */;
/*!40101 SET character_set_client = utf8 */;
CREATE TABLE `components_formulario_checkboxes` (
  `id` int(10) unsigned NOT NULL AUTO_INCREMENT,
  `type` varchar(255) DEFAULT NULL,
  `label` varchar(255) DEFAULT NULL,
  `value` tinyint(1) DEFAULT NULL,
  `isRequired` tinyint(1) DEFAULT NULL,
  `errorMessage` varchar(255) DEFAULT NULL,
  `order` int(11) DEFAULT NULL,
  `name` varchar(255) DEFAULT NULL,
  PRIMARY KEY (`id`)
) ENGINE=InnoDB DEFAULT CHARSET=utf8;
/*!40101 SET character_set_client = @saved_cs_client */;

--
-- Dumping data for table `components_formulario_checkboxes`
--

LOCK TABLES `components_formulario_checkboxes` WRITE;
/*!40000 ALTER TABLE `components_formulario_checkboxes` DISABLE KEYS */;
/*!40000 ALTER TABLE `components_formulario_checkboxes` ENABLE KEYS */;
UNLOCK TABLES;

--
-- Table structure for table `components_formulario_filter_estatuses`
--

DROP TABLE IF EXISTS `components_formulario_filter_estatuses`;
/*!40101 SET @saved_cs_client     = @@character_set_client */;
/*!40101 SET character_set_client = utf8 */;
CREATE TABLE `components_formulario_filter_estatuses` (
  `id` int(10) unsigned NOT NULL AUTO_INCREMENT,
  `title` varchar(255) DEFAULT NULL,
  PRIMARY KEY (`id`)
) ENGINE=InnoDB DEFAULT CHARSET=utf8;
/*!40101 SET character_set_client = @saved_cs_client */;

--
-- Dumping data for table `components_formulario_filter_estatuses`
--

LOCK TABLES `components_formulario_filter_estatuses` WRITE;
/*!40000 ALTER TABLE `components_formulario_filter_estatuses` DISABLE KEYS */;
/*!40000 ALTER TABLE `components_formulario_filter_estatuses` ENABLE KEYS */;
UNLOCK TABLES;

--
-- Table structure for table `components_formulario_filter_estatuses_components`
--

DROP TABLE IF EXISTS `components_formulario_filter_estatuses_components`;
/*!40101 SET @saved_cs_client     = @@character_set_client */;
/*!40101 SET character_set_client = utf8 */;
CREATE TABLE `components_formulario_filter_estatuses_components` (
  `id` int(10) unsigned NOT NULL AUTO_INCREMENT,
  `field` varchar(255) NOT NULL,
  `order` int(10) unsigned NOT NULL,
  `component_type` varchar(255) NOT NULL,
  `component_id` int(11) NOT NULL,
  `components_formulario_filter_estatus_id` int(10) unsigned NOT NULL,
  PRIMARY KEY (`id`),
  KEY `components_formulario_filter_estatus_id_fk` (`components_formulario_filter_estatus_id`),
  CONSTRAINT `components_formulario_filter_estatus_id_fk` FOREIGN KEY (`components_formulario_filter_estatus_id`) REFERENCES `components_formulario_filter_estatuses` (`id`) ON DELETE CASCADE
) ENGINE=InnoDB DEFAULT CHARSET=utf8;
/*!40101 SET character_set_client = @saved_cs_client */;

--
-- Dumping data for table `components_formulario_filter_estatuses_components`
--

LOCK TABLES `components_formulario_filter_estatuses_components` WRITE;
/*!40000 ALTER TABLE `components_formulario_filter_estatuses_components` DISABLE KEYS */;
/*!40000 ALTER TABLE `components_formulario_filter_estatuses_components` ENABLE KEYS */;
UNLOCK TABLES;

--
-- Table structure for table `components_formulario_filter_selects`
--

DROP TABLE IF EXISTS `components_formulario_filter_selects`;
/*!40101 SET @saved_cs_client     = @@character_set_client */;
/*!40101 SET character_set_client = utf8 */;
CREATE TABLE `components_formulario_filter_selects` (
  `id` int(10) unsigned NOT NULL AUTO_INCREMENT,
  `title` varchar(255) DEFAULT NULL,
  PRIMARY KEY (`id`)
) ENGINE=InnoDB DEFAULT CHARSET=utf8;
/*!40101 SET character_set_client = @saved_cs_client */;

--
-- Dumping data for table `components_formulario_filter_selects`
--

LOCK TABLES `components_formulario_filter_selects` WRITE;
/*!40000 ALTER TABLE `components_formulario_filter_selects` DISABLE KEYS */;
/*!40000 ALTER TABLE `components_formulario_filter_selects` ENABLE KEYS */;
UNLOCK TABLES;

--
-- Table structure for table `components_formulario_filter_selects_components`
--

DROP TABLE IF EXISTS `components_formulario_filter_selects_components`;
/*!40101 SET @saved_cs_client     = @@character_set_client */;
/*!40101 SET character_set_client = utf8 */;
CREATE TABLE `components_formulario_filter_selects_components` (
  `id` int(10) unsigned NOT NULL AUTO_INCREMENT,
  `field` varchar(255) NOT NULL,
  `order` int(10) unsigned NOT NULL,
  `component_type` varchar(255) NOT NULL,
  `component_id` int(11) NOT NULL,
  `components_formulario_filter_select_id` int(10) unsigned NOT NULL,
  PRIMARY KEY (`id`),
  KEY `components_formulario_filter_select_id_fk` (`components_formulario_filter_select_id`),
  CONSTRAINT `components_formulario_filter_select_id_fk` FOREIGN KEY (`components_formulario_filter_select_id`) REFERENCES `components_formulario_filter_selects` (`id`) ON DELETE CASCADE
) ENGINE=InnoDB DEFAULT CHARSET=utf8;
/*!40101 SET character_set_client = @saved_cs_client */;

--
-- Dumping data for table `components_formulario_filter_selects_components`
--

LOCK TABLES `components_formulario_filter_selects_components` WRITE;
/*!40000 ALTER TABLE `components_formulario_filter_selects_components` DISABLE KEYS */;
/*!40000 ALTER TABLE `components_formulario_filter_selects_components` ENABLE KEYS */;
UNLOCK TABLES;

--
-- Table structure for table `components_formulario_forms`
--

DROP TABLE IF EXISTS `components_formulario_forms`;
/*!40101 SET @saved_cs_client     = @@character_set_client */;
/*!40101 SET character_set_client = utf8 */;
CREATE TABLE `components_formulario_forms` (
  `id` int(10) unsigned NOT NULL AUTO_INCREMENT,
  `title` longtext,
  `subtitle` longtext,
  PRIMARY KEY (`id`)
) ENGINE=InnoDB DEFAULT CHARSET=utf8;
/*!40101 SET character_set_client = @saved_cs_client */;

--
-- Dumping data for table `components_formulario_forms`
--

LOCK TABLES `components_formulario_forms` WRITE;
/*!40000 ALTER TABLE `components_formulario_forms` DISABLE KEYS */;
/*!40000 ALTER TABLE `components_formulario_forms` ENABLE KEYS */;
UNLOCK TABLES;

--
-- Table structure for table `components_formulario_forms_components`
--

DROP TABLE IF EXISTS `components_formulario_forms_components`;
/*!40101 SET @saved_cs_client     = @@character_set_client */;
/*!40101 SET character_set_client = utf8 */;
CREATE TABLE `components_formulario_forms_components` (
  `id` int(10) unsigned NOT NULL AUTO_INCREMENT,
  `field` varchar(255) NOT NULL,
  `order` int(10) unsigned NOT NULL,
  `component_type` varchar(255) NOT NULL,
  `component_id` int(11) NOT NULL,
  `components_formulario_form_id` int(10) unsigned NOT NULL,
  PRIMARY KEY (`id`),
  KEY `components_formulario_form_id_fk` (`components_formulario_form_id`),
  CONSTRAINT `components_formulario_form_id_fk` FOREIGN KEY (`components_formulario_form_id`) REFERENCES `components_formulario_forms` (`id`) ON DELETE CASCADE
) ENGINE=InnoDB DEFAULT CHARSET=utf8;
/*!40101 SET character_set_client = @saved_cs_client */;

--
-- Dumping data for table `components_formulario_forms_components`
--

LOCK TABLES `components_formulario_forms_components` WRITE;
/*!40000 ALTER TABLE `components_formulario_forms_components` DISABLE KEYS */;
/*!40000 ALTER TABLE `components_formulario_forms_components` ENABLE KEYS */;
UNLOCK TABLES;

--
-- Table structure for table `components_formulario_inputs`
--

DROP TABLE IF EXISTS `components_formulario_inputs`;
/*!40101 SET @saved_cs_client     = @@character_set_client */;
/*!40101 SET character_set_client = utf8 */;
CREATE TABLE `components_formulario_inputs` (
  `id` int(10) unsigned NOT NULL AUTO_INCREMENT,
  `placeholder` varchar(255) DEFAULT NULL,
  `value` varchar(255) DEFAULT NULL,
  `isRequired` tinyint(1) DEFAULT NULL,
  `errorMessage` varchar(255) DEFAULT NULL,
  `order` int(11) DEFAULT NULL,
  `type` varchar(255) DEFAULT NULL,
  `name` varchar(255) DEFAULT NULL,
  PRIMARY KEY (`id`)
) ENGINE=InnoDB DEFAULT CHARSET=utf8;
/*!40101 SET character_set_client = @saved_cs_client */;

--
-- Dumping data for table `components_formulario_inputs`
--

LOCK TABLES `components_formulario_inputs` WRITE;
/*!40000 ALTER TABLE `components_formulario_inputs` DISABLE KEYS */;
/*!40000 ALTER TABLE `components_formulario_inputs` ENABLE KEYS */;
UNLOCK TABLES;

--
-- Table structure for table `components_formulario_options`
--

DROP TABLE IF EXISTS `components_formulario_options`;
/*!40101 SET @saved_cs_client     = @@character_set_client */;
/*!40101 SET character_set_client = utf8 */;
CREATE TABLE `components_formulario_options` (
  `id` int(10) unsigned NOT NULL AUTO_INCREMENT,
  `value` varchar(255) DEFAULT NULL,
  `selected` varchar(255) DEFAULT NULL,
  `text` varchar(255) DEFAULT NULL,
  `isRequired` tinyint(1) DEFAULT NULL,
  `errorMessage` varchar(255) DEFAULT NULL,
  PRIMARY KEY (`id`)
) ENGINE=InnoDB AUTO_INCREMENT=13 DEFAULT CHARSET=utf8;
/*!40101 SET character_set_client = @saved_cs_client */;

--
-- Dumping data for table `components_formulario_options`
--

LOCK TABLES `components_formulario_options` WRITE;
/*!40000 ALTER TABLE `components_formulario_options` DISABLE KEYS */;
INSERT INTO `components_formulario_options` VALUES (4,'asc','selected','Name (A-Z)',NULL,NULL),(5,'desc',NULL,'Name (Z-A)',NULL,NULL),(11,'asc','selected','Nombre (A-Z)',NULL,NULL),(12,'desc',NULL,'Nombre (Z- A)',NULL,NULL);
/*!40000 ALTER TABLE `components_formulario_options` ENABLE KEYS */;
UNLOCK TABLES;

--
-- Table structure for table `components_formulario_select_options`
--

DROP TABLE IF EXISTS `components_formulario_select_options`;
/*!40101 SET @saved_cs_client     = @@character_set_client */;
/*!40101 SET character_set_client = utf8 */;
CREATE TABLE `components_formulario_select_options` (
  `id` int(10) unsigned NOT NULL AUTO_INCREMENT,
  `name` varchar(255) DEFAULT NULL,
  `isRequired` tinyint(1) DEFAULT NULL,
  `errorMessage` varchar(255) DEFAULT NULL,
  `type` varchar(255) DEFAULT NULL,
  `order` int(11) DEFAULT NULL,
  PRIMARY KEY (`id`)
) ENGINE=InnoDB AUTO_INCREMENT=5 DEFAULT CHARSET=utf8;
/*!40101 SET character_set_client = @saved_cs_client */;

--
-- Dumping data for table `components_formulario_select_options`
--

LOCK TABLES `components_formulario_select_options` WRITE;
/*!40000 ALTER TABLE `components_formulario_select_options` DISABLE KEYS */;
INSERT INTO `components_formulario_select_options` VALUES (2,'order_by',NULL,NULL,'select',NULL),(4,'order_by',NULL,NULL,'select',NULL);
/*!40000 ALTER TABLE `components_formulario_select_options` ENABLE KEYS */;
UNLOCK TABLES;

--
-- Table structure for table `components_formulario_select_options_components`
--

DROP TABLE IF EXISTS `components_formulario_select_options_components`;
/*!40101 SET @saved_cs_client     = @@character_set_client */;
/*!40101 SET character_set_client = utf8 */;
CREATE TABLE `components_formulario_select_options_components` (
  `id` int(10) unsigned NOT NULL AUTO_INCREMENT,
  `field` varchar(255) NOT NULL,
  `order` int(10) unsigned NOT NULL,
  `component_type` varchar(255) NOT NULL,
  `component_id` int(11) NOT NULL,
  `components_formulario_select_option_id` int(10) unsigned NOT NULL,
  PRIMARY KEY (`id`),
  KEY `components_formulario_select_option_id_fk` (`components_formulario_select_option_id`),
  CONSTRAINT `components_formulario_select_option_id_fk` FOREIGN KEY (`components_formulario_select_option_id`) REFERENCES `components_formulario_select_options` (`id`) ON DELETE CASCADE
) ENGINE=InnoDB AUTO_INCREMENT=13 DEFAULT CHARSET=utf8;
/*!40101 SET character_set_client = @saved_cs_client */;

--
-- Dumping data for table `components_formulario_select_options_components`
--

LOCK TABLES `components_formulario_select_options_components` WRITE;
/*!40000 ALTER TABLE `components_formulario_select_options_components` DISABLE KEYS */;
INSERT INTO `components_formulario_select_options_components` VALUES (4,'Option',1,'components_formulario_options',4,2),(5,'Option',2,'components_formulario_options',5,2),(11,'Option',1,'components_formulario_options',11,4),(12,'Option',2,'components_formulario_options',12,4);
/*!40000 ALTER TABLE `components_formulario_select_options_components` ENABLE KEYS */;
UNLOCK TABLES;

--
-- Table structure for table `components_formulario_selects`
--

DROP TABLE IF EXISTS `components_formulario_selects`;
/*!40101 SET @saved_cs_client     = @@character_set_client */;
/*!40101 SET character_set_client = utf8 */;
CREATE TABLE `components_formulario_selects` (
  `id` int(10) unsigned NOT NULL AUTO_INCREMENT,
  `name` varchar(255) DEFAULT NULL,
  `isRequired` tinyint(1) DEFAULT NULL,
  `errorMessage` varchar(255) DEFAULT NULL,
  PRIMARY KEY (`id`)
) ENGINE=InnoDB DEFAULT CHARSET=utf8;
/*!40101 SET character_set_client = @saved_cs_client */;

--
-- Dumping data for table `components_formulario_selects`
--

LOCK TABLES `components_formulario_selects` WRITE;
/*!40000 ALTER TABLE `components_formulario_selects` DISABLE KEYS */;
/*!40000 ALTER TABLE `components_formulario_selects` ENABLE KEYS */;
UNLOCK TABLES;

--
-- Table structure for table `components_formulario_selects_components`
--

DROP TABLE IF EXISTS `components_formulario_selects_components`;
/*!40101 SET @saved_cs_client     = @@character_set_client */;
/*!40101 SET character_set_client = utf8 */;
CREATE TABLE `components_formulario_selects_components` (
  `id` int(10) unsigned NOT NULL AUTO_INCREMENT,
  `field` varchar(255) NOT NULL,
  `order` int(10) unsigned NOT NULL,
  `component_type` varchar(255) NOT NULL,
  `component_id` int(11) NOT NULL,
  `components_formulario_select_id` int(10) unsigned NOT NULL,
  PRIMARY KEY (`id`),
  KEY `components_formulario_select_id_fk` (`components_formulario_select_id`),
  CONSTRAINT `components_formulario_select_id_fk` FOREIGN KEY (`components_formulario_select_id`) REFERENCES `components_formulario_selects` (`id`) ON DELETE CASCADE
) ENGINE=InnoDB DEFAULT CHARSET=utf8;
/*!40101 SET character_set_client = @saved_cs_client */;

--
-- Dumping data for table `components_formulario_selects_components`
--

LOCK TABLES `components_formulario_selects_components` WRITE;
/*!40000 ALTER TABLE `components_formulario_selects_components` DISABLE KEYS */;
/*!40000 ALTER TABLE `components_formulario_selects_components` ENABLE KEYS */;
UNLOCK TABLES;

--
-- Table structure for table `components_home_banner_sections`
--

DROP TABLE IF EXISTS `components_home_banner_sections`;
/*!40101 SET @saved_cs_client     = @@character_set_client */;
/*!40101 SET character_set_client = utf8 */;
CREATE TABLE `components_home_banner_sections` (
  `id` int(10) unsigned NOT NULL AUTO_INCREMENT,
  `title` varchar(255) DEFAULT NULL,
  `subtitle` longtext,
  `search` varchar(255) DEFAULT NULL,
  PRIMARY KEY (`id`)
) ENGINE=InnoDB AUTO_INCREMENT=78 DEFAULT CHARSET=utf8;
/*!40101 SET character_set_client = @saved_cs_client */;

--
-- Dumping data for table `components_home_banner_sections`
--

LOCK TABLES `components_home_banner_sections` WRITE;
/*!40000 ALTER TABLE `components_home_banner_sections` DISABLE KEYS */;
INSERT INTO `components_home_banner_sections` VALUES (7,'Integrated CO2 offsetting for flights','ClimateTrade API for airlines',NULL),(8,'Carbon offsetting for online stores','Sell carbon-neutral products on your e-commerce platform',NULL),(9,'Offset every ride','ClimateTrade API for mobility',NULL),(20,'Make your events carbon-neutral','Calculate and offset the emissions associated with your events',NULL),(23,'Climate solutions for buildings','ClimateTrade calculator and API for the construction sector',NULL),(24,'Carbon-neutral holidays','A climate API for the tourism sector',NULL),(25,'Integrated CO2 offsetting for Chambers of Commerce ','Allow your members to calculate and offset their carbon footprint',NULL),(26,'Traceable carbon offsetting for FIs','Environmental accountability made easy',NULL),(27,'The power of crypto, without its footprint','Offset the negative environmental impact of all things blockchain',NULL),(49,'Soluciones clim├íticas para edificios','Calculadora de ClimateTrade y API para el sector de la construcci├│n',NULL),(51,'Vacaciones neutras en carbono','Una API clim├ítica para el sector tur├¡stico',NULL),(53,'Compensaci├│n integrada de CO2 para C├ímaras de Comercio','Permita que sus socios calculen y compensen su huella de carbono',NULL),(55,'Compensaci├│n de carbono para tiendas online','Vende productos neutros en carbono en tu plataforma de comercio electr├│nico',NULL),(57,'Compensaci├│n de carbono trazable para FIs','La responsabilidad medioambiental simplificada',NULL),(63,'El poder de las criptomonedas, sin su huella','Compensar el impacto ambiental negativo de todo lo relacionado con blockchain',NULL),(65,'Compensa cada viaje','API de ClimateTrade para movilidad',NULL),(66,'Haz que tus eventos sean neutros en carbono','Calcula y compensa las emisiones asociadas a tus eventos',NULL),(67,'Compensaci├│n integrada de CO2 para vuelos','API de ClimateTrade para aerol├¡neas',NULL),(72,'Preguntas frecuentes',NULL,NULL),(74,'Integra tus sistemas con las APIs','Documentación y entorno de prueba en un solo lugar',NULL),(76,'',NULL,NULL),(77,'Descubre las novedades',NULL,'Buscar');
/*!40000 ALTER TABLE `components_home_banner_sections` ENABLE KEYS */;
UNLOCK TABLES;

--
-- Table structure for table `components_home_banner_sections_components`
--

DROP TABLE IF EXISTS `components_home_banner_sections_components`;
/*!40101 SET @saved_cs_client     = @@character_set_client */;
/*!40101 SET character_set_client = utf8 */;
CREATE TABLE `components_home_banner_sections_components` (
  `id` int(10) unsigned NOT NULL AUTO_INCREMENT,
  `field` varchar(255) NOT NULL,
  `order` int(10) unsigned NOT NULL,
  `component_type` varchar(255) NOT NULL,
  `component_id` int(11) NOT NULL,
  `components_home_banner_section_id` int(10) unsigned NOT NULL,
  PRIMARY KEY (`id`),
  KEY `components_home_banner_section_id_fk` (`components_home_banner_section_id`),
  CONSTRAINT `components_home_banner_section_id_fk` FOREIGN KEY (`components_home_banner_section_id`) REFERENCES `components_home_banner_sections` (`id`) ON DELETE CASCADE
) ENGINE=InnoDB AUTO_INCREMENT=81 DEFAULT CHARSET=utf8;
/*!40101 SET character_set_client = @saved_cs_client */;

--
-- Dumping data for table `components_home_banner_sections_components`
--

LOCK TABLES `components_home_banner_sections_components` WRITE;
/*!40000 ALTER TABLE `components_home_banner_sections_components` DISABLE KEYS */;
INSERT INTO `components_home_banner_sections_components` VALUES (13,'buttons',1,'components_links_basic_links',91,9),(14,'buttons',2,'components_links_basic_links',92,9),(15,'buttons',1,'components_links_basic_links',97,8),(16,'buttons',2,'components_links_basic_links',98,8),(18,'buttons',1,'components_links_basic_links',104,7),(19,'buttons',2,'components_links_basic_links',105,7),(22,'buttons',1,'components_links_basic_links',120,20),(23,'buttons',2,'components_links_basic_links',121,20),(24,'buttons',1,'components_links_basic_links',128,23),(25,'buttons',2,'components_links_basic_links',129,23),(26,'buttons',1,'components_links_basic_links',136,24),(27,'buttons',2,'components_links_basic_links',137,24),(28,'buttons',1,'components_links_basic_links',144,25),(29,'buttons',2,'components_links_basic_links',145,25),(30,'buttons',1,'components_links_basic_links',152,26),(31,'buttons',2,'components_links_basic_links',153,26),(32,'buttons',1,'components_links_basic_links',160,27),(33,'buttons',2,'components_links_basic_links',161,27),(54,'buttons',1,'components_links_basic_links',210,49),(55,'buttons',2,'components_links_basic_links',211,49),(56,'buttons',1,'components_links_basic_links',218,51),(57,'buttons',2,'components_links_basic_links',219,51),(58,'buttons',1,'components_links_basic_links',226,53),(59,'buttons',2,'components_links_basic_links',227,53),(60,'buttons',1,'components_links_basic_links',234,55),(61,'buttons',2,'components_links_basic_links',235,55),(62,'buttons',1,'components_links_basic_links',244,57),(63,'buttons',2,'components_links_basic_links',245,57),(64,'buttons',1,'components_links_basic_links',250,63),(65,'buttons',2,'components_links_basic_links',251,63),(68,'buttons',1,'components_links_basic_links',282,65),(69,'buttons',2,'components_links_basic_links',283,65),(70,'buttons',1,'components_links_basic_links',290,66),(71,'buttons',2,'components_links_basic_links',291,66),(72,'buttons',1,'components_links_basic_links',298,67),(73,'buttons',2,'components_links_basic_links',299,67),(80,'buttons',1,'components_links_basic_links',313,74);
/*!40000 ALTER TABLE `components_home_banner_sections_components` ENABLE KEYS */;
UNLOCK TABLES;

--
-- Table structure for table `components_home_benefits_lists`
--

DROP TABLE IF EXISTS `components_home_benefits_lists`;
/*!40101 SET @saved_cs_client     = @@character_set_client */;
/*!40101 SET character_set_client = utf8 */;
CREATE TABLE `components_home_benefits_lists` (
  `id` int(10) unsigned NOT NULL AUTO_INCREMENT,
  `title` varchar(255) DEFAULT NULL,
  `subtitle` longtext,
  PRIMARY KEY (`id`)
) ENGINE=InnoDB AUTO_INCREMENT=100 DEFAULT CHARSET=utf8;
/*!40101 SET character_set_client = @saved_cs_client */;

--
-- Dumping data for table `components_home_benefits_lists`
--

LOCK TABLES `components_home_benefits_lists` WRITE;
/*!40000 ALTER TABLE `components_home_benefits_lists` DISABLE KEYS */;
INSERT INTO `components_home_benefits_lists` VALUES (16,'Easy integration','Easy and seamless integration of our API or widget. Start offsetting your productsÔÇÖ footprint in no time.'),(17,'Responsibility and awareness','Contribute to the health of the planet and fulfill the increasing demand for sustainable products and services by all kinds of customers.'),(18,'Transparency and credibility','All our projects are verified, and through our blockchain technology each offsetting transaction is public and traceable, allowing you and your customers to have certified emissions reduction\n'),(19,'Easy integration','Easy and seamless integration of our API or widget. Start offsetting your productsÔÇÖ footprint in no time.'),(20,'Responsibility and awareness','Contribute to the health of the planet and fulfill the increasing demand for sustainable products and services by all kinds of customers.'),(21,'Transparency and credibility','All our projects are verified, and through our blockchain technology each offsetting transaction is public and traceable, allowing you and your customers to have certified emissions reduction.\n'),(22,'Easy integration','Easy and seamless integration of our API or widget. Start offsetting your productsÔÇÖ footprint in no time.'),(23,'Responsibility and awareness','Manage your business operations and customize the API from your private dashboard.'),(24,'Transparency and credibility','All our projects are verified, and through our blockchain technology each offsetting transaction is public and traceable, allowing you and your customers to have certified emissions reduction'),(31,'Easy integration','Easy and seamless integration of our API or widget. Start offsetting your productsÔÇÖ footprint in no time.\n'),(32,'Responsibility and awareness','Contribute to the health of the planet and fulfill the increasing demand for sustainable products and services by all kinds of customers.'),(33,'Transparency and credibility','All our projects are verified, and through our blockchain technology each offsetting transaction is public and traceable, allowing you and your customers to have certified emissions reduction.\n'),(34,'Easy integration','Easy and seamless integration of our API or widget. Start offsetting your productsÔÇÖ footprint in no time.\n'),(35,'Responsibility and awareness','Contribute to the health of the planet and fulfill the increasing demand for sustainable products and services by all kinds of customers'),(36,'Transparency and credibility','All our projects are verified, and through our blockchain technology each offsetting transaction is public and traceable, allowing you and your customers to have certified emissions reduction\n'),(37,'Easy integration','Easy and seamless integration of our API or widget. Start offsetting your productsÔÇÖ footprint in no time.'),(38,'Responsibility and awareness','Contribute to the health of the planet and fulfill the increasing demand for sustainable products and services by all kinds of customers.'),(39,'Transparency and credibility','All our projects are verified, and through our blockchain technology each offsetting transaction is public and traceable, allowing you and your customers to have certified emissions reduction\n'),(40,'Easy integration','Easy and seamless integration of our API or widget. Start offsetting your productsÔÇÖ footprint in no time.'),(41,'Responsibility and awareness','Contribute to the health of the planet and fulfill the increasing demand for sustainable products and services by all kinds of customers.'),(42,'Transparency and credibility','All our projects are verified, and through our blockchain technology each offsetting transaction is public and traceable, allowing you and your customers to have certified emissions reduction.\n'),(43,'Easy integration','Easy and seamless integration of our API or widget. Start offsetting your productsÔÇÖ footprint in no time.'),(44,'Responsibility and awareness','Contribute to the health of the planet and fulfill the increasing demand for sustainable products and services by all kinds of customers.'),(45,'Transparency and credibility','All our projects are verified, and through our blockchain technology each offsetting transaction is public and traceable, allowing you and your customers to have certified emissions reduction'),(46,'Easy integration','Easy and seamless integration of our API or widget. Start offsetting your productsÔÇÖ footprint in no time.'),(47,'Responsibility and awareness','Contribute to the health of the planet and fulfill the increasing demand for sustainable products and services by all kinds of customers.'),(48,'Transparency and credibility','All our projects are verified, and through our blockchain technology each offsetting transaction is public and traceable, allowing you and your customers to have certified emissions reduction\n'),(58,'F├ícil integraci├│n','Integraci├│n f├ícil y perfecta de nuestra API o widget. Comience a compensar la huella de sus productos en poco tiempo.'),(59,'Responsabilidad y conciencia','Contribuir a la salud del planeta y satisfacer la creciente demanda de productos y servicios sostenibles por parte de todo tipo de clientes'),(60,'Transparencia y credibilidad','Todos nuestros proyectos est├ín verificados y, a trav├®s de nuestra tecnolog├¡a blockchain, cada transacci├│n de compensaci├│n es p├║blica y rastreable, lo que le permite a usted y a sus clientes tener una reducci├│n de emisiones certificada.'),(61,'F├ícil integraci├│n','Integraci├│n f├ícil y perfecta de nuestra API o widget. Comience a compensar la huella de sus productos en poco tiempo.'),(62,'Responsabilidad y conciencia','Contribuir a la salud del planeta y satisfacer la creciente demanda de productos y servicios sostenibles por parte de todo tipo de clientes.'),(63,'Transparencia y credibilidad','Todos nuestros proyectos est├ín verificados y, a trav├®s de nuestra tecnolog├¡a blockchain, cada transacci├│n de compensaci├│n es p├║blica y rastreable, lo que le permite a usted y a sus clientes tener una reducci├│n de emisiones certificada.'),(64,'F├ícil integraci├│n','Integraci├│n f├ícil y perfecta de nuestra API o widget. Comience a compensar la huella de sus productos en poco tiempo.'),(65,'Responsabilidad y conciencia','Contribuir a la salud del planeta y satisfacer la creciente demanda de productos y servicios sostenibles por parte de todo tipo de clientes.'),(66,'Transparencia y credibilidad','Todos nuestros proyectos est├ín verificados y, a trav├®s de nuestra tecnolog├¡a blockchain, cada transacci├│n de compensaci├│n es p├║blica y rastreable, lo que le permite a usted y a sus clientes tener una reducci├│n de emisiones certificada.'),(67,'F├ícil integraci├│n','Integraci├│n f├ícil y perfecta de nuestra API o widget. Comience a compensar la huella de sus productos en poco tiempo.'),(68,'Responsabilidad y conciencia','Contribuir a la salud del planeta y satisfacer la creciente demanda de productos y servicios sostenibles por parte de todo tipo de clientes.'),(69,'Transparencia y credibilidad','Todos nuestros proyectos est├ín verificados y, a trav├®s de nuestra tecnolog├¡a blockchain, cada transacci├│n de compensaci├│n es p├║blica y rastreable, lo que le permite a usted y a sus clientes tener una reducci├│n de emisiones certificada.\n'),(70,'F├ícil integraci├│n','Integraci├│n f├ícil y perfecta de nuestra API o widget. Comience a compensar la huella de sus productos en poco tiempo.'),(71,'Responsabilidad y conciencia','Contribuir a la salud del planeta y satisfacer la creciente demanda de productos y servicios sostenibles por parte de todo tipo de clientes.'),(72,'Transparencia y credibilidad','Todos nuestros proyectos est├ín verificados y, a trav├®s de nuestra tecnolog├¡a blockchain, cada transacci├│n de compensaci├│n es p├║blica y rastreable, lo que le permite a usted y a sus clientes tener una reducci├│n de emisiones certificada.'),(73,'F├ícil integraci├│n','Integraci├│n f├ícil y perfecta de nuestra API o widget. Comience a compensar la huella de sus productos en poco tiempo.'),(74,'Responsabilidad y conciencia','Contribuir a la salud del planeta y satisfacer la creciente demanda de productos y servicios sostenibles por parte de todo tipo de clientes.'),(75,'Transparencia y credibilidad','Todos nuestros proyectos est├ín verificados y, a trav├®s de nuestra tecnolog├¡a blockchain, cada transacci├│n de compensaci├│n es p├║blica y rastreable, lo que le permite a usted y a sus clientes tener una reducci├│n de emisiones certificada.\n'),(91,'F├ícil integraci├│n','Integraci├│n f├ícil y perfecta de nuestra API o widget. Comience a compensar la huella de sus productos en poco tiempo.\n'),(92,'Responsabilidad y conciencia','Contribuir a la salud del planeta y satisfacer la creciente demanda de productos y servicios sostenibles por parte de todo tipo de clientes.'),(93,'Transparencia y credibilidad','Todos nuestros proyectos est├ín verificados y, a trav├®s de nuestra tecnolog├¡a blockchain, cada transacci├│n de compensaci├│n es p├║blica y rastreable, lo que le permite a usted y a sus clientes tener una reducci├│n de emisiones certificada.'),(94,'F├ícil integraci├│n','Integraci├│n f├ícil y perfecta de nuestra API o widget. Comience a compensar la huella de sus productos en poco tiempo.'),(95,'Responsabilidad y conciencia','Contribuir a la salud del planeta y satisfacer la creciente demanda de productos y servicios sostenibles por parte de todo tipo de clientes.'),(96,'Transparencia y credibilidad','Todos nuestros proyectos est├ín verificados y, a trav├®s de nuestra tecnolog├¡a blockchain, cada transacci├│n de compensaci├│n es p├║blica y rastreable, lo que le permite a usted y a sus clientes tener una reducci├│n de emisiones certificada.'),(97,'F├ícil integraci├│n','Integraci├│n f├ícil y perfecta de nuestra API o widget. Comience a compensar la huella de sus productos en poco tiempo.'),(98,'Responsabilidad y conciencia','Administre sus operaciones comerciales y personalice la API desde su tablero privado.'),(99,'Transparencia y credibilidad','Todos nuestros proyectos est├ín verificados y, a trav├®s de nuestra tecnolog├¡a blockchain, cada transacci├│n de compensaci├│n es p├║blica y rastreable, lo que le permite a usted y a sus clientes tener una reducci├│n de emisiones certificada.');
/*!40000 ALTER TABLE `components_home_benefits_lists` ENABLE KEYS */;
UNLOCK TABLES;

--
-- Table structure for table `components_home_discover_sections`
--

DROP TABLE IF EXISTS `components_home_discover_sections`;
/*!40101 SET @saved_cs_client     = @@character_set_client */;
/*!40101 SET character_set_client = utf8 */;
CREATE TABLE `components_home_discover_sections` (
  `id` int(10) unsigned NOT NULL AUTO_INCREMENT,
  `title` varchar(255) DEFAULT NULL,
  `subtitle` longtext,
  `smallText` varchar(255) DEFAULT NULL,
  `iconText` varchar(255) DEFAULT NULL,
  PRIMARY KEY (`id`)
) ENGINE=InnoDB AUTO_INCREMENT=17 DEFAULT CHARSET=utf8;
/*!40101 SET character_set_client = @saved_cs_client */;

--
-- Dumping data for table `components_home_discover_sections`
--

LOCK TABLES `components_home_discover_sections` WRITE;
/*!40000 ALTER TABLE `components_home_discover_sections` DISABLE KEYS */;
INSERT INTO `components_home_discover_sections` VALUES (16,'Desarrollador',NULL,'laptopcode',NULL);
/*!40000 ALTER TABLE `components_home_discover_sections` ENABLE KEYS */;
UNLOCK TABLES;

--
-- Table structure for table `components_home_discover_sections_components`
--

DROP TABLE IF EXISTS `components_home_discover_sections_components`;
/*!40101 SET @saved_cs_client     = @@character_set_client */;
/*!40101 SET character_set_client = utf8 */;
CREATE TABLE `components_home_discover_sections_components` (
  `id` int(10) unsigned NOT NULL AUTO_INCREMENT,
  `field` varchar(255) NOT NULL,
  `order` int(10) unsigned NOT NULL,
  `component_type` varchar(255) NOT NULL,
  `component_id` int(11) NOT NULL,
  `components_home_discover_section_id` int(10) unsigned NOT NULL,
  PRIMARY KEY (`id`),
  KEY `components_home_discover_section_id_fk` (`components_home_discover_section_id`),
  CONSTRAINT `components_home_discover_section_id_fk` FOREIGN KEY (`components_home_discover_section_id`) REFERENCES `components_home_discover_sections` (`id`) ON DELETE CASCADE
) ENGINE=InnoDB AUTO_INCREMENT=39 DEFAULT CHARSET=utf8;
/*!40101 SET character_set_client = @saved_cs_client */;

--
-- Dumping data for table `components_home_discover_sections_components`
--

LOCK TABLES `components_home_discover_sections_components` WRITE;
/*!40000 ALTER TABLE `components_home_discover_sections_components` DISABLE KEYS */;
INSERT INTO `components_home_discover_sections_components` VALUES (33,'Products',1,'components_use_cases_products',90,16),(34,'Products',2,'components_use_cases_products',91,16),(35,'Products',3,'components_use_cases_products',92,16);
/*!40000 ALTER TABLE `components_home_discover_sections_components` ENABLE KEYS */;
UNLOCK TABLES;

--
-- Table structure for table `components_home_key_sections`
--

DROP TABLE IF EXISTS `components_home_key_sections`;
/*!40101 SET @saved_cs_client     = @@character_set_client */;
/*!40101 SET character_set_client = utf8 */;
CREATE TABLE `components_home_key_sections` (
  `id` int(10) unsigned NOT NULL AUTO_INCREMENT,
  `title` varchar(255) DEFAULT NULL,
  PRIMARY KEY (`id`)
) ENGINE=InnoDB AUTO_INCREMENT=71 DEFAULT CHARSET=utf8;
/*!40101 SET character_set_client = @saved_cs_client */;

--
-- Dumping data for table `components_home_key_sections`
--

LOCK TABLES `components_home_key_sections` WRITE;
/*!40000 ALTER TABLE `components_home_key_sections` DISABLE KEYS */;
INSERT INTO `components_home_key_sections` VALUES (6,'Key Values'),(7,'Key Values'),(8,'Key Values'),(20,'Key Values'),(23,'Key Values'),(24,'Key Values'),(25,'Key Values'),(26,'Key Values'),(27,'Key Values'),(52,'Valores clave'),(54,'Valores clave'),(56,'Valores clave'),(58,'Valores clave'),(60,'Valores clave'),(66,'Valores clave'),(68,'Valores clave'),(69,'Valores clave'),(70,'Valores clave');
/*!40000 ALTER TABLE `components_home_key_sections` ENABLE KEYS */;
UNLOCK TABLES;

--
-- Table structure for table `components_home_key_sections_components`
--

DROP TABLE IF EXISTS `components_home_key_sections_components`;
/*!40101 SET @saved_cs_client     = @@character_set_client */;
/*!40101 SET character_set_client = utf8 */;
CREATE TABLE `components_home_key_sections_components` (
  `id` int(10) unsigned NOT NULL AUTO_INCREMENT,
  `field` varchar(255) NOT NULL,
  `order` int(10) unsigned NOT NULL,
  `component_type` varchar(255) NOT NULL,
  `component_id` int(11) NOT NULL,
  `components_home_key_section_id` int(10) unsigned NOT NULL,
  PRIMARY KEY (`id`),
  KEY `components_home_key_section_id_fk` (`components_home_key_section_id`),
  CONSTRAINT `components_home_key_section_id_fk` FOREIGN KEY (`components_home_key_section_id`) REFERENCES `components_home_key_sections` (`id`) ON DELETE CASCADE
) ENGINE=InnoDB AUTO_INCREMENT=166 DEFAULT CHARSET=utf8;
/*!40101 SET character_set_client = @saved_cs_client */;

--
-- Dumping data for table `components_home_key_sections_components`
--

LOCK TABLES `components_home_key_sections_components` WRITE;
/*!40000 ALTER TABLE `components_home_key_sections_components` DISABLE KEYS */;
INSERT INTO `components_home_key_sections_components` VALUES (26,'benefitsList',1,'components_home_benefits_lists',16,8),(27,'benefitsList',2,'components_home_benefits_lists',17,8),(28,'benefitsList',3,'components_home_benefits_lists',18,8),(29,'button',1,'components_links_basic_links',93,8),(30,'button',2,'components_links_basic_links',94,8),(31,'benefitsList',1,'components_home_benefits_lists',19,7),(32,'benefitsList',2,'components_home_benefits_lists',20,7),(33,'benefitsList',3,'components_home_benefits_lists',21,7),(34,'button',1,'components_links_basic_links',101,7),(35,'button',2,'components_links_basic_links',102,7),(36,'benefitsList',1,'components_home_benefits_lists',22,6),(37,'benefitsList',2,'components_home_benefits_lists',23,6),(38,'benefitsList',3,'components_home_benefits_lists',24,6),(39,'button',1,'components_links_basic_links',106,6),(40,'button',2,'components_links_basic_links',107,6),(51,'benefitsList',1,'components_home_benefits_lists',31,20),(52,'benefitsList',2,'components_home_benefits_lists',32,20),(53,'benefitsList',3,'components_home_benefits_lists',33,20),(54,'button',1,'components_links_basic_links',126,20),(55,'button',2,'components_links_basic_links',127,20),(56,'benefitsList',1,'components_home_benefits_lists',34,23),(57,'benefitsList',2,'components_home_benefits_lists',35,23),(58,'benefitsList',3,'components_home_benefits_lists',36,23),(59,'button',1,'components_links_basic_links',134,23),(60,'button',2,'components_links_basic_links',135,23),(61,'benefitsList',1,'components_home_benefits_lists',37,24),(62,'benefitsList',2,'components_home_benefits_lists',38,24),(63,'benefitsList',3,'components_home_benefits_lists',39,24),(64,'button',1,'components_links_basic_links',142,24),(65,'button',2,'components_links_basic_links',143,24),(66,'benefitsList',1,'components_home_benefits_lists',40,25),(67,'benefitsList',2,'components_home_benefits_lists',41,25),(68,'benefitsList',3,'components_home_benefits_lists',42,25),(69,'button',1,'components_links_basic_links',150,25),(70,'button',2,'components_links_basic_links',151,25),(71,'benefitsList',1,'components_home_benefits_lists',43,26),(72,'benefitsList',2,'components_home_benefits_lists',44,26),(73,'benefitsList',3,'components_home_benefits_lists',45,26),(74,'button',1,'components_links_basic_links',158,26),(75,'button',2,'components_links_basic_links',159,26),(76,'benefitsList',1,'components_home_benefits_lists',46,27),(77,'benefitsList',2,'components_home_benefits_lists',47,27),(78,'benefitsList',3,'components_home_benefits_lists',48,27),(79,'button',1,'components_links_basic_links',166,27),(80,'button',2,'components_links_basic_links',167,27),(96,'benefitsList',1,'components_home_benefits_lists',58,52),(97,'benefitsList',2,'components_home_benefits_lists',59,52),(98,'benefitsList',3,'components_home_benefits_lists',60,52),(99,'button',1,'components_links_basic_links',216,52),(100,'button',2,'components_links_basic_links',217,52),(101,'benefitsList',1,'components_home_benefits_lists',61,54),(102,'benefitsList',2,'components_home_benefits_lists',62,54),(103,'benefitsList',3,'components_home_benefits_lists',63,54),(104,'button',1,'components_links_basic_links',224,54),(105,'button',2,'components_links_basic_links',225,54),(106,'benefitsList',1,'components_home_benefits_lists',64,56),(107,'benefitsList',2,'components_home_benefits_lists',65,56),(108,'benefitsList',3,'components_home_benefits_lists',66,56),(109,'button',1,'components_links_basic_links',232,56),(110,'button',2,'components_links_basic_links',233,56),(111,'benefitsList',1,'components_home_benefits_lists',67,58),(112,'benefitsList',2,'components_home_benefits_lists',68,58),(113,'benefitsList',3,'components_home_benefits_lists',69,58),(114,'button',1,'components_links_basic_links',240,58),(115,'button',2,'components_links_basic_links',241,58),(116,'benefitsList',1,'components_home_benefits_lists',70,60),(117,'benefitsList',2,'components_home_benefits_lists',71,60),(118,'benefitsList',3,'components_home_benefits_lists',72,60),(119,'button',1,'components_links_basic_links',248,60),(120,'button',2,'components_links_basic_links',249,60),(121,'benefitsList',1,'components_home_benefits_lists',73,66),(122,'benefitsList',2,'components_home_benefits_lists',74,66),(123,'benefitsList',3,'components_home_benefits_lists',75,66),(124,'button',1,'components_links_basic_links',256,66),(125,'button',2,'components_links_basic_links',257,66),(151,'benefitsList',1,'components_home_benefits_lists',91,68),(152,'benefitsList',2,'components_home_benefits_lists',92,68),(153,'benefitsList',3,'components_home_benefits_lists',93,68),(154,'button',1,'components_links_basic_links',288,68),(155,'button',2,'components_links_basic_links',289,68),(156,'benefitsList',1,'components_home_benefits_lists',94,69),(157,'benefitsList',2,'components_home_benefits_lists',95,69),(158,'benefitsList',3,'components_home_benefits_lists',96,69),(159,'button',1,'components_links_basic_links',296,69),(160,'button',2,'components_links_basic_links',297,69),(161,'benefitsList',1,'components_home_benefits_lists',97,70),(162,'benefitsList',2,'components_home_benefits_lists',98,70),(163,'benefitsList',3,'components_home_benefits_lists',99,70),(164,'button',1,'components_links_basic_links',304,70),(165,'button',2,'components_links_basic_links',305,70);
/*!40000 ALTER TABLE `components_home_key_sections_components` ENABLE KEYS */;
UNLOCK TABLES;

--
-- Table structure for table `components_home_status_apis`
--

DROP TABLE IF EXISTS `components_home_status_apis`;
/*!40101 SET @saved_cs_client     = @@character_set_client */;
/*!40101 SET character_set_client = utf8 */;
CREATE TABLE `components_home_status_apis` (
  `id` int(10) unsigned NOT NULL AUTO_INCREMENT,
  `text` varchar(255) DEFAULT NULL,
  `status` varchar(255) DEFAULT NULL,
  PRIMARY KEY (`id`)
) ENGINE=InnoDB AUTO_INCREMENT=6 DEFAULT CHARSET=utf8;
/*!40101 SET character_set_client = @saved_cs_client */;

--
-- Dumping data for table `components_home_status_apis`
--

LOCK TABLES `components_home_status_apis` WRITE;
/*!40000 ALTER TABLE `components_home_status_apis` DISABLE KEYS */;
/*!40000 ALTER TABLE `components_home_status_apis` ENABLE KEYS */;
UNLOCK TABLES;

--
-- Table structure for table `components_home_steps`
--

DROP TABLE IF EXISTS `components_home_steps`;
/*!40101 SET @saved_cs_client     = @@character_set_client */;
/*!40101 SET character_set_client = utf8 */;
CREATE TABLE `components_home_steps` (
  `id` int(10) unsigned NOT NULL AUTO_INCREMENT,
  `title` varchar(255) DEFAULT NULL,
  `subtitle` longtext,
  `number` varchar(255) DEFAULT NULL,
  PRIMARY KEY (`id`)
) ENGINE=InnoDB AUTO_INCREMENT=157 DEFAULT CHARSET=utf8;
/*!40101 SET character_set_client = @saved_cs_client */;

--
-- Dumping data for table `components_home_steps`
--

LOCK TABLES `components_home_steps` WRITE;
/*!40000 ALTER TABLE `components_home_steps` DISABLE KEYS */;
INSERT INTO `components_home_steps` VALUES (19,'Register','Create an account and get access to ClimateTradeÔÇÖs catalog of solutions: itÔÇÖs free!','1'),(20,'Personalize','Choose the solution that fits you, set up the integration and personalize it to your needs','2'),(21,'Develop','Our solutions are very easy and quick to develop, so you can offer carbon-neutral products and services seamlessly with little effort.','3'),(22,'Register','Create an account and get access to ClimateTradeÔÇÖs catalog of solutions: itÔÇÖs free!','1'),(23,'Personalize','Choose the solution that fits you, set up the integration and personalize it to your needs.','2'),(24,'Develop','Our solutions are very easy and quick to develop, so you can offer carbon-neutral products and services seamlessly with little effort.','3'),(25,'Register','Create an account and get access to ClimateTradeÔÇÖs catalog of solutions: itÔÇÖs free!','1'),(26,'Personalize','Choose the solution that fits you, set up the integration and personalize it to your needs.','2'),(27,'Develop','Our solutions are very easy and quick to develop, so you can offer carbon-neutral products and services seamlessly with little effort.','3'),(31,'Register','Create an account and get access to ClimateTradeÔÇÖs catalog of solutions: itÔÇÖs free!','1'),(32,'Personalize','Choose the solution that fits you, set up the integration and personalize it to your needs.','2'),(33,'Develop','Our solutions are very easy and quick to develop, so you can offer carbon-neutral products and services seamlessly with little effort.','3'),(34,'Register','Create an account and get access to ClimateTradeÔÇÖs catalog of solutions: itÔÇÖs free!','1'),(35,'Personalize','Choose the solution that fits you, set up the integration and personalize it to your needs.','2'),(36,'Develop','Our solutions are very easy and quick to develop, so you can offer carbon-neutral products and services seamlessly with little effort.','3'),(37,'Register','Create an account and get access to ClimateTradeÔÇÖs catalog of solutions: itÔÇÖs free!','1'),(38,'Personalize','Choose the solution that fits you, set up the integration and personalize it to your needs.','2'),(39,'Develop','Our solutions are very easy and quick to develop, so you can offer carbon-neutral products and services seamlessly with little effort.','3'),(40,'Register','Create an account and get access to ClimateTradeÔÇÖs catalog of solutions: itÔÇÖs free!','1'),(41,'Personalize','Choose the solution that fits you, set up the integration and personalize it to your needs.','2'),(42,'Develop','Our solutions are very easy and quick to develop, so you can offer carbon-neutral products and services seamlessly with little effort.','3'),(43,'Register','Create an account and get access to ClimateTradeÔÇÖs catalog of solutions: itÔÇÖs free!','1'),(44,'Personalize','Choose the solution that fits you, set up the integration and personalize it to your needs.','2'),(45,'Develop','Our solutions are very easy and quick to develop, so you can offer carbon-neutral products and services seamlessly with little effort.','3'),(46,'Register','Create an account and get access to ClimateTradeÔÇÖs catalog of solutions: itÔÇÖs free!','1'),(47,'Personalize','Choose the solution that fits you, set up the integration and personalize it to your needs.','2'),(48,'Develop','Our solutions are very easy and quick to develop, so you can offer carbon-neutral products and services seamlessly with little effort.','3'),(58,'Registrarse','Cree una cuenta y obtenga acceso al cat├ílogo de soluciones de ClimateTrade: ┬íes gratis!','1'),(59,'Personalizar','Elija la soluci├│n que m├ís le convenga, configure la integraci├│n y personal├¡cela seg├║n sus necesidades.','2'),(60,'Desarrollar','Nuestras soluciones son muy f├íciles y r├ípidas de desarrollar, por lo que puede ofrecer productos y servicios neutros en carbono sin problemas y con poco esfuerzo.','3'),(61,'Registrarse','Cree una cuenta y obtenga acceso al cat├ílogo de soluciones de ClimateTrade: ┬íes gratis!','1'),(62,'Personalizar','Elija la soluci├│n que m├ís le convenga, configure la integraci├│n y personal├¡cela seg├║n sus necesidades.','2'),(63,'Desarrollar','Nuestras soluciones son muy f├íciles y r├ípidas de desarrollar, por lo que puede ofrecer productos y servicios neutros en carbono sin problemas y con poco esfuerzo.','3'),(64,'Registrarse','Cree una cuenta y obtenga acceso al cat├ílogo de soluciones de ClimateTrade: ┬íes gratis!','1'),(65,'Personalizar','Elija la soluci├│n que m├ís le convenga, configure la integraci├│n y personal├¡cela seg├║n sus necesidades.','2'),(66,'Desarrollar','Nuestras soluciones son muy f├íciles y r├ípidas de desarrollar, por lo que puede ofrecer productos y servicios neutros en carbono sin problemas y con poco esfuerzo.','3'),(67,'Registrarse','Cree una cuenta y obtenga acceso al cat├ílogo de soluciones de ClimateTrade: ┬íes gratis!','1'),(68,'Personalizar','Elija la soluci├│n que m├ís le convenga, configure la integraci├│n y personal├¡cela seg├║n sus necesidades.','2'),(69,'Desarrollar','Nuestras soluciones son muy f├íciles y r├ípidas de desarrollar, por lo que puede ofrecer productos y servicios neutros en carbono sin problemas y con poco esfuerzo.','3'),(70,'Registrarse','Cree una cuenta y obtenga acceso al cat├ílogo de soluciones de ClimateTrade: ┬íes gratis!','1'),(71,'Personalizar','Elija la soluci├│n que m├ís le convenga, configure la integraci├│n y personal├¡cela seg├║n sus necesidades.','2'),(72,'Desarrollar','Nuestras soluciones son muy f├íciles y r├ípidas de desarrollar, por lo que puede ofrecer productos y servicios neutros en carbono sin problemas y con poco esfuerzo.','3'),(73,'Registrarse','Cree una cuenta y obtenga acceso al cat├ílogo de soluciones de ClimateTrade: ┬íes gratis!','1'),(74,'Personalizar','Elija la soluci├│n que m├ís le convenga, configure la integraci├│n y personal├¡cela seg├║n sus necesidades.','2'),(75,'Desarrollar','Nuestras soluciones son muy f├íciles y r├ípidas de desarrollar, por lo que puede ofrecer productos y servicios neutros en carbono sin problemas y con poco esfuerzo.','3'),(85,'Registrarse','Cree una cuenta y obtenga acceso al cat├ílogo de soluciones de ClimateTrade: ┬íes gratis!','1'),(86,'Personalizar','Elija la soluci├│n que m├ís le convenga, configure la integraci├│n y personal├¡cela seg├║n sus necesidades','2'),(87,'Desarrollar','Nuestras soluciones son muy f├íciles y r├ípidas de desarrollar, por lo que puede ofrecer productos y servicios neutros en carbono sin problemas y con poco esfuerzo.','3'),(88,'Registrarse','Cree una cuenta y obtenga acceso al cat├ílogo de soluciones de ClimateTrade: ┬íes gratis!','1'),(89,'Personalizar','Elija la soluci├│n que m├ís le convenga, configure la integraci├│n y personal├¡cela seg├║n sus necesidades.','2'),(90,'Desarrollar','Nuestras soluciones son muy f├íciles y r├ípidas de desarrollar, por lo que puede ofrecer productos y servicios neutros en carbono sin problemas y con poco esfuerzo.','3'),(91,'Registrarse','Cree una cuenta y obtenga acceso al cat├ílogo de soluciones de ClimateTrade: ┬íes gratis!','1'),(92,'Personalizar','Elija la soluci├│n que m├ís le convenga, configure la integraci├│n y personal├¡cela seg├║n sus necesidades.','2'),(93,'Desarrollar','Nuestras soluciones son muy f├íciles y r├ípidas de desarrollar, por lo que puede ofrecer productos y servicios neutros en carbono sin problemas y con poco esfuerzo.','3'),(101,'Integración agíl y dinámica','Reduce los tiempos de integración y empieza a vender y gestionar de forma rápida y fácil.','integration'),(102,'Amplio catálogo de soluciones y APIs','Podrás gestionar todo tipo de operaciones de negocio a través de tu cuenta y apps.','catalogo'),(103,'Recursos y documentación developers','Ten siempre disponible toda la documentación de tus APIs y apóyate en las guías elaboradas para ti.\n','elearning'),(104,'Donec pharetra massa',NULL,'note1'),(105,'Donec massa',NULL,'note1'),(106,'Blandit felis id porttitor',NULL,'note1'),(107,'In egestas blandit felis id porttitor',NULL,'note1'),(108,'Donec pharetra massa',NULL,'note1'),(109,'Donec pharetra massa',NULL,'note1'),(110,'Donec pharetra massa',NULL,'note1'),(111,'Donec massa',NULL,'note1'),(112,'Donec massa',NULL,'note1'),(113,'Blandit felis id porttitor',NULL,'note1'),(114,'┬┐De d├│nde viene?',NULL,'successWindow'),(115,'┬┐D├│nde puedo conseguirlo?',NULL,'note1'),(116,'┬┐Por qu├® lo usamos?',NULL,'archivist'),(117,'┬┐Qu├® es Lorem Ipsum?',NULL,'note1'),(118,'El pasaje est├índar',NULL,'successWindow'),(119,'Secci├│n 1.10.32',NULL,'archivist'),(120,'escrito por Cicero en el 45',NULL,'note1'),(121,'El pasaje est├índar',NULL,'successWindow'),(122,'Secci├│n 1.10.32',NULL,'archivist'),(123,'escrito por Cicero en el 45',NULL,'note1'),(124,'El pasaje est├índar',NULL,'successWindow'),(125,'Secci├│n 1.10.32',NULL,'archivist'),(126,'escrito por Cicero en el 45',NULL,'note1'),(127,'El pasaje est├índar',NULL,'successWindow'),(128,'Secci├│n 1.10.32',NULL,'archivist'),(129,'escrito por Cicero en el 45',NULL,'note1'),(130,'El pasaje est├índar',NULL,'successWindow'),(131,'Secci├│n 1.10.32',NULL,'archivist'),(132,'escrito por Cicero en el 45',NULL,'note1'),(133,'Donec pharetra massa',NULL,'successWindow'),(134,'Donec massa',NULL,'archivist'),(135,'Blandit felis id porttitor',NULL,'note1'),(136,'In egestas blandit felis id porttitor',NULL,'archivist'),(137,'Donec pharetra massa',NULL,'note1'),(138,'V1.0',NULL,'successWindow'),(139,'Publicado',NULL,'archivist'),(140,'Donec pharetra massa',NULL,'note1'),(141,'Reg├¡strate',NULL,'successWindow'),(142,'Personaliza',NULL,'note1'),(143,'Blandit felis id porttitor',NULL,'note1'),(144,'In egestas blandit felis id porttitor',NULL,'note1'),(145,'In egestas blandit felis id porttitor',NULL,'note1'),(146,'Blandit felis id porttitor',NULL,'note1'),(147,'In egestas blandit felis id porttitor',NULL,'note1'),(148,'In egestas blandit felis id porttitor',NULL,'note1');
/*!40000 ALTER TABLE `components_home_steps` ENABLE KEYS */;
UNLOCK TABLES;

--
-- Table structure for table `components_home_widget_sections`
--

DROP TABLE IF EXISTS `components_home_widget_sections`;
/*!40101 SET @saved_cs_client     = @@character_set_client */;
/*!40101 SET character_set_client = utf8 */;
CREATE TABLE `components_home_widget_sections` (
  `id` int(10) unsigned NOT NULL AUTO_INCREMENT,
  `title` varchar(255) DEFAULT NULL,
  `subtitle` longtext,
  PRIMARY KEY (`id`)
) ENGINE=InnoDB DEFAULT CHARSET=utf8;
/*!40101 SET character_set_client = @saved_cs_client */;

--
-- Dumping data for table `components_home_widget_sections`
--

LOCK TABLES `components_home_widget_sections` WRITE;
/*!40000 ALTER TABLE `components_home_widget_sections` DISABLE KEYS */;
/*!40000 ALTER TABLE `components_home_widget_sections` ENABLE KEYS */;
UNLOCK TABLES;

--
-- Table structure for table `components_home_widget_sections_components`
--

DROP TABLE IF EXISTS `components_home_widget_sections_components`;
/*!40101 SET @saved_cs_client     = @@character_set_client */;
/*!40101 SET character_set_client = utf8 */;
CREATE TABLE `components_home_widget_sections_components` (
  `id` int(10) unsigned NOT NULL AUTO_INCREMENT,
  `field` varchar(255) NOT NULL,
  `order` int(10) unsigned NOT NULL,
  `component_type` varchar(255) NOT NULL,
  `component_id` int(11) NOT NULL,
  `components_home_widget_section_id` int(10) unsigned NOT NULL,
  PRIMARY KEY (`id`),
  KEY `components_home_widget_section_id_fk` (`components_home_widget_section_id`),
  CONSTRAINT `components_home_widget_section_id_fk` FOREIGN KEY (`components_home_widget_section_id`) REFERENCES `components_home_widget_sections` (`id`) ON DELETE CASCADE
) ENGINE=InnoDB DEFAULT CHARSET=utf8;
/*!40101 SET character_set_client = @saved_cs_client */;

--
-- Dumping data for table `components_home_widget_sections_components`
--

LOCK TABLES `components_home_widget_sections_components` WRITE;
/*!40000 ALTER TABLE `components_home_widget_sections_components` DISABLE KEYS */;
/*!40000 ALTER TABLE `components_home_widget_sections_components` ENABLE KEYS */;
UNLOCK TABLES;

--
-- Table structure for table `components_home_work_sections`
--

DROP TABLE IF EXISTS `components_home_work_sections`;
/*!40101 SET @saved_cs_client     = @@character_set_client */;
/*!40101 SET character_set_client = utf8 */;
CREATE TABLE `components_home_work_sections` (
  `id` int(10) unsigned NOT NULL AUTO_INCREMENT,
  `title` varchar(255) DEFAULT NULL,
  PRIMARY KEY (`id`)
) ENGINE=InnoDB AUTO_INCREMENT=82 DEFAULT CHARSET=utf8;
/*!40101 SET character_set_client = @saved_cs_client */;

--
-- Dumping data for table `components_home_work_sections`
--

LOCK TABLES `components_home_work_sections` WRITE;
/*!40000 ALTER TABLE `components_home_work_sections` DISABLE KEYS */;
INSERT INTO `components_home_work_sections` VALUES (7,'How does it work?'),(8,'How does it work?'),(9,'How does it work?'),(20,'How does it work?'),(23,'How does it work?'),(24,'How does it work?'),(25,'How does it work?'),(26,'How does it work?'),(27,'How does it work?'),(49,'┬┐Como funciona?'),(51,'┬┐Como funciona?'),(53,'┬┐Como funciona?'),(55,'┬┐Como funciona?'),(57,'┬┐Como funciona?'),(63,'┬┐Como funciona?'),(65,'┬┐Como funciona?'),(66,'┬┐Como funciona?'),(67,'┬┐Como funciona?'),(70,'Beneficios principales'),(71,'Beneficios principales'),(72,'Beneficios principales'),(73,'Beneficios'),(74,'Principales'),(75,'Principales'),(76,'Principales'),(77,'Principales'),(78,'Principales'),(79,'Beneficios principales'),(80,'Beneficios principales');
/*!40000 ALTER TABLE `components_home_work_sections` ENABLE KEYS */;
UNLOCK TABLES;

--
-- Table structure for table `components_home_work_sections_components`
--

DROP TABLE IF EXISTS `components_home_work_sections_components`;
/*!40101 SET @saved_cs_client     = @@character_set_client */;
/*!40101 SET character_set_client = utf8 */;
CREATE TABLE `components_home_work_sections_components` (
  `id` int(10) unsigned NOT NULL AUTO_INCREMENT,
  `field` varchar(255) NOT NULL,
  `order` int(10) unsigned NOT NULL,
  `component_type` varchar(255) NOT NULL,
  `component_id` int(11) NOT NULL,
  `components_home_work_section_id` int(10) unsigned NOT NULL,
  PRIMARY KEY (`id`),
  KEY `components_home_work_section_id_fk` (`components_home_work_section_id`),
  CONSTRAINT `components_home_work_section_id_fk` FOREIGN KEY (`components_home_work_section_id`) REFERENCES `components_home_work_sections` (`id`) ON DELETE CASCADE
) ENGINE=InnoDB AUTO_INCREMENT=220 DEFAULT CHARSET=utf8;
/*!40101 SET character_set_client = @saved_cs_client */;

--
-- Dumping data for table `components_home_work_sections_components`
--

LOCK TABLES `components_home_work_sections_components` WRITE;
/*!40000 ALTER TABLE `components_home_work_sections_components` DISABLE KEYS */;
INSERT INTO `components_home_work_sections_components` VALUES (31,'Steps',1,'components_home_steps',19,9),(32,'Steps',2,'components_home_steps',20,9),(33,'Steps',3,'components_home_steps',21,9),(34,'buttons',1,'components_links_basic_links',95,9),(35,'buttons',2,'components_links_basic_links',96,9),(36,'Steps',1,'components_home_steps',22,8),(37,'Steps',2,'components_home_steps',23,8),(38,'Steps',3,'components_home_steps',24,8),(39,'buttons',1,'components_links_basic_links',99,8),(40,'buttons',2,'components_links_basic_links',100,8),(41,'Steps',1,'components_home_steps',25,7),(42,'Steps',2,'components_home_steps',26,7),(43,'Steps',3,'components_home_steps',27,7),(44,'buttons',1,'components_links_basic_links',108,7),(45,'buttons',2,'components_links_basic_links',109,7),(51,'Steps',1,'components_home_steps',31,20),(52,'Steps',2,'components_home_steps',32,20),(53,'Steps',3,'components_home_steps',33,20),(54,'buttons',1,'components_links_basic_links',124,20),(55,'buttons',2,'components_links_basic_links',125,20),(56,'Steps',1,'components_home_steps',34,23),(57,'Steps',2,'components_home_steps',35,23),(58,'Steps',3,'components_home_steps',36,23),(59,'buttons',1,'components_links_basic_links',132,23),(60,'buttons',2,'components_links_basic_links',133,23),(61,'Steps',1,'components_home_steps',37,24),(62,'Steps',2,'components_home_steps',38,24),(63,'Steps',3,'components_home_steps',39,24),(64,'buttons',1,'components_links_basic_links',140,24),(65,'buttons',2,'components_links_basic_links',141,24),(66,'Steps',1,'components_home_steps',40,25),(67,'Steps',2,'components_home_steps',41,25),(68,'Steps',3,'components_home_steps',42,25),(69,'buttons',1,'components_links_basic_links',148,25),(70,'buttons',2,'components_links_basic_links',149,25),(71,'Steps',1,'components_home_steps',43,26),(72,'Steps',2,'components_home_steps',44,26),(73,'Steps',3,'components_home_steps',45,26),(74,'buttons',1,'components_links_basic_links',156,26),(75,'buttons',2,'components_links_basic_links',157,26),(76,'Steps',1,'components_home_steps',46,27),(77,'Steps',2,'components_home_steps',47,27),(78,'Steps',3,'components_home_steps',48,27),(79,'buttons',1,'components_links_basic_links',164,27),(80,'buttons',2,'components_links_basic_links',165,27),(98,'Steps',1,'components_home_steps',58,49),(99,'Steps',2,'components_home_steps',59,49),(100,'Steps',3,'components_home_steps',60,49),(101,'buttons',1,'components_links_basic_links',214,49),(102,'buttons',2,'components_links_basic_links',215,49),(103,'Steps',1,'components_home_steps',61,51),(104,'Steps',2,'components_home_steps',62,51),(105,'Steps',3,'components_home_steps',63,51),(106,'buttons',1,'components_links_basic_links',222,51),(107,'buttons',2,'components_links_basic_links',223,51),(108,'Steps',1,'components_home_steps',64,53),(109,'Steps',2,'components_home_steps',65,53),(110,'Steps',3,'components_home_steps',66,53),(111,'buttons',1,'components_links_basic_links',230,53),(112,'buttons',2,'components_links_basic_links',231,53),(113,'Steps',1,'components_home_steps',67,55),(114,'Steps',2,'components_home_steps',68,55),(115,'Steps',3,'components_home_steps',69,55),(116,'buttons',1,'components_links_basic_links',238,55),(117,'buttons',2,'components_links_basic_links',239,55),(118,'Steps',1,'components_home_steps',70,57),(119,'Steps',2,'components_home_steps',71,57),(120,'Steps',3,'components_home_steps',72,57),(121,'buttons',1,'components_links_basic_links',246,57),(122,'buttons',2,'components_links_basic_links',247,57),(123,'Steps',1,'components_home_steps',73,63),(124,'Steps',2,'components_home_steps',74,63),(125,'Steps',3,'components_home_steps',75,63),(126,'buttons',1,'components_links_basic_links',254,63),(127,'buttons',2,'components_links_basic_links',255,63),(141,'Steps',1,'components_home_steps',85,65),(142,'Steps',2,'components_home_steps',86,65),(143,'Steps',3,'components_home_steps',87,65),(144,'buttons',1,'components_links_basic_links',286,65),(145,'buttons',2,'components_links_basic_links',287,65),(146,'Steps',1,'components_home_steps',88,66),(147,'Steps',2,'components_home_steps',89,66),(148,'Steps',3,'components_home_steps',90,66),(149,'buttons',1,'components_links_basic_links',294,66),(150,'buttons',2,'components_links_basic_links',295,66),(151,'Steps',1,'components_home_steps',91,67),(152,'Steps',2,'components_home_steps',92,67),(153,'Steps',3,'components_home_steps',93,67),(154,'buttons',1,'components_links_basic_links',302,67),(155,'buttons',2,'components_links_basic_links',303,67),(163,'Steps',1,'components_home_steps',101,70),(164,'Steps',2,'components_home_steps',102,70),(165,'Steps',3,'components_home_steps',103,70),(166,'buttons',1,'components_links_basic_links',310,70),(167,'Steps',1,'components_home_steps',104,71),(168,'Steps',2,'components_home_steps',105,71),(169,'Steps',3,'components_home_steps',106,71),(170,'Steps',4,'components_home_steps',107,71),(171,'Steps',5,'components_home_steps',108,71),(172,'Steps',1,'components_home_steps',109,72),(173,'Steps',2,'components_home_steps',110,72),(174,'Steps',3,'components_home_steps',111,72),(175,'Steps',4,'components_home_steps',112,72),(176,'Steps',5,'components_home_steps',113,72),(177,'Steps',1,'components_home_steps',114,73),(178,'Steps',2,'components_home_steps',115,73),(179,'Steps',3,'components_home_steps',116,73),(180,'Steps',4,'components_home_steps',117,73),(181,'Steps',1,'components_home_steps',118,74),(182,'Steps',2,'components_home_steps',119,74),(183,'Steps',3,'components_home_steps',120,74),(184,'Steps',1,'components_home_steps',121,75),(185,'Steps',2,'components_home_steps',122,75),(186,'Steps',3,'components_home_steps',123,75),(187,'Steps',1,'components_home_steps',124,76),(188,'Steps',2,'components_home_steps',125,76),(189,'Steps',3,'components_home_steps',126,76),(190,'Steps',1,'components_home_steps',127,77),(191,'Steps',2,'components_home_steps',128,77),(192,'Steps',3,'components_home_steps',129,77),(193,'Steps',1,'components_home_steps',130,78),(194,'Steps',2,'components_home_steps',131,78),(195,'Steps',3,'components_home_steps',132,78),(196,'Steps',1,'components_home_steps',133,79),(197,'Steps',2,'components_home_steps',134,79),(198,'Steps',3,'components_home_steps',135,79),(199,'Steps',4,'components_home_steps',136,79),(200,'Steps',5,'components_home_steps',137,79),(201,'Steps',1,'components_home_steps',138,80),(202,'Steps',2,'components_home_steps',139,80),(203,'Steps',3,'components_home_steps',140,80),(204,'Steps',4,'components_home_steps',141,80),(205,'Steps',5,'components_home_steps',142,80),(206,'Steps',6,'components_home_steps',143,71),(207,'Steps',7,'components_home_steps',144,71),(208,'Steps',8,'components_home_steps',145,71),(209,'Steps',6,'components_home_steps',146,72),(210,'Steps',7,'components_home_steps',147,72),(211,'Steps',8,'components_home_steps',148,72);
/*!40000 ALTER TABLE `components_home_work_sections_components` ENABLE KEYS */;
UNLOCK TABLES;

--
-- Table structure for table `components_layout_footers`
--

DROP TABLE IF EXISTS `components_layout_footers`;
/*!40101 SET @saved_cs_client     = @@character_set_client */;
/*!40101 SET character_set_client = utf8 */;
CREATE TABLE `components_layout_footers` (
  `id` int(10) unsigned NOT NULL AUTO_INCREMENT,
  `smallText` varchar(255) DEFAULT NULL,
  `idContentType` varchar(255) DEFAULT NULL,
  `copyright` varchar(255) DEFAULT NULL,
  `subtext` varchar(255) DEFAULT NULL,
  PRIMARY KEY (`id`),
  UNIQUE KEY `components_layout_footers_idcontenttype_unique` (`idContentType`)
) ENGINE=InnoDB AUTO_INCREMENT=2 DEFAULT CHARSET=utf8;
/*!40101 SET character_set_client = @saved_cs_client */;

--
-- Dumping data for table `components_layout_footers`
--

LOCK TABLES `components_layout_footers` WRITE;
/*!40000 ALTER TABLE `components_layout_footers` DISABLE KEYS */;
INSERT INTO `components_layout_footers` VALUES (1,'┬® 2021 RIMAC Seguros y Reaseguros','footer-climatetrade','┬® Copyright 2021 - Climatetrade, S.L.',NULL);
/*!40000 ALTER TABLE `components_layout_footers` ENABLE KEYS */;
UNLOCK TABLES;

--
-- Table structure for table `components_layout_footers_components`
--

DROP TABLE IF EXISTS `components_layout_footers_components`;
/*!40101 SET @saved_cs_client     = @@character_set_client */;
/*!40101 SET character_set_client = utf8 */;
CREATE TABLE `components_layout_footers_components` (
  `id` int(10) unsigned NOT NULL AUTO_INCREMENT,
  `field` varchar(255) NOT NULL,
  `order` int(10) unsigned NOT NULL,
  `component_type` varchar(255) NOT NULL,
  `component_id` int(11) NOT NULL,
  `components_layout_footer_id` int(10) unsigned NOT NULL,
  PRIMARY KEY (`id`),
  KEY `components_layout_footer_id_fk` (`components_layout_footer_id`),
  CONSTRAINT `components_layout_footer_id_fk` FOREIGN KEY (`components_layout_footer_id`) REFERENCES `components_layout_footers` (`id`) ON DELETE CASCADE
) ENGINE=InnoDB AUTO_INCREMENT=18 DEFAULT CHARSET=utf8;
/*!40101 SET character_set_client = @saved_cs_client */;

--
-- Dumping data for table `components_layout_footers_components`
--

LOCK TABLES `components_layout_footers_components` WRITE;
/*!40000 ALTER TABLE `components_layout_footers_components` DISABLE KEYS */;
INSERT INTO `components_layout_footers_components` VALUES (1,'columns',1,'components_links_footer_sections',1,1),(2,'columns',2,'components_links_footer_sections',2,1),(3,'columns',3,'components_links_footer_sections',3,1),(4,'columns',4,'components_links_footer_sections',4,1),(5,'logotype',1,'components_elements_logotypes',1,1),(6,'redirectLinks',2,'components_elements_redirect_links',2,1),(7,'redirectLinks',1,'components_elements_redirect_links',1,1),(15,'sharing',1,'components_elements_social_networks',10,1),(16,'sharing',2,'components_elements_social_networks',11,1),(17,'sharing',3,'components_elements_social_networks',12,1);
/*!40000 ALTER TABLE `components_layout_footers_components` ENABLE KEYS */;
UNLOCK TABLES;

--
-- Table structure for table `components_layout_navbar_extendeds`
--

DROP TABLE IF EXISTS `components_layout_navbar_extendeds`;
/*!40101 SET @saved_cs_client     = @@character_set_client */;
/*!40101 SET character_set_client = utf8 */;
CREATE TABLE `components_layout_navbar_extendeds` (
  `id` int(10) unsigned NOT NULL AUTO_INCREMENT,
  `name` varchar(255) DEFAULT NULL,
  PRIMARY KEY (`id`)
) ENGINE=InnoDB DEFAULT CHARSET=utf8;
/*!40101 SET character_set_client = @saved_cs_client */;

--
-- Dumping data for table `components_layout_navbar_extendeds`
--

LOCK TABLES `components_layout_navbar_extendeds` WRITE;
/*!40000 ALTER TABLE `components_layout_navbar_extendeds` DISABLE KEYS */;
/*!40000 ALTER TABLE `components_layout_navbar_extendeds` ENABLE KEYS */;
UNLOCK TABLES;

--
-- Table structure for table `components_layout_navbar_extendeds_components`
--

DROP TABLE IF EXISTS `components_layout_navbar_extendeds_components`;
/*!40101 SET @saved_cs_client     = @@character_set_client */;
/*!40101 SET character_set_client = utf8 */;
CREATE TABLE `components_layout_navbar_extendeds_components` (
  `id` int(10) unsigned NOT NULL AUTO_INCREMENT,
  `field` varchar(255) NOT NULL,
  `order` int(10) unsigned NOT NULL,
  `component_type` varchar(255) NOT NULL,
  `component_id` int(11) NOT NULL,
  `components_layout_navbar_extended_id` int(10) unsigned NOT NULL,
  PRIMARY KEY (`id`),
  KEY `components_layout_navbar_extended_id_fk` (`components_layout_navbar_extended_id`),
  CONSTRAINT `components_layout_navbar_extended_id_fk` FOREIGN KEY (`components_layout_navbar_extended_id`) REFERENCES `components_layout_navbar_extendeds` (`id`) ON DELETE CASCADE
) ENGINE=InnoDB DEFAULT CHARSET=utf8;
/*!40101 SET character_set_client = @saved_cs_client */;

--
-- Dumping data for table `components_layout_navbar_extendeds_components`
--

LOCK TABLES `components_layout_navbar_extendeds_components` WRITE;
/*!40000 ALTER TABLE `components_layout_navbar_extendeds_components` DISABLE KEYS */;
/*!40000 ALTER TABLE `components_layout_navbar_extendeds_components` ENABLE KEYS */;
UNLOCK TABLES;

--
-- Table structure for table `components_layout_navbars`
--

DROP TABLE IF EXISTS `components_layout_navbars`;
/*!40101 SET @saved_cs_client     = @@character_set_client */;
/*!40101 SET character_set_client = utf8 */;
CREATE TABLE `components_layout_navbars` (
  `id` int(10) unsigned NOT NULL AUTO_INCREMENT,
  `idContentType` varchar(255) DEFAULT NULL,
  PRIMARY KEY (`id`),
  UNIQUE KEY `components_layout_navbars_idcontenttype_unique` (`idContentType`)
) ENGINE=InnoDB AUTO_INCREMENT=2 DEFAULT CHARSET=utf8;
/*!40101 SET character_set_client = @saved_cs_client */;

--
-- Dumping data for table `components_layout_navbars`
--

LOCK TABLES `components_layout_navbars` WRITE;
/*!40000 ALTER TABLE `components_layout_navbars` DISABLE KEYS */;
INSERT INTO `components_layout_navbars` VALUES (1,NULL);
/*!40000 ALTER TABLE `components_layout_navbars` ENABLE KEYS */;
UNLOCK TABLES;

--
-- Table structure for table `components_layout_navbars_components`
--

DROP TABLE IF EXISTS `components_layout_navbars_components`;
/*!40101 SET @saved_cs_client     = @@character_set_client */;
/*!40101 SET character_set_client = utf8 */;
CREATE TABLE `components_layout_navbars_components` (
  `id` int(10) unsigned NOT NULL AUTO_INCREMENT,
  `field` varchar(255) NOT NULL,
  `order` int(10) unsigned NOT NULL,
  `component_type` varchar(255) NOT NULL,
  `component_id` int(11) NOT NULL,
  `components_layout_navbar_id` int(10) unsigned NOT NULL,
  PRIMARY KEY (`id`),
  KEY `components_layout_navbar_id_fk` (`components_layout_navbar_id`),
  CONSTRAINT `components_layout_navbar_id_fk` FOREIGN KEY (`components_layout_navbar_id`) REFERENCES `components_layout_navbars` (`id`) ON DELETE CASCADE
) ENGINE=InnoDB AUTO_INCREMENT=11 DEFAULT CHARSET=utf8;
/*!40101 SET character_set_client = @saved_cs_client */;

--
-- Dumping data for table `components_layout_navbars_components`
--

LOCK TABLES `components_layout_navbars_components` WRITE;
/*!40000 ALTER TABLE `components_layout_navbars_components` DISABLE KEYS */;
INSERT INTO `components_layout_navbars_components` VALUES (1,'links',1,'components_links_links',1,1),(2,'links',2,'components_links_links',2,1),(3,'button',1,'components_links_buttons',1,1),(4,'navbarColumns',2,'components_elements_navbar_section',2,1),(5,'navbarColumns',3,'components_elements_navbar_section',3,1),(6,'navbarColumns',1,'components_elements_navbar_section',1,1),(7,'navbarColumns',4,'components_elements_navbar_section',4,1),(9,'button',2,'components_links_buttons',8,1),(10,'logotype',1,'components_elements_logotypes',2,1);
/*!40000 ALTER TABLE `components_layout_navbars_components` ENABLE KEYS */;
UNLOCK TABLES;

--
-- Table structure for table `components_links_basic_links`
--

DROP TABLE IF EXISTS `components_links_basic_links`;
/*!40101 SET @saved_cs_client     = @@character_set_client */;
/*!40101 SET character_set_client = utf8 */;
CREATE TABLE `components_links_basic_links` (
  `id` int(10) unsigned NOT NULL AUTO_INCREMENT,
  `url` varchar(255) DEFAULT NULL,
  `name` varchar(255) DEFAULT NULL,
  `type` varchar(255) DEFAULT NULL,
  `target` varchar(255) DEFAULT NULL,
  PRIMARY KEY (`id`)
) ENGINE=InnoDB AUTO_INCREMENT=314 DEFAULT CHARSET=utf8;
/*!40101 SET character_set_client = @saved_cs_client */;

--
-- Dumping data for table `components_links_basic_links`
--

LOCK TABLES `components_links_basic_links` WRITE;
/*!40000 ALTER TABLE `components_links_basic_links` DISABLE KEYS */;
INSERT INTO `components_links_basic_links` VALUES (3,'/','Home','link',NULL),(10,'/static','Terms and conditions','link',NULL),(11,'/','Privacy policy','link',NULL),(12,'/','Cookies policy','link',NULL),(13,'/','Projects','link',NULL),(26,'/','About us',NULL,NULL),(27,'/','Our technology',NULL,NULL),(28,'/','Contact us',NULL,NULL),(29,'/','Security',NULL,NULL),(30,'/faqs','FAQs',NULL,NULL),(34,NULL,NULL,NULL,NULL),(41,'','Accept terms',NULL,NULL),(42,NULL,'Don┬┤t accept',NULL,NULL),(43,'/products/api/apis','See our API',NULL,NULL),(44,'/register','Register',NULL,NULL),(47,'/products/api/apis','See our API',NULL,'_self'),(48,'/register','Register',NULL,'_self'),(49,'/products/api/apis','See our API',NULL,NULL),(50,'/register','Register',NULL,NULL),(51,'Api docs','Api docs',NULL,NULL),(52,'api docs',NULL,NULL,NULL),(91,'/products','Check our solutions',NULL,NULL),(92,'/products/api/apis','See our API',NULL,NULL),(93,'/products','Check our solutions',NULL,NULL),(94,'https://climatetrade.com/contact/','Contact Us',NULL,'_blank'),(95,'/register','Register',NULL,NULL),(96,'/faqs','Any doubts?',NULL,NULL),(97,'/products','Check our solutions',NULL,'_self'),(98,'/products/api/apis','See our API',NULL,'_self'),(99,'/register','Register ',NULL,'_self'),(100,'/faqs','Any doubts?',NULL,'_self'),(101,'/products','Check our solutions',NULL,'_self'),(102,' https://climatetrade.com/contact/ ',' Contact Us',NULL,'_blank'),(104,'/products','Check our solutions',NULL,NULL),(105,'/products/api/apis','See our API',NULL,NULL),(106,'/products','Check our solutions',NULL,NULL),(107,'https://climatetrade.com/contact/','Contact Us',NULL,'_blank'),(108,'/register','Register',NULL,NULL),(109,'/faqs','Any doubts?',NULL,NULL),(120,'/products','Check our solutions',NULL,NULL),(121,'/products/api/apis','See our API',NULL,NULL),(122,'/products/api/apis','See our API',NULL,NULL),(123,'/register','Register',NULL,NULL),(124,'/register','Register',NULL,NULL),(125,'/faqs','Any doubts?',NULL,NULL),(126,'/products','Check our solutions',NULL,NULL),(127,'https://climatetrade.com/contact/','Contact Us',NULL,'_blank'),(128,'/products','Check our solutions',NULL,'_self'),(129,'/products/api/apis','See our API',NULL,'_self'),(130,'/products/api/apis','See our API',NULL,'_self'),(131,'/register','Register',NULL,'_self'),(132,'/register','Register',NULL,'_self'),(133,'/faqs','Any doubts?',NULL,'_self'),(134,'/products','Check our solutions',NULL,'_self'),(135,'https://climatetrade.com/contact/','Contact Us',NULL,'_blank'),(136,'/products','Check our solutions',NULL,'_self'),(137,'/products/api/apis','See our API',NULL,'_self'),(138,'/products/api/apis','See our API',NULL,'_self'),(139,'/register','Register',NULL,'_self'),(140,'/register','Register',NULL,'_self'),(141,'/faqs','Any doubts?',NULL,'_self'),(142,'/products','Check our solutions',NULL,'_self'),(143,'https://climatetrade.com/contact/','Contact Us',NULL,'_blank'),(144,'/products','Check our solutions',NULL,'_self'),(145,'/products/api/apis','See our API',NULL,'_self'),(146,'/products/api/apis','See our API',NULL,'_self'),(147,'/register','Register',NULL,'_self'),(148,'/register','Register',NULL,'_self'),(149,'/faqs','Any doubts?',NULL,'_self'),(150,'/products','Check our solutions',NULL,'_self'),(151,'https://climatetrade.com/contact/','Contact Us',NULL,'_blank'),(152,'/products','Check our solutions',NULL,'_self'),(153,'/products/api/apis','See our API',NULL,'_self'),(154,'/products/api/apis','See our API',NULL,NULL),(155,'/register','Register',NULL,NULL),(156,'/register','Register',NULL,'_self'),(157,'/faqs','Any doubts?',NULL,'_self'),(158,'/products','Check our solutions',NULL,'_self'),(159,'https://climatetrade.com/contact/','Contact Us',NULL,'_blank'),(160,'/products','Check our solutions',NULL,'_self'),(161,'/products/api/apis',' See our API',NULL,'_self'),(162,'/products/api/apis','See our API',NULL,'_self'),(163,'/register','Register',NULL,'_self'),(164,'/register','Register',NULL,'_self'),(165,'/faqs','Any doubts?',NULL,'_self'),(166,'/products','Check our solutions',NULL,'_self'),(167,'https://climatetrade.com/contact/','Contact Us',NULL,'_blank'),(210,'/es/products','Consultar soluciones',NULL,'_self'),(211,'/es/products/api/apis','Ver nuestra API',NULL,'_self'),(212,'/es/products/api/apis','Ver nuestra API',NULL,'_self'),(213,'/es/register','Registrarse',NULL,'_self'),(214,'/es/register','Registrarse',NULL,'_self'),(215,'/es/faqs','┬┐Alguna duda?',NULL,'_self'),(216,'/es/products','Consultar soluciones',NULL,'_self'),(217,'https://climatetrade.com/es/contacto/','Cont├íctenos',NULL,'_blank'),(218,'/es/products','Consultar soluciones',NULL,'_self'),(219,'/es/products/api/apis','Ver nuestra API',NULL,'_self'),(220,'/es/products/api/apis','Ver nuestra API',NULL,'_self'),(221,'/es/register','Registrarse',NULL,'_self'),(222,'/es/register','Registrarse',NULL,'_self'),(223,'/es/faqs','┬┐Alguna duda?',NULL,'_self'),(224,'/es/products','Consultar soluciones',NULL,'_self'),(225,'https://climatetrade.com/es/contacto/','Cont├íctenos',NULL,'_blank'),(226,'/es/products','Consultar soluciones',NULL,'_self'),(227,'/es/products/api/apis','Ver nuestra API',NULL,'_self'),(228,'/es/products/api/apis','Ver nuestra API',NULL,'_self'),(229,'/es/register','Registrarse',NULL,'_self'),(230,'/es/register','Registrarse',NULL,'_self'),(231,'/es/faqs','┬┐Alguna duda?',NULL,'_self'),(232,'/es/products','Consultar soluciones',NULL,'_self'),(233,'https://climatetrade.com/es/contacto/','Contactenos',NULL,'_blank'),(234,'/es/products','Consultar soluciones',NULL,'_self'),(235,'/es/products/api/apis','Ver nuestra API',NULL,'_self'),(236,'/es/products/api/apis','Ver nuestra API',NULL,'_self'),(237,'/es/register','Registrarse',NULL,'_self'),(238,'/es/register','Registrarse',NULL,'_self'),(239,'/es/faqs','┬┐Alguna duda?',NULL,'_self'),(240,'/es/products','Consultar soluciones',NULL,'_self'),(241,'https://climatetrade.com/es/contacto/','Cont├íctenos',NULL,'_blank'),(242,'/es/products/api/apis','Ver nuestra API',NULL,'_self'),(243,'/es/register','Registrarse',NULL,'_self'),(244,'/es/products','Consultar soluciones',NULL,'_self'),(245,'/es/products/api/apis','Ver nuestra API',NULL,'_self'),(246,'/es/register','Registrarse',NULL,'_self'),(247,'/es/faqs','┬┐Alguna duda?',NULL,NULL),(248,'/es/products','Consultar soluciones',NULL,'_self'),(249,'https://climatetrade.com/es/contacto/','Cont├íctenos',NULL,'_blank'),(250,'/es/products','Consultar soluciones',NULL,'_self'),(251,'/es/products/api/apis','Ver nuestra API',NULL,'_self'),(252,'/es/products/api/apis','Ver nusetra API',NULL,'_self'),(253,'/es/register','Registrarse',NULL,'_self'),(254,'/es/register','Registrarse',NULL,'_self'),(255,'/es/faqs','┬┐Alguna duda?',NULL,'_self'),(256,'/es/products','Consultar soluciones',NULL,'_self'),(257,'https://climatetrade.com/es/contacto/','Cont├íctenos',NULL,'_blank'),(282,'/es/products','Consultar soluciones',NULL,'_self'),(283,'/es/products/api/apis','Ver nuestra API',NULL,'_self'),(284,'/es/products/api/apis','Ver nuestra API',NULL,'_self'),(285,'/es/register','Registrarse',NULL,'_self'),(286,'/es/register','Registrarse',NULL,'_self'),(287,'/es/faqs','┬┐Alguna duda?',NULL,'_self'),(288,'/es/products','Consultar soluciones',NULL,'_self'),(289,'https://climatetrade.com/es/contacto/','Cont├íctenos',NULL,'_blank'),(290,'/es/products','Consultar soluciones',NULL,'_self'),(291,'/es/products/api/apis','Ver nuestra API',NULL,'_self'),(292,'/es/products/api/apis','Ver nuestra API',NULL,'_self'),(293,'/es/register','Registrarse',NULL,'_self'),(294,'/es/register','Registrarse',NULL,'_self'),(295,'/es/faqs','┬┐Alguna duda?',NULL,'_self'),(296,'/es/products','Consultar soluciones',NULL,'_self'),(297,'https://climatetrade.com/es/contacto/','Cont├íctenos',NULL,'_blank'),(298,'/es/products','Consultar soluciones',NULL,'_self'),(299,'/es/products/api/apis','Ver nuestra API',NULL,'_self'),(300,'/es/products/api/apis','Ver nuestra API',NULL,'_self'),(301,'/es/register','Registrarse',NULL,'_self'),(302,'/es/register','Registrarse',NULL,'_self'),(303,'/es/faqs','┬┐Alguna duda?',NULL,'_self'),(304,'/es/products','Consultar soluciones',NULL,'_self'),(305,'https://climatetrade.com/es/contacto/','Cont├íctenos',NULL,'_blank'),(310,NULL,NULL,NULL,NULL),(313,NULL,'EMPEZAR AHORA',NULL,NULL);
/*!40000 ALTER TABLE `components_links_basic_links` ENABLE KEYS */;
UNLOCK TABLES;

--
-- Table structure for table `components_links_big_links`
--

DROP TABLE IF EXISTS `components_links_big_links`;
/*!40101 SET @saved_cs_client     = @@character_set_client */;
/*!40101 SET character_set_client = utf8 */;
CREATE TABLE `components_links_big_links` (
  `id` int(10) unsigned NOT NULL AUTO_INCREMENT,
  `altText` varchar(255) DEFAULT NULL,
  `status` varchar(255) DEFAULT NULL,
  PRIMARY KEY (`id`)
) ENGINE=InnoDB AUTO_INCREMENT=42 DEFAULT CHARSET=utf8;
/*!40101 SET character_set_client = @saved_cs_client */;

--
-- Dumping data for table `components_links_big_links`
--

LOCK TABLES `components_links_big_links` WRITE;
/*!40000 ALTER TABLE `components_links_big_links` DISABLE KEYS */;
INSERT INTO `components_links_big_links` VALUES (1,'Offset every ride','enabled'),(2,'Tickets, concerts, conferences','enabled'),(3,'Offset every flight','enabled'),(4,'New buildings or renovations, private or public works','enabled'),(5,'Agencies, tourist boards, hotels','enabled'),(7,'Create your own solution','enabled'),(8,'Embed our solution','enabled'),(10,'Business associations','enabled'),(11,'Offset any product on ecommerce websites','enabled'),(12,'Offset financial transactions','enabled'),(14,'Blockchain and crypto decarbonization','enabled'),(29,'Crea tu propia solucion','enabled'),(30,'Inserta nuestra solucion','enabled'),(31,'Compensa cada viaje','enabled'),(32,'Entradas, conciertos, conferencias','enabled'),(33,'Compensa cada vuelo','enabled'),(34,'Obra nueva o reabilitacion, obra privada o publica','enabled'),(35,'Agencias, oficinas de turismo, hoteles','enabled'),(36,'Asociasiones empresariales','enabled'),(37,'Compensar cualquier producto en sitios web de comercio electronico','enabled'),(38,'Compensar transacciones financieras','enabled'),(39,'Blockchain y criptodescarbonizacion','enabled'),(40,NULL,NULL),(41,NULL,NULL);
/*!40000 ALTER TABLE `components_links_big_links` ENABLE KEYS */;
UNLOCK TABLES;

--
-- Table structure for table `components_links_big_links_components`
--

DROP TABLE IF EXISTS `components_links_big_links_components`;
/*!40101 SET @saved_cs_client     = @@character_set_client */;
/*!40101 SET character_set_client = utf8 */;
CREATE TABLE `components_links_big_links_components` (
  `id` int(10) unsigned NOT NULL AUTO_INCREMENT,
  `field` varchar(255) NOT NULL,
  `order` int(10) unsigned NOT NULL,
  `component_type` varchar(255) NOT NULL,
  `component_id` int(11) NOT NULL,
  `components_links_big_link_id` int(10) unsigned NOT NULL,
  PRIMARY KEY (`id`),
  KEY `components_links_big_link_id_fk` (`components_links_big_link_id`),
  CONSTRAINT `components_links_big_link_id_fk` FOREIGN KEY (`components_links_big_link_id`) REFERENCES `components_links_big_links` (`id`) ON DELETE CASCADE
) ENGINE=InnoDB AUTO_INCREMENT=37 DEFAULT CHARSET=utf8;
/*!40101 SET character_set_client = @saved_cs_client */;

--
-- Dumping data for table `components_links_big_links_components`
--

LOCK TABLES `components_links_big_links_components` WRITE;
/*!40000 ALTER TABLE `components_links_big_links_components` DISABLE KEYS */;
INSERT INTO `components_links_big_links_components` VALUES (1,'link',1,'components_links_links',207,1),(2,'link',1,'components_links_links',208,2),(3,'link',1,'components_links_links',212,3),(4,'link',1,'components_links_links',213,4),(5,'link',1,'components_links_links',214,5),(7,'link',1,'components_links_links',286,7),(8,'link',1,'components_links_links',287,8),(10,'link',1,'components_links_links',291,10),(11,'link',1,'components_links_links',294,11),(12,'link',1,'components_links_links',295,12),(14,'link',1,'components_links_links',297,14),(26,'link',1,'components_links_links',360,29),(27,'link',1,'components_links_links',361,30),(28,'link',1,'components_links_links',362,31),(29,'link',1,'components_links_links',363,32),(30,'link',1,'components_links_links',364,33),(31,'link',1,'components_links_links',365,34),(32,'link',1,'components_links_links',366,35),(33,'link',1,'components_links_links',367,36),(34,'link',1,'components_links_links',368,37),(35,'link',1,'components_links_links',369,38),(36,'link',1,'components_links_links',370,39);
/*!40000 ALTER TABLE `components_links_big_links_components` ENABLE KEYS */;
UNLOCK TABLES;

--
-- Table structure for table `components_links_buttons`
--

DROP TABLE IF EXISTS `components_links_buttons`;
/*!40101 SET @saved_cs_client     = @@character_set_client */;
/*!40101 SET character_set_client = utf8 */;
CREATE TABLE `components_links_buttons` (
  `id` int(10) unsigned NOT NULL AUTO_INCREMENT,
  `url` varchar(255) DEFAULT NULL,
  `newTab` tinyint(1) DEFAULT NULL,
  `text` varchar(255) DEFAULT NULL,
  `type` varchar(255) DEFAULT NULL,
  `title` varchar(255) DEFAULT NULL,
  `color` varchar(255) DEFAULT NULL,
  `idContentType` varchar(255) DEFAULT NULL,
  `slug` varchar(255) DEFAULT NULL,
  PRIMARY KEY (`id`),
  UNIQUE KEY `components_links_buttons_idcontenttype_unique` (`idContentType`),
  UNIQUE KEY `components_links_buttons_slug_unique` (`slug`)
) ENGINE=InnoDB AUTO_INCREMENT=252 DEFAULT CHARSET=utf8;
/*!40101 SET character_set_client = @saved_cs_client */;

--
-- Dumping data for table `components_links_buttons`
--

LOCK TABLES `components_links_buttons` WRITE;
/*!40000 ALTER TABLE `components_links_buttons` DISABLE KEYS */;
INSERT INTO `components_links_buttons` VALUES (1,'/',1,' INICIAR SESI├ôN','secondary','Login','buttonColorPrimary',NULL,NULL),(8,'/',1,'REG├ìSTRATE','primary','Register','buttonColorSecundary',NULL,NULL),(14,'https://pre-devportal-climatetrade.cloudappi.net/register/',1,NULL,'secondary','Sign me up',NULL,NULL,NULL),(15,'/soluciones/brokers',1,NULL,'primary','Conoce m├ís','buttonColorSecundary',NULL,NULL),(16,'/SeeAll',1,NULL,'secondary','Ver todas > ',NULL,NULL,NULL),(23,'/soluciones/banca',1,NULL,'primary','Conoce m├ís','buttonColorSecundary',NULL,NULL),(24,'/SeeAll',1,NULL,'secondary','Ver todas > ',NULL,NULL,NULL),(25,'seguir_leyendo',1,NULL,'secondary','Seguir leyendo',NULL,NULL,NULL),(26,'/ReadMore',1,NULL,'secondary','Seguir leyendo',NULL,NULL,NULL),(27,'/ReadMore',1,NULL,'secondary','Seguir leyendo',NULL,NULL,NULL),(28,'/ReadMore',1,NULL,'secondary','Seguir leyendo',NULL,NULL,NULL),(29,'/ReadMore',1,NULL,'secondary','Seguir leyendo',NULL,NULL,NULL),(30,'/ReadMore',1,NULL,'secondary','Seguir leyendo',NULL,NULL,NULL),(31,'/ReadMore',1,NULL,'secondary','Seguir leyendo',NULL,NULL,NULL),(32,'/ReadMore',1,NULL,'secondary','Seguir leyendo',NULL,NULL,NULL),(33,'/ReadMore',1,NULL,'secondary','Seguir leyendo',NULL,NULL,NULL),(34,'/ReadMore',1,NULL,'secondary','Seguir leyendo',NULL,NULL,NULL),(35,'/ReadMore',1,NULL,'secondary','Seguir leyendo',NULL,NULL,NULL),(36,'/ReadMore',1,NULL,'secondary','Seguir leyendo',NULL,NULL,NULL),(38,'/soluciones/telco',0,NULL,'primary','Conoce m├ís','buttonColorSecundary',NULL,NULL),(39,'/soluciones/retail',1,NULL,'primary','Conoce m├ís','buttonColorSecundary',NULL,NULL),(48,'/soluciones/flotas',1,NULL,'primary','Conoce m├ís','buttonColorSecundary',NULL,NULL),(49,'/soluciones/empresas',1,NULL,'primary','Conoce m├ís','buttonColorSecundary',NULL,NULL),(58,'documentacion/guia_desarrolladores',1,NULL,'secondary','Ver gu├¡a para desarrolladores >',NULL,NULL,NULL),(60,'seguir_leyendo',1,NULL,'secondary','Seguir leyendo x2',NULL,NULL,NULL),(61,'seguir_leyendo',1,NULL,'secondary','Seguir leyendo',NULL,NULL,NULL),(62,'que_es_severless',1,NULL,'secondary','┬┐Qu├® es Serverless?',NULL,NULL,NULL),(63,'ddd_como_filosofia_de_empresa',1,NULL,'secondary','DDD como filosof├¡a de empresa.',NULL,NULL,NULL),(64,'tendencias_insurtech_en_el_sector_de_seguros',1,NULL,'secondary','Tendencias Insurtech en el sector de seguros.',NULL,NULL,NULL),(65,'conoce_nuestras_APIs_de_auto_flexible',1,NULL,'secondary',NULL,NULL,NULL,NULL),(73,'api_owner',1,NULL,'secondary','API Owner',NULL,NULL,NULL),(88,'api_owner',1,NULL,'secondary','API Owner',NULL,NULL,NULL),(89,'conoce_nuestras_APIs_de_auto_flexible',1,NULL,'secondary',NULL,NULL,NULL,NULL),(90,'conoce_nuestras_APIs_de_auto_flexible',1,NULL,'secondary',NULL,NULL,NULL,NULL),(93,'que_es_severless',1,NULL,'secondary','┬┐Qu├® es Serverless?',NULL,NULL,NULL),(127,NULL,0,NULL,NULL,NULL,NULL,NULL,NULL),(131,NULL,0,NULL,NULL,NULL,NULL,NULL,NULL),(145,NULL,NULL,NULL,NULL,'suscribe@email.com',NULL,NULL,NULL),(205,NULL,NULL,NULL,NULL,'ecommerce',NULL,NULL,NULL),(206,NULL,NULL,NULL,NULL,'drop',NULL,NULL,NULL),(218,NULL,NULL,NULL,'secondary',NULL,NULL,NULL,NULL),(219,NULL,NULL,NULL,'primary',NULL,NULL,NULL,NULL),(243,NULL,NULL,NULL,'secondary',NULL,NULL,NULL,NULL),(244,NULL,NULL,NULL,'primary',NULL,NULL,NULL,NULL),(246,NULL,NULL,NULL,NULL,NULL,NULL,NULL,NULL),(247,NULL,NULL,NULL,NULL,NULL,NULL,NULL,NULL),(250,NULL,NULL,NULL,'primary',NULL,NULL,NULL,NULL),(251,NULL,NULL,NULL,'primary',NULL,NULL,NULL,NULL);
/*!40000 ALTER TABLE `components_links_buttons` ENABLE KEYS */;
UNLOCK TABLES;

--
-- Table structure for table `components_links_buttons_components`
--

DROP TABLE IF EXISTS `components_links_buttons_components`;
/*!40101 SET @saved_cs_client     = @@character_set_client */;
/*!40101 SET character_set_client = utf8 */;
CREATE TABLE `components_links_buttons_components` (
  `id` int(10) unsigned NOT NULL AUTO_INCREMENT,
  `field` varchar(255) NOT NULL,
  `order` int(10) unsigned NOT NULL,
  `component_type` varchar(255) NOT NULL,
  `component_id` int(11) NOT NULL,
  `components_links_button_id` int(10) unsigned NOT NULL,
  PRIMARY KEY (`id`),
  KEY `components_links_button_id_fk` (`components_links_button_id`),
  CONSTRAINT `components_links_button_id_fk` FOREIGN KEY (`components_links_button_id`) REFERENCES `components_links_buttons` (`id`) ON DELETE CASCADE
) ENGINE=InnoDB AUTO_INCREMENT=37 DEFAULT CHARSET=utf8;
/*!40101 SET character_set_client = @saved_cs_client */;

--
-- Dumping data for table `components_links_buttons_components`
--

LOCK TABLES `components_links_buttons_components` WRITE;
/*!40000 ALTER TABLE `components_links_buttons_components` DISABLE KEYS */;
INSERT INTO `components_links_buttons_components` VALUES (1,'link',1,'components_links_links',238,218),(2,'link',1,'components_links_links',239,219),(26,'link',1,'components_links_links',371,243),(27,'link',1,'components_links_links',372,244),(29,'link',1,'components_links_links',378,246),(30,'link',1,'components_links_links',379,247),(34,'link',1,'components_links_links',383,251),(36,'link',1,'components_links_links',385,250);
/*!40000 ALTER TABLE `components_links_buttons_components` ENABLE KEYS */;
UNLOCK TABLES;

--
-- Table structure for table `components_links_drop_big_links`
--

DROP TABLE IF EXISTS `components_links_drop_big_links`;
/*!40101 SET @saved_cs_client     = @@character_set_client */;
/*!40101 SET character_set_client = utf8 */;
CREATE TABLE `components_links_drop_big_links` (
  `id` int(10) unsigned NOT NULL AUTO_INCREMENT,
  PRIMARY KEY (`id`)
) ENGINE=InnoDB AUTO_INCREMENT=7 DEFAULT CHARSET=utf8;
/*!40101 SET character_set_client = @saved_cs_client */;

--
-- Dumping data for table `components_links_drop_big_links`
--

LOCK TABLES `components_links_drop_big_links` WRITE;
/*!40000 ALTER TABLE `components_links_drop_big_links` DISABLE KEYS */;
INSERT INTO `components_links_drop_big_links` VALUES (1),(2),(5),(6);
/*!40000 ALTER TABLE `components_links_drop_big_links` ENABLE KEYS */;
UNLOCK TABLES;

--
-- Table structure for table `components_links_drop_big_links_components`
--

DROP TABLE IF EXISTS `components_links_drop_big_links_components`;
/*!40101 SET @saved_cs_client     = @@character_set_client */;
/*!40101 SET character_set_client = utf8 */;
CREATE TABLE `components_links_drop_big_links_components` (
  `id` int(10) unsigned NOT NULL AUTO_INCREMENT,
  `field` varchar(255) NOT NULL,
  `order` int(10) unsigned NOT NULL,
  `component_type` varchar(255) NOT NULL,
  `component_id` int(11) NOT NULL,
  `components_links_drop_big_link_id` int(10) unsigned NOT NULL,
  PRIMARY KEY (`id`),
  KEY `components_links_drop_big_link_id_fk` (`components_links_drop_big_link_id`),
  CONSTRAINT `components_links_drop_big_link_id_fk` FOREIGN KEY (`components_links_drop_big_link_id`) REFERENCES `components_links_drop_big_links` (`id`) ON DELETE CASCADE
) ENGINE=InnoDB AUTO_INCREMENT=48 DEFAULT CHARSET=utf8;
/*!40101 SET character_set_client = @saved_cs_client */;

--
-- Dumping data for table `components_links_drop_big_links_components`
--

LOCK TABLES `components_links_drop_big_links_components` WRITE;
/*!40000 ALTER TABLE `components_links_drop_big_links_components` DISABLE KEYS */;
INSERT INTO `components_links_drop_big_links_components` VALUES (1,'mainLink',1,'components_links_links',206,1),(2,'bigLinks',1,'components_links_big_links',1,1),(3,'bigLinks',2,'components_links_big_links',2,1),(5,'bigLinks',3,'components_links_big_links',3,1),(6,'bigLinks',4,'components_links_big_links',4,1),(7,'bigLinks',5,'components_links_big_links',5,1),(8,'mainLink',1,'components_links_links',285,2),(9,'bigLinks',1,'components_links_big_links',7,2),(10,'bigLinks',2,'components_links_big_links',8,2),(12,'bigLinks',6,'components_links_big_links',10,1),(13,'bigLinks',7,'components_links_big_links',11,1),(14,'bigLinks',8,'components_links_big_links',12,1),(17,'bigLinks',9,'components_links_big_links',14,1),(33,'mainLink',1,'components_links_links',358,5),(34,'mainLink',1,'components_links_links',359,6),(35,'bigLinks',10,'components_links_big_links',40,6),(36,'bigLinks',1,'components_links_big_links',29,5),(37,'bigLinks',2,'components_links_big_links',30,5),(38,'bigLinks',1,'components_links_big_links',31,6),(39,'bigLinks',2,'components_links_big_links',32,6),(40,'bigLinks',3,'components_links_big_links',33,6),(41,'bigLinks',4,'components_links_big_links',34,6),(42,'bigLinks',5,'components_links_big_links',35,6),(43,'bigLinks',6,'components_links_big_links',36,6),(44,'bigLinks',7,'components_links_big_links',37,6),(45,'bigLinks',8,'components_links_big_links',38,6),(46,'bigLinks',9,'components_links_big_links',39,6),(47,'bigLinks',10,'components_links_big_links',41,1);
/*!40000 ALTER TABLE `components_links_drop_big_links_components` ENABLE KEYS */;
UNLOCK TABLES;

--
-- Table structure for table `components_links_drop_links`
--

DROP TABLE IF EXISTS `components_links_drop_links`;
/*!40101 SET @saved_cs_client     = @@character_set_client */;
/*!40101 SET character_set_client = utf8 */;
CREATE TABLE `components_links_drop_links` (
  `id` int(10) unsigned NOT NULL AUTO_INCREMENT,
  PRIMARY KEY (`id`)
) ENGINE=InnoDB DEFAULT CHARSET=utf8;
/*!40101 SET character_set_client = @saved_cs_client */;

--
-- Dumping data for table `components_links_drop_links`
--

LOCK TABLES `components_links_drop_links` WRITE;
/*!40000 ALTER TABLE `components_links_drop_links` DISABLE KEYS */;
/*!40000 ALTER TABLE `components_links_drop_links` ENABLE KEYS */;
UNLOCK TABLES;

--
-- Table structure for table `components_links_drop_links_components`
--

DROP TABLE IF EXISTS `components_links_drop_links_components`;
/*!40101 SET @saved_cs_client     = @@character_set_client */;
/*!40101 SET character_set_client = utf8 */;
CREATE TABLE `components_links_drop_links_components` (
  `id` int(10) unsigned NOT NULL AUTO_INCREMENT,
  `field` varchar(255) NOT NULL,
  `order` int(10) unsigned NOT NULL,
  `component_type` varchar(255) NOT NULL,
  `component_id` int(11) NOT NULL,
  `components_links_drop_link_id` int(10) unsigned NOT NULL,
  PRIMARY KEY (`id`),
  KEY `components_links_drop_link_id_fk` (`components_links_drop_link_id`),
  CONSTRAINT `components_links_drop_link_id_fk` FOREIGN KEY (`components_links_drop_link_id`) REFERENCES `components_links_drop_links` (`id`) ON DELETE CASCADE
) ENGINE=InnoDB DEFAULT CHARSET=utf8;
/*!40101 SET character_set_client = @saved_cs_client */;

--
-- Dumping data for table `components_links_drop_links_components`
--

LOCK TABLES `components_links_drop_links_components` WRITE;
/*!40000 ALTER TABLE `components_links_drop_links_components` DISABLE KEYS */;
/*!40000 ALTER TABLE `components_links_drop_links_components` ENABLE KEYS */;
UNLOCK TABLES;

--
-- Table structure for table `components_links_footer_sections`
--

DROP TABLE IF EXISTS `components_links_footer_sections`;
/*!40101 SET @saved_cs_client     = @@character_set_client */;
/*!40101 SET character_set_client = utf8 */;
CREATE TABLE `components_links_footer_sections` (
  `id` int(10) unsigned NOT NULL AUTO_INCREMENT,
  `title` varchar(255) DEFAULT NULL,
  `enlace` varchar(255) DEFAULT NULL,
  `drop` tinyint(1) DEFAULT NULL,
  `idContentType` varchar(255) DEFAULT NULL,
  `subtext` varchar(255) DEFAULT NULL,
  PRIMARY KEY (`id`),
  UNIQUE KEY `components_links_footer_sections_idcontenttype_unique` (`idContentType`)
) ENGINE=InnoDB AUTO_INCREMENT=5 DEFAULT CHARSET=utf8;
/*!40101 SET character_set_client = @saved_cs_client */;

--
-- Dumping data for table `components_links_footer_sections`
--

LOCK TABLES `components_links_footer_sections` WRITE;
/*!40000 ALTER TABLE `components_links_footer_sections` DISABLE KEYS */;
INSERT INTO `components_links_footer_sections` VALUES (1,'API MARKET',NULL,NULL,NULL,NULL),(2,'DOCUMENTACI├ôN',NULL,NULL,NULL,NULL),(3,'RIMACTECH',NULL,NULL,NULL,NULL),(4,'┬íESTAMOS PARA AYUDARTE!',NULL,NULL,NULL,NULL);
/*!40000 ALTER TABLE `components_links_footer_sections` ENABLE KEYS */;
UNLOCK TABLES;

--
-- Table structure for table `components_links_footer_sections_components`
--

DROP TABLE IF EXISTS `components_links_footer_sections_components`;
/*!40101 SET @saved_cs_client     = @@character_set_client */;
/*!40101 SET character_set_client = utf8 */;
CREATE TABLE `components_links_footer_sections_components` (
  `id` int(10) unsigned NOT NULL AUTO_INCREMENT,
  `field` varchar(255) NOT NULL,
  `order` int(10) unsigned NOT NULL,
  `component_type` varchar(255) NOT NULL,
  `component_id` int(11) NOT NULL,
  `components_links_footer_section_id` int(10) unsigned NOT NULL,
  PRIMARY KEY (`id`),
  KEY `components_links_footer_section_id_fk` (`components_links_footer_section_id`),
  CONSTRAINT `components_links_footer_section_id_fk` FOREIGN KEY (`components_links_footer_section_id`) REFERENCES `components_links_footer_sections` (`id`) ON DELETE CASCADE
) ENGINE=InnoDB AUTO_INCREMENT=15 DEFAULT CHARSET=utf8;
/*!40101 SET character_set_client = @saved_cs_client */;

--
-- Dumping data for table `components_links_footer_sections_components`
--

LOCK TABLES `components_links_footer_sections_components` WRITE;
/*!40000 ALTER TABLE `components_links_footer_sections_components` DISABLE KEYS */;
INSERT INTO `components_links_footer_sections_components` VALUES (1,'links',1,'components_links_links',3,1),(2,'links',2,'components_links_links',4,1),(3,'links',1,'components_links_links',5,2),(4,'links',2,'components_links_links',6,2),(5,'links',1,'components_links_links',7,3),(6,'links',2,'components_links_links',8,3),(7,'links',1,'components_links_links',9,4),(8,'links',2,'components_links_links',10,4),(12,'links',3,'components_links_links',26,2),(13,'links',3,'components_links_links',27,3),(14,'links',3,'components_links_links',28,4);
/*!40000 ALTER TABLE `components_links_footer_sections_components` ENABLE KEYS */;
UNLOCK TABLES;

--
-- Table structure for table `components_links_icon_links`
--

DROP TABLE IF EXISTS `components_links_icon_links`;
/*!40101 SET @saved_cs_client     = @@character_set_client */;
/*!40101 SET character_set_client = utf8 */;
CREATE TABLE `components_links_icon_links` (
  `id` int(10) unsigned NOT NULL AUTO_INCREMENT,
  PRIMARY KEY (`id`)
) ENGINE=InnoDB AUTO_INCREMENT=20 DEFAULT CHARSET=utf8;
/*!40101 SET character_set_client = @saved_cs_client */;

--
-- Dumping data for table `components_links_icon_links`
--

LOCK TABLES `components_links_icon_links` WRITE;
/*!40000 ALTER TABLE `components_links_icon_links` DISABLE KEYS */;
INSERT INTO `components_links_icon_links` VALUES (1),(2),(3),(8),(9),(10),(16),(17),(18),(19);
/*!40000 ALTER TABLE `components_links_icon_links` ENABLE KEYS */;
UNLOCK TABLES;

--
-- Table structure for table `components_links_icon_links_components`
--

DROP TABLE IF EXISTS `components_links_icon_links_components`;
/*!40101 SET @saved_cs_client     = @@character_set_client */;
/*!40101 SET character_set_client = utf8 */;
CREATE TABLE `components_links_icon_links_components` (
  `id` int(10) unsigned NOT NULL AUTO_INCREMENT,
  `field` varchar(255) NOT NULL,
  `order` int(10) unsigned NOT NULL,
  `component_type` varchar(255) NOT NULL,
  `component_id` int(11) NOT NULL,
  `components_links_icon_link_id` int(10) unsigned NOT NULL,
  PRIMARY KEY (`id`),
  KEY `components_links_icon_link_id_fk` (`components_links_icon_link_id`),
  CONSTRAINT `components_links_icon_link_id_fk` FOREIGN KEY (`components_links_icon_link_id`) REFERENCES `components_links_icon_links` (`id`) ON DELETE CASCADE
) ENGINE=InnoDB AUTO_INCREMENT=20 DEFAULT CHARSET=utf8;
/*!40101 SET character_set_client = @saved_cs_client */;

--
-- Dumping data for table `components_links_icon_links_components`
--

LOCK TABLES `components_links_icon_links_components` WRITE;
/*!40000 ALTER TABLE `components_links_icon_links_components` DISABLE KEYS */;
INSERT INTO `components_links_icon_links_components` VALUES (1,'link',1,'components_links_links',216,1),(2,'link',1,'components_links_links',217,2),(3,'link',1,'components_links_links',218,3),(8,'link',1,'components_links_links',308,8),(9,'link',1,'components_links_links',309,9),(10,'link',1,'components_links_links',312,10),(16,'link',1,'components_links_links',408,16),(17,'link',1,'components_links_links',409,17),(18,'link',1,'components_links_links',410,18),(19,'link',1,'components_links_links',411,19);
/*!40000 ALTER TABLE `components_links_icon_links_components` ENABLE KEYS */;
UNLOCK TABLES;

--
-- Table structure for table `components_links_links`
--

DROP TABLE IF EXISTS `components_links_links`;
/*!40101 SET @saved_cs_client     = @@character_set_client */;
/*!40101 SET character_set_client = utf8 */;
CREATE TABLE `components_links_links` (
  `id` int(10) unsigned NOT NULL AUTO_INCREMENT,
  `url` varchar(255) DEFAULT NULL,
  `title` varchar(255) DEFAULT NULL,
  `newTab` tinyint(1) DEFAULT NULL,
  `color` varchar(255) DEFAULT NULL,
  `state` varchar(255) DEFAULT NULL,
  `status` varchar(255) DEFAULT NULL,
  `subtitle` varchar(255) DEFAULT NULL,
  `name` varchar(255) DEFAULT NULL,
  `slug` varchar(255) DEFAULT NULL,
  `target` varchar(255) DEFAULT NULL,
  PRIMARY KEY (`id`),
  UNIQUE KEY `components_links_links_slug_unique` (`slug`)
) ENGINE=InnoDB AUTO_INCREMENT=419 DEFAULT CHARSET=utf8;
/*!40101 SET character_set_client = @saved_cs_client */;

--
-- Dumping data for table `components_links_links`
--

LOCK TABLES `components_links_links` WRITE;
/*!40000 ALTER TABLE `components_links_links` DISABLE KEYS */;
INSERT INTO `components_links_links` VALUES (1,'/pricing',NULL,NULL,NULL,NULL,NULL,NULL,NULL,NULL,NULL),(2,'/contact',NULL,NULL,NULL,NULL,NULL,NULL,NULL,NULL,NULL),(3,'soluciones','Soluciones',NULL,NULL,NULL,NULL,NULL,NULL,NULL,NULL),(4,'bibliotecaAPIs','Biblioteca de APIs',NULL,NULL,NULL,NULL,NULL,NULL,NULL,NULL),(5,'/documentacion/guiadesarrolladores','Gu├¡a para desarrolladores',NULL,NULL,NULL,NULL,NULL,NULL,NULL,NULL),(6,'documentacionAPIs','Documentaci├│n de APIs',NULL,NULL,NULL,NULL,NULL,NULL,NULL,NULL),(7,'desarrolladores','Desarrolladores',NULL,NULL,NULL,NULL,NULL,NULL,NULL,NULL),(8,'APIs','APIs',NULL,NULL,NULL,NULL,NULL,NULL,NULL,NULL),(9,'contacta','Contacta',NULL,NULL,NULL,NULL,NULL,NULL,NULL,NULL),(10,'correo','contacto@example.com',NULL,NULL,NULL,NULL,NULL,NULL,NULL,NULL),(20,'/products/widget','Widget',NULL,NULL,'Embed our solution',NULL,'Embed our solution',NULL,NULL,NULL),(26,'preguntas_frecuentes','Preguntas Frecuentes',NULL,NULL,NULL,NULL,NULL,NULL,NULL,NULL),(27,'empresas','Empresas',NULL,NULL,NULL,NULL,NULL,NULL,NULL,NULL),(28,'telefono','+34 000 000 000',NULL,NULL,NULL,NULL,NULL,NULL,NULL,NULL),(32,'/products/api','API',NULL,NULL,'Create your own solution',NULL,'Create your own solution',NULL,NULL,NULL),(33,'/MasInfo','M├ís informaci├│n >',NULL,NULL,NULL,NULL,NULL,NULL,NULL,NULL),(34,'/VerDocumentation','VER DOCUMENTACI├ôN',NULL,NULL,NULL,NULL,NULL,NULL,NULL,NULL),(35,'/VerDocumentation','VER DOCUMENTACI├ôN',NULL,NULL,NULL,NULL,NULL,NULL,NULL,NULL),(36,'/VerDocumentation','VER DOCUMENTACI├ôN',NULL,NULL,NULL,NULL,NULL,NULL,NULL,NULL),(37,'/VerDocumentation','VER DOCUMENTACI├ôN',NULL,NULL,NULL,NULL,NULL,NULL,NULL,NULL),(38,'/VerDocumentation','VER DOCUMENTACI├ôN',NULL,NULL,NULL,NULL,NULL,NULL,NULL,NULL),(39,'/VerDocumentation','VER DOCUMENTACI├ôN',NULL,NULL,NULL,NULL,NULL,NULL,NULL,NULL),(40,'/soluciones/brokers','M├ís informaci├│n ',NULL,NULL,NULL,NULL,NULL,NULL,NULL,NULL),(65,'/soluciones/banca','M├ís informaci├│n > ',NULL,NULL,NULL,NULL,NULL,NULL,NULL,NULL),(66,'/VerDocumentation','VER DOCUMENTACI├ôN',NULL,NULL,NULL,NULL,NULL,NULL,NULL,NULL),(67,'/VerDocumentation','VER DOCUMENTACI├ôN',NULL,NULL,NULL,NULL,NULL,NULL,NULL,NULL),(68,'/VerDocumentation','VER DOCUMENTACI├ôN',NULL,NULL,NULL,NULL,NULL,NULL,NULL,NULL),(69,'/VerDocumentation','VER DOCUMENTACI├ôN',NULL,NULL,NULL,NULL,NULL,NULL,NULL,NULL),(70,'/VerDocumentation','VER DOCUMENTACI├ôN',NULL,NULL,NULL,NULL,NULL,NULL,NULL,NULL),(71,'/VerDocumentation','VER DOCUMENTACI├ôN',NULL,NULL,NULL,NULL,NULL,NULL,NULL,NULL),(72,'/guia_desarrolladores/como_empezar_a_utilizar_las_APIs_Rimac','SEGUIR LEYENDO',NULL,NULL,NULL,NULL,NULL,NULL,NULL,NULL),(73,'Seguir leyendo','Seguir leyendo',NULL,NULL,NULL,NULL,NULL,NULL,NULL,NULL),(74,'Seguir leyendo','Seguir leyendo',NULL,NULL,NULL,NULL,NULL,NULL,NULL,NULL),(75,'LLamadaAPIs','Seguir leyendo',NULL,NULL,NULL,NULL,NULL,NULL,NULL,NULL),(76,'/FirstSteps','Primeros pasos',NULL,NULL,NULL,NULL,NULL,NULL,NULL,NULL),(77,'/FirstSteps','Primeros pasos',NULL,NULL,NULL,NULL,NULL,NULL,NULL,NULL),(78,'Seguir leyendo','Seguir leyendo',NULL,NULL,NULL,NULL,NULL,NULL,NULL,NULL),(79,'/FirstSteps','Primeros pasos',NULL,NULL,NULL,NULL,NULL,NULL,NULL,NULL),(80,'/FirstSteps','Primeros pasos',NULL,NULL,NULL,NULL,NULL,NULL,NULL,NULL),(81,'/FirstSteps','Primeros pasos',NULL,NULL,NULL,NULL,NULL,NULL,NULL,NULL),(82,'/FirstSteps','Primeros pasos',NULL,NULL,NULL,NULL,NULL,NULL,NULL,NULL),(83,'Seguir leyendo','Seguir leyendo',NULL,NULL,NULL,NULL,NULL,NULL,NULL,NULL),(101,'/guia_desarrolladores/como_llamar_a_una_API_con_Postman','SEGUIR LEYENDO 11',NULL,NULL,NULL,NULL,NULL,NULL,NULL,NULL),(102,'/guia_desarrolladores/como_utilizar_el_sandbox','SEGUIR LEYENDO',NULL,NULL,NULL,NULL,NULL,NULL,NULL,NULL),(103,'que_es_serverless','CONOCE M├üS >',NULL,NULL,NULL,NULL,NULL,NULL,NULL,NULL),(104,'ddd_como_filosofia_de_empresa','CONOCE M├üS >',NULL,NULL,NULL,NULL,NULL,NULL,NULL,NULL),(105,'tendencias_insurtech_en_el_sector_de_seguros','CONOCE M├üS >',NULL,NULL,NULL,NULL,NULL,NULL,NULL,NULL),(106,'conoce_nuestras_APIs_de_auto_flexible','CONOCE M├üS >',NULL,NULL,NULL,NULL,NULL,NULL,NULL,NULL),(107,'/faqs',NULL,NULL,NULL,NULL,NULL,NULL,NULL,NULL,NULL),(108,'/products',NULL,NULL,NULL,NULL,NULL,NULL,NULL,NULL,NULL),(109,'/apis',NULL,NULL,NULL,NULL,NULL,NULL,NULL,NULL,NULL),(110,'/soluciones/empresas','M├ís informaci├│n > ',NULL,NULL,NULL,NULL,NULL,NULL,NULL,NULL),(111,'/soluciones/flotas','M├ís informaci├│n > ',NULL,NULL,NULL,NULL,NULL,NULL,NULL,NULL),(112,'/soluciones/retail','M├ís informaci├│n > ',NULL,NULL,NULL,NULL,NULL,NULL,NULL,NULL),(113,'/soluciones/telco','M├ís informaci├│n >',NULL,NULL,NULL,NULL,NULL,NULL,NULL,NULL),(130,'api_owner','CONOCE M├üS >',NULL,NULL,NULL,NULL,NULL,NULL,NULL,NULL),(147,'api_owner','CONOCE M├üS >',NULL,NULL,NULL,NULL,NULL,NULL,NULL,NULL),(148,'conoce_nuestras_APIs_de_auto_flexible','CONOCE M├üS >',NULL,NULL,NULL,NULL,NULL,NULL,NULL,NULL),(149,'conoce_nuestras_APIs_de_auto_flexible','CONOCE M├üS >',NULL,NULL,NULL,NULL,NULL,NULL,NULL,NULL),(152,'que_es_serverless','CONOCE M├üS >',NULL,NULL,NULL,NULL,NULL,NULL,NULL,NULL),(170,'/documentacion/apis/','Ver todas >',NULL,NULL,NULL,NULL,NULL,NULL,NULL,NULL),(171,'/doc','Eliminar filtros',NULL,NULL,NULL,NULL,NULL,NULL,NULL,NULL),(173,'/use-cases',NULL,NULL,NULL,NULL,NULL,NULL,NULL,NULL,NULL),(174,'/contacto','Volver',NULL,NULL,NULL,NULL,NULL,NULL,NULL,NULL),(176,'/contacto',NULL,NULL,NULL,NULL,NULL,NULL,NULL,NULL,NULL),(180,'/soluciones/','M├ís informaci├│n ',NULL,NULL,NULL,NULL,NULL,NULL,NULL,NULL),(193,'/use-cases/ecommerce','Ecommerce',NULL,NULL,'With calculator','enable','With calculator',NULL,NULL,NULL),(194,'/use-cases/mobility','Mobility',NULL,NULL,'With calculator','enable','With calculator',NULL,NULL,NULL),(195,'/use-cases/airlines','Airlines',NULL,NULL,'With calculator','enable','With calculator',NULL,NULL,NULL),(196,'/use-cases','Hotels',NULL,NULL,'Without calculator','disable','Without calculator',NULL,NULL,NULL),(197,'/use-cases','Human Resources',NULL,NULL,'Without calculator','disable','Without calculator',NULL,NULL,NULL),(198,'/use-cases','General Industries',NULL,NULL,'For all','disable','For all',NULL,NULL,NULL),(206,'/use-cases',NULL,NULL,NULL,NULL,NULL,NULL,'Use cases','use-cases',NULL),(207,'/use-cases/mobility',NULL,NULL,NULL,NULL,NULL,NULL,'Mobility','ecommerce','_self'),(208,'/use-cases/events',NULL,NULL,NULL,NULL,NULL,NULL,'Events','hotels',NULL),(212,'/use-cases/airlines',NULL,NULL,NULL,NULL,NULL,NULL,'Airlines','mobility','_self'),(213,'/use-cases/construction',NULL,NULL,NULL,NULL,NULL,NULL,'Construction','human-resources','_self'),(214,'/use-cases/tourism',NULL,NULL,NULL,NULL,NULL,NULL,'Tourism','airlines','_self'),(216,'https://twitter.com/climatetrade',NULL,NULL,NULL,NULL,NULL,NULL,'','facebook','_blank'),(217,'https://es.linkedin.com/company/climatetrade',NULL,NULL,NULL,NULL,NULL,NULL,'','linkedin','_blank'),(218,'https://www.facebook.com/ClimateTrade-445008769581303/',NULL,NULL,NULL,NULL,NULL,NULL,'','twitter','_blank'),(219,NULL,NULL,NULL,NULL,NULL,NULL,NULL,'privacy policy','privacy',NULL),(220,NULL,NULL,NULL,NULL,NULL,NULL,NULL,'cookies policy','cookies',NULL),(236,'/faqs',NULL,NULL,NULL,NULL,NULL,NULL,'FAQs','faqs',NULL),(238,'/login',NULL,NULL,NULL,NULL,NULL,NULL,'Login','login',NULL),(239,'/register',NULL,NULL,NULL,NULL,NULL,NULL,'Register','register',NULL),(241,'https://climatetrade.com/about-us/',NULL,NULL,NULL,NULL,NULL,NULL,'About us','home','_blank'),(242,'https://climatetrade.com/case-studies/',NULL,NULL,NULL,NULL,NULL,NULL,'Case studies','projects','_blank'),(243,'https://climatetrade.com/marketplace/',NULL,NULL,NULL,NULL,NULL,NULL,'Marketplace','about-us','_blank'),(244,'https://climatetrade.com/blog-2/',NULL,NULL,NULL,NULL,NULL,NULL,'Blog','our-technology','_blank'),(245,'https://climatetrade.com/contact/',NULL,NULL,NULL,NULL,NULL,NULL,'Contact','contact-us','_blank'),(251,'https://climatetrade.com/terms-conditions/',NULL,NULL,NULL,NULL,NULL,NULL,'Terms and conditions','tt','_blank'),(252,'https://climatetrade.com/privacy-policy/',NULL,NULL,NULL,NULL,NULL,NULL,'Privacy policy','privacyy','_blank'),(282,'https://climatetrade.com/cookies-policy/',NULL,NULL,NULL,NULL,NULL,NULL,'Cookie policy','cookiess','_blank'),(283,'/faqs',NULL,NULL,NULL,NULL,NULL,NULL,'FAQ','securitys',NULL),(285,'/products',NULL,NULL,NULL,NULL,NULL,NULL,'Products',NULL,NULL),(286,'/products/api',NULL,NULL,NULL,NULL,NULL,NULL,'API',NULL,NULL),(287,'/products/widget',NULL,NULL,NULL,NULL,NULL,NULL,'Widget',NULL,NULL),(289,'/products/api/apis',NULL,NULL,NULL,NULL,NULL,NULL,'API docs',NULL,NULL),(291,'/use-cases/chambers-of-commerce',NULL,NULL,NULL,NULL,NULL,NULL,'Chambers of Commerce',NULL,'_self'),(294,'/use-cases/ecommerce',NULL,NULL,NULL,NULL,NULL,NULL,'E-commerce',NULL,'_self'),(295,'/use-cases/financial-services',NULL,NULL,NULL,NULL,NULL,NULL,'Financial services',NULL,'_self'),(297,'/use-cases/crypto',NULL,NULL,NULL,NULL,NULL,NULL,'Crypto',NULL,'_self'),(308,'https://twitter.com/climatetrade',NULL,NULL,NULL,NULL,NULL,NULL,'',NULL,'_blank'),(309,'https://es.linkedin.com/company/climatetrade',NULL,NULL,NULL,NULL,NULL,NULL,NULL,NULL,'_blank'),(310,NULL,NULL,NULL,NULL,NULL,NULL,NULL,'Pol├¡tica de Privacidad',NULL,NULL),(311,NULL,NULL,NULL,NULL,NULL,NULL,NULL,'Politica de cookies',NULL,NULL),(312,'https://www.facebook.com/ClimateTrade-445008769581303/',NULL,NULL,NULL,NULL,NULL,NULL,NULL,NULL,'_blank'),(340,'/es/faqs',NULL,NULL,NULL,NULL,NULL,NULL,'Preguntas m├ís frecuentes',NULL,NULL),(356,'/es/products/api/apis',NULL,NULL,NULL,NULL,NULL,NULL,'API docs',NULL,NULL),(357,'/es/faqs',NULL,NULL,NULL,NULL,NULL,NULL,'FAQs',NULL,NULL),(358,'/es/products',NULL,NULL,NULL,NULL,NULL,NULL,'Productos',NULL,NULL),(359,'/es/use-cases',NULL,NULL,NULL,NULL,NULL,NULL,'Casos de usos',NULL,NULL),(360,'/es/products/api',NULL,NULL,NULL,NULL,NULL,NULL,'API',NULL,NULL),(361,'/es/products/widget',NULL,NULL,NULL,NULL,NULL,NULL,'Widget',NULL,NULL),(362,'/es/use-cases/mobility',NULL,NULL,NULL,NULL,NULL,NULL,'Movilidad',NULL,'_self'),(363,'/es/use-cases/events',NULL,NULL,NULL,NULL,NULL,NULL,'Eventos',NULL,'_self'),(364,'/es/use-cases/airlines',NULL,NULL,NULL,NULL,NULL,NULL,'Aerolineas',NULL,'_self'),(365,'/es/use-cases/construction',NULL,NULL,NULL,NULL,NULL,NULL,'Construccion',NULL,'_self'),(366,'/es/use-cases/tourism',NULL,NULL,NULL,NULL,NULL,NULL,'Turismo',NULL,'_self'),(367,'/es/use-cases/chambers-of-commerce',NULL,NULL,NULL,NULL,NULL,NULL,'Las c├ímaras de Comercio',NULL,'_self'),(368,'/es/use-cases/ecommerce',NULL,NULL,NULL,NULL,NULL,NULL,'Comercio electronico',NULL,'_self'),(369,'/es/use-cases/financial-services',NULL,NULL,NULL,NULL,NULL,NULL,'Servicios financieros',NULL,'_self'),(370,'/es/use-cases/crypto',NULL,NULL,NULL,NULL,NULL,NULL,'Cripto',NULL,'_self'),(371,'/es/login',NULL,NULL,NULL,NULL,NULL,NULL,'Acceso',NULL,NULL),(372,'/es/register',NULL,NULL,NULL,NULL,NULL,NULL,'Registrarse',NULL,NULL),(378,'/forgot',NULL,NULL,NULL,NULL,NULL,NULL,'Recover password',NULL,NULL),(379,'/forgot',NULL,NULL,NULL,NULL,NULL,NULL,' Recuperar contrase├▒a',NULL,NULL),(383,NULL,NULL,NULL,NULL,NULL,NULL,NULL,'Cerrar sesi├│n',NULL,NULL),(385,NULL,NULL,NULL,NULL,NULL,NULL,NULL,'Logout',NULL,NULL),(386,'https://climatetrade.com/marketplace',NULL,NULL,NULL,NULL,NULL,NULL,'Marketplace',NULL,'_blank'),(387,'https://climatetrade.com/es/marketplace-es/',NULL,NULL,NULL,NULL,NULL,NULL,'Marketplace',NULL,'_blank'),(403,'https://climatetrade.com/',NULL,NULL,NULL,NULL,NULL,NULL,'Climatetrade',NULL,'_blank'),(404,'https://climatetrade.com/es/inicio/',NULL,NULL,NULL,NULL,NULL,NULL,'Climatetrade',NULL,'_blank'),(408,'https://www.instagram.com/climatetrade_/',NULL,NULL,NULL,NULL,NULL,NULL,NULL,NULL,'_blank'),(409,'https://www.youtube.com/channel/UCa5Q35bRxMZDBcEAEgfisKA',NULL,NULL,NULL,NULL,NULL,NULL,NULL,NULL,'_blank'),(410,'https://www.instagram.com/climatetrade_/',NULL,NULL,NULL,NULL,NULL,NULL,NULL,NULL,'_blank'),(411,'https://www.youtube.com/channel/UCa5Q35bRxMZDBcEAEgfisKA',NULL,NULL,NULL,NULL,NULL,NULL,NULL,NULL,'_blank'),(416,NULL,NULL,NULL,NULL,NULL,NULL,NULL,'Productea',NULL,NULL),(418,NULL,NULL,NULL,NULL,NULL,NULL,NULL,'Productea',NULL,NULL);
/*!40000 ALTER TABLE `components_links_links` ENABLE KEYS */;
UNLOCK TABLES;

--
-- Table structure for table `components_links_share_lists`
--

DROP TABLE IF EXISTS `components_links_share_lists`;
/*!40101 SET @saved_cs_client     = @@character_set_client */;
/*!40101 SET character_set_client = utf8 */;
CREATE TABLE `components_links_share_lists` (
  `id` int(10) unsigned NOT NULL AUTO_INCREMENT,
  `url` longtext,
  `target` varchar(255) DEFAULT NULL,
  PRIMARY KEY (`id`)
) ENGINE=InnoDB AUTO_INCREMENT=7 DEFAULT CHARSET=utf8;
/*!40101 SET character_set_client = @saved_cs_client */;

--
-- Dumping data for table `components_links_share_lists`
--

LOCK TABLES `components_links_share_lists` WRITE;
/*!40000 ALTER TABLE `components_links_share_lists` DISABLE KEYS */;
INSERT INTO `components_links_share_lists` VALUES (1,'https://twitter.com/share?text=Climatetrade&url=https://pre-devportal-climatetrade.cloudappi.net','_blank'),(2,'https://www.linkedin.com/shareArticle?mini=true&url=https://pre-devportal-climatetrade.cloudappi.net','_blank'),(3,'https://www.facebook.com/sharer.php?u=https://pre-devportal-climatetrade.cloudappi.net','_blank'),(4,'https://twitter.com/share?text=Climatetrade&url=https://pre-devportal-climatetrade.cloudappi.net','_blank'),(5,'https://www.linkedin.com/shareArticle?mini=true&url=https://pre-devportal-climatetrade.cloudappi.net','_blank'),(6,'https://www.facebook.com/sharer.php?u=https://pre-devportal-climatetrade.cloudappi.net','_blank');
/*!40000 ALTER TABLE `components_links_share_lists` ENABLE KEYS */;
UNLOCK TABLES;

--
-- Table structure for table `components_links_simple_buttons`
--

DROP TABLE IF EXISTS `components_links_simple_buttons`;
/*!40101 SET @saved_cs_client     = @@character_set_client */;
/*!40101 SET character_set_client = utf8 */;
CREATE TABLE `components_links_simple_buttons` (
  `id` int(10) unsigned NOT NULL AUTO_INCREMENT,
  `text` varchar(255) DEFAULT NULL,
  `type` varchar(255) DEFAULT NULL,
  `name` varchar(255) DEFAULT NULL,
  `order` int(11) DEFAULT NULL,
  `link` varchar(255) DEFAULT NULL,
  `class` varchar(255) DEFAULT NULL,
  PRIMARY KEY (`id`)
) ENGINE=InnoDB AUTO_INCREMENT=170 DEFAULT CHARSET=utf8;
/*!40101 SET character_set_client = @saved_cs_client */;

--
-- Dumping data for table `components_links_simple_buttons`
--

LOCK TABLES `components_links_simple_buttons` WRITE;
/*!40000 ALTER TABLE `components_links_simple_buttons` DISABLE KEYS */;
INSERT INTO `components_links_simple_buttons` VALUES (2,'Subscribe','primary',NULL,NULL,NULL,NULL),(7,NULL,NULL,'Remove filters',NULL,NULL,NULL),(8,NULL,NULL,'Remove filters',NULL,NULL,NULL),(9,NULL,NULL,'register',NULL,NULL,NULL),(10,NULL,NULL,'login',NULL,NULL,NULL),(11,NULL,'primary','Accept terms',NULL,NULL,NULL),(12,NULL,'secondary','Don┬┤t accept',NULL,NULL,NULL),(13,NULL,'primary','Register',9,NULL,NULL),(14,NULL,NULL,'Aceptar terminos',NULL,NULL,NULL),(15,NULL,NULL,'No aceptar',NULL,NULL,NULL),(16,NULL,NULL,'Remover filtros',NULL,NULL,NULL),(17,NULL,NULL,'Probar API',NULL,'#detail','primary'),(18,NULL,NULL,' documentaci├│n',NULL,'','tertiary-white'),(19,NULL,NULL,'Probar API',NULL,'#detail','primary'),(20,NULL,NULL,' documentaci├│n',NULL,NULL,'tertiary-white'),(21,NULL,NULL,'Probar API',NULL,'#detail','primary'),(22,NULL,NULL,' documentaci├│n',NULL,NULL,'tertiary-white'),(23,NULL,NULL,'Probar API',NULL,'#detail','primary'),(24,NULL,NULL,'Probar API',NULL,'#detail','primary'),(25,NULL,NULL,'Probar API',NULL,'#detail','primary'),(26,NULL,NULL,'Probar API',NULL,'#detail','primary'),(27,NULL,NULL,'Probar API',NULL,'#detail','primary'),(28,NULL,NULL,'Probar API',NULL,'#detail','primary'),(29,NULL,NULL,' documentaci├│n',NULL,NULL,'ghost-variant'),(30,NULL,NULL,'Probar API',NULL,NULL,'primary'),(31,NULL,NULL,' documentaci├│n',NULL,NULL,'ghost-variant'),(154,NULL,NULL,'Probar API',NULL,NULL,'primary'),(155,NULL,NULL,'Documentación',NULL,NULL,'tertiary-white'),(156,NULL,NULL,'Probar API',NULL,NULL,'primary'),(157,NULL,NULL,'Documentación',NULL,NULL,'tertiary-white'),(158,NULL,NULL,'Probar API',NULL,NULL,'primary'),(159,NULL,NULL,'Documentación',NULL,NULL,'tertiary-white'),(160,NULL,NULL,'Probar API',NULL,NULL,'primary'),(161,NULL,NULL,'Documentación',NULL,NULL,'tertiary-white'),(162,NULL,NULL,'Probar API',NULL,NULL,'primary'),(163,NULL,NULL,'Documentación',NULL,NULL,'tertiary-white'),(164,NULL,NULL,'Probar API',NULL,NULL,'primary'),(165,NULL,NULL,'Documentación',NULL,NULL,'tertiary-white'),(166,NULL,NULL,'Probar API',NULL,NULL,'primary'),(167,NULL,NULL,'Documentación',NULL,NULL,'tertiary-white'),(168,NULL,NULL,'Probar API',NULL,NULL,'primary'),(169,NULL,NULL,'Documentación',NULL,NULL,'tertiary-white');
/*!40000 ALTER TABLE `components_links_simple_buttons` ENABLE KEYS */;
UNLOCK TABLES;

--
-- Table structure for table `components_links_sub_links`
--

DROP TABLE IF EXISTS `components_links_sub_links`;
/*!40101 SET @saved_cs_client     = @@character_set_client */;
/*!40101 SET character_set_client = utf8 */;
CREATE TABLE `components_links_sub_links` (
  `id` int(10) unsigned NOT NULL AUTO_INCREMENT,
  `name` varchar(255) DEFAULT NULL,
  `descripcion` varchar(255) DEFAULT NULL,
  PRIMARY KEY (`id`)
) ENGINE=InnoDB DEFAULT CHARSET=utf8;
/*!40101 SET character_set_client = @saved_cs_client */;

--
-- Dumping data for table `components_links_sub_links`
--

LOCK TABLES `components_links_sub_links` WRITE;
/*!40000 ALTER TABLE `components_links_sub_links` DISABLE KEYS */;
/*!40000 ALTER TABLE `components_links_sub_links` ENABLE KEYS */;
UNLOCK TABLES;

--
-- Table structure for table `components_meta_metadata`
--

DROP TABLE IF EXISTS `components_meta_metadata`;
/*!40101 SET @saved_cs_client     = @@character_set_client */;
/*!40101 SET character_set_client = utf8 */;
CREATE TABLE `components_meta_metadata` (
  `id` int(10) unsigned NOT NULL AUTO_INCREMENT,
  `metaTitle` varchar(255) DEFAULT NULL,
  `metaDescription` longtext,
  `twitterCardType` varchar(255) DEFAULT NULL,
  `twitterUsername` varchar(255) DEFAULT NULL,
  `idContentType` varchar(255) DEFAULT NULL,
  PRIMARY KEY (`id`),
  UNIQUE KEY `components_meta_metadata_idcontenttype_unique` (`idContentType`)
) ENGINE=InnoDB AUTO_INCREMENT=155 DEFAULT CHARSET=utf8;
/*!40101 SET character_set_client = @saved_cs_client */;

--
-- Dumping data for table `components_meta_metadata`
--

LOCK TABLES `components_meta_metadata` WRITE;
/*!40000 ALTER TABLE `components_meta_metadata` DISABLE KEYS */;
INSERT INTO `components_meta_metadata` VALUES (1,'Climatetrade','Climatetrade','summary','',NULL),(19,'Brokers | Climatetrade','Calculate emissions automatically and allow your clients to offset them upon ticket purchase.','summary',NULL,NULL),(20,'T├®rminos y condiciones para el uso de RIMAC API Market','T├®rminos y condiciones para el uso de RIMAC API Market','summary',NULL,NULL),(21,'Protecci├│n de datos','Protecci├│n de datos de esto','summary',NULL,NULL),(22,'Pol├¡tica de cookies','Desc de Pol├¡tica de cookies','summary',NULL,NULL),(24,'Manual del usuario','desc of Manual del usuario','summary',NULL,NULL),(25,'Registro y activaci├│n de la cuenta','Ent├®rate sobre el Registro y activaci├│n de la cuenta en el RIMAC API Market','summary',NULL,NULL),(26,'Uso de las APIs','Ent├®rate sobre el uso de las APIs de RIMAC','summary',NULL,NULL),(27,'Integraci├│n de las APIs','Ent├®rate c├│mo integrarte a las APIs de RIMAC','summary',NULL,NULL),(28,'Cuenta y ├írea privada','Desc of Cuenta y ├írea privada','summary',NULL,NULL),(29,'API | Climatetrade','Climatetrade','summary',NULL,NULL),(35,'API Tools recomendadas para el uso de APIs | RIMAC API_Market','Te ayudamos a utilizar las mejores API Tools.','summary',NULL,NULL),(36,'Beneficios y requisitos de la interconexi├│n | RIMAC API_Market','Conoce los requisitos t├®cnicos para el uso de las APIs de RIMAC','summary',NULL,NULL),(64,'Climatetrade Calculate','Climatetrade','summary',NULL,NULL),(72,'Probar las APIs','Aprende c├│mo probar las APis de RIMAC','summary',NULL,NULL),(73,'Banca | Climatetrade','Take advantage of new market opportunities to include more innovative features in your platform and don\'t be left behind in the digital transformation.\n\n','summary',NULL,NULL),(75,'Retail | Climatetrade','Brinda experiencias ├║nicas de forma segura y en tiempo record.','summary',NULL,NULL),(76,'Buenas pr├ícticas en el dise├▒o de APIs | RIMAC API_Market','Aprende r├ípidamente c├│mo aplicar el popular API First.','summary',NULL,NULL),(77,'Startguide | RIMAC API_Market','Explora el API Market f├ícilmente siguiendo estos pasos.','summary',NULL,NULL),(78,'Seguridad en nuestras APIs | RIMAC API_Market','Descubre los mecanismos de seguridad que utilizamos en Rimac.','summary',NULL,NULL),(79,'┬┐Por qu├® utilizar nuestro sandbox? | RIMAC API_Market','Prueba las APIs antes de integrarlas y decide si es la soluci├│n que buscas.','summary',NULL,NULL),(95,'T├®rminos y condiciones para el uso de CLIMATETRADE','T├®rminos y condiciones para el uso de CLIMATETRADE','summary','',NULL),(118,'Brokers | Climatetrade','Calcule las emisiones autom├íticamente y permita que sus clientes las compensen al comprar el boleto.','summary',NULL,NULL),(119,'Banca | Climatetrade','Aprovecha las nuevas oportunidades del mercado para incluir funcionalidades m├ís innovadoras en tu plataforma y no te quedes atr├ís en la transformaci├│n digital.','summary',NULL,NULL),(125,'Climatetrade','Climatetrade',NULL,NULL,NULL),(143,'API | Climatetrade','Climatetrade',NULL,NULL,NULL),(144,'Climatetrade','Climatetrade',NULL,NULL,NULL),(148,'API Market - Preguntas Frecuentes',NULL,NULL,NULL,NULL),(149,'API Market - Inicio',NULL,NULL,NULL,NULL),(151,'API Market - Biblioteca de APIs',NULL,NULL,NULL,NULL),(152,'API Market - Blog',NULL,NULL,NULL,NULL),(153,NULL,NULL,NULL,NULL,NULL),(154,NULL,NULL,NULL,NULL,NULL);
/*!40000 ALTER TABLE `components_meta_metadata` ENABLE KEYS */;
UNLOCK TABLES;

--
-- Table structure for table `components_meta_metadata_components`
--

DROP TABLE IF EXISTS `components_meta_metadata_components`;
/*!40101 SET @saved_cs_client     = @@character_set_client */;
/*!40101 SET character_set_client = utf8 */;
CREATE TABLE `components_meta_metadata_components` (
  `id` int(10) unsigned NOT NULL AUTO_INCREMENT,
  `field` varchar(255) NOT NULL,
  `order` int(10) unsigned NOT NULL,
  `component_type` varchar(255) NOT NULL,
  `component_id` int(11) NOT NULL,
  `components_meta_metadatum_id` int(10) unsigned NOT NULL,
  PRIMARY KEY (`id`),
  KEY `components_meta_metadatum_id_fk` (`components_meta_metadatum_id`),
  CONSTRAINT `components_meta_metadatum_id_fk` FOREIGN KEY (`components_meta_metadatum_id`) REFERENCES `components_meta_metadata` (`id`) ON DELETE CASCADE
) ENGINE=InnoDB DEFAULT CHARSET=utf8;
/*!40101 SET character_set_client = @saved_cs_client */;

--
-- Dumping data for table `components_meta_metadata_components`
--

LOCK TABLES `components_meta_metadata_components` WRITE;
/*!40000 ALTER TABLE `components_meta_metadata_components` DISABLE KEYS */;
/*!40000 ALTER TABLE `components_meta_metadata_components` ENABLE KEYS */;
UNLOCK TABLES;

--
-- Table structure for table `components_meta_open_graphs`
--

DROP TABLE IF EXISTS `components_meta_open_graphs`;
/*!40101 SET @saved_cs_client     = @@character_set_client */;
/*!40101 SET character_set_client = utf8 */;
CREATE TABLE `components_meta_open_graphs` (
  `id` int(10) unsigned NOT NULL AUTO_INCREMENT,
  `title` longtext,
  `description` longtext,
  `image` longtext,
  `url` longtext,
  `locale` varchar(255) DEFAULT NULL,
  PRIMARY KEY (`id`)
) ENGINE=InnoDB AUTO_INCREMENT=32 DEFAULT CHARSET=utf8;
/*!40101 SET character_set_client = @saved_cs_client */;

--
-- Dumping data for table `components_meta_open_graphs`
--

LOCK TABLES `components_meta_open_graphs` WRITE;
/*!40000 ALTER TABLE `components_meta_open_graphs` DISABLE KEYS */;
INSERT INTO `components_meta_open_graphs` VALUES (1,' ClimateTrade API','The ClimateTrade API allows companies to integrate carbon offsetting into their business operations.','','https://pre-devportal-climatetrade.cloudappi.net/products/api/',NULL),(2,'API de ClimateTrade','La API de ClimateTrade permite a las empresas integrar la compensaci├│n de carbono en sus operaciones comerciales.',NULL,'https://pre-devportal-climatetrade.cloudappi.net/es/products/api/',NULL),(3,'ClimateTrade Developer FAQ','Frequently asked questions about integrating the ClimateTrade API or widget to offset the CO2 of company operations.',NULL,'https://pre-devportal-climatetrade.cloudappi.net/faqs/',NULL),(4,'Preguntas frecuentes sobre desarrolladores de ClimateTrade','Preguntas frecuentes sobre la integraci├│n de la API o el widget de ClimateTrade para compensar el CO2 de las operaciones de la empresa.',NULL,'https://pre-devportal-climatetrade.cloudappi.net/es/faqs/',NULL),(5,'ClimateTrade Widget','The ClimateTrade Widget can be integrated into any platform, so companies and organizations of all sizes can offer carbon-neutral products and services.',NULL,'https://pre-devportal-climatetrade.cloudappi.net/products/widget/',NULL),(6,'Widget de ClimateTrade','El Widget de ClimateTrade se puede integrar en cualquier plataforma, de modo que las empresas y organizaciones de todos los tama├▒os puedan ofrecer productos y servicios neutros en carbono.',NULL,'https://pre-devportal-climatetrade.cloudappi.net/es/products/widget/ ',NULL),(7,'ClimateTrade case studies','Our carbon offsetting solutions can be personalized for each sector or company. Discover how they work.',NULL,'https://pre-devportal-climatetrade.cloudappi.net/use-cases/',NULL),(8,'Casos de estudio de ClimateTrade','Nuestras soluciones de compensaci├│n de carbono se pueden personalizar para cada sector o empresa. Descubre c├│mo funcionan.',NULL,'https://pre-devportal-climatetrade.cloudappi.net/es/use-cases/',NULL),(9,'ClimateTrade Products','Build climate action into your business. Discover the ClimateTrade API, widget and sector-specific carbon footprint calculators.','','https://pre-devportal-climatetrade.cloudappi.net/products/',NULL),(10,'Productos de ClimateTrade','Incorpore la acci├│n clim├ítica en su negocio. Descubra la API de ClimateTrade, el widget y las calculadoras de huella de carbono espec├¡ficas del sector.',NULL,'https://pre-devportal-climatetrade.cloudappi.net/es/products/ ',NULL),(11,'ClimateTrade DevelopersÔÇÖ Portal - Home','Find the best solution among the ClimateTrade suite of API, Widget and calculators to offset the carbon footprint of your company.',NULL,'https://pre-devportal-climatetrade.cloudappi.net/en/',NULL),(12,'Portal de desarrolladores de ClimateTrade - Inicio','Encuentre la mejor soluci├│n entre la suite de API, Widget y calculadoras de ClimateTrade para compensar la huella de carbono de su empresa.',NULL,'https://pre-devportal-climatetrade.cloudappi.net/es/',NULL),(13,'ClimateTrade case studies','Find out how ClimateTradeÔÇÖs carbon offsetting solutions can apply to different sectors, from mobility to e-commerce and financial institutions.',NULL,'https://pre-devportal-climatetrade.cloudappi.net/use-cases/airlines/',NULL),(14,'Casos de estudio de ClimateTrade','Descubra c├│mo las soluciones de compensaci├│n de carbono de ClimateTrade pueden aplicarse a diferentes sectores, desde la movilidad hasta el comercio electr├│nico y las instituciones financieras.',NULL,'https://pre-devportal-climatetrade.cloudappi.net/es/use-cases/airlines/ ',NULL),(15,'ClimateTrade case studies\n','Find out how ClimateTradeÔÇÖs carbon offsetting solutions can apply to different sectors, from mobility to e-commerce and financial institutions.',NULL,'https://pre-devportal-climatetrade.cloudappi.net/use-cases/chambers-of-commerce/',NULL),(16,'Casos de estudio de ClimateTrade','Descubra c├│mo las soluciones de compensaci├│n de carbono de ClimateTrade pueden aplicarse a diferentes sectores, desde la movilidad hasta el comercio electr├│nico y las instituciones financieras.',NULL,'https://pre-devportal-climatetrade.cloudappi.net/es/use-cases/chambers-of-commerce/',NULL),(17,'ClimateTrade case studies\n','Find out how ClimateTradeÔÇÖs carbon offsetting solutions can apply to different sectors, from mobility to e-commerce and financial institutions.',NULL,'https://pre-devportal-climatetrade.cloudappi.net/use-cases/construction/ ',NULL),(18,'Casos de estudio de ClimateTrade','Descubra c├│mo las soluciones de compensaci├│n de carbono de ClimateTrade pueden aplicarse a diferentes sectores, desde la movilidad hasta el comercio electr├│nico y las instituciones financieras.',NULL,'https://pre-devportal-climatetrade.cloudappi.net/es/use-cases/construction/ ',NULL),(19,'ClimateTrade case studies',' Find out how ClimateTradeÔÇÖs carbon offsetting solutions can apply to different sectors, from mobility to e-commerce and financial institutions.',NULL,'https://pre-devportal-climatetrade.cloudappi.net/use-cases/crypto/',NULL),(20,'Casos de estudio de ClimateTrade','Descubra c├│mo las soluciones de compensaci├│n de carbono de ClimateTrade pueden aplicarse a diferentes sectores, desde la movilidad hasta el comercio electr├│nico y las instituciones financieras.',NULL,'https://pre-devportal-climatetrade.cloudappi.net/es/use-cases/crypto/',NULL),(21,'ClimateTrade case studies\n','Find out how ClimateTradeÔÇÖs carbon offsetting solutions can apply to different sectors, from mobility to e-commerce and financial institutions.',NULL,NULL,NULL),(22,'Casos de estudio de ClimateTrade','Descubra c├│mo las soluciones de compensaci├│n de carbono de ClimateTrade pueden aplicarse a diferentes sectores, desde la movilidad hasta el comercio electr├│nico y las instituciones financieras.',NULL,'https://pre-devportal-climatetrade.cloudappi.net/es/use-cases/ecommerce/',NULL),(23,'ClimateTrade case studies','Find out how ClimateTradeÔÇÖs carbon offsetting solutions can apply to different sectors, from mobility to e-commerce and financial institutions.',NULL,'https://pre-devportal-climatetrade.cloudappi.net/use-cases/events/',NULL),(24,'Casos de estudio de ClimateTrade','Descubra c├│mo las soluciones de compensaci├│n de carbono de ClimateTrade pueden aplicarse a diferentes sectores, desde la movilidad hasta el comercio electr├│nico y las instituciones financieras.',NULL,'https://pre-devportal-climatetrade.cloudappi.net/es/use-cases/events/ ',NULL),(25,'ClimateTrade case studies',' Find out how ClimateTradeÔÇÖs carbon offsetting solutions can apply to different sectors, from mobility to e-commerce and financial institutions.',NULL,'https://pre-devportal-climatetrade.cloudappi.net/use-cases/financial-services/',NULL),(26,'Casos de estudio de ClimateTrade','Descubra c├│mo las soluciones de compensaci├│n de carbono de ClimateTrade pueden aplicarse a diferentes sectores, desde la movilidad hasta el comercio electr├│nico y las instituciones financieras.',NULL,'https://pre-devportal-climatetrade.cloudappi.net/es/use-cases/financial-services/ ',NULL),(27,'ClimateTrade case studies','Find out how ClimateTradeÔÇÖs carbon offsetting solutions can apply to different sectors, from mobility to e-commerce and financial institutions.',NULL,'https://pre-devportal-climatetrade.cloudappi.net/use-cases/mobility/',NULL),(28,'Casos de estudio de ClimateTrade','Descubra c├│mo las soluciones de compensaci├│n de carbono de ClimateTrade pueden aplicarse a diferentes sectores, desde la movilidad hasta el comercio electr├│nico y las instituciones financieras.',NULL,'https://pre-devportal-climatetrade.cloudappi.net/es/use-cases/mobility/',NULL),(29,'ClimateTrade case studies','Find out how ClimateTradeÔÇÖs carbon offsetting solutions can apply to different sectors, from mobility to e-commerce and financial institutions.',NULL,'https://pre-devportal-climatetrade.cloudappi.net/use-cases/tourism/',NULL),(30,'Casos de estudio de ClimateTrade','Descubra c├│mo las soluciones de compensaci├│n de carbono de ClimateTrade pueden aplicarse a diferentes sectores, desde la movilidad hasta el comercio electr├│nico y las instituciones financieras.',NULL,'https://pre-devportal-climatetrade.cloudappi.net/es/use-cases/tourism/',NULL),(31,NULL,NULL,NULL,NULL,NULL);
/*!40000 ALTER TABLE `components_meta_open_graphs` ENABLE KEYS */;
UNLOCK TABLES;

--
-- Table structure for table `components_new_card_lists`
--

DROP TABLE IF EXISTS `components_new_card_lists`;
/*!40101 SET @saved_cs_client     = @@character_set_client */;
/*!40101 SET character_set_client = utf8 */;
CREATE TABLE `components_new_card_lists` (
  `id` int(10) unsigned NOT NULL AUTO_INCREMENT,
  `url` varchar(255) DEFAULT NULL,
  PRIMARY KEY (`id`)
) ENGINE=InnoDB DEFAULT CHARSET=utf8;
/*!40101 SET character_set_client = @saved_cs_client */;

--
-- Dumping data for table `components_new_card_lists`
--

LOCK TABLES `components_new_card_lists` WRITE;
/*!40000 ALTER TABLE `components_new_card_lists` DISABLE KEYS */;
/*!40000 ALTER TABLE `components_new_card_lists` ENABLE KEYS */;
UNLOCK TABLES;

--
-- Table structure for table `components_new_cards_lists`
--

DROP TABLE IF EXISTS `components_new_cards_lists`;
/*!40101 SET @saved_cs_client     = @@character_set_client */;
/*!40101 SET character_set_client = utf8 */;
CREATE TABLE `components_new_cards_lists` (
  `id` int(10) unsigned NOT NULL AUTO_INCREMENT,
  `url` varchar(255) DEFAULT NULL,
  PRIMARY KEY (`id`)
) ENGINE=InnoDB DEFAULT CHARSET=utf8;
/*!40101 SET character_set_client = @saved_cs_client */;

--
-- Dumping data for table `components_new_cards_lists`
--

LOCK TABLES `components_new_cards_lists` WRITE;
/*!40000 ALTER TABLE `components_new_cards_lists` DISABLE KEYS */;
/*!40000 ALTER TABLE `components_new_cards_lists` ENABLE KEYS */;
UNLOCK TABLES;

--
-- Table structure for table `components_new_shares`
--

DROP TABLE IF EXISTS `components_new_shares`;
/*!40101 SET @saved_cs_client     = @@character_set_client */;
/*!40101 SET character_set_client = utf8 */;
CREATE TABLE `components_new_shares` (
  `id` int(10) unsigned NOT NULL AUTO_INCREMENT,
  `url` varchar(255) DEFAULT NULL,
  `idContentType` varchar(255) DEFAULT NULL,
  PRIMARY KEY (`id`)
) ENGINE=InnoDB AUTO_INCREMENT=9 DEFAULT CHARSET=utf8;
/*!40101 SET character_set_client = @saved_cs_client */;

--
-- Dumping data for table `components_new_shares`
--

LOCK TABLES `components_new_shares` WRITE;
/*!40000 ALTER TABLE `components_new_shares` DISABLE KEYS */;
INSERT INTO `components_new_shares` VALUES (1,'https://www.facebook.com/ClimateTrade-445008769581303/',NULL),(2,'https://es.linkedin.com/company/climatetrade',NULL),(3,'https://twitter.com/climatetrade',NULL),(4,NULL,NULL),(5,NULL,NULL),(6,NULL,NULL),(7,NULL,NULL),(8,NULL,NULL);
/*!40000 ALTER TABLE `components_new_shares` ENABLE KEYS */;
UNLOCK TABLES;

--
-- Table structure for table `components_new_sharings`
--

DROP TABLE IF EXISTS `components_new_sharings`;
/*!40101 SET @saved_cs_client     = @@character_set_client */;
/*!40101 SET character_set_client = utf8 */;
CREATE TABLE `components_new_sharings` (
  `id` int(10) unsigned NOT NULL AUTO_INCREMENT,
  `shareName` varchar(255) DEFAULT NULL,
  PRIMARY KEY (`id`)
) ENGINE=InnoDB AUTO_INCREMENT=2 DEFAULT CHARSET=utf8;
/*!40101 SET character_set_client = @saved_cs_client */;

--
-- Dumping data for table `components_new_sharings`
--

LOCK TABLES `components_new_sharings` WRITE;
/*!40000 ALTER TABLE `components_new_sharings` DISABLE KEYS */;
INSERT INTO `components_new_sharings` VALUES (1,'Share');
/*!40000 ALTER TABLE `components_new_sharings` ENABLE KEYS */;
UNLOCK TABLES;

--
-- Table structure for table `components_new_sharings_components`
--

DROP TABLE IF EXISTS `components_new_sharings_components`;
/*!40101 SET @saved_cs_client     = @@character_set_client */;
/*!40101 SET character_set_client = utf8 */;
CREATE TABLE `components_new_sharings_components` (
  `id` int(10) unsigned NOT NULL AUTO_INCREMENT,
  `field` varchar(255) NOT NULL,
  `order` int(10) unsigned NOT NULL,
  `component_type` varchar(255) NOT NULL,
  `component_id` int(11) NOT NULL,
  `components_new_sharing_id` int(10) unsigned NOT NULL,
  PRIMARY KEY (`id`),
  KEY `components_new_sharing_id_fk` (`components_new_sharing_id`),
  CONSTRAINT `components_new_sharing_id_fk` FOREIGN KEY (`components_new_sharing_id`) REFERENCES `components_new_sharings` (`id`) ON DELETE CASCADE
) ENGINE=InnoDB AUTO_INCREMENT=4 DEFAULT CHARSET=utf8;
/*!40101 SET character_set_client = @saved_cs_client */;

--
-- Dumping data for table `components_new_sharings_components`
--

LOCK TABLES `components_new_sharings_components` WRITE;
/*!40000 ALTER TABLE `components_new_sharings_components` DISABLE KEYS */;
INSERT INTO `components_new_sharings_components` VALUES (1,'shareList',1,'components_new_shares',1,1),(2,'shareList',2,'components_new_shares',2,1),(3,'shareList',3,'components_new_shares',3,1);
/*!40000 ALTER TABLE `components_new_sharings_components` ENABLE KEYS */;
UNLOCK TABLES;

--
-- Table structure for table `components_new_tests`
--

DROP TABLE IF EXISTS `components_new_tests`;
/*!40101 SET @saved_cs_client     = @@character_set_client */;
/*!40101 SET character_set_client = utf8 */;
CREATE TABLE `components_new_tests` (
  `id` int(10) unsigned NOT NULL AUTO_INCREMENT,
  `test` varchar(255) DEFAULT NULL,
  PRIMARY KEY (`id`)
) ENGINE=InnoDB DEFAULT CHARSET=utf8;
/*!40101 SET character_set_client = @saved_cs_client */;

--
-- Dumping data for table `components_new_tests`
--

LOCK TABLES `components_new_tests` WRITE;
/*!40000 ALTER TABLE `components_new_tests` DISABLE KEYS */;
/*!40000 ALTER TABLE `components_new_tests` ENABLE KEYS */;
UNLOCK TABLES;

--
-- Table structure for table `components_sections_banners`
--

DROP TABLE IF EXISTS `components_sections_banners`;
/*!40101 SET @saved_cs_client     = @@character_set_client */;
/*!40101 SET character_set_client = utf8 */;
CREATE TABLE `components_sections_banners` (
  `id` int(10) unsigned NOT NULL AUTO_INCREMENT,
  `idContentType` varchar(255) DEFAULT NULL,
  PRIMARY KEY (`id`),
  UNIQUE KEY `components_sections_banners_idcontenttype_unique` (`idContentType`)
) ENGINE=InnoDB DEFAULT CHARSET=utf8;
/*!40101 SET character_set_client = @saved_cs_client */;

--
-- Dumping data for table `components_sections_banners`
--

LOCK TABLES `components_sections_banners` WRITE;
/*!40000 ALTER TABLE `components_sections_banners` DISABLE KEYS */;
/*!40000 ALTER TABLE `components_sections_banners` ENABLE KEYS */;
UNLOCK TABLES;

--
-- Table structure for table `components_sections_banners_components`
--

DROP TABLE IF EXISTS `components_sections_banners_components`;
/*!40101 SET @saved_cs_client     = @@character_set_client */;
/*!40101 SET character_set_client = utf8 */;
CREATE TABLE `components_sections_banners_components` (
  `id` int(10) unsigned NOT NULL AUTO_INCREMENT,
  `field` varchar(255) NOT NULL,
  `order` int(10) unsigned NOT NULL,
  `component_type` varchar(255) NOT NULL,
  `component_id` int(11) NOT NULL,
  `components_sections_banner_id` int(10) unsigned NOT NULL,
  PRIMARY KEY (`id`),
  KEY `components_sections_banner_id_fk` (`components_sections_banner_id`),
  CONSTRAINT `components_sections_banner_id_fk` FOREIGN KEY (`components_sections_banner_id`) REFERENCES `components_sections_banners` (`id`) ON DELETE CASCADE
) ENGINE=InnoDB DEFAULT CHARSET=utf8;
/*!40101 SET character_set_client = @saved_cs_client */;

--
-- Dumping data for table `components_sections_banners_components`
--

LOCK TABLES `components_sections_banners_components` WRITE;
/*!40000 ALTER TABLE `components_sections_banners_components` DISABLE KEYS */;
/*!40000 ALTER TABLE `components_sections_banners_components` ENABLE KEYS */;
UNLOCK TABLES;

--
-- Table structure for table `components_sections_basic_card_groups`
--

DROP TABLE IF EXISTS `components_sections_basic_card_groups`;
/*!40101 SET @saved_cs_client     = @@character_set_client */;
/*!40101 SET character_set_client = utf8 */;
CREATE TABLE `components_sections_basic_card_groups` (
  `id` int(10) unsigned NOT NULL AUTO_INCREMENT,
  `idContentType` varchar(255) DEFAULT NULL,
  PRIMARY KEY (`id`),
  UNIQUE KEY `components_sections_basic_card_groups_idcontenttype_unique` (`idContentType`)
) ENGINE=InnoDB DEFAULT CHARSET=utf8;
/*!40101 SET character_set_client = @saved_cs_client */;

--
-- Dumping data for table `components_sections_basic_card_groups`
--

LOCK TABLES `components_sections_basic_card_groups` WRITE;
/*!40000 ALTER TABLE `components_sections_basic_card_groups` DISABLE KEYS */;
/*!40000 ALTER TABLE `components_sections_basic_card_groups` ENABLE KEYS */;
UNLOCK TABLES;

--
-- Table structure for table `components_sections_basic_card_groups_components`
--

DROP TABLE IF EXISTS `components_sections_basic_card_groups_components`;
/*!40101 SET @saved_cs_client     = @@character_set_client */;
/*!40101 SET character_set_client = utf8 */;
CREATE TABLE `components_sections_basic_card_groups_components` (
  `id` int(10) unsigned NOT NULL AUTO_INCREMENT,
  `field` varchar(255) NOT NULL,
  `order` int(10) unsigned NOT NULL,
  `component_type` varchar(255) NOT NULL,
  `component_id` int(11) NOT NULL,
  `components_sections_basic_card_group_id` int(10) unsigned NOT NULL,
  PRIMARY KEY (`id`),
  KEY `components_sections_basic_card_group_id_fk` (`components_sections_basic_card_group_id`),
  CONSTRAINT `components_sections_basic_card_group_id_fk` FOREIGN KEY (`components_sections_basic_card_group_id`) REFERENCES `components_sections_basic_card_groups` (`id`) ON DELETE CASCADE
) ENGINE=InnoDB DEFAULT CHARSET=utf8;
/*!40101 SET character_set_client = @saved_cs_client */;

--
-- Dumping data for table `components_sections_basic_card_groups_components`
--

LOCK TABLES `components_sections_basic_card_groups_components` WRITE;
/*!40000 ALTER TABLE `components_sections_basic_card_groups_components` DISABLE KEYS */;
/*!40000 ALTER TABLE `components_sections_basic_card_groups_components` ENABLE KEYS */;
UNLOCK TABLES;

--
-- Table structure for table `components_sections_basic_containers`
--

DROP TABLE IF EXISTS `components_sections_basic_containers`;
/*!40101 SET @saved_cs_client     = @@character_set_client */;
/*!40101 SET character_set_client = utf8 */;
CREATE TABLE `components_sections_basic_containers` (
  `id` int(10) unsigned NOT NULL AUTO_INCREMENT,
  `title` varchar(255) DEFAULT NULL,
  `description` varchar(255) DEFAULT NULL,
  `idContentType` varchar(255) DEFAULT NULL,
  PRIMARY KEY (`id`),
  UNIQUE KEY `components_sections_basic_containers_idcontenttype_unique` (`idContentType`)
) ENGINE=InnoDB DEFAULT CHARSET=utf8;
/*!40101 SET character_set_client = @saved_cs_client */;

--
-- Dumping data for table `components_sections_basic_containers`
--

LOCK TABLES `components_sections_basic_containers` WRITE;
/*!40000 ALTER TABLE `components_sections_basic_containers` DISABLE KEYS */;
/*!40000 ALTER TABLE `components_sections_basic_containers` ENABLE KEYS */;
UNLOCK TABLES;

--
-- Table structure for table `components_sections_basic_containers_components`
--

DROP TABLE IF EXISTS `components_sections_basic_containers_components`;
/*!40101 SET @saved_cs_client     = @@character_set_client */;
/*!40101 SET character_set_client = utf8 */;
CREATE TABLE `components_sections_basic_containers_components` (
  `id` int(10) unsigned NOT NULL AUTO_INCREMENT,
  `field` varchar(255) NOT NULL,
  `order` int(10) unsigned NOT NULL,
  `component_type` varchar(255) NOT NULL,
  `component_id` int(11) NOT NULL,
  `components_sections_basic_container_id` int(10) unsigned NOT NULL,
  PRIMARY KEY (`id`),
  KEY `components_sections_basic_container_id_fk` (`components_sections_basic_container_id`),
  CONSTRAINT `components_sections_basic_container_id_fk` FOREIGN KEY (`components_sections_basic_container_id`) REFERENCES `components_sections_basic_containers` (`id`) ON DELETE CASCADE
) ENGINE=InnoDB DEFAULT CHARSET=utf8;
/*!40101 SET character_set_client = @saved_cs_client */;

--
-- Dumping data for table `components_sections_basic_containers_components`
--

LOCK TABLES `components_sections_basic_containers_components` WRITE;
/*!40000 ALTER TABLE `components_sections_basic_containers_components` DISABLE KEYS */;
/*!40000 ALTER TABLE `components_sections_basic_containers_components` ENABLE KEYS */;
UNLOCK TABLES;

--
-- Table structure for table `components_sections_basic_heroes`
--

DROP TABLE IF EXISTS `components_sections_basic_heroes`;
/*!40101 SET @saved_cs_client     = @@character_set_client */;
/*!40101 SET character_set_client = utf8 */;
CREATE TABLE `components_sections_basic_heroes` (
  `id` int(10) unsigned NOT NULL AUTO_INCREMENT,
  `description` longtext,
  `idContentType` varchar(255) DEFAULT NULL,
  PRIMARY KEY (`id`),
  UNIQUE KEY `components_sections_basic_heroes_idcontenttype_unique` (`idContentType`)
) ENGINE=InnoDB DEFAULT CHARSET=utf8;
/*!40101 SET character_set_client = @saved_cs_client */;

--
-- Dumping data for table `components_sections_basic_heroes`
--

LOCK TABLES `components_sections_basic_heroes` WRITE;
/*!40000 ALTER TABLE `components_sections_basic_heroes` DISABLE KEYS */;
/*!40000 ALTER TABLE `components_sections_basic_heroes` ENABLE KEYS */;
UNLOCK TABLES;

--
-- Table structure for table `components_sections_basic_heroes_components`
--

DROP TABLE IF EXISTS `components_sections_basic_heroes_components`;
/*!40101 SET @saved_cs_client     = @@character_set_client */;
/*!40101 SET character_set_client = utf8 */;
CREATE TABLE `components_sections_basic_heroes_components` (
  `id` int(10) unsigned NOT NULL AUTO_INCREMENT,
  `field` varchar(255) NOT NULL,
  `order` int(10) unsigned NOT NULL,
  `component_type` varchar(255) NOT NULL,
  `component_id` int(11) NOT NULL,
  `components_sections_basic_hero_id` int(10) unsigned NOT NULL,
  PRIMARY KEY (`id`),
  KEY `components_sections_basic_hero_id_fk` (`components_sections_basic_hero_id`),
  CONSTRAINT `components_sections_basic_hero_id_fk` FOREIGN KEY (`components_sections_basic_hero_id`) REFERENCES `components_sections_basic_heroes` (`id`) ON DELETE CASCADE
) ENGINE=InnoDB DEFAULT CHARSET=utf8;
/*!40101 SET character_set_client = @saved_cs_client */;

--
-- Dumping data for table `components_sections_basic_heroes_components`
--

LOCK TABLES `components_sections_basic_heroes_components` WRITE;
/*!40000 ALTER TABLE `components_sections_basic_heroes_components` DISABLE KEYS */;
/*!40000 ALTER TABLE `components_sections_basic_heroes_components` ENABLE KEYS */;
UNLOCK TABLES;

--
-- Table structure for table `components_sections_big_containers`
--

DROP TABLE IF EXISTS `components_sections_big_containers`;
/*!40101 SET @saved_cs_client     = @@character_set_client */;
/*!40101 SET character_set_client = utf8 */;
CREATE TABLE `components_sections_big_containers` (
  `id` int(10) unsigned NOT NULL AUTO_INCREMENT,
  `idContentType` varchar(255) DEFAULT NULL,
  PRIMARY KEY (`id`),
  UNIQUE KEY `components_sections_big_containers_idcontenttype_unique` (`idContentType`)
) ENGINE=InnoDB DEFAULT CHARSET=utf8;
/*!40101 SET character_set_client = @saved_cs_client */;

--
-- Dumping data for table `components_sections_big_containers`
--

LOCK TABLES `components_sections_big_containers` WRITE;
/*!40000 ALTER TABLE `components_sections_big_containers` DISABLE KEYS */;
/*!40000 ALTER TABLE `components_sections_big_containers` ENABLE KEYS */;
UNLOCK TABLES;

--
-- Table structure for table `components_sections_big_containers_components`
--

DROP TABLE IF EXISTS `components_sections_big_containers_components`;
/*!40101 SET @saved_cs_client     = @@character_set_client */;
/*!40101 SET character_set_client = utf8 */;
CREATE TABLE `components_sections_big_containers_components` (
  `id` int(10) unsigned NOT NULL AUTO_INCREMENT,
  `field` varchar(255) NOT NULL,
  `order` int(10) unsigned NOT NULL,
  `component_type` varchar(255) NOT NULL,
  `component_id` int(11) NOT NULL,
  `components_sections_big_container_id` int(10) unsigned NOT NULL,
  PRIMARY KEY (`id`),
  KEY `components_sections_big_container_id_fk` (`components_sections_big_container_id`),
  CONSTRAINT `components_sections_big_container_id_fk` FOREIGN KEY (`components_sections_big_container_id`) REFERENCES `components_sections_big_containers` (`id`) ON DELETE CASCADE
) ENGINE=InnoDB DEFAULT CHARSET=utf8;
/*!40101 SET character_set_client = @saved_cs_client */;

--
-- Dumping data for table `components_sections_big_containers_components`
--

LOCK TABLES `components_sections_big_containers_components` WRITE;
/*!40000 ALTER TABLE `components_sections_big_containers_components` DISABLE KEYS */;
/*!40000 ALTER TABLE `components_sections_big_containers_components` ENABLE KEYS */;
UNLOCK TABLES;

--
-- Table structure for table `components_sections_big_heroes`
--

DROP TABLE IF EXISTS `components_sections_big_heroes`;
/*!40101 SET @saved_cs_client     = @@character_set_client */;
/*!40101 SET character_set_client = utf8 */;
CREATE TABLE `components_sections_big_heroes` (
  `id` int(10) unsigned NOT NULL AUTO_INCREMENT,
  `description` longtext,
  `idContentType` varchar(255) DEFAULT NULL,
  PRIMARY KEY (`id`),
  UNIQUE KEY `components_sections_big_heroes_idcontenttype_unique` (`idContentType`)
) ENGINE=InnoDB AUTO_INCREMENT=4 DEFAULT CHARSET=utf8;
/*!40101 SET character_set_client = @saved_cs_client */;

--
-- Dumping data for table `components_sections_big_heroes`
--

LOCK TABLES `components_sections_big_heroes` WRITE;
/*!40000 ALTER TABLE `components_sections_big_heroes` DISABLE KEYS */;
INSERT INTO `components_sections_big_heroes` VALUES (3,NULL,NULL);
/*!40000 ALTER TABLE `components_sections_big_heroes` ENABLE KEYS */;
UNLOCK TABLES;

--
-- Table structure for table `components_sections_big_heroes_components`
--

DROP TABLE IF EXISTS `components_sections_big_heroes_components`;
/*!40101 SET @saved_cs_client     = @@character_set_client */;
/*!40101 SET character_set_client = utf8 */;
CREATE TABLE `components_sections_big_heroes_components` (
  `id` int(10) unsigned NOT NULL AUTO_INCREMENT,
  `field` varchar(255) NOT NULL,
  `order` int(10) unsigned NOT NULL,
  `component_type` varchar(255) NOT NULL,
  `component_id` int(11) NOT NULL,
  `components_sections_big_hero_id` int(10) unsigned NOT NULL,
  PRIMARY KEY (`id`),
  KEY `components_sections_big_hero_id_fk` (`components_sections_big_hero_id`),
  CONSTRAINT `components_sections_big_hero_id_fk` FOREIGN KEY (`components_sections_big_hero_id`) REFERENCES `components_sections_big_heroes` (`id`) ON DELETE CASCADE
) ENGINE=InnoDB AUTO_INCREMENT=6 DEFAULT CHARSET=utf8;
/*!40101 SET character_set_client = @saved_cs_client */;

--
-- Dumping data for table `components_sections_big_heroes_components`
--

LOCK TABLES `components_sections_big_heroes_components` WRITE;
/*!40000 ALTER TABLE `components_sections_big_heroes_components` DISABLE KEYS */;
INSERT INTO `components_sections_big_heroes_components` VALUES (5,'header',1,'components_elements_main_heroes',211,3);
/*!40000 ALTER TABLE `components_sections_big_heroes_components` ENABLE KEYS */;
UNLOCK TABLES;

--
-- Table structure for table `components_sections_big_hers`
--

DROP TABLE IF EXISTS `components_sections_big_hers`;
/*!40101 SET @saved_cs_client     = @@character_set_client */;
/*!40101 SET character_set_client = utf8 */;
CREATE TABLE `components_sections_big_hers` (
  `id` int(10) unsigned NOT NULL AUTO_INCREMENT,
  `description` longtext,
  PRIMARY KEY (`id`)
) ENGINE=InnoDB DEFAULT CHARSET=utf8;
/*!40101 SET character_set_client = @saved_cs_client */;

--
-- Dumping data for table `components_sections_big_hers`
--

LOCK TABLES `components_sections_big_hers` WRITE;
/*!40000 ALTER TABLE `components_sections_big_hers` DISABLE KEYS */;
/*!40000 ALTER TABLE `components_sections_big_hers` ENABLE KEYS */;
UNLOCK TABLES;

--
-- Table structure for table `components_sections_big_hers_components`
--

DROP TABLE IF EXISTS `components_sections_big_hers_components`;
/*!40101 SET @saved_cs_client     = @@character_set_client */;
/*!40101 SET character_set_client = utf8 */;
CREATE TABLE `components_sections_big_hers_components` (
  `id` int(10) unsigned NOT NULL AUTO_INCREMENT,
  `field` varchar(255) NOT NULL,
  `order` int(10) unsigned NOT NULL,
  `component_type` varchar(255) NOT NULL,
  `component_id` int(11) NOT NULL,
  `components_sections_big_her_id` int(10) unsigned NOT NULL,
  PRIMARY KEY (`id`),
  KEY `components_sections_big_her_id_fk` (`components_sections_big_her_id`),
  CONSTRAINT `components_sections_big_her_id_fk` FOREIGN KEY (`components_sections_big_her_id`) REFERENCES `components_sections_big_hers` (`id`) ON DELETE CASCADE
) ENGINE=InnoDB DEFAULT CHARSET=utf8;
/*!40101 SET character_set_client = @saved_cs_client */;

--
-- Dumping data for table `components_sections_big_hers_components`
--

LOCK TABLES `components_sections_big_hers_components` WRITE;
/*!40000 ALTER TABLE `components_sections_big_hers_components` DISABLE KEYS */;
/*!40000 ALTER TABLE `components_sections_big_hers_components` ENABLE KEYS */;
UNLOCK TABLES;

--
-- Table structure for table `components_sections_breadcumb_sections`
--

DROP TABLE IF EXISTS `components_sections_breadcumb_sections`;
/*!40101 SET @saved_cs_client     = @@character_set_client */;
/*!40101 SET character_set_client = utf8 */;
CREATE TABLE `components_sections_breadcumb_sections` (
  `id` int(10) unsigned NOT NULL AUTO_INCREMENT,
  `primaryName` varchar(255) DEFAULT NULL,
  `SecondaryName` varchar(255) DEFAULT NULL,
  `idContentType` varchar(255) DEFAULT NULL,
  `climatetradeName` varchar(255) DEFAULT NULL,
  `DevelopersName` varchar(255) DEFAULT NULL,
  `shareName` varchar(255) DEFAULT NULL,
  PRIMARY KEY (`id`)
) ENGINE=InnoDB AUTO_INCREMENT=5 DEFAULT CHARSET=utf8;
/*!40101 SET character_set_client = @saved_cs_client */;

--
-- Dumping data for table `components_sections_breadcumb_sections`
--

LOCK TABLES `components_sections_breadcumb_sections` WRITE;
/*!40000 ALTER TABLE `components_sections_breadcumb_sections` DISABLE KEYS */;
INSERT INTO `components_sections_breadcumb_sections` VALUES (3,NULL,NULL,NULL,'Climatetrade','Portal de desarrolladores','Compartir'),(4,NULL,NULL,NULL,'Climatetrade','Developers portal','Share');
/*!40000 ALTER TABLE `components_sections_breadcumb_sections` ENABLE KEYS */;
UNLOCK TABLES;

--
-- Table structure for table `components_sections_breadcumb_sections_components`
--

DROP TABLE IF EXISTS `components_sections_breadcumb_sections_components`;
/*!40101 SET @saved_cs_client     = @@character_set_client */;
/*!40101 SET character_set_client = utf8 */;
CREATE TABLE `components_sections_breadcumb_sections_components` (
  `id` int(10) unsigned NOT NULL AUTO_INCREMENT,
  `field` varchar(255) NOT NULL,
  `order` int(10) unsigned NOT NULL,
  `component_type` varchar(255) NOT NULL,
  `component_id` int(11) NOT NULL,
  `components_sections_breadcumb_section_id` int(10) unsigned NOT NULL,
  PRIMARY KEY (`id`),
  KEY `components_sections_breadcumb_section_id_fk` (`components_sections_breadcumb_section_id`),
  CONSTRAINT `components_sections_breadcumb_section_id_fk` FOREIGN KEY (`components_sections_breadcumb_section_id`) REFERENCES `components_sections_breadcumb_sections` (`id`) ON DELETE CASCADE
) ENGINE=InnoDB AUTO_INCREMENT=10 DEFAULT CHARSET=utf8;
/*!40101 SET character_set_client = @saved_cs_client */;

--
-- Dumping data for table `components_sections_breadcumb_sections_components`
--

LOCK TABLES `components_sections_breadcumb_sections_components` WRITE;
/*!40000 ALTER TABLE `components_sections_breadcumb_sections_components` DISABLE KEYS */;
INSERT INTO `components_sections_breadcumb_sections_components` VALUES (2,'ClimatetradeLink',1,'components_links_links',403,4),(3,'shareList',1,'components_links_share_lists',1,4),(4,'shareList',2,'components_links_share_lists',2,4),(5,'shareList',3,'components_links_share_lists',3,4),(6,'shareList',1,'components_links_share_lists',4,3),(7,'ClimatetradeLink',1,'components_links_links',404,3),(8,'shareList',2,'components_links_share_lists',5,3),(9,'shareList',3,'components_links_share_lists',6,3);
/*!40000 ALTER TABLE `components_sections_breadcumb_sections_components` ENABLE KEYS */;
UNLOCK TABLES;

--
-- Table structure for table `components_sections_button_containers`
--

DROP TABLE IF EXISTS `components_sections_button_containers`;
/*!40101 SET @saved_cs_client     = @@character_set_client */;
/*!40101 SET character_set_client = utf8 */;
CREATE TABLE `components_sections_button_containers` (
  `id` int(10) unsigned NOT NULL AUTO_INCREMENT,
  `title` varchar(255) DEFAULT NULL,
  `idContentType` varchar(255) DEFAULT NULL,
  PRIMARY KEY (`id`),
  UNIQUE KEY `components_sections_button_containers_idcontenttype_unique` (`idContentType`)
) ENGINE=InnoDB DEFAULT CHARSET=utf8;
/*!40101 SET character_set_client = @saved_cs_client */;

--
-- Dumping data for table `components_sections_button_containers`
--

LOCK TABLES `components_sections_button_containers` WRITE;
/*!40000 ALTER TABLE `components_sections_button_containers` DISABLE KEYS */;
/*!40000 ALTER TABLE `components_sections_button_containers` ENABLE KEYS */;
UNLOCK TABLES;

--
-- Table structure for table `components_sections_button_containers_components`
--

DROP TABLE IF EXISTS `components_sections_button_containers_components`;
/*!40101 SET @saved_cs_client     = @@character_set_client */;
/*!40101 SET character_set_client = utf8 */;
CREATE TABLE `components_sections_button_containers_components` (
  `id` int(10) unsigned NOT NULL AUTO_INCREMENT,
  `field` varchar(255) NOT NULL,
  `order` int(10) unsigned NOT NULL,
  `component_type` varchar(255) NOT NULL,
  `component_id` int(11) NOT NULL,
  `components_sections_button_container_id` int(10) unsigned NOT NULL,
  PRIMARY KEY (`id`),
  KEY `components_sections_button_container_id_fk` (`components_sections_button_container_id`),
  CONSTRAINT `components_sections_button_container_id_fk` FOREIGN KEY (`components_sections_button_container_id`) REFERENCES `components_sections_button_containers` (`id`) ON DELETE CASCADE
) ENGINE=InnoDB DEFAULT CHARSET=utf8;
/*!40101 SET character_set_client = @saved_cs_client */;

--
-- Dumping data for table `components_sections_button_containers_components`
--

LOCK TABLES `components_sections_button_containers_components` WRITE;
/*!40000 ALTER TABLE `components_sections_button_containers_components` DISABLE KEYS */;
/*!40000 ALTER TABLE `components_sections_button_containers_components` ENABLE KEYS */;
UNLOCK TABLES;

--
-- Table structure for table `components_sections_button_heroes`
--

DROP TABLE IF EXISTS `components_sections_button_heroes`;
/*!40101 SET @saved_cs_client     = @@character_set_client */;
/*!40101 SET character_set_client = utf8 */;
CREATE TABLE `components_sections_button_heroes` (
  `id` int(10) unsigned NOT NULL AUTO_INCREMENT,
  `idContentType` varchar(255) DEFAULT NULL,
  PRIMARY KEY (`id`),
  UNIQUE KEY `components_sections_button_heroes_idcontenttype_unique` (`idContentType`)
) ENGINE=InnoDB AUTO_INCREMENT=36 DEFAULT CHARSET=utf8;
/*!40101 SET character_set_client = @saved_cs_client */;

--
-- Dumping data for table `components_sections_button_heroes`
--

LOCK TABLES `components_sections_button_heroes` WRITE;
/*!40000 ALTER TABLE `components_sections_button_heroes` DISABLE KEYS */;
INSERT INTO `components_sections_button_heroes` VALUES (35,NULL),(9,'APIs-UseCasess'),(17,'test-use-cases-en');
/*!40000 ALTER TABLE `components_sections_button_heroes` ENABLE KEYS */;
UNLOCK TABLES;

--
-- Table structure for table `components_sections_button_heroes_components`
--

DROP TABLE IF EXISTS `components_sections_button_heroes_components`;
/*!40101 SET @saved_cs_client     = @@character_set_client */;
/*!40101 SET character_set_client = utf8 */;
CREATE TABLE `components_sections_button_heroes_components` (
  `id` int(10) unsigned NOT NULL AUTO_INCREMENT,
  `field` varchar(255) NOT NULL,
  `order` int(10) unsigned NOT NULL,
  `component_type` varchar(255) NOT NULL,
  `component_id` int(11) NOT NULL,
  `components_sections_button_hero_id` int(10) unsigned NOT NULL,
  PRIMARY KEY (`id`),
  KEY `components_sections_button_hero_id_fk` (`components_sections_button_hero_id`),
  CONSTRAINT `components_sections_button_hero_id_fk` FOREIGN KEY (`components_sections_button_hero_id`) REFERENCES `components_sections_button_heroes` (`id`) ON DELETE CASCADE
) ENGINE=InnoDB AUTO_INCREMENT=72 DEFAULT CHARSET=utf8;
/*!40101 SET character_set_client = @saved_cs_client */;

--
-- Dumping data for table `components_sections_button_heroes_components`
--

LOCK TABLES `components_sections_button_heroes_components` WRITE;
/*!40000 ALTER TABLE `components_sections_button_heroes_components` DISABLE KEYS */;
INSERT INTO `components_sections_button_heroes_components` VALUES (16,'header',1,'components_elements_main_heroes',277,9),(17,'header',2,'components_elements_main_heroes',278,9),(70,'header',1,'components_elements_main_heroes',313,35),(71,'header',2,'components_elements_main_heroes',314,35);
/*!40000 ALTER TABLE `components_sections_button_heroes_components` ENABLE KEYS */;
UNLOCK TABLES;

--
-- Table structure for table `components_sections_calculate_sections`
--

DROP TABLE IF EXISTS `components_sections_calculate_sections`;
/*!40101 SET @saved_cs_client     = @@character_set_client */;
/*!40101 SET character_set_client = utf8 */;
CREATE TABLE `components_sections_calculate_sections` (
  `id` int(10) unsigned NOT NULL AUTO_INCREMENT,
  `title` varchar(255) DEFAULT NULL,
  `subtitle` varchar(255) DEFAULT NULL,
  `idContentType` varchar(255) DEFAULT NULL,
  PRIMARY KEY (`id`),
  UNIQUE KEY `components_sections_calculate_sections_idContentType_unique` (`idContentType`)
) ENGINE=InnoDB DEFAULT CHARSET=utf8;
/*!40101 SET character_set_client = @saved_cs_client */;

--
-- Dumping data for table `components_sections_calculate_sections`
--

LOCK TABLES `components_sections_calculate_sections` WRITE;
/*!40000 ALTER TABLE `components_sections_calculate_sections` DISABLE KEYS */;
/*!40000 ALTER TABLE `components_sections_calculate_sections` ENABLE KEYS */;
UNLOCK TABLES;

--
-- Table structure for table `components_sections_calculate_sections_components`
--

DROP TABLE IF EXISTS `components_sections_calculate_sections_components`;
/*!40101 SET @saved_cs_client     = @@character_set_client */;
/*!40101 SET character_set_client = utf8 */;
CREATE TABLE `components_sections_calculate_sections_components` (
  `id` int(10) unsigned NOT NULL AUTO_INCREMENT,
  `field` varchar(255) NOT NULL,
  `order` int(10) unsigned NOT NULL,
  `component_type` varchar(255) NOT NULL,
  `component_id` int(11) NOT NULL,
  `components_sections_calculate_section_id` int(10) unsigned NOT NULL,
  PRIMARY KEY (`id`),
  KEY `components_sections_calculate_section_id_fk` (`components_sections_calculate_section_id`),
  CONSTRAINT `components_sections_calculate_section_id_fk` FOREIGN KEY (`components_sections_calculate_section_id`) REFERENCES `components_sections_calculate_sections` (`id`) ON DELETE CASCADE
) ENGINE=InnoDB DEFAULT CHARSET=utf8;
/*!40101 SET character_set_client = @saved_cs_client */;

--
-- Dumping data for table `components_sections_calculate_sections_components`
--

LOCK TABLES `components_sections_calculate_sections_components` WRITE;
/*!40000 ALTER TABLE `components_sections_calculate_sections_components` DISABLE KEYS */;
/*!40000 ALTER TABLE `components_sections_calculate_sections_components` ENABLE KEYS */;
UNLOCK TABLES;

--
-- Table structure for table `components_sections_call_actions`
--

DROP TABLE IF EXISTS `components_sections_call_actions`;
/*!40101 SET @saved_cs_client     = @@character_set_client */;
/*!40101 SET character_set_client = utf8 */;
CREATE TABLE `components_sections_call_actions` (
  `id` int(10) unsigned NOT NULL AUTO_INCREMENT,
  `description` varchar(255) DEFAULT NULL,
  PRIMARY KEY (`id`)
) ENGINE=InnoDB AUTO_INCREMENT=3 DEFAULT CHARSET=utf8;
/*!40101 SET character_set_client = @saved_cs_client */;

--
-- Dumping data for table `components_sections_call_actions`
--

LOCK TABLES `components_sections_call_actions` WRITE;
/*!40000 ALTER TABLE `components_sections_call_actions` DISABLE KEYS */;
INSERT INTO `components_sections_call_actions` VALUES (1,'Develop stunning applications to change the world with ClimateTrade <dev>.'),(2,'Desarrolle impresionantes aplicaciones para cambiar el mundo con ClimateTrade <dev>.');
/*!40000 ALTER TABLE `components_sections_call_actions` ENABLE KEYS */;
UNLOCK TABLES;

--
-- Table structure for table `components_sections_call_to_actions`
--

DROP TABLE IF EXISTS `components_sections_call_to_actions`;
/*!40101 SET @saved_cs_client     = @@character_set_client */;
/*!40101 SET character_set_client = utf8 */;
CREATE TABLE `components_sections_call_to_actions` (
  `id` int(10) unsigned NOT NULL AUTO_INCREMENT,
  `title` varchar(255) DEFAULT NULL,
  `description` varchar(255) DEFAULT NULL,
  `idContentType` varchar(255) DEFAULT NULL,
  PRIMARY KEY (`id`),
  UNIQUE KEY `components_sections_call_to_actions_idcontenttype_unique` (`idContentType`)
) ENGINE=InnoDB AUTO_INCREMENT=2 DEFAULT CHARSET=utf8;
/*!40101 SET character_set_client = @saved_cs_client */;

--
-- Dumping data for table `components_sections_call_to_actions`
--

LOCK TABLES `components_sections_call_to_actions` WRITE;
/*!40000 ALTER TABLE `components_sections_call_to_actions` DISABLE KEYS */;
INSERT INTO `components_sections_call_to_actions` VALUES (1,'RIMAC Call',NULL,'3');
/*!40000 ALTER TABLE `components_sections_call_to_actions` ENABLE KEYS */;
UNLOCK TABLES;

--
-- Table structure for table `components_sections_call_to_actions_components`
--

DROP TABLE IF EXISTS `components_sections_call_to_actions_components`;
/*!40101 SET @saved_cs_client     = @@character_set_client */;
/*!40101 SET character_set_client = utf8 */;
CREATE TABLE `components_sections_call_to_actions_components` (
  `id` int(10) unsigned NOT NULL AUTO_INCREMENT,
  `field` varchar(255) NOT NULL,
  `order` int(10) unsigned NOT NULL,
  `component_type` varchar(255) NOT NULL,
  `component_id` int(11) NOT NULL,
  `components_sections_call_to_action_id` int(10) unsigned NOT NULL,
  PRIMARY KEY (`id`),
  KEY `components_sections_call_to_action_id_fk` (`components_sections_call_to_action_id`),
  CONSTRAINT `components_sections_call_to_action_id_fk` FOREIGN KEY (`components_sections_call_to_action_id`) REFERENCES `components_sections_call_to_actions` (`id`) ON DELETE CASCADE
) ENGINE=InnoDB AUTO_INCREMENT=28 DEFAULT CHARSET=utf8;
/*!40101 SET character_set_client = @saved_cs_client */;

--
-- Dumping data for table `components_sections_call_to_actions_components`
--

LOCK TABLES `components_sections_call_to_actions_components` WRITE;
/*!40000 ALTER TABLE `components_sections_call_to_actions_components` DISABLE KEYS */;
INSERT INTO `components_sections_call_to_actions_components` VALUES (1,'mainHero',1,'components_elements_main_heroes',8,1),(2,'callButton',1,'components_links_buttons',14,1),(27,'callButton',2,'components_links_buttons',145,1);
/*!40000 ALTER TABLE `components_sections_call_to_actions_components` ENABLE KEYS */;
UNLOCK TABLES;

--
-- Table structure for table `components_sections_carousels`
--

DROP TABLE IF EXISTS `components_sections_carousels`;
/*!40101 SET @saved_cs_client     = @@character_set_client */;
/*!40101 SET character_set_client = utf8 */;
CREATE TABLE `components_sections_carousels` (
  `id` int(10) unsigned NOT NULL AUTO_INCREMENT,
  `name` varchar(255) DEFAULT NULL,
  PRIMARY KEY (`id`)
) ENGINE=InnoDB DEFAULT CHARSET=utf8;
/*!40101 SET character_set_client = @saved_cs_client */;

--
-- Dumping data for table `components_sections_carousels`
--

LOCK TABLES `components_sections_carousels` WRITE;
/*!40000 ALTER TABLE `components_sections_carousels` DISABLE KEYS */;
/*!40000 ALTER TABLE `components_sections_carousels` ENABLE KEYS */;
UNLOCK TABLES;

--
-- Table structure for table `components_sections_carousels_components`
--

DROP TABLE IF EXISTS `components_sections_carousels_components`;
/*!40101 SET @saved_cs_client     = @@character_set_client */;
/*!40101 SET character_set_client = utf8 */;
CREATE TABLE `components_sections_carousels_components` (
  `id` int(10) unsigned NOT NULL AUTO_INCREMENT,
  `field` varchar(255) NOT NULL,
  `order` int(10) unsigned NOT NULL,
  `component_type` varchar(255) NOT NULL,
  `component_id` int(11) NOT NULL,
  `components_sections_carousel_id` int(10) unsigned NOT NULL,
  PRIMARY KEY (`id`),
  KEY `components_sections_carousel_id_fk` (`components_sections_carousel_id`),
  CONSTRAINT `components_sections_carousel_id_fk` FOREIGN KEY (`components_sections_carousel_id`) REFERENCES `components_sections_carousels` (`id`) ON DELETE CASCADE
) ENGINE=InnoDB DEFAULT CHARSET=utf8;
/*!40101 SET character_set_client = @saved_cs_client */;

--
-- Dumping data for table `components_sections_carousels_components`
--

LOCK TABLES `components_sections_carousels_components` WRITE;
/*!40000 ALTER TABLE `components_sections_carousels_components` DISABLE KEYS */;
/*!40000 ALTER TABLE `components_sections_carousels_components` ENABLE KEYS */;
UNLOCK TABLES;

--
-- Table structure for table `components_sections_clasic_containers`
--

DROP TABLE IF EXISTS `components_sections_clasic_containers`;
/*!40101 SET @saved_cs_client     = @@character_set_client */;
/*!40101 SET character_set_client = utf8 */;
CREATE TABLE `components_sections_clasic_containers` (
  `id` int(10) unsigned NOT NULL AUTO_INCREMENT,
  `title` varchar(255) DEFAULT NULL,
  `description` longtext,
  PRIMARY KEY (`id`)
) ENGINE=InnoDB DEFAULT CHARSET=utf8;
/*!40101 SET character_set_client = @saved_cs_client */;

--
-- Dumping data for table `components_sections_clasic_containers`
--

LOCK TABLES `components_sections_clasic_containers` WRITE;
/*!40000 ALTER TABLE `components_sections_clasic_containers` DISABLE KEYS */;
/*!40000 ALTER TABLE `components_sections_clasic_containers` ENABLE KEYS */;
UNLOCK TABLES;

--
-- Table structure for table `components_sections_clasic_heroes`
--

DROP TABLE IF EXISTS `components_sections_clasic_heroes`;
/*!40101 SET @saved_cs_client     = @@character_set_client */;
/*!40101 SET character_set_client = utf8 */;
CREATE TABLE `components_sections_clasic_heroes` (
  `id` int(10) unsigned NOT NULL AUTO_INCREMENT,
  `description` longtext,
  PRIMARY KEY (`id`)
) ENGINE=InnoDB DEFAULT CHARSET=utf8;
/*!40101 SET character_set_client = @saved_cs_client */;

--
-- Dumping data for table `components_sections_clasic_heroes`
--

LOCK TABLES `components_sections_clasic_heroes` WRITE;
/*!40000 ALTER TABLE `components_sections_clasic_heroes` DISABLE KEYS */;
/*!40000 ALTER TABLE `components_sections_clasic_heroes` ENABLE KEYS */;
UNLOCK TABLES;

--
-- Table structure for table `components_sections_clasic_heroes_components`
--

DROP TABLE IF EXISTS `components_sections_clasic_heroes_components`;
/*!40101 SET @saved_cs_client     = @@character_set_client */;
/*!40101 SET character_set_client = utf8 */;
CREATE TABLE `components_sections_clasic_heroes_components` (
  `id` int(10) unsigned NOT NULL AUTO_INCREMENT,
  `field` varchar(255) NOT NULL,
  `order` int(10) unsigned NOT NULL,
  `component_type` varchar(255) NOT NULL,
  `component_id` int(11) NOT NULL,
  `components_sections_clasic_hero_id` int(10) unsigned NOT NULL,
  PRIMARY KEY (`id`),
  KEY `components_sections_clasic_hero_id_fk` (`components_sections_clasic_hero_id`),
  CONSTRAINT `components_sections_clasic_hero_id_fk` FOREIGN KEY (`components_sections_clasic_hero_id`) REFERENCES `components_sections_clasic_heroes` (`id`) ON DELETE CASCADE
) ENGINE=InnoDB DEFAULT CHARSET=utf8;
/*!40101 SET character_set_client = @saved_cs_client */;

--
-- Dumping data for table `components_sections_clasic_heroes_components`
--

LOCK TABLES `components_sections_clasic_heroes_components` WRITE;
/*!40000 ALTER TABLE `components_sections_clasic_heroes_components` DISABLE KEYS */;
/*!40000 ALTER TABLE `components_sections_clasic_heroes_components` ENABLE KEYS */;
UNLOCK TABLES;

--
-- Table structure for table `components_sections_classic_containers`
--

DROP TABLE IF EXISTS `components_sections_classic_containers`;
/*!40101 SET @saved_cs_client     = @@character_set_client */;
/*!40101 SET character_set_client = utf8 */;
CREATE TABLE `components_sections_classic_containers` (
  `id` int(10) unsigned NOT NULL AUTO_INCREMENT,
  `idContentType` varchar(255) DEFAULT NULL,
  `title` varchar(255) DEFAULT NULL,
  `description` longtext,
  PRIMARY KEY (`id`),
  UNIQUE KEY `components_sections_classic_containers_idcontenttype_unique` (`idContentType`)
) ENGINE=InnoDB DEFAULT CHARSET=utf8;
/*!40101 SET character_set_client = @saved_cs_client */;

--
-- Dumping data for table `components_sections_classic_containers`
--

LOCK TABLES `components_sections_classic_containers` WRITE;
/*!40000 ALTER TABLE `components_sections_classic_containers` DISABLE KEYS */;
/*!40000 ALTER TABLE `components_sections_classic_containers` ENABLE KEYS */;
UNLOCK TABLES;

--
-- Table structure for table `components_sections_classic_containers_components`
--

DROP TABLE IF EXISTS `components_sections_classic_containers_components`;
/*!40101 SET @saved_cs_client     = @@character_set_client */;
/*!40101 SET character_set_client = utf8 */;
CREATE TABLE `components_sections_classic_containers_components` (
  `id` int(10) unsigned NOT NULL AUTO_INCREMENT,
  `field` varchar(255) NOT NULL,
  `order` int(10) unsigned NOT NULL,
  `component_type` varchar(255) NOT NULL,
  `component_id` int(11) NOT NULL,
  `components_sections_classic_container_id` int(10) unsigned NOT NULL,
  PRIMARY KEY (`id`),
  KEY `components_sections_classic_container_id_fk` (`components_sections_classic_container_id`),
  CONSTRAINT `components_sections_classic_container_id_fk` FOREIGN KEY (`components_sections_classic_container_id`) REFERENCES `components_sections_classic_containers` (`id`) ON DELETE CASCADE
) ENGINE=InnoDB DEFAULT CHARSET=utf8;
/*!40101 SET character_set_client = @saved_cs_client */;

--
-- Dumping data for table `components_sections_classic_containers_components`
--

LOCK TABLES `components_sections_classic_containers_components` WRITE;
/*!40000 ALTER TABLE `components_sections_classic_containers_components` DISABLE KEYS */;
/*!40000 ALTER TABLE `components_sections_classic_containers_components` ENABLE KEYS */;
UNLOCK TABLES;

--
-- Table structure for table `components_sections_classic_heroes`
--

DROP TABLE IF EXISTS `components_sections_classic_heroes`;
/*!40101 SET @saved_cs_client     = @@character_set_client */;
/*!40101 SET character_set_client = utf8 */;
CREATE TABLE `components_sections_classic_heroes` (
  `id` int(10) unsigned NOT NULL AUTO_INCREMENT,
  `idContentType` varchar(255) DEFAULT NULL,
  `description` longtext,
  PRIMARY KEY (`id`),
  UNIQUE KEY `components_sections_classic_heroes_idcontenttype_unique` (`idContentType`)
) ENGINE=InnoDB DEFAULT CHARSET=utf8;
/*!40101 SET character_set_client = @saved_cs_client */;

--
-- Dumping data for table `components_sections_classic_heroes`
--

LOCK TABLES `components_sections_classic_heroes` WRITE;
/*!40000 ALTER TABLE `components_sections_classic_heroes` DISABLE KEYS */;
/*!40000 ALTER TABLE `components_sections_classic_heroes` ENABLE KEYS */;
UNLOCK TABLES;

--
-- Table structure for table `components_sections_classic_heroes_components`
--

DROP TABLE IF EXISTS `components_sections_classic_heroes_components`;
/*!40101 SET @saved_cs_client     = @@character_set_client */;
/*!40101 SET character_set_client = utf8 */;
CREATE TABLE `components_sections_classic_heroes_components` (
  `id` int(10) unsigned NOT NULL AUTO_INCREMENT,
  `field` varchar(255) NOT NULL,
  `order` int(10) unsigned NOT NULL,
  `component_type` varchar(255) NOT NULL,
  `component_id` int(11) NOT NULL,
  `components_sections_classic_hero_id` int(10) unsigned NOT NULL,
  PRIMARY KEY (`id`),
  KEY `components_sections_classic_hero_id_fk` (`components_sections_classic_hero_id`),
  CONSTRAINT `components_sections_classic_hero_id_fk` FOREIGN KEY (`components_sections_classic_hero_id`) REFERENCES `components_sections_classic_heroes` (`id`) ON DELETE CASCADE
) ENGINE=InnoDB DEFAULT CHARSET=utf8;
/*!40101 SET character_set_client = @saved_cs_client */;

--
-- Dumping data for table `components_sections_classic_heroes_components`
--

LOCK TABLES `components_sections_classic_heroes_components` WRITE;
/*!40000 ALTER TABLE `components_sections_classic_heroes_components` DISABLE KEYS */;
/*!40000 ALTER TABLE `components_sections_classic_heroes_components` ENABLE KEYS */;
UNLOCK TABLES;

--
-- Table structure for table `components_sections_contact_forms`
--

DROP TABLE IF EXISTS `components_sections_contact_forms`;
/*!40101 SET @saved_cs_client     = @@character_set_client */;
/*!40101 SET character_set_client = utf8 */;
CREATE TABLE `components_sections_contact_forms` (
  `id` int(10) unsigned NOT NULL AUTO_INCREMENT,
  `idContentType` varchar(255) DEFAULT NULL,
  `description` longtext,
  `descriptio` varchar(255) DEFAULT NULL,
  PRIMARY KEY (`id`),
  UNIQUE KEY `components_sections_contact_forms_idcontenttype_unique` (`idContentType`)
) ENGINE=InnoDB DEFAULT CHARSET=utf8;
/*!40101 SET character_set_client = @saved_cs_client */;

--
-- Dumping data for table `components_sections_contact_forms`
--

LOCK TABLES `components_sections_contact_forms` WRITE;
/*!40000 ALTER TABLE `components_sections_contact_forms` DISABLE KEYS */;
/*!40000 ALTER TABLE `components_sections_contact_forms` ENABLE KEYS */;
UNLOCK TABLES;

--
-- Table structure for table `components_sections_contact_forms_components`
--

DROP TABLE IF EXISTS `components_sections_contact_forms_components`;
/*!40101 SET @saved_cs_client     = @@character_set_client */;
/*!40101 SET character_set_client = utf8 */;
CREATE TABLE `components_sections_contact_forms_components` (
  `id` int(10) unsigned NOT NULL AUTO_INCREMENT,
  `field` varchar(255) NOT NULL,
  `order` int(10) unsigned NOT NULL,
  `component_type` varchar(255) NOT NULL,
  `component_id` int(11) NOT NULL,
  `components_sections_contact_form_id` int(10) unsigned NOT NULL,
  PRIMARY KEY (`id`),
  KEY `components_sections_contact_form_id_fk` (`components_sections_contact_form_id`),
  CONSTRAINT `components_sections_contact_form_id_fk` FOREIGN KEY (`components_sections_contact_form_id`) REFERENCES `components_sections_contact_forms` (`id`) ON DELETE CASCADE
) ENGINE=InnoDB DEFAULT CHARSET=utf8;
/*!40101 SET character_set_client = @saved_cs_client */;

--
-- Dumping data for table `components_sections_contact_forms_components`
--

LOCK TABLES `components_sections_contact_forms_components` WRITE;
/*!40000 ALTER TABLE `components_sections_contact_forms_components` DISABLE KEYS */;
/*!40000 ALTER TABLE `components_sections_contact_forms_components` ENABLE KEYS */;
UNLOCK TABLES;

--
-- Table structure for table `components_sections_containers`
--

DROP TABLE IF EXISTS `components_sections_containers`;
/*!40101 SET @saved_cs_client     = @@character_set_client */;
/*!40101 SET character_set_client = utf8 */;
CREATE TABLE `components_sections_containers` (
  `id` int(10) unsigned NOT NULL AUTO_INCREMENT,
  PRIMARY KEY (`id`)
) ENGINE=InnoDB DEFAULT CHARSET=utf8;
/*!40101 SET character_set_client = @saved_cs_client */;

--
-- Dumping data for table `components_sections_containers`
--

LOCK TABLES `components_sections_containers` WRITE;
/*!40000 ALTER TABLE `components_sections_containers` DISABLE KEYS */;
/*!40000 ALTER TABLE `components_sections_containers` ENABLE KEYS */;
UNLOCK TABLES;

--
-- Table structure for table `components_sections_content_sections`
--

DROP TABLE IF EXISTS `components_sections_content_sections`;
/*!40101 SET @saved_cs_client     = @@character_set_client */;
/*!40101 SET character_set_client = utf8 */;
CREATE TABLE `components_sections_content_sections` (
  `id` int(10) unsigned NOT NULL AUTO_INCREMENT,
  `title` varchar(255) DEFAULT NULL,
  PRIMARY KEY (`id`)
) ENGINE=InnoDB DEFAULT CHARSET=utf8;
/*!40101 SET character_set_client = @saved_cs_client */;

--
-- Dumping data for table `components_sections_content_sections`
--

LOCK TABLES `components_sections_content_sections` WRITE;
/*!40000 ALTER TABLE `components_sections_content_sections` DISABLE KEYS */;
/*!40000 ALTER TABLE `components_sections_content_sections` ENABLE KEYS */;
UNLOCK TABLES;

--
-- Table structure for table `components_sections_contents`
--

DROP TABLE IF EXISTS `components_sections_contents`;
/*!40101 SET @saved_cs_client     = @@character_set_client */;
/*!40101 SET character_set_client = utf8 */;
CREATE TABLE `components_sections_contents` (
  `id` int(10) unsigned NOT NULL AUTO_INCREMENT,
  PRIMARY KEY (`id`)
) ENGINE=InnoDB DEFAULT CHARSET=utf8;
/*!40101 SET character_set_client = @saved_cs_client */;

--
-- Dumping data for table `components_sections_contents`
--

LOCK TABLES `components_sections_contents` WRITE;
/*!40000 ALTER TABLE `components_sections_contents` DISABLE KEYS */;
/*!40000 ALTER TABLE `components_sections_contents` ENABLE KEYS */;
UNLOCK TABLES;

--
-- Table structure for table `components_sections_cookies`
--

DROP TABLE IF EXISTS `components_sections_cookies`;
/*!40101 SET @saved_cs_client     = @@character_set_client */;
/*!40101 SET character_set_client = utf8 */;
CREATE TABLE `components_sections_cookies` (
  `id` int(10) unsigned NOT NULL AUTO_INCREMENT,
  PRIMARY KEY (`id`)
) ENGINE=InnoDB AUTO_INCREMENT=3 DEFAULT CHARSET=utf8;
/*!40101 SET character_set_client = @saved_cs_client */;

--
-- Dumping data for table `components_sections_cookies`
--

LOCK TABLES `components_sections_cookies` WRITE;
/*!40000 ALTER TABLE `components_sections_cookies` DISABLE KEYS */;
INSERT INTO `components_sections_cookies` VALUES (1),(2);
/*!40000 ALTER TABLE `components_sections_cookies` ENABLE KEYS */;
UNLOCK TABLES;

--
-- Table structure for table `components_sections_cookies_components`
--

DROP TABLE IF EXISTS `components_sections_cookies_components`;
/*!40101 SET @saved_cs_client     = @@character_set_client */;
/*!40101 SET character_set_client = utf8 */;
CREATE TABLE `components_sections_cookies_components` (
  `id` int(10) unsigned NOT NULL AUTO_INCREMENT,
  `field` varchar(255) NOT NULL,
  `order` int(10) unsigned NOT NULL,
  `component_type` varchar(255) NOT NULL,
  `component_id` int(11) NOT NULL,
  `components_sections_cooky_id` int(10) unsigned NOT NULL,
  PRIMARY KEY (`id`),
  KEY `components_sections_cooky_id_fk` (`components_sections_cooky_id`),
  CONSTRAINT `components_sections_cooky_id_fk` FOREIGN KEY (`components_sections_cooky_id`) REFERENCES `components_sections_cookies` (`id`) ON DELETE CASCADE
) ENGINE=InnoDB AUTO_INCREMENT=7 DEFAULT CHARSET=utf8;
/*!40101 SET character_set_client = @saved_cs_client */;

--
-- Dumping data for table `components_sections_cookies_components`
--

LOCK TABLES `components_sections_cookies_components` WRITE;
/*!40000 ALTER TABLE `components_sections_cookies_components` DISABLE KEYS */;
INSERT INTO `components_sections_cookies_components` VALUES (1,'actions',1,'components_links_simple_buttons',11,1),(2,'actions',2,'components_links_simple_buttons',12,1),(3,'info',1,'components_elements_notification_banners',1,1),(4,'info',1,'components_elements_notification_banners',2,2),(5,'actions',1,'components_links_simple_buttons',14,2),(6,'actions',2,'components_links_simple_buttons',15,2);
/*!40000 ALTER TABLE `components_sections_cookies_components` ENABLE KEYS */;
UNLOCK TABLES;

--
-- Table structure for table `components_sections_copyrights`
--

DROP TABLE IF EXISTS `components_sections_copyrights`;
/*!40101 SET @saved_cs_client     = @@character_set_client */;
/*!40101 SET character_set_client = utf8 */;
CREATE TABLE `components_sections_copyrights` (
  `id` int(10) unsigned NOT NULL AUTO_INCREMENT,
  `mainText` varchar(255) DEFAULT NULL,
  PRIMARY KEY (`id`)
) ENGINE=InnoDB AUTO_INCREMENT=35 DEFAULT CHARSET=utf8;
/*!40101 SET character_set_client = @saved_cs_client */;

--
-- Dumping data for table `components_sections_copyrights`
--

LOCK TABLES `components_sections_copyrights` WRITE;
/*!40000 ALTER TABLE `components_sections_copyrights` DISABLE KEYS */;
INSERT INTO `components_sections_copyrights` VALUES (32,'┬® 2021 SEGUROS SURA S.S DE C.V. TODOS LOS DERECHOS RESERVADO '),(34,'┬® 2021 SEGUROS SURA S.S DE C.V. TODOS LOS DERECHOS RESERVADO ');
/*!40000 ALTER TABLE `components_sections_copyrights` ENABLE KEYS */;
UNLOCK TABLES;

--
-- Table structure for table `components_sections_copyrights_components`
--

DROP TABLE IF EXISTS `components_sections_copyrights_components`;
/*!40101 SET @saved_cs_client     = @@character_set_client */;
/*!40101 SET character_set_client = utf8 */;
CREATE TABLE `components_sections_copyrights_components` (
  `id` int(10) unsigned NOT NULL AUTO_INCREMENT,
  `field` varchar(255) NOT NULL,
  `order` int(10) unsigned NOT NULL,
  `component_type` varchar(255) NOT NULL,
  `component_id` int(11) NOT NULL,
  `components_sections_copyright_id` int(10) unsigned NOT NULL,
  PRIMARY KEY (`id`),
  KEY `components_sections_copyright_id_fk` (`components_sections_copyright_id`),
  CONSTRAINT `components_sections_copyright_id_fk` FOREIGN KEY (`components_sections_copyright_id`) REFERENCES `components_sections_copyrights` (`id`) ON DELETE CASCADE
) ENGINE=InnoDB AUTO_INCREMENT=35 DEFAULT CHARSET=utf8;
/*!40101 SET character_set_client = @saved_cs_client */;

--
-- Dumping data for table `components_sections_copyrights_components`
--

LOCK TABLES `components_sections_copyrights_components` WRITE;
/*!40000 ALTER TABLE `components_sections_copyrights_components` DISABLE KEYS */;
INSERT INTO `components_sections_copyrights_components` VALUES (32,'link',1,'components_texts_link_texts',36,32),(34,'link',1,'components_texts_link_texts',38,34);
/*!40000 ALTER TABLE `components_sections_copyrights_components` ENABLE KEYS */;
UNLOCK TABLES;

--
-- Table structure for table `components_sections_entrada_guias`
--

DROP TABLE IF EXISTS `components_sections_entrada_guias`;
/*!40101 SET @saved_cs_client     = @@character_set_client */;
/*!40101 SET character_set_client = utf8 */;
CREATE TABLE `components_sections_entrada_guias` (
  `id` int(10) unsigned NOT NULL AUTO_INCREMENT,
  `titulo` varchar(255) DEFAULT NULL,
  `descripcion` varchar(255) DEFAULT NULL,
  `contenido` longtext,
  PRIMARY KEY (`id`)
) ENGINE=InnoDB DEFAULT CHARSET=utf8;
/*!40101 SET character_set_client = @saved_cs_client */;

--
-- Dumping data for table `components_sections_entrada_guias`
--

LOCK TABLES `components_sections_entrada_guias` WRITE;
/*!40000 ALTER TABLE `components_sections_entrada_guias` DISABLE KEYS */;
/*!40000 ALTER TABLE `components_sections_entrada_guias` ENABLE KEYS */;
UNLOCK TABLES;

--
-- Table structure for table `components_sections_entrada_guias_components`
--

DROP TABLE IF EXISTS `components_sections_entrada_guias_components`;
/*!40101 SET @saved_cs_client     = @@character_set_client */;
/*!40101 SET character_set_client = utf8 */;
CREATE TABLE `components_sections_entrada_guias_components` (
  `id` int(10) unsigned NOT NULL AUTO_INCREMENT,
  `field` varchar(255) NOT NULL,
  `order` int(10) unsigned NOT NULL,
  `component_type` varchar(255) NOT NULL,
  `component_id` int(11) NOT NULL,
  `components_sections_entrada_guia_id` int(10) unsigned NOT NULL,
  PRIMARY KEY (`id`),
  KEY `components_sections_entrada_guia_id_fk` (`components_sections_entrada_guia_id`),
  CONSTRAINT `components_sections_entrada_guia_id_fk` FOREIGN KEY (`components_sections_entrada_guia_id`) REFERENCES `components_sections_entrada_guias` (`id`) ON DELETE CASCADE
) ENGINE=InnoDB DEFAULT CHARSET=utf8;
/*!40101 SET character_set_client = @saved_cs_client */;

--
-- Dumping data for table `components_sections_entrada_guias_components`
--

LOCK TABLES `components_sections_entrada_guias_components` WRITE;
/*!40000 ALTER TABLE `components_sections_entrada_guias_components` DISABLE KEYS */;
/*!40000 ALTER TABLE `components_sections_entrada_guias_components` ENABLE KEYS */;
UNLOCK TABLES;

--
-- Table structure for table `components_sections_entries_developer_guides`
--

DROP TABLE IF EXISTS `components_sections_entries_developer_guides`;
/*!40101 SET @saved_cs_client     = @@character_set_client */;
/*!40101 SET character_set_client = utf8 */;
CREATE TABLE `components_sections_entries_developer_guides` (
  `id` int(10) unsigned NOT NULL AUTO_INCREMENT,
  `title` varchar(255) DEFAULT NULL,
  `description` varchar(255) DEFAULT NULL,
  `publication_date` datetime DEFAULT NULL,
  PRIMARY KEY (`id`)
) ENGINE=InnoDB DEFAULT CHARSET=utf8;
/*!40101 SET character_set_client = @saved_cs_client */;

--
-- Dumping data for table `components_sections_entries_developer_guides`
--

LOCK TABLES `components_sections_entries_developer_guides` WRITE;
/*!40000 ALTER TABLE `components_sections_entries_developer_guides` DISABLE KEYS */;
/*!40000 ALTER TABLE `components_sections_entries_developer_guides` ENABLE KEYS */;
UNLOCK TABLES;

--
-- Table structure for table `components_sections_entries_developer_guides_components`
--

DROP TABLE IF EXISTS `components_sections_entries_developer_guides_components`;
/*!40101 SET @saved_cs_client     = @@character_set_client */;
/*!40101 SET character_set_client = utf8 */;
CREATE TABLE `components_sections_entries_developer_guides_components` (
  `id` int(10) unsigned NOT NULL AUTO_INCREMENT,
  `field` varchar(255) NOT NULL,
  `order` int(10) unsigned NOT NULL,
  `component_type` varchar(255) NOT NULL,
  `component_id` int(11) NOT NULL,
  `components_sections_entries_developer_guide_id` int(10) unsigned NOT NULL,
  PRIMARY KEY (`id`),
  KEY `components_sections_entries_developer_guide_id_fk` (`components_sections_entries_developer_guide_id`),
  CONSTRAINT `components_sections_entries_developer_guide_id_fk` FOREIGN KEY (`components_sections_entries_developer_guide_id`) REFERENCES `components_sections_entries_developer_guides` (`id`) ON DELETE CASCADE
) ENGINE=InnoDB DEFAULT CHARSET=utf8;
/*!40101 SET character_set_client = @saved_cs_client */;

--
-- Dumping data for table `components_sections_entries_developer_guides_components`
--

LOCK TABLES `components_sections_entries_developer_guides_components` WRITE;
/*!40000 ALTER TABLE `components_sections_entries_developer_guides_components` DISABLE KEYS */;
/*!40000 ALTER TABLE `components_sections_entries_developer_guides_components` ENABLE KEYS */;
UNLOCK TABLES;

--
-- Table structure for table `components_sections_entries_lists`
--

DROP TABLE IF EXISTS `components_sections_entries_lists`;
/*!40101 SET @saved_cs_client     = @@character_set_client */;
/*!40101 SET character_set_client = utf8 */;
CREATE TABLE `components_sections_entries_lists` (
  `id` int(10) unsigned NOT NULL AUTO_INCREMENT,
  `title` varchar(255) DEFAULT NULL,
  `description` varchar(255) DEFAULT NULL,
  `idContentType` varchar(255) DEFAULT NULL,
  PRIMARY KEY (`id`),
  UNIQUE KEY `components_sections_entries_lists_idcontenttype_unique` (`idContentType`)
) ENGINE=InnoDB AUTO_INCREMENT=41 DEFAULT CHARSET=utf8;
/*!40101 SET character_set_client = @saved_cs_client */;

--
-- Dumping data for table `components_sections_entries_lists`
--

LOCK TABLES `components_sections_entries_lists` WRITE;
/*!40000 ALTER TABLE `components_sections_entries_lists` DISABLE KEYS */;
INSERT INTO `components_sections_entries_lists` VALUES (1,'Serverless',NULL,NULL),(2,NULL,NULL,NULL),(3,NULL,NULL,NULL),(4,NULL,NULL,NULL),(5,'DDD como filosof├¡a de empresa',NULL,NULL),(6,'Tendencias Insurtech en el sector de seguros.',NULL,NULL),(7,'Conoce nuestras APIs de auto flexible.',NULL,NULL),(9,'API Owner',NULL,NULL),(17,'API Owner',NULL,NULL),(18,'Conoce nuestras APIs de auto flexible.',NULL,NULL),(19,'Conoce nuestras APIs de auto flexible.',NULL,NULL),(22,'Serverless',NULL,NULL),(40,NULL,NULL,NULL);
/*!40000 ALTER TABLE `components_sections_entries_lists` ENABLE KEYS */;
UNLOCK TABLES;

--
-- Table structure for table `components_sections_entries_lists_components`
--

DROP TABLE IF EXISTS `components_sections_entries_lists_components`;
/*!40101 SET @saved_cs_client     = @@character_set_client */;
/*!40101 SET character_set_client = utf8 */;
CREATE TABLE `components_sections_entries_lists_components` (
  `id` int(10) unsigned NOT NULL AUTO_INCREMENT,
  `field` varchar(255) NOT NULL,
  `order` int(10) unsigned NOT NULL,
  `component_type` varchar(255) NOT NULL,
  `component_id` int(11) NOT NULL,
  `components_sections_entries_list_id` int(10) unsigned NOT NULL,
  PRIMARY KEY (`id`),
  KEY `components_sections_entries_list_id_fk` (`components_sections_entries_list_id`),
  CONSTRAINT `components_sections_entries_list_id_fk` FOREIGN KEY (`components_sections_entries_list_id`) REFERENCES `components_sections_entries_lists` (`id`) ON DELETE CASCADE
) ENGINE=InnoDB AUTO_INCREMENT=85 DEFAULT CHARSET=utf8;
/*!40101 SET character_set_client = @saved_cs_client */;

--
-- Dumping data for table `components_sections_entries_lists_components`
--

LOCK TABLES `components_sections_entries_lists_components` WRITE;
/*!40000 ALTER TABLE `components_sections_entries_lists_components` DISABLE KEYS */;
INSERT INTO `components_sections_entries_lists_components` VALUES (1,'Entries',1,'components_elements_entries',1,1),(2,'mainHero',1,'components_elements_main_heroes',44,1),(3,'Entries',1,'components_elements_entries',2,2),(4,'Entries',2,'components_elements_entries',3,2),(5,'Entries',3,'components_elements_entries',4,2),(6,'mainHero',1,'components_elements_main_heroes',63,2),(7,'Entries',1,'components_elements_entries',5,3),(8,'Entries',2,'components_elements_entries',6,3),(9,'Entries',3,'components_elements_entries',7,3),(10,'mainHero',1,'components_elements_main_heroes',68,3),(11,'Entries',1,'components_elements_entries',8,4),(12,'Entries',2,'components_elements_entries',9,4),(13,'Entries',3,'components_elements_entries',10,4),(14,'mainHero',1,'components_elements_main_heroes',73,4),(15,'Entries',1,'components_elements_entries',11,5),(16,'mainHero',1,'components_elements_main_heroes',76,5),(17,'Entries',1,'components_elements_entries',12,6),(18,'mainHero',1,'components_elements_main_heroes',78,6),(19,'Entries',1,'components_elements_entries',13,7),(20,'mainHero',1,'components_elements_main_heroes',80,7),(21,'Entries',1,'components_elements_entries',14,9),(22,'mainHero',1,'components_elements_main_heroes',87,9),(25,'Entries',4,'components_elements_entries',16,3),(38,'Entries',1,'components_elements_entries',23,17),(39,'mainHero',1,'components_elements_main_heroes',117,17),(40,'Entries',1,'components_elements_entries',24,18),(41,'mainHero',1,'components_elements_main_heroes',119,18),(42,'Entries',1,'components_elements_entries',25,19),(43,'mainHero',1,'components_elements_main_heroes',121,19),(48,'Entries',1,'components_elements_entries',28,22),(49,'mainHero',1,'components_elements_main_heroes',127,22),(84,'Entries',1,'components_elements_entries',62,40);
/*!40000 ALTER TABLE `components_sections_entries_lists_components` ENABLE KEYS */;
UNLOCK TABLES;

--
-- Table structure for table `components_sections_feature_basic_groups`
--

DROP TABLE IF EXISTS `components_sections_feature_basic_groups`;
/*!40101 SET @saved_cs_client     = @@character_set_client */;
/*!40101 SET character_set_client = utf8 */;
CREATE TABLE `components_sections_feature_basic_groups` (
  `id` int(10) unsigned NOT NULL AUTO_INCREMENT,
  `idContentType` varchar(255) DEFAULT NULL,
  PRIMARY KEY (`id`),
  UNIQUE KEY `components_sections_feature_basic_groups_idcontenttype_unique` (`idContentType`)
) ENGINE=InnoDB AUTO_INCREMENT=6 DEFAULT CHARSET=utf8;
/*!40101 SET character_set_client = @saved_cs_client */;

--
-- Dumping data for table `components_sections_feature_basic_groups`
--

LOCK TABLES `components_sections_feature_basic_groups` WRITE;
/*!40000 ALTER TABLE `components_sections_feature_basic_groups` DISABLE KEYS */;
INSERT INTO `components_sections_feature_basic_groups` VALUES (1,NULL),(2,NULL),(3,NULL),(4,NULL),(5,NULL);
/*!40000 ALTER TABLE `components_sections_feature_basic_groups` ENABLE KEYS */;
UNLOCK TABLES;

--
-- Table structure for table `components_sections_feature_basic_groups_components`
--

DROP TABLE IF EXISTS `components_sections_feature_basic_groups_components`;
/*!40101 SET @saved_cs_client     = @@character_set_client */;
/*!40101 SET character_set_client = utf8 */;
CREATE TABLE `components_sections_feature_basic_groups_components` (
  `id` int(10) unsigned NOT NULL AUTO_INCREMENT,
  `field` varchar(255) NOT NULL,
  `order` int(10) unsigned NOT NULL,
  `component_type` varchar(255) NOT NULL,
  `component_id` int(11) NOT NULL,
  `components_sections_feature_basic_group_id` int(10) unsigned NOT NULL,
  PRIMARY KEY (`id`),
  KEY `components_sections_feature_basic_group_id_fk` (`components_sections_feature_basic_group_id`),
  CONSTRAINT `components_sections_feature_basic_group_id_fk` FOREIGN KEY (`components_sections_feature_basic_group_id`) REFERENCES `components_sections_feature_basic_groups` (`id`) ON DELETE CASCADE
) ENGINE=InnoDB AUTO_INCREMENT=16 DEFAULT CHARSET=utf8;
/*!40101 SET character_set_client = @saved_cs_client */;

--
-- Dumping data for table `components_sections_feature_basic_groups_components`
--

LOCK TABLES `components_sections_feature_basic_groups_components` WRITE;
/*!40000 ALTER TABLE `components_sections_feature_basic_groups_components` DISABLE KEYS */;
INSERT INTO `components_sections_feature_basic_groups_components` VALUES (1,'features',1,'components_elements_features',10,1),(2,'features',2,'components_elements_features',11,1),(3,'features',3,'components_elements_features',12,1),(4,'features',4,'components_elements_features',13,1),(5,'features',5,'components_elements_features',14,1),(6,'features',1,'components_elements_features',15,2),(7,'features',2,'components_elements_features',16,2),(8,'features',1,'components_elements_features',17,3),(9,'features',2,'components_elements_features',18,3),(10,'features',3,'components_elements_features',19,3),(11,'features',1,'components_elements_features',20,4),(12,'features',2,'components_elements_features',21,4),(13,'features',3,'components_elements_features',22,4),(14,'features',1,'components_elements_features',23,5),(15,'features',4,'components_elements_features',24,4);
/*!40000 ALTER TABLE `components_sections_feature_basic_groups_components` ENABLE KEYS */;
UNLOCK TABLES;

--
-- Table structure for table `components_sections_footer_four_sections`
--

DROP TABLE IF EXISTS `components_sections_footer_four_sections`;
/*!40101 SET @saved_cs_client     = @@character_set_client */;
/*!40101 SET character_set_client = utf8 */;
CREATE TABLE `components_sections_footer_four_sections` (
  `id` int(10) unsigned NOT NULL AUTO_INCREMENT,
  PRIMARY KEY (`id`)
) ENGINE=InnoDB DEFAULT CHARSET=utf8;
/*!40101 SET character_set_client = @saved_cs_client */;

--
-- Dumping data for table `components_sections_footer_four_sections`
--

LOCK TABLES `components_sections_footer_four_sections` WRITE;
/*!40000 ALTER TABLE `components_sections_footer_four_sections` DISABLE KEYS */;
/*!40000 ALTER TABLE `components_sections_footer_four_sections` ENABLE KEYS */;
UNLOCK TABLES;

--
-- Table structure for table `components_sections_for_all_sections`
--

DROP TABLE IF EXISTS `components_sections_for_all_sections`;
/*!40101 SET @saved_cs_client     = @@character_set_client */;
/*!40101 SET character_set_client = utf8 */;
CREATE TABLE `components_sections_for_all_sections` (
  `id` int(10) unsigned NOT NULL AUTO_INCREMENT,
  `title` varchar(255) DEFAULT NULL,
  `subtitle` varchar(255) DEFAULT NULL,
  `IdContentType` varchar(255) DEFAULT NULL,
  `content` longtext,
  PRIMARY KEY (`id`)
) ENGINE=InnoDB DEFAULT CHARSET=utf8;
/*!40101 SET character_set_client = @saved_cs_client */;

--
-- Dumping data for table `components_sections_for_all_sections`
--

LOCK TABLES `components_sections_for_all_sections` WRITE;
/*!40000 ALTER TABLE `components_sections_for_all_sections` DISABLE KEYS */;
/*!40000 ALTER TABLE `components_sections_for_all_sections` ENABLE KEYS */;
UNLOCK TABLES;

--
-- Table structure for table `components_sections_for_all_sections_components`
--

DROP TABLE IF EXISTS `components_sections_for_all_sections_components`;
/*!40101 SET @saved_cs_client     = @@character_set_client */;
/*!40101 SET character_set_client = utf8 */;
CREATE TABLE `components_sections_for_all_sections_components` (
  `id` int(10) unsigned NOT NULL AUTO_INCREMENT,
  `field` varchar(255) NOT NULL,
  `order` int(10) unsigned NOT NULL,
  `component_type` varchar(255) NOT NULL,
  `component_id` int(11) NOT NULL,
  `components_sections_for_all_section_id` int(10) unsigned NOT NULL,
  PRIMARY KEY (`id`),
  KEY `components_sections_for_all_section_id_fk` (`components_sections_for_all_section_id`),
  CONSTRAINT `components_sections_for_all_section_id_fk` FOREIGN KEY (`components_sections_for_all_section_id`) REFERENCES `components_sections_for_all_sections` (`id`) ON DELETE CASCADE
) ENGINE=InnoDB DEFAULT CHARSET=utf8;
/*!40101 SET character_set_client = @saved_cs_client */;

--
-- Dumping data for table `components_sections_for_all_sections_components`
--

LOCK TABLES `components_sections_for_all_sections_components` WRITE;
/*!40000 ALTER TABLE `components_sections_for_all_sections_components` DISABLE KEYS */;
/*!40000 ALTER TABLE `components_sections_for_all_sections_components` ENABLE KEYS */;
UNLOCK TABLES;

--
-- Table structure for table `components_sections_form_inputs`
--

DROP TABLE IF EXISTS `components_sections_form_inputs`;
/*!40101 SET @saved_cs_client     = @@character_set_client */;
/*!40101 SET character_set_client = utf8 */;
CREATE TABLE `components_sections_form_inputs` (
  `id` int(10) unsigned NOT NULL AUTO_INCREMENT,
  PRIMARY KEY (`id`)
) ENGINE=InnoDB DEFAULT CHARSET=utf8;
/*!40101 SET character_set_client = @saved_cs_client */;

--
-- Dumping data for table `components_sections_form_inputs`
--

LOCK TABLES `components_sections_form_inputs` WRITE;
/*!40000 ALTER TABLE `components_sections_form_inputs` DISABLE KEYS */;
/*!40000 ALTER TABLE `components_sections_form_inputs` ENABLE KEYS */;
UNLOCK TABLES;

--
-- Table structure for table `components_sections_form_inputs_components`
--

DROP TABLE IF EXISTS `components_sections_form_inputs_components`;
/*!40101 SET @saved_cs_client     = @@character_set_client */;
/*!40101 SET character_set_client = utf8 */;
CREATE TABLE `components_sections_form_inputs_components` (
  `id` int(10) unsigned NOT NULL AUTO_INCREMENT,
  `field` varchar(255) NOT NULL,
  `order` int(10) unsigned NOT NULL,
  `component_type` varchar(255) NOT NULL,
  `component_id` int(11) NOT NULL,
  `components_sections_form_input_id` int(10) unsigned NOT NULL,
  PRIMARY KEY (`id`),
  KEY `components_sections_form_input_id_fk` (`components_sections_form_input_id`),
  CONSTRAINT `components_sections_form_input_id_fk` FOREIGN KEY (`components_sections_form_input_id`) REFERENCES `components_sections_form_inputs` (`id`) ON DELETE CASCADE
) ENGINE=InnoDB DEFAULT CHARSET=utf8;
/*!40101 SET character_set_client = @saved_cs_client */;

--
-- Dumping data for table `components_sections_form_inputs_components`
--

LOCK TABLES `components_sections_form_inputs_components` WRITE;
/*!40000 ALTER TABLE `components_sections_form_inputs_components` DISABLE KEYS */;
/*!40000 ALTER TABLE `components_sections_form_inputs_components` ENABLE KEYS */;
UNLOCK TABLES;

--
-- Table structure for table `components_sections_fourth_footer_sections`
--

DROP TABLE IF EXISTS `components_sections_fourth_footer_sections`;
/*!40101 SET @saved_cs_client     = @@character_set_client */;
/*!40101 SET character_set_client = utf8 */;
CREATE TABLE `components_sections_fourth_footer_sections` (
  `id` int(10) unsigned NOT NULL AUTO_INCREMENT,
  `IdContentType` varchar(255) DEFAULT NULL,
  `text` longtext,
  PRIMARY KEY (`id`),
  UNIQUE KEY `components_sections_fourth_footer_sections_IdContentType_unique` (`IdContentType`)
) ENGINE=InnoDB AUTO_INCREMENT=2 DEFAULT CHARSET=utf8;
/*!40101 SET character_set_client = @saved_cs_client */;

--
-- Dumping data for table `components_sections_fourth_footer_sections`
--

LOCK TABLES `components_sections_fourth_footer_sections` WRITE;
/*!40000 ALTER TABLE `components_sections_fourth_footer_sections` DISABLE KEYS */;
INSERT INTO `components_sections_fourth_footer_sections` VALUES (1,'fourth-footer-global','global');
/*!40000 ALTER TABLE `components_sections_fourth_footer_sections` ENABLE KEYS */;
UNLOCK TABLES;

--
-- Table structure for table `components_sections_fourth_footer_sections_components`
--

DROP TABLE IF EXISTS `components_sections_fourth_footer_sections_components`;
/*!40101 SET @saved_cs_client     = @@character_set_client */;
/*!40101 SET character_set_client = utf8 */;
CREATE TABLE `components_sections_fourth_footer_sections_components` (
  `id` int(10) unsigned NOT NULL AUTO_INCREMENT,
  `field` varchar(255) NOT NULL,
  `order` int(10) unsigned NOT NULL,
  `component_type` varchar(255) NOT NULL,
  `component_id` int(11) NOT NULL,
  `components_sections_fourth_footer_section_id` int(10) unsigned NOT NULL,
  PRIMARY KEY (`id`),
  KEY `components_sections_fourth_footer_section_id_fk` (`components_sections_fourth_footer_section_id`),
  CONSTRAINT `components_sections_fourth_footer_section_id_fk` FOREIGN KEY (`components_sections_fourth_footer_section_id`) REFERENCES `components_sections_fourth_footer_sections` (`id`) ON DELETE CASCADE
) ENGINE=InnoDB AUTO_INCREMENT=3 DEFAULT CHARSET=utf8;
/*!40101 SET character_set_client = @saved_cs_client */;

--
-- Dumping data for table `components_sections_fourth_footer_sections_components`
--

LOCK TABLES `components_sections_fourth_footer_sections_components` WRITE;
/*!40000 ALTER TABLE `components_sections_fourth_footer_sections_components` DISABLE KEYS */;
INSERT INTO `components_sections_fourth_footer_sections_components` VALUES (1,'buttonAffirmative',1,'components_links_basic_links',41,1),(2,'buttonNegative',1,'components_links_basic_links',42,1);
/*!40000 ALTER TABLE `components_sections_fourth_footer_sections_components` ENABLE KEYS */;
UNLOCK TABLES;

--
-- Table structure for table `components_sections_full_heroes`
--

DROP TABLE IF EXISTS `components_sections_full_heroes`;
/*!40101 SET @saved_cs_client     = @@character_set_client */;
/*!40101 SET character_set_client = utf8 */;
CREATE TABLE `components_sections_full_heroes` (
  `id` int(10) unsigned NOT NULL AUTO_INCREMENT,
  `description` longtext,
  PRIMARY KEY (`id`)
) ENGINE=InnoDB DEFAULT CHARSET=utf8;
/*!40101 SET character_set_client = @saved_cs_client */;

--
-- Dumping data for table `components_sections_full_heroes`
--

LOCK TABLES `components_sections_full_heroes` WRITE;
/*!40000 ALTER TABLE `components_sections_full_heroes` DISABLE KEYS */;
/*!40000 ALTER TABLE `components_sections_full_heroes` ENABLE KEYS */;
UNLOCK TABLES;

--
-- Table structure for table `components_sections_full_heroes_components`
--

DROP TABLE IF EXISTS `components_sections_full_heroes_components`;
/*!40101 SET @saved_cs_client     = @@character_set_client */;
/*!40101 SET character_set_client = utf8 */;
CREATE TABLE `components_sections_full_heroes_components` (
  `id` int(10) unsigned NOT NULL AUTO_INCREMENT,
  `field` varchar(255) NOT NULL,
  `order` int(10) unsigned NOT NULL,
  `component_type` varchar(255) NOT NULL,
  `component_id` int(11) NOT NULL,
  `components_sections_full_hero_id` int(10) unsigned NOT NULL,
  PRIMARY KEY (`id`),
  KEY `components_sections_full_hero_id_fk` (`components_sections_full_hero_id`),
  CONSTRAINT `components_sections_full_hero_id_fk` FOREIGN KEY (`components_sections_full_hero_id`) REFERENCES `components_sections_full_heroes` (`id`) ON DELETE CASCADE
) ENGINE=InnoDB DEFAULT CHARSET=utf8;
/*!40101 SET character_set_client = @saved_cs_client */;

--
-- Dumping data for table `components_sections_full_heroes_components`
--

LOCK TABLES `components_sections_full_heroes_components` WRITE;
/*!40000 ALTER TABLE `components_sections_full_heroes_components` DISABLE KEYS */;
/*!40000 ALTER TABLE `components_sections_full_heroes_components` ENABLE KEYS */;
UNLOCK TABLES;

--
-- Table structure for table `components_sections_how_works`
--

DROP TABLE IF EXISTS `components_sections_how_works`;
/*!40101 SET @saved_cs_client     = @@character_set_client */;
/*!40101 SET character_set_client = utf8 */;
CREATE TABLE `components_sections_how_works` (
  `id` int(10) unsigned NOT NULL AUTO_INCREMENT,
  `idContentType` varchar(255) DEFAULT NULL,
  `subtext` varchar(255) DEFAULT NULL,
  PRIMARY KEY (`id`),
  UNIQUE KEY `components_sections_how_works_idcontenttype_unique` (`idContentType`)
) ENGINE=InnoDB DEFAULT CHARSET=utf8;
/*!40101 SET character_set_client = @saved_cs_client */;

--
-- Dumping data for table `components_sections_how_works`
--

LOCK TABLES `components_sections_how_works` WRITE;
/*!40000 ALTER TABLE `components_sections_how_works` DISABLE KEYS */;
/*!40000 ALTER TABLE `components_sections_how_works` ENABLE KEYS */;
UNLOCK TABLES;

--
-- Table structure for table `components_sections_how_works_components`
--

DROP TABLE IF EXISTS `components_sections_how_works_components`;
/*!40101 SET @saved_cs_client     = @@character_set_client */;
/*!40101 SET character_set_client = utf8 */;
CREATE TABLE `components_sections_how_works_components` (
  `id` int(10) unsigned NOT NULL AUTO_INCREMENT,
  `field` varchar(255) NOT NULL,
  `order` int(10) unsigned NOT NULL,
  `component_type` varchar(255) NOT NULL,
  `component_id` int(11) NOT NULL,
  `components_sections_how_work_id` int(10) unsigned NOT NULL,
  PRIMARY KEY (`id`),
  KEY `components_sections_how_work_id_fk` (`components_sections_how_work_id`),
  CONSTRAINT `components_sections_how_work_id_fk` FOREIGN KEY (`components_sections_how_work_id`) REFERENCES `components_sections_how_works` (`id`) ON DELETE CASCADE
) ENGINE=InnoDB DEFAULT CHARSET=utf8;
/*!40101 SET character_set_client = @saved_cs_client */;

--
-- Dumping data for table `components_sections_how_works_components`
--

LOCK TABLES `components_sections_how_works_components` WRITE;
/*!40000 ALTER TABLE `components_sections_how_works_components` DISABLE KEYS */;
/*!40000 ALTER TABLE `components_sections_how_works_components` ENABLE KEYS */;
UNLOCK TABLES;

--
-- Table structure for table `components_sections_icon_containers`
--

DROP TABLE IF EXISTS `components_sections_icon_containers`;
/*!40101 SET @saved_cs_client     = @@character_set_client */;
/*!40101 SET character_set_client = utf8 */;
CREATE TABLE `components_sections_icon_containers` (
  `id` int(10) unsigned NOT NULL AUTO_INCREMENT,
  `title` varchar(255) DEFAULT NULL,
  `idContentType` varchar(255) DEFAULT NULL,
  PRIMARY KEY (`id`),
  UNIQUE KEY `components_sections_icon_containers_idcontenttype_unique` (`idContentType`)
) ENGINE=InnoDB DEFAULT CHARSET=utf8;
/*!40101 SET character_set_client = @saved_cs_client */;

--
-- Dumping data for table `components_sections_icon_containers`
--

LOCK TABLES `components_sections_icon_containers` WRITE;
/*!40000 ALTER TABLE `components_sections_icon_containers` DISABLE KEYS */;
/*!40000 ALTER TABLE `components_sections_icon_containers` ENABLE KEYS */;
UNLOCK TABLES;

--
-- Table structure for table `components_sections_icon_heroes`
--

DROP TABLE IF EXISTS `components_sections_icon_heroes`;
/*!40101 SET @saved_cs_client     = @@character_set_client */;
/*!40101 SET character_set_client = utf8 */;
CREATE TABLE `components_sections_icon_heroes` (
  `id` int(10) unsigned NOT NULL AUTO_INCREMENT,
  `idContentType` varchar(255) DEFAULT NULL,
  PRIMARY KEY (`id`),
  UNIQUE KEY `components_sections_icon_heroes_idcontenttype_unique` (`idContentType`)
) ENGINE=InnoDB DEFAULT CHARSET=utf8;
/*!40101 SET character_set_client = @saved_cs_client */;

--
-- Dumping data for table `components_sections_icon_heroes`
--

LOCK TABLES `components_sections_icon_heroes` WRITE;
/*!40000 ALTER TABLE `components_sections_icon_heroes` DISABLE KEYS */;
/*!40000 ALTER TABLE `components_sections_icon_heroes` ENABLE KEYS */;
UNLOCK TABLES;

--
-- Table structure for table `components_sections_icon_heroes_components`
--

DROP TABLE IF EXISTS `components_sections_icon_heroes_components`;
/*!40101 SET @saved_cs_client     = @@character_set_client */;
/*!40101 SET character_set_client = utf8 */;
CREATE TABLE `components_sections_icon_heroes_components` (
  `id` int(10) unsigned NOT NULL AUTO_INCREMENT,
  `field` varchar(255) NOT NULL,
  `order` int(10) unsigned NOT NULL,
  `component_type` varchar(255) NOT NULL,
  `component_id` int(11) NOT NULL,
  `components_sections_icon_hero_id` int(10) unsigned NOT NULL,
  PRIMARY KEY (`id`),
  KEY `components_sections_icon_hero_id_fk` (`components_sections_icon_hero_id`),
  CONSTRAINT `components_sections_icon_hero_id_fk` FOREIGN KEY (`components_sections_icon_hero_id`) REFERENCES `components_sections_icon_heroes` (`id`) ON DELETE CASCADE
) ENGINE=InnoDB DEFAULT CHARSET=utf8;
/*!40101 SET character_set_client = @saved_cs_client */;

--
-- Dumping data for table `components_sections_icon_heroes_components`
--

LOCK TABLES `components_sections_icon_heroes_components` WRITE;
/*!40000 ALTER TABLE `components_sections_icon_heroes_components` DISABLE KEYS */;
/*!40000 ALTER TABLE `components_sections_icon_heroes_components` ENABLE KEYS */;
UNLOCK TABLES;

--
-- Table structure for table `components_sections_individual_containers`
--

DROP TABLE IF EXISTS `components_sections_individual_containers`;
/*!40101 SET @saved_cs_client     = @@character_set_client */;
/*!40101 SET character_set_client = utf8 */;
CREATE TABLE `components_sections_individual_containers` (
  `id` int(10) unsigned NOT NULL AUTO_INCREMENT,
  `idContentType` varchar(255) DEFAULT NULL,
  `title` varchar(255) DEFAULT NULL,
  PRIMARY KEY (`id`),
  UNIQUE KEY `components_sections_individual_containers_idcontenttype_unique` (`idContentType`)
) ENGINE=InnoDB DEFAULT CHARSET=utf8;
/*!40101 SET character_set_client = @saved_cs_client */;

--
-- Dumping data for table `components_sections_individual_containers`
--

LOCK TABLES `components_sections_individual_containers` WRITE;
/*!40000 ALTER TABLE `components_sections_individual_containers` DISABLE KEYS */;
/*!40000 ALTER TABLE `components_sections_individual_containers` ENABLE KEYS */;
UNLOCK TABLES;

--
-- Table structure for table `components_sections_individual_containers_components`
--

DROP TABLE IF EXISTS `components_sections_individual_containers_components`;
/*!40101 SET @saved_cs_client     = @@character_set_client */;
/*!40101 SET character_set_client = utf8 */;
CREATE TABLE `components_sections_individual_containers_components` (
  `id` int(10) unsigned NOT NULL AUTO_INCREMENT,
  `field` varchar(255) NOT NULL,
  `order` int(10) unsigned NOT NULL,
  `component_type` varchar(255) NOT NULL,
  `component_id` int(11) NOT NULL,
  `components_sections_individual_container_id` int(10) unsigned NOT NULL,
  PRIMARY KEY (`id`),
  KEY `components_sections_individual_container_id_fk` (`components_sections_individual_container_id`),
  CONSTRAINT `components_sections_individual_container_id_fk` FOREIGN KEY (`components_sections_individual_container_id`) REFERENCES `components_sections_individual_containers` (`id`) ON DELETE CASCADE
) ENGINE=InnoDB DEFAULT CHARSET=utf8;
/*!40101 SET character_set_client = @saved_cs_client */;

--
-- Dumping data for table `components_sections_individual_containers_components`
--

LOCK TABLES `components_sections_individual_containers_components` WRITE;
/*!40000 ALTER TABLE `components_sections_individual_containers_components` DISABLE KEYS */;
/*!40000 ALTER TABLE `components_sections_individual_containers_components` ENABLE KEYS */;
UNLOCK TABLES;

--
-- Table structure for table `components_sections_lead_forms`
--

DROP TABLE IF EXISTS `components_sections_lead_forms`;
/*!40101 SET @saved_cs_client     = @@character_set_client */;
/*!40101 SET character_set_client = utf8 */;
CREATE TABLE `components_sections_lead_forms` (
  `id` int(10) unsigned NOT NULL AUTO_INCREMENT,
  `title` varchar(255) DEFAULT NULL,
  `emailPlaceholder` varchar(255) DEFAULT NULL,
  `location` varchar(255) DEFAULT NULL,
  `description` varchar(255) DEFAULT NULL,
  `type` varchar(255) DEFAULT NULL,
  `uid` varchar(255) DEFAULT NULL,
  `idContentType` varchar(255) DEFAULT NULL,
  `placeholder` varchar(255) DEFAULT NULL,
  PRIMARY KEY (`id`),
  UNIQUE KEY `components_sections_lead_forms_idcontenttype_unique` (`idContentType`),
  UNIQUE KEY `components_sections_lead_forms_uid_unique` (`uid`)
) ENGINE=InnoDB DEFAULT CHARSET=utf8;
/*!40101 SET character_set_client = @saved_cs_client */;

--
-- Dumping data for table `components_sections_lead_forms`
--

LOCK TABLES `components_sections_lead_forms` WRITE;
/*!40000 ALTER TABLE `components_sections_lead_forms` DISABLE KEYS */;
/*!40000 ALTER TABLE `components_sections_lead_forms` ENABLE KEYS */;
UNLOCK TABLES;

--
-- Table structure for table `components_sections_lead_forms_components`
--

DROP TABLE IF EXISTS `components_sections_lead_forms_components`;
/*!40101 SET @saved_cs_client     = @@character_set_client */;
/*!40101 SET character_set_client = utf8 */;
CREATE TABLE `components_sections_lead_forms_components` (
  `id` int(10) unsigned NOT NULL AUTO_INCREMENT,
  `field` varchar(255) NOT NULL,
  `order` int(10) unsigned NOT NULL,
  `component_type` varchar(255) NOT NULL,
  `component_id` int(11) NOT NULL,
  `components_sections_lead_form_id` int(10) unsigned NOT NULL,
  PRIMARY KEY (`id`),
  KEY `components_sections_lead_form_id_fk` (`components_sections_lead_form_id`),
  CONSTRAINT `components_sections_lead_form_id_fk` FOREIGN KEY (`components_sections_lead_form_id`) REFERENCES `components_sections_lead_forms` (`id`) ON DELETE CASCADE
) ENGINE=InnoDB DEFAULT CHARSET=utf8;
/*!40101 SET character_set_client = @saved_cs_client */;

--
-- Dumping data for table `components_sections_lead_forms_components`
--

LOCK TABLES `components_sections_lead_forms_components` WRITE;
/*!40000 ALTER TABLE `components_sections_lead_forms_components` DISABLE KEYS */;
/*!40000 ALTER TABLE `components_sections_lead_forms_components` ENABLE KEYS */;
UNLOCK TABLES;

--
-- Table structure for table `components_sections_link_containers`
--

DROP TABLE IF EXISTS `components_sections_link_containers`;
/*!40101 SET @saved_cs_client     = @@character_set_client */;
/*!40101 SET character_set_client = utf8 */;
CREATE TABLE `components_sections_link_containers` (
  `id` int(10) unsigned NOT NULL AUTO_INCREMENT,
  `title` varchar(255) DEFAULT NULL,
  `idContentType` varchar(255) DEFAULT NULL,
  PRIMARY KEY (`id`),
  UNIQUE KEY `components_sections_link_containers_idcontenttype_unique` (`idContentType`)
) ENGINE=InnoDB AUTO_INCREMENT=3 DEFAULT CHARSET=utf8;
/*!40101 SET character_set_client = @saved_cs_client */;

--
-- Dumping data for table `components_sections_link_containers`
--

LOCK TABLES `components_sections_link_containers` WRITE;
/*!40000 ALTER TABLE `components_sections_link_containers` DISABLE KEYS */;
INSERT INTO `components_sections_link_containers` VALUES (2,'Soluciones para ','IndividualSolution-Soluciones');
/*!40000 ALTER TABLE `components_sections_link_containers` ENABLE KEYS */;
UNLOCK TABLES;

--
-- Table structure for table `components_sections_link_containers_components`
--

DROP TABLE IF EXISTS `components_sections_link_containers_components`;
/*!40101 SET @saved_cs_client     = @@character_set_client */;
/*!40101 SET character_set_client = utf8 */;
CREATE TABLE `components_sections_link_containers_components` (
  `id` int(10) unsigned NOT NULL AUTO_INCREMENT,
  `field` varchar(255) NOT NULL,
  `order` int(10) unsigned NOT NULL,
  `component_type` varchar(255) NOT NULL,
  `component_id` int(11) NOT NULL,
  `components_sections_link_container_id` int(10) unsigned NOT NULL,
  PRIMARY KEY (`id`),
  KEY `components_sections_link_container_id_fk` (`components_sections_link_container_id`),
  CONSTRAINT `components_sections_link_container_id_fk` FOREIGN KEY (`components_sections_link_container_id`) REFERENCES `components_sections_link_containers` (`id`) ON DELETE CASCADE
) ENGINE=InnoDB AUTO_INCREMENT=2 DEFAULT CHARSET=utf8;
/*!40101 SET character_set_client = @saved_cs_client */;

--
-- Dumping data for table `components_sections_link_containers_components`
--

LOCK TABLES `components_sections_link_containers_components` WRITE;
/*!40000 ALTER TABLE `components_sections_link_containers_components` DISABLE KEYS */;
INSERT INTO `components_sections_link_containers_components` VALUES (1,'link',1,'components_links_links',180,2);
/*!40000 ALTER TABLE `components_sections_link_containers_components` ENABLE KEYS */;
UNLOCK TABLES;

--
-- Table structure for table `components_sections_link_heroes`
--

DROP TABLE IF EXISTS `components_sections_link_heroes`;
/*!40101 SET @saved_cs_client     = @@character_set_client */;
/*!40101 SET character_set_client = utf8 */;
CREATE TABLE `components_sections_link_heroes` (
  `id` int(10) unsigned NOT NULL AUTO_INCREMENT,
  `idContentType` varchar(255) DEFAULT NULL,
  `subtitle` varchar(255) DEFAULT NULL,
  `sideText` varchar(255) DEFAULT NULL,
  `imgSideText` varchar(255) DEFAULT NULL,
  PRIMARY KEY (`id`),
  UNIQUE KEY `components_sections_link_heroes_idcontenttype_unique` (`idContentType`)
) ENGINE=InnoDB DEFAULT CHARSET=utf8;
/*!40101 SET character_set_client = @saved_cs_client */;

--
-- Dumping data for table `components_sections_link_heroes`
--

LOCK TABLES `components_sections_link_heroes` WRITE;
/*!40000 ALTER TABLE `components_sections_link_heroes` DISABLE KEYS */;
/*!40000 ALTER TABLE `components_sections_link_heroes` ENABLE KEYS */;
UNLOCK TABLES;

--
-- Table structure for table `components_sections_link_heroes_components`
--

DROP TABLE IF EXISTS `components_sections_link_heroes_components`;
/*!40101 SET @saved_cs_client     = @@character_set_client */;
/*!40101 SET character_set_client = utf8 */;
CREATE TABLE `components_sections_link_heroes_components` (
  `id` int(10) unsigned NOT NULL AUTO_INCREMENT,
  `field` varchar(255) NOT NULL,
  `order` int(10) unsigned NOT NULL,
  `component_type` varchar(255) NOT NULL,
  `component_id` int(11) NOT NULL,
  `components_sections_link_hero_id` int(10) unsigned NOT NULL,
  PRIMARY KEY (`id`),
  KEY `components_sections_link_hero_id_fk` (`components_sections_link_hero_id`),
  CONSTRAINT `components_sections_link_hero_id_fk` FOREIGN KEY (`components_sections_link_hero_id`) REFERENCES `components_sections_link_heroes` (`id`) ON DELETE CASCADE
) ENGINE=InnoDB DEFAULT CHARSET=utf8;
/*!40101 SET character_set_client = @saved_cs_client */;

--
-- Dumping data for table `components_sections_link_heroes_components`
--

LOCK TABLES `components_sections_link_heroes_components` WRITE;
/*!40000 ALTER TABLE `components_sections_link_heroes_components` DISABLE KEYS */;
/*!40000 ALTER TABLE `components_sections_link_heroes_components` ENABLE KEYS */;
UNLOCK TABLES;

--
-- Table structure for table `components_sections_list_containers`
--

DROP TABLE IF EXISTS `components_sections_list_containers`;
/*!40101 SET @saved_cs_client     = @@character_set_client */;
/*!40101 SET character_set_client = utf8 */;
CREATE TABLE `components_sections_list_containers` (
  `id` int(10) unsigned NOT NULL AUTO_INCREMENT,
  `idContentType` varchar(255) DEFAULT NULL,
  PRIMARY KEY (`id`),
  UNIQUE KEY `components_sections_list_containers_idcontenttype_unique` (`idContentType`)
) ENGINE=InnoDB DEFAULT CHARSET=utf8;
/*!40101 SET character_set_client = @saved_cs_client */;

--
-- Dumping data for table `components_sections_list_containers`
--

LOCK TABLES `components_sections_list_containers` WRITE;
/*!40000 ALTER TABLE `components_sections_list_containers` DISABLE KEYS */;
/*!40000 ALTER TABLE `components_sections_list_containers` ENABLE KEYS */;
UNLOCK TABLES;

--
-- Table structure for table `components_sections_list_containers_components`
--

DROP TABLE IF EXISTS `components_sections_list_containers_components`;
/*!40101 SET @saved_cs_client     = @@character_set_client */;
/*!40101 SET character_set_client = utf8 */;
CREATE TABLE `components_sections_list_containers_components` (
  `id` int(10) unsigned NOT NULL AUTO_INCREMENT,
  `field` varchar(255) NOT NULL,
  `order` int(10) unsigned NOT NULL,
  `component_type` varchar(255) NOT NULL,
  `component_id` int(11) NOT NULL,
  `components_sections_list_container_id` int(10) unsigned NOT NULL,
  PRIMARY KEY (`id`),
  KEY `components_sections_list_container_id_fk` (`components_sections_list_container_id`),
  CONSTRAINT `components_sections_list_container_id_fk` FOREIGN KEY (`components_sections_list_container_id`) REFERENCES `components_sections_list_containers` (`id`) ON DELETE CASCADE
) ENGINE=InnoDB DEFAULT CHARSET=utf8;
/*!40101 SET character_set_client = @saved_cs_client */;

--
-- Dumping data for table `components_sections_list_containers_components`
--

LOCK TABLES `components_sections_list_containers_components` WRITE;
/*!40000 ALTER TABLE `components_sections_list_containers_components` DISABLE KEYS */;
/*!40000 ALTER TABLE `components_sections_list_containers_components` ENABLE KEYS */;
UNLOCK TABLES;

--
-- Table structure for table `components_sections_logotypes`
--

DROP TABLE IF EXISTS `components_sections_logotypes`;
/*!40101 SET @saved_cs_client     = @@character_set_client */;
/*!40101 SET character_set_client = utf8 */;
CREATE TABLE `components_sections_logotypes` (
  `id` int(10) unsigned NOT NULL AUTO_INCREMENT,
  `altText` varchar(255) DEFAULT NULL,
  PRIMARY KEY (`id`)
) ENGINE=InnoDB AUTO_INCREMENT=3 DEFAULT CHARSET=utf8;
/*!40101 SET character_set_client = @saved_cs_client */;

--
-- Dumping data for table `components_sections_logotypes`
--

LOCK TABLES `components_sections_logotypes` WRITE;
/*!40000 ALTER TABLE `components_sections_logotypes` DISABLE KEYS */;
INSERT INTO `components_sections_logotypes` VALUES (1,''),(2,NULL);
/*!40000 ALTER TABLE `components_sections_logotypes` ENABLE KEYS */;
UNLOCK TABLES;

--
-- Table structure for table `components_sections_logotypes_components`
--

DROP TABLE IF EXISTS `components_sections_logotypes_components`;
/*!40101 SET @saved_cs_client     = @@character_set_client */;
/*!40101 SET character_set_client = utf8 */;
CREATE TABLE `components_sections_logotypes_components` (
  `id` int(10) unsigned NOT NULL AUTO_INCREMENT,
  `field` varchar(255) NOT NULL,
  `order` int(10) unsigned NOT NULL,
  `component_type` varchar(255) NOT NULL,
  `component_id` int(11) NOT NULL,
  `components_sections_logotype_id` int(10) unsigned NOT NULL,
  PRIMARY KEY (`id`),
  KEY `components_sections_logotype_id_fk` (`components_sections_logotype_id`),
  CONSTRAINT `components_sections_logotype_id_fk` FOREIGN KEY (`components_sections_logotype_id`) REFERENCES `components_sections_logotypes` (`id`) ON DELETE CASCADE
) ENGINE=InnoDB AUTO_INCREMENT=3 DEFAULT CHARSET=utf8;
/*!40101 SET character_set_client = @saved_cs_client */;

--
-- Dumping data for table `components_sections_logotypes_components`
--

LOCK TABLES `components_sections_logotypes_components` WRITE;
/*!40000 ALTER TABLE `components_sections_logotypes_components` DISABLE KEYS */;
INSERT INTO `components_sections_logotypes_components` VALUES (1,'mainText',1,'components_texts_icon_texts',1,1),(2,'mainText',1,'components_texts_icon_texts',3,2);
/*!40000 ALTER TABLE `components_sections_logotypes_components` ENABLE KEYS */;
UNLOCK TABLES;

--
-- Table structure for table `components_sections_main_containers`
--

DROP TABLE IF EXISTS `components_sections_main_containers`;
/*!40101 SET @saved_cs_client     = @@character_set_client */;
/*!40101 SET character_set_client = utf8 */;
CREATE TABLE `components_sections_main_containers` (
  `id` int(10) unsigned NOT NULL AUTO_INCREMENT,
  `title` varchar(255) DEFAULT NULL,
  `idContentType` varchar(255) DEFAULT NULL,
  PRIMARY KEY (`id`),
  UNIQUE KEY `components_sections_main_containers_idcontenttype_unique` (`idContentType`)
) ENGINE=InnoDB DEFAULT CHARSET=utf8;
/*!40101 SET character_set_client = @saved_cs_client */;

--
-- Dumping data for table `components_sections_main_containers`
--

LOCK TABLES `components_sections_main_containers` WRITE;
/*!40000 ALTER TABLE `components_sections_main_containers` DISABLE KEYS */;
/*!40000 ALTER TABLE `components_sections_main_containers` ENABLE KEYS */;
UNLOCK TABLES;

--
-- Table structure for table `components_sections_main_containers_components`
--

DROP TABLE IF EXISTS `components_sections_main_containers_components`;
/*!40101 SET @saved_cs_client     = @@character_set_client */;
/*!40101 SET character_set_client = utf8 */;
CREATE TABLE `components_sections_main_containers_components` (
  `id` int(10) unsigned NOT NULL AUTO_INCREMENT,
  `field` varchar(255) NOT NULL,
  `order` int(10) unsigned NOT NULL,
  `component_type` varchar(255) NOT NULL,
  `component_id` int(11) NOT NULL,
  `components_sections_main_container_id` int(10) unsigned NOT NULL,
  PRIMARY KEY (`id`),
  KEY `components_sections_main_container_id_fk` (`components_sections_main_container_id`),
  CONSTRAINT `components_sections_main_container_id_fk` FOREIGN KEY (`components_sections_main_container_id`) REFERENCES `components_sections_main_containers` (`id`) ON DELETE CASCADE
) ENGINE=InnoDB DEFAULT CHARSET=utf8;
/*!40101 SET character_set_client = @saved_cs_client */;

--
-- Dumping data for table `components_sections_main_containers_components`
--

LOCK TABLES `components_sections_main_containers_components` WRITE;
/*!40000 ALTER TABLE `components_sections_main_containers_components` DISABLE KEYS */;
/*!40000 ALTER TABLE `components_sections_main_containers_components` ENABLE KEYS */;
UNLOCK TABLES;

--
-- Table structure for table `components_sections_main_features`
--

DROP TABLE IF EXISTS `components_sections_main_features`;
/*!40101 SET @saved_cs_client     = @@character_set_client */;
/*!40101 SET character_set_client = utf8 */;
CREATE TABLE `components_sections_main_features` (
  `id` int(10) unsigned NOT NULL AUTO_INCREMENT,
  `title` varchar(255) DEFAULT NULL,
  `idContentType` varchar(255) DEFAULT NULL,
  PRIMARY KEY (`id`),
  UNIQUE KEY `components_sections_main_features_idcontenttype_unique` (`idContentType`)
) ENGINE=InnoDB AUTO_INCREMENT=10 DEFAULT CHARSET=utf8;
/*!40101 SET character_set_client = @saved_cs_client */;

--
-- Dumping data for table `components_sections_main_features`
--

LOCK TABLES `components_sections_main_features` WRITE;
/*!40000 ALTER TABLE `components_sections_main_features` DISABLE KEYS */;
INSERT INTO `components_sections_main_features` VALUES (9,NULL,'Features-UseCasess');
/*!40000 ALTER TABLE `components_sections_main_features` ENABLE KEYS */;
UNLOCK TABLES;

--
-- Table structure for table `components_sections_main_features_components`
--

DROP TABLE IF EXISTS `components_sections_main_features_components`;
/*!40101 SET @saved_cs_client     = @@character_set_client */;
/*!40101 SET character_set_client = utf8 */;
CREATE TABLE `components_sections_main_features_components` (
  `id` int(10) unsigned NOT NULL AUTO_INCREMENT,
  `field` varchar(255) NOT NULL,
  `order` int(10) unsigned NOT NULL,
  `component_type` varchar(255) NOT NULL,
  `component_id` int(11) NOT NULL,
  `components_sections_main_feature_id` int(10) unsigned NOT NULL,
  PRIMARY KEY (`id`),
  KEY `components_sections_main_feature_id_fk` (`components_sections_main_feature_id`),
  CONSTRAINT `components_sections_main_feature_id_fk` FOREIGN KEY (`components_sections_main_feature_id`) REFERENCES `components_sections_main_features` (`id`) ON DELETE CASCADE
) ENGINE=InnoDB AUTO_INCREMENT=20 DEFAULT CHARSET=utf8;
/*!40101 SET character_set_client = @saved_cs_client */;

--
-- Dumping data for table `components_sections_main_features_components`
--

LOCK TABLES `components_sections_main_features_components` WRITE;
/*!40000 ALTER TABLE `components_sections_main_features_components` DISABLE KEYS */;
INSERT INTO `components_sections_main_features_components` VALUES (19,'header',1,'components_elements_main_heroes',279,9);
/*!40000 ALTER TABLE `components_sections_main_features_components` ENABLE KEYS */;
UNLOCK TABLES;

--
-- Table structure for table `components_sections_menu_entrada_guias`
--

DROP TABLE IF EXISTS `components_sections_menu_entrada_guias`;
/*!40101 SET @saved_cs_client     = @@character_set_client */;
/*!40101 SET character_set_client = utf8 */;
CREATE TABLE `components_sections_menu_entrada_guias` (
  `id` int(10) unsigned NOT NULL AUTO_INCREMENT,
  `titulo` varchar(255) DEFAULT NULL,
  `fecha_publicacion` datetime DEFAULT NULL,
  `descripcion` varchar(255) DEFAULT NULL,
  PRIMARY KEY (`id`)
) ENGINE=InnoDB DEFAULT CHARSET=utf8;
/*!40101 SET character_set_client = @saved_cs_client */;

--
-- Dumping data for table `components_sections_menu_entrada_guias`
--

LOCK TABLES `components_sections_menu_entrada_guias` WRITE;
/*!40000 ALTER TABLE `components_sections_menu_entrada_guias` DISABLE KEYS */;
/*!40000 ALTER TABLE `components_sections_menu_entrada_guias` ENABLE KEYS */;
UNLOCK TABLES;

--
-- Table structure for table `components_sections_menu_entrada_guias_components`
--

DROP TABLE IF EXISTS `components_sections_menu_entrada_guias_components`;
/*!40101 SET @saved_cs_client     = @@character_set_client */;
/*!40101 SET character_set_client = utf8 */;
CREATE TABLE `components_sections_menu_entrada_guias_components` (
  `id` int(10) unsigned NOT NULL AUTO_INCREMENT,
  `field` varchar(255) NOT NULL,
  `order` int(10) unsigned NOT NULL,
  `component_type` varchar(255) NOT NULL,
  `component_id` int(11) NOT NULL,
  `components_sections_menu_entrada_guia_id` int(10) unsigned NOT NULL,
  PRIMARY KEY (`id`),
  KEY `components_sections_menu_entrada_guia_id_fk` (`components_sections_menu_entrada_guia_id`),
  CONSTRAINT `components_sections_menu_entrada_guia_id_fk` FOREIGN KEY (`components_sections_menu_entrada_guia_id`) REFERENCES `components_sections_menu_entrada_guias` (`id`) ON DELETE CASCADE
) ENGINE=InnoDB DEFAULT CHARSET=utf8;
/*!40101 SET character_set_client = @saved_cs_client */;

--
-- Dumping data for table `components_sections_menu_entrada_guias_components`
--

LOCK TABLES `components_sections_menu_entrada_guias_components` WRITE;
/*!40000 ALTER TABLE `components_sections_menu_entrada_guias_components` DISABLE KEYS */;
/*!40000 ALTER TABLE `components_sections_menu_entrada_guias_components` ENABLE KEYS */;
UNLOCK TABLES;

--
-- Table structure for table `components_sections_our_products_sections`
--

DROP TABLE IF EXISTS `components_sections_our_products_sections`;
/*!40101 SET @saved_cs_client     = @@character_set_client */;
/*!40101 SET character_set_client = utf8 */;
CREATE TABLE `components_sections_our_products_sections` (
  `id` int(10) unsigned NOT NULL AUTO_INCREMENT,
  `title` varchar(255) DEFAULT NULL,
  `subtitle` longtext,
  `IdContentType` varchar(255) DEFAULT NULL,
  PRIMARY KEY (`id`),
  UNIQUE KEY `components_sections_our_products_sections_IdContentType_unique` (`IdContentType`)
) ENGINE=InnoDB DEFAULT CHARSET=utf8;
/*!40101 SET character_set_client = @saved_cs_client */;

--
-- Dumping data for table `components_sections_our_products_sections`
--

LOCK TABLES `components_sections_our_products_sections` WRITE;
/*!40000 ALTER TABLE `components_sections_our_products_sections` DISABLE KEYS */;
/*!40000 ALTER TABLE `components_sections_our_products_sections` ENABLE KEYS */;
UNLOCK TABLES;

--
-- Table structure for table `components_sections_our_products_sections_components`
--

DROP TABLE IF EXISTS `components_sections_our_products_sections_components`;
/*!40101 SET @saved_cs_client     = @@character_set_client */;
/*!40101 SET character_set_client = utf8 */;
CREATE TABLE `components_sections_our_products_sections_components` (
  `id` int(10) unsigned NOT NULL AUTO_INCREMENT,
  `field` varchar(255) NOT NULL,
  `order` int(10) unsigned NOT NULL,
  `component_type` varchar(255) NOT NULL,
  `component_id` int(11) NOT NULL,
  `components_sections_our_products_section_id` int(10) unsigned NOT NULL,
  PRIMARY KEY (`id`),
  KEY `components_sections_our_products_section_id_fk` (`components_sections_our_products_section_id`),
  CONSTRAINT `components_sections_our_products_section_id_fk` FOREIGN KEY (`components_sections_our_products_section_id`) REFERENCES `components_sections_our_products_sections` (`id`) ON DELETE CASCADE
) ENGINE=InnoDB DEFAULT CHARSET=utf8;
/*!40101 SET character_set_client = @saved_cs_client */;

--
-- Dumping data for table `components_sections_our_products_sections_components`
--

LOCK TABLES `components_sections_our_products_sections_components` WRITE;
/*!40000 ALTER TABLE `components_sections_our_products_sections_components` DISABLE KEYS */;
/*!40000 ALTER TABLE `components_sections_our_products_sections_components` ENABLE KEYS */;
UNLOCK TABLES;

--
-- Table structure for table `components_sections_pricings`
--

DROP TABLE IF EXISTS `components_sections_pricings`;
/*!40101 SET @saved_cs_client     = @@character_set_client */;
/*!40101 SET character_set_client = utf8 */;
CREATE TABLE `components_sections_pricings` (
  `id` int(10) unsigned NOT NULL AUTO_INCREMENT,
  `title` varchar(255) DEFAULT NULL,
  PRIMARY KEY (`id`)
) ENGINE=InnoDB DEFAULT CHARSET=utf8;
/*!40101 SET character_set_client = @saved_cs_client */;

--
-- Dumping data for table `components_sections_pricings`
--

LOCK TABLES `components_sections_pricings` WRITE;
/*!40000 ALTER TABLE `components_sections_pricings` DISABLE KEYS */;
/*!40000 ALTER TABLE `components_sections_pricings` ENABLE KEYS */;
UNLOCK TABLES;

--
-- Table structure for table `components_sections_pricings_components`
--

DROP TABLE IF EXISTS `components_sections_pricings_components`;
/*!40101 SET @saved_cs_client     = @@character_set_client */;
/*!40101 SET character_set_client = utf8 */;
CREATE TABLE `components_sections_pricings_components` (
  `id` int(10) unsigned NOT NULL AUTO_INCREMENT,
  `field` varchar(255) NOT NULL,
  `order` int(10) unsigned NOT NULL,
  `component_type` varchar(255) NOT NULL,
  `component_id` int(11) NOT NULL,
  `components_sections_pricing_id` int(10) unsigned NOT NULL,
  PRIMARY KEY (`id`),
  KEY `components_sections_pricing_id_fk` (`components_sections_pricing_id`),
  CONSTRAINT `components_sections_pricing_id_fk` FOREIGN KEY (`components_sections_pricing_id`) REFERENCES `components_sections_pricings` (`id`) ON DELETE CASCADE
) ENGINE=InnoDB DEFAULT CHARSET=utf8;
/*!40101 SET character_set_client = @saved_cs_client */;

--
-- Dumping data for table `components_sections_pricings_components`
--

LOCK TABLES `components_sections_pricings_components` WRITE;
/*!40000 ALTER TABLE `components_sections_pricings_components` DISABLE KEYS */;
/*!40000 ALTER TABLE `components_sections_pricings_components` ENABLE KEYS */;
UNLOCK TABLES;

--
-- Table structure for table `components_sections_questions_list_sections`
--

DROP TABLE IF EXISTS `components_sections_questions_list_sections`;
/*!40101 SET @saved_cs_client     = @@character_set_client */;
/*!40101 SET character_set_client = utf8 */;
CREATE TABLE `components_sections_questions_list_sections` (
  `id` int(10) unsigned NOT NULL AUTO_INCREMENT,
  `idContentType` varchar(255) DEFAULT NULL,
  PRIMARY KEY (`id`)
) ENGINE=InnoDB DEFAULT CHARSET=utf8;
/*!40101 SET character_set_client = @saved_cs_client */;

--
-- Dumping data for table `components_sections_questions_list_sections`
--

LOCK TABLES `components_sections_questions_list_sections` WRITE;
/*!40000 ALTER TABLE `components_sections_questions_list_sections` DISABLE KEYS */;
/*!40000 ALTER TABLE `components_sections_questions_list_sections` ENABLE KEYS */;
UNLOCK TABLES;

--
-- Table structure for table `components_sections_questions_list_sections_components`
--

DROP TABLE IF EXISTS `components_sections_questions_list_sections_components`;
/*!40101 SET @saved_cs_client     = @@character_set_client */;
/*!40101 SET character_set_client = utf8 */;
CREATE TABLE `components_sections_questions_list_sections_components` (
  `id` int(10) unsigned NOT NULL AUTO_INCREMENT,
  `field` varchar(255) NOT NULL,
  `order` int(10) unsigned NOT NULL,
  `component_type` varchar(255) NOT NULL,
  `component_id` int(11) NOT NULL,
  `components_sections_questions_list_section_id` int(10) unsigned NOT NULL,
  PRIMARY KEY (`id`),
  KEY `components_sections_questions_list_section_id_fk` (`components_sections_questions_list_section_id`),
  CONSTRAINT `components_sections_questions_list_section_id_fk` FOREIGN KEY (`components_sections_questions_list_section_id`) REFERENCES `components_sections_questions_list_sections` (`id`) ON DELETE CASCADE
) ENGINE=InnoDB DEFAULT CHARSET=utf8;
/*!40101 SET character_set_client = @saved_cs_client */;

--
-- Dumping data for table `components_sections_questions_list_sections_components`
--

LOCK TABLES `components_sections_questions_list_sections_components` WRITE;
/*!40000 ALTER TABLE `components_sections_questions_list_sections_components` DISABLE KEYS */;
/*!40000 ALTER TABLE `components_sections_questions_list_sections_components` ENABLE KEYS */;
UNLOCK TABLES;

--
-- Table structure for table `components_sections_rich_texts`
--

DROP TABLE IF EXISTS `components_sections_rich_texts`;
/*!40101 SET @saved_cs_client     = @@character_set_client */;
/*!40101 SET character_set_client = utf8 */;
CREATE TABLE `components_sections_rich_texts` (
  `id` int(10) unsigned NOT NULL AUTO_INCREMENT,
  `content` longtext,
  PRIMARY KEY (`id`)
) ENGINE=InnoDB DEFAULT CHARSET=utf8;
/*!40101 SET character_set_client = @saved_cs_client */;

--
-- Dumping data for table `components_sections_rich_texts`
--

LOCK TABLES `components_sections_rich_texts` WRITE;
/*!40000 ALTER TABLE `components_sections_rich_texts` DISABLE KEYS */;
/*!40000 ALTER TABLE `components_sections_rich_texts` ENABLE KEYS */;
UNLOCK TABLES;

--
-- Table structure for table `components_sections_searches`
--

DROP TABLE IF EXISTS `components_sections_searches`;
/*!40101 SET @saved_cs_client     = @@character_set_client */;
/*!40101 SET character_set_client = utf8 */;
CREATE TABLE `components_sections_searches` (
  `id` int(10) unsigned NOT NULL AUTO_INCREMENT,
  `title` varchar(255) DEFAULT NULL,
  `description` varchar(255) DEFAULT NULL,
  `uid` varchar(255) DEFAULT NULL,
  `idContentType` varchar(255) DEFAULT NULL,
  PRIMARY KEY (`id`),
  UNIQUE KEY `components_sections_searches_uid_unique` (`uid`),
  UNIQUE KEY `components_sections_searches_idcontenttype_unique` (`idContentType`)
) ENGINE=InnoDB DEFAULT CHARSET=utf8;
/*!40101 SET character_set_client = @saved_cs_client */;

--
-- Dumping data for table `components_sections_searches`
--

LOCK TABLES `components_sections_searches` WRITE;
/*!40000 ALTER TABLE `components_sections_searches` DISABLE KEYS */;
/*!40000 ALTER TABLE `components_sections_searches` ENABLE KEYS */;
UNLOCK TABLES;

--
-- Table structure for table `components_sections_searches_components`
--

DROP TABLE IF EXISTS `components_sections_searches_components`;
/*!40101 SET @saved_cs_client     = @@character_set_client */;
/*!40101 SET character_set_client = utf8 */;
CREATE TABLE `components_sections_searches_components` (
  `id` int(10) unsigned NOT NULL AUTO_INCREMENT,
  `field` varchar(255) NOT NULL,
  `order` int(10) unsigned NOT NULL,
  `component_type` varchar(255) NOT NULL,
  `component_id` int(11) NOT NULL,
  `components_sections_search_id` int(10) unsigned NOT NULL,
  PRIMARY KEY (`id`),
  KEY `components_sections_search_id_fk` (`components_sections_search_id`),
  CONSTRAINT `components_sections_search_id_fk` FOREIGN KEY (`components_sections_search_id`) REFERENCES `components_sections_searches` (`id`) ON DELETE CASCADE
) ENGINE=InnoDB DEFAULT CHARSET=utf8;
/*!40101 SET character_set_client = @saved_cs_client */;

--
-- Dumping data for table `components_sections_searches_components`
--

LOCK TABLES `components_sections_searches_components` WRITE;
/*!40000 ALTER TABLE `components_sections_searches_components` DISABLE KEYS */;
/*!40000 ALTER TABLE `components_sections_searches_components` ENABLE KEYS */;
UNLOCK TABLES;

--
-- Table structure for table `components_sections_section_use_cases`
--

DROP TABLE IF EXISTS `components_sections_section_use_cases`;
/*!40101 SET @saved_cs_client     = @@character_set_client */;
/*!40101 SET character_set_client = utf8 */;
CREATE TABLE `components_sections_section_use_cases` (
  `id` int(10) unsigned NOT NULL AUTO_INCREMENT,
  `title` varchar(255) DEFAULT NULL,
  `description` longtext,
  `subtitle` longtext,
  `idContentType` varchar(255) DEFAULT NULL,
  PRIMARY KEY (`id`),
  UNIQUE KEY `components_sections_section_use_cases_idContentType_unique` (`idContentType`)
) ENGINE=InnoDB AUTO_INCREMENT=67 DEFAULT CHARSET=utf8;
/*!40101 SET character_set_client = @saved_cs_client */;

--
-- Dumping data for table `components_sections_section_use_cases`
--

LOCK TABLES `components_sections_section_use_cases` WRITE;
/*!40000 ALTER TABLE `components_sections_section_use_cases` DISABLE KEYS */;
INSERT INTO `components_sections_section_use_cases` VALUES (1,'More use cases',NULL,'We can adapt our API and widget to your market. These are some of our other current use cases.','use-case-ecommerce'),(5,'More Use Cases',NULL,'We can adapt our API and widget to your market. These are some of our other current use cases.','use-case-mobility'),(6,'More use cases',NULL,'We can adapt our API and widget to your market. These are some of our other current use cases.','use-case-airlines'),(18,'More use cases',NULL,'We can adapt our API and widget to your market. These are some of our other current use cases.','use-case-events'),(21,'More use cases',NULL,'We can adapt our API and widget to your market. These are some of our other current use cases.','use-case-construction'),(22,'More use cases',NULL,'We can adapt our API and widget to your market. These are some of our other current use cases.','use-case-tourism'),(23,'More use cases',NULL,'We can adapt our API and widget to your market. These are some of our other current use cases.','use-case-chambers-of-commerce'),(24,'More use cases',NULL,'We can adapt our API and widget to your market. These are some of our other current use cases.','use-case-financial-services'),(25,'More use cases',NULL,'We can adapt our API and widget to your market. These are some of our other current use cases.','use-case-crypto'),(46,'M├ís casos de uso',NULL,'Podemos adaptar nuestra API y widget a su mercado. Estos son algunos de nuestros otros casos de uso actuales.','deleteu'),(48,'M├ís casos de uso',NULL,'Podemos adaptar nuestra API y widget a su mercado. Estos son algunos de nuestros otros casos de uso actuales.','use-case-tourism-delete'),(50,'M├ís casos de uso',NULL,'Podemos adaptar nuestra API y widget a su mercado. Estos son algunos de nuestros otros casos de uso actuales.','use-case-chambers-of-commerce-es'),(52,'M├ís casos de uso',NULL,'Podemos adaptar nuestra API y widget a su mercado. Estos son algunos de nuestros otros casos de uso actuales.','use-case-ecommerce-es'),(54,'M├ís casos de uso',NULL,'Podemos adaptar nuestra API y widget a su mercado. Estos son algunos de nuestros otros casos de uso actuales.','use-case-financial-services-es'),(60,'M├ís casos de uso',NULL,'Podemos adaptar nuestra API y widget a su mercado. Estos son algunos de nuestros otros casos de uso actuales.',NULL),(62,'M├ís casos de uso',NULL,'Podemos adaptar nuestra API y widget a su mercado. Estos son algunos de nuestros otros casos de uso actuales.',NULL),(63,'M├ís casos de uso',NULL,'Podemos adaptar nuestra API y widget a su mercado. Estos son algunos de nuestros otros casos de uso actuales.',NULL),(64,'M├ís casos de uso',NULL,'Podemos adaptar nuestra API y widget a su mercado. Estos son algunos de nuestros otros casos de uso actuales.',NULL),(66,'Descubre nuestras APIs',NULL,'Encuentra las mejores APIs para tu negocio.\nNuestras APIs son fáciles de personalizar e integrar, para comenzar a vender y gestionar los productos.',NULL);
/*!40000 ALTER TABLE `components_sections_section_use_cases` ENABLE KEYS */;
UNLOCK TABLES;

--
-- Table structure for table `components_sections_section_use_cases_components`
--

DROP TABLE IF EXISTS `components_sections_section_use_cases_components`;
/*!40101 SET @saved_cs_client     = @@character_set_client */;
/*!40101 SET character_set_client = utf8 */;
CREATE TABLE `components_sections_section_use_cases_components` (
  `id` int(10) unsigned NOT NULL AUTO_INCREMENT,
  `field` varchar(255) NOT NULL,
  `order` int(10) unsigned NOT NULL,
  `component_type` varchar(255) NOT NULL,
  `component_id` int(11) NOT NULL,
  `components_sections_section_use_case_id` int(10) unsigned NOT NULL,
  PRIMARY KEY (`id`),
  KEY `components_sections_section_use_case_id_fk` (`components_sections_section_use_case_id`),
  CONSTRAINT `components_sections_section_use_case_id_fk` FOREIGN KEY (`components_sections_section_use_case_id`) REFERENCES `components_sections_section_use_cases` (`id`) ON DELETE CASCADE
) ENGINE=InnoDB AUTO_INCREMENT=93 DEFAULT CHARSET=utf8;
/*!40101 SET character_set_client = @saved_cs_client */;

--
-- Dumping data for table `components_sections_section_use_cases_components`
--

LOCK TABLES `components_sections_section_use_cases_components` WRITE;
/*!40000 ALTER TABLE `components_sections_section_use_cases_components` DISABLE KEYS */;
INSERT INTO `components_sections_section_use_cases_components` VALUES (13,'useCaseList',1,'components_cards_use_case_cards',22,1),(14,'useCaseList',1,'components_cards_use_case_cards',23,5),(15,'useCaseList',1,'components_cards_use_case_cards',24,6),(19,'useCaseList',2,'components_cards_use_case_cards',28,1),(20,'useCaseList',3,'components_cards_use_case_cards',29,1),(21,'useCaseList',2,'components_cards_use_case_cards',30,5),(22,'useCaseList',3,'components_cards_use_case_cards',31,5),(23,'useCaseList',2,'components_cards_use_case_cards',32,6),(24,'useCaseList',3,'components_cards_use_case_cards',33,6),(28,'useCaseList',1,'components_cards_use_case_cards',37,18),(29,'useCaseList',2,'components_cards_use_case_cards',38,18),(30,'useCaseList',3,'components_cards_use_case_cards',39,18),(31,'useCaseList',1,'components_cards_use_case_cards',40,21),(32,'useCaseList',2,'components_cards_use_case_cards',41,21),(33,'useCaseList',3,'components_cards_use_case_cards',42,21),(34,'useCaseList',1,'components_cards_use_case_cards',43,22),(35,'useCaseList',2,'components_cards_use_case_cards',44,22),(36,'useCaseList',3,'components_cards_use_case_cards',45,22),(37,'useCaseList',1,'components_cards_use_case_cards',46,23),(38,'useCaseList',2,'components_cards_use_case_cards',47,23),(39,'useCaseList',3,'components_cards_use_case_cards',48,23),(40,'useCaseList',1,'components_cards_use_case_cards',49,24),(41,'useCaseList',2,'components_cards_use_case_cards',50,24),(42,'useCaseList',3,'components_cards_use_case_cards',51,24),(43,'useCaseList',1,'components_cards_use_case_cards',52,25),(44,'useCaseList',2,'components_cards_use_case_cards',53,25),(45,'useCaseList',3,'components_cards_use_case_cards',54,25),(53,'useCaseList',1,'components_cards_use_case_cards',62,46),(54,'useCaseList',2,'components_cards_use_case_cards',63,46),(55,'useCaseList',3,'components_cards_use_case_cards',64,46),(56,'useCaseList',1,'components_cards_use_case_cards',65,48),(57,'useCaseList',2,'components_cards_use_case_cards',66,48),(58,'useCaseList',3,'components_cards_use_case_cards',67,48),(59,'useCaseList',1,'components_cards_use_case_cards',68,50),(60,'useCaseList',2,'components_cards_use_case_cards',69,50),(61,'useCaseList',3,'components_cards_use_case_cards',70,50),(62,'useCaseList',1,'components_cards_use_case_cards',71,52),(63,'useCaseList',2,'components_cards_use_case_cards',72,52),(64,'useCaseList',3,'components_cards_use_case_cards',73,52),(65,'useCaseList',1,'components_cards_use_case_cards',74,54),(66,'useCaseList',2,'components_cards_use_case_cards',75,54),(67,'useCaseList',3,'components_cards_use_case_cards',76,54),(76,'useCaseList',1,'components_cards_use_case_cards',85,62),(77,'useCaseList',2,'components_cards_use_case_cards',86,62),(78,'useCaseList',3,'components_cards_use_case_cards',87,62),(79,'useCaseList',1,'components_cards_use_case_cards',88,63),(80,'useCaseList',2,'components_cards_use_case_cards',89,63),(81,'useCaseList',3,'components_cards_use_case_cards',90,63),(82,'useCaseList',1,'components_cards_use_case_cards',91,64),(83,'useCaseList',2,'components_cards_use_case_cards',92,64),(84,'useCaseList',3,'components_cards_use_case_cards',93,64),(85,'useCaseList',1,'components_cards_use_case_cards',94,60),(86,'useCaseList',2,'components_cards_use_case_cards',95,60),(87,'useCaseList',3,'components_cards_use_case_cards',96,60),(90,'useCaseList',1,'components_cards_use_case_cards',99,66),(91,'useCaseList',2,'components_cards_use_case_cards',100,66),(92,'useCaseList',3,'components_cards_use_case_cards',101,66);
/*!40000 ALTER TABLE `components_sections_section_use_cases_components` ENABLE KEYS */;
UNLOCK TABLES;

--
-- Table structure for table `components_sections_section_widget_forms`
--

DROP TABLE IF EXISTS `components_sections_section_widget_forms`;
/*!40101 SET @saved_cs_client     = @@character_set_client */;
/*!40101 SET character_set_client = utf8 */;
CREATE TABLE `components_sections_section_widget_forms` (
  `id` int(10) unsigned NOT NULL AUTO_INCREMENT,
  `description` longtext,
  PRIMARY KEY (`id`)
) ENGINE=InnoDB DEFAULT CHARSET=utf8;
/*!40101 SET character_set_client = @saved_cs_client */;

--
-- Dumping data for table `components_sections_section_widget_forms`
--

LOCK TABLES `components_sections_section_widget_forms` WRITE;
/*!40000 ALTER TABLE `components_sections_section_widget_forms` DISABLE KEYS */;
/*!40000 ALTER TABLE `components_sections_section_widget_forms` ENABLE KEYS */;
UNLOCK TABLES;

--
-- Table structure for table `components_sections_section_widget_forms_components`
--

DROP TABLE IF EXISTS `components_sections_section_widget_forms_components`;
/*!40101 SET @saved_cs_client     = @@character_set_client */;
/*!40101 SET character_set_client = utf8 */;
CREATE TABLE `components_sections_section_widget_forms_components` (
  `id` int(10) unsigned NOT NULL AUTO_INCREMENT,
  `field` varchar(255) NOT NULL,
  `order` int(10) unsigned NOT NULL,
  `component_type` varchar(255) NOT NULL,
  `component_id` int(11) NOT NULL,
  `components_sections_section_widget_form_id` int(10) unsigned NOT NULL,
  PRIMARY KEY (`id`),
  KEY `components_sections_section_widget_form_id_fk` (`components_sections_section_widget_form_id`),
  CONSTRAINT `components_sections_section_widget_form_id_fk` FOREIGN KEY (`components_sections_section_widget_form_id`) REFERENCES `components_sections_section_widget_forms` (`id`) ON DELETE CASCADE
) ENGINE=InnoDB DEFAULT CHARSET=utf8;
/*!40101 SET character_set_client = @saved_cs_client */;

--
-- Dumping data for table `components_sections_section_widget_forms_components`
--

LOCK TABLES `components_sections_section_widget_forms_components` WRITE;
/*!40000 ALTER TABLE `components_sections_section_widget_forms_components` DISABLE KEYS */;
/*!40000 ALTER TABLE `components_sections_section_widget_forms_components` ENABLE KEYS */;
UNLOCK TABLES;

--
-- Table structure for table `components_sections_share_options`
--

DROP TABLE IF EXISTS `components_sections_share_options`;
/*!40101 SET @saved_cs_client     = @@character_set_client */;
/*!40101 SET character_set_client = utf8 */;
CREATE TABLE `components_sections_share_options` (
  `id` int(10) unsigned NOT NULL AUTO_INCREMENT,
  `title` varchar(255) DEFAULT NULL,
  PRIMARY KEY (`id`)
) ENGINE=InnoDB AUTO_INCREMENT=3 DEFAULT CHARSET=utf8;
/*!40101 SET character_set_client = @saved_cs_client */;

--
-- Dumping data for table `components_sections_share_options`
--

LOCK TABLES `components_sections_share_options` WRITE;
/*!40000 ALTER TABLE `components_sections_share_options` DISABLE KEYS */;
INSERT INTO `components_sections_share_options` VALUES (1,'Share'),(2,'Compartir');
/*!40000 ALTER TABLE `components_sections_share_options` ENABLE KEYS */;
UNLOCK TABLES;

--
-- Table structure for table `components_sections_share_options_components`
--

DROP TABLE IF EXISTS `components_sections_share_options_components`;
/*!40101 SET @saved_cs_client     = @@character_set_client */;
/*!40101 SET character_set_client = utf8 */;
CREATE TABLE `components_sections_share_options_components` (
  `id` int(10) unsigned NOT NULL AUTO_INCREMENT,
  `field` varchar(255) NOT NULL,
  `order` int(10) unsigned NOT NULL,
  `component_type` varchar(255) NOT NULL,
  `component_id` int(11) NOT NULL,
  `components_sections_share_option_id` int(10) unsigned NOT NULL,
  PRIMARY KEY (`id`),
  KEY `components_sections_share_option_id_fk` (`components_sections_share_option_id`),
  CONSTRAINT `components_sections_share_option_id_fk` FOREIGN KEY (`components_sections_share_option_id`) REFERENCES `components_sections_share_options` (`id`) ON DELETE CASCADE
) ENGINE=InnoDB AUTO_INCREMENT=16 DEFAULT CHARSET=utf8;
/*!40101 SET character_set_client = @saved_cs_client */;

--
-- Dumping data for table `components_sections_share_options_components`
--

LOCK TABLES `components_sections_share_options_components` WRITE;
/*!40000 ALTER TABLE `components_sections_share_options_components` DISABLE KEYS */;
INSERT INTO `components_sections_share_options_components` VALUES (1,'links',1,'components_links_icon_links',1,1),(2,'links',2,'components_links_icon_links',2,1),(3,'links',3,'components_links_icon_links',3,1),(4,'links',3,'components_links_icon_links',10,2),(5,'links',1,'components_links_icon_links',8,2),(6,'links',2,'components_links_icon_links',9,2),(12,'links',4,'components_links_icon_links',16,1),(13,'links',5,'components_links_icon_links',17,1),(14,'links',4,'components_links_icon_links',18,2),(15,'links',5,'components_links_icon_links',19,2);
/*!40000 ALTER TABLE `components_sections_share_options_components` ENABLE KEYS */;
UNLOCK TABLES;

--
-- Table structure for table `components_sections_sidebars`
--

DROP TABLE IF EXISTS `components_sections_sidebars`;
/*!40101 SET @saved_cs_client     = @@character_set_client */;
/*!40101 SET character_set_client = utf8 */;
CREATE TABLE `components_sections_sidebars` (
  `id` int(10) unsigned NOT NULL AUTO_INCREMENT,
  `title` varchar(255) DEFAULT NULL,
  `idContentType` varchar(255) DEFAULT NULL,
  PRIMARY KEY (`id`),
  UNIQUE KEY `components_sections_sidebars_idcontenttype_unique` (`idContentType`)
) ENGINE=InnoDB AUTO_INCREMENT=25 DEFAULT CHARSET=utf8;
/*!40101 SET character_set_client = @saved_cs_client */;

--
-- Dumping data for table `components_sections_sidebars`
--

LOCK TABLES `components_sections_sidebars` WRITE;
/*!40000 ALTER TABLE `components_sections_sidebars` DISABLE KEYS */;
INSERT INTO `components_sections_sidebars` VALUES (1,NULL,NULL),(2,NULL,'Menu-Dev'),(3,NULL,NULL),(4,NULL,NULL),(5,NULL,NULL),(24,NULL,'Menu-Devc');
/*!40000 ALTER TABLE `components_sections_sidebars` ENABLE KEYS */;
UNLOCK TABLES;

--
-- Table structure for table `components_sections_sidebars_components`
--

DROP TABLE IF EXISTS `components_sections_sidebars_components`;
/*!40101 SET @saved_cs_client     = @@character_set_client */;
/*!40101 SET character_set_client = utf8 */;
CREATE TABLE `components_sections_sidebars_components` (
  `id` int(10) unsigned NOT NULL AUTO_INCREMENT,
  `field` varchar(255) NOT NULL,
  `order` int(10) unsigned NOT NULL,
  `component_type` varchar(255) NOT NULL,
  `component_id` int(11) NOT NULL,
  `components_sections_sidebar_id` int(10) unsigned NOT NULL,
  PRIMARY KEY (`id`),
  KEY `components_sections_sidebar_id_fk` (`components_sections_sidebar_id`),
  CONSTRAINT `components_sections_sidebar_id_fk` FOREIGN KEY (`components_sections_sidebar_id`) REFERENCES `components_sections_sidebars` (`id`) ON DELETE CASCADE
) ENGINE=InnoDB AUTO_INCREMENT=28 DEFAULT CHARSET=utf8;
/*!40101 SET character_set_client = @saved_cs_client */;

--
-- Dumping data for table `components_sections_sidebars_components`
--

LOCK TABLES `components_sections_sidebars_components` WRITE;
/*!40000 ALTER TABLE `components_sections_sidebars_components` DISABLE KEYS */;
INSERT INTO `components_sections_sidebars_components` VALUES (1,'Entries',1,'components_elements_entries',63,1),(2,'Entries',2,'components_elements_entries',64,1),(3,'Entries',1,'components_elements_entries',65,2),(4,'Entries',2,'components_elements_entries',66,2),(5,'Entries',1,'components_elements_entries',67,3),(6,'Entries',2,'components_elements_entries',68,3),(7,'Entries',3,'components_elements_entries',69,3),(8,'Entries',1,'components_elements_entries',70,4),(9,'Entries',2,'components_elements_entries',71,4),(10,'Entries',1,'components_elements_entries',72,5),(11,'Entries',2,'components_elements_entries',73,5),(26,'Entries',1,'components_elements_entries',119,24),(27,'Entries',2,'components_elements_entries',120,24);
/*!40000 ALTER TABLE `components_sections_sidebars_components` ENABLE KEYS */;
UNLOCK TABLES;

--
-- Table structure for table `components_sections_social_networks`
--

DROP TABLE IF EXISTS `components_sections_social_networks`;
/*!40101 SET @saved_cs_client     = @@character_set_client */;
/*!40101 SET character_set_client = utf8 */;
CREATE TABLE `components_sections_social_networks` (
  `id` int(10) unsigned NOT NULL AUTO_INCREMENT,
  PRIMARY KEY (`id`)
) ENGINE=InnoDB AUTO_INCREMENT=2 DEFAULT CHARSET=utf8;
/*!40101 SET character_set_client = @saved_cs_client */;

--
-- Dumping data for table `components_sections_social_networks`
--

LOCK TABLES `components_sections_social_networks` WRITE;
/*!40000 ALTER TABLE `components_sections_social_networks` DISABLE KEYS */;
INSERT INTO `components_sections_social_networks` VALUES (1);
/*!40000 ALTER TABLE `components_sections_social_networks` ENABLE KEYS */;
UNLOCK TABLES;

--
-- Table structure for table `components_sections_social_networks_components`
--

DROP TABLE IF EXISTS `components_sections_social_networks_components`;
/*!40101 SET @saved_cs_client     = @@character_set_client */;
/*!40101 SET character_set_client = utf8 */;
CREATE TABLE `components_sections_social_networks_components` (
  `id` int(10) unsigned NOT NULL AUTO_INCREMENT,
  `field` varchar(255) NOT NULL,
  `order` int(10) unsigned NOT NULL,
  `component_type` varchar(255) NOT NULL,
  `component_id` int(11) NOT NULL,
  `components_sections_social_network_id` int(10) unsigned NOT NULL,
  PRIMARY KEY (`id`),
  KEY `components_sections_social_network_id_fk` (`components_sections_social_network_id`),
  CONSTRAINT `components_sections_social_network_id_fk` FOREIGN KEY (`components_sections_social_network_id`) REFERENCES `components_sections_social_networks` (`id`) ON DELETE CASCADE
) ENGINE=InnoDB AUTO_INCREMENT=2 DEFAULT CHARSET=utf8;
/*!40101 SET character_set_client = @saved_cs_client */;

--
-- Dumping data for table `components_sections_social_networks_components`
--

LOCK TABLES `components_sections_social_networks_components` WRITE;
/*!40000 ALTER TABLE `components_sections_social_networks_components` DISABLE KEYS */;
INSERT INTO `components_sections_social_networks_components` VALUES (1,'sharingContent',1,'components_elements_social_networks',1,1);
/*!40000 ALTER TABLE `components_sections_social_networks_components` ENABLE KEYS */;
UNLOCK TABLES;

--
-- Table structure for table `components_sections_summaries`
--

DROP TABLE IF EXISTS `components_sections_summaries`;
/*!40101 SET @saved_cs_client     = @@character_set_client */;
/*!40101 SET character_set_client = utf8 */;
CREATE TABLE `components_sections_summaries` (
  `id` int(10) unsigned NOT NULL AUTO_INCREMENT,
  `title` varchar(255) DEFAULT NULL,
  `description` varchar(255) DEFAULT NULL,
  `isVisible` tinyint(1) DEFAULT NULL,
  `idContentType` varchar(255) DEFAULT NULL,
  PRIMARY KEY (`id`),
  UNIQUE KEY `components_sections_summaries_idcontenttype_unique` (`idContentType`)
) ENGINE=InnoDB AUTO_INCREMENT=65 DEFAULT CHARSET=utf8;
/*!40101 SET character_set_client = @saved_cs_client */;

--
-- Dumping data for table `components_sections_summaries`
--

LOCK TABLES `components_sections_summaries` WRITE;
/*!40000 ALTER TABLE `components_sections_summaries` DISABLE KEYS */;
INSERT INTO `components_sections_summaries` VALUES (1,NULL,NULL,NULL,NULL),(2,'row','white',NULL,NULL),(9,'row-reverse','#F7F8FC',NULL,NULL),(10,NULL,NULL,NULL,NULL),(11,'┬┐C├│mo empezar a utilizar las APIs Rimac?',NULL,NULL,NULL),(12,NULL,NULL,NULL,NULL),(13,NULL,NULL,NULL,NULL),(14,NULL,NULL,NULL,NULL),(15,NULL,NULL,NULL,NULL),(16,NULL,NULL,NULL,NULL),(17,NULL,NULL,NULL,NULL),(18,NULL,NULL,NULL,NULL),(19,NULL,NULL,NULL,NULL),(20,NULL,NULL,NULL,NULL),(21,NULL,NULL,NULL,NULL),(22,NULL,NULL,NULL,NULL),(27,'C├│mo llamar a una API con Postman X3',NULL,NULL,NULL),(28,'C├│mo utilizar el Sandbox',NULL,NULL,NULL),(29,NULL,NULL,NULL,NULL),(30,'Serverless',NULL,NULL,NULL),(31,'Tendencias Insurtech en el sector de seguros.',NULL,NULL,NULL),(32,'Conoce nuestras APIs de auto flexible.',NULL,NULL,NULL),(33,NULL,NULL,NULL,NULL),(34,'row','white',NULL,NULL),(35,NULL,NULL,NULL,NULL),(36,'row-reverse','#F7F8FC',NULL,NULL),(37,NULL,NULL,NULL,NULL),(38,'row-reverse','#F7F8FC',NULL,NULL),(39,NULL,NULL,NULL,NULL),(40,'row','white',NULL,NULL),(49,NULL,NULL,NULL,NULL),(59,NULL,NULL,NULL,NULL),(60,'Conoce nuestras APIs de auto flexible.',NULL,NULL,NULL),(61,'Conoce nuestras APIs de auto flexible.',NULL,NULL,NULL),(64,NULL,NULL,NULL,NULL);
/*!40000 ALTER TABLE `components_sections_summaries` ENABLE KEYS */;
UNLOCK TABLES;

--
-- Table structure for table `components_sections_summaries_components`
--

DROP TABLE IF EXISTS `components_sections_summaries_components`;
/*!40101 SET @saved_cs_client     = @@character_set_client */;
/*!40101 SET character_set_client = utf8 */;
CREATE TABLE `components_sections_summaries_components` (
  `id` int(10) unsigned NOT NULL AUTO_INCREMENT,
  `field` varchar(255) NOT NULL,
  `order` int(10) unsigned NOT NULL,
  `component_type` varchar(255) NOT NULL,
  `component_id` int(11) NOT NULL,
  `components_sections_summary_id` int(10) unsigned NOT NULL,
  PRIMARY KEY (`id`),
  KEY `components_sections_summary_id_fk` (`components_sections_summary_id`),
  CONSTRAINT `components_sections_summary_id_fk` FOREIGN KEY (`components_sections_summary_id`) REFERENCES `components_sections_summaries` (`id`) ON DELETE CASCADE
) ENGINE=InnoDB AUTO_INCREMENT=114 DEFAULT CHARSET=utf8;
/*!40101 SET character_set_client = @saved_cs_client */;

--
-- Dumping data for table `components_sections_summaries_components`
--

LOCK TABLES `components_sections_summaries_components` WRITE;
/*!40000 ALTER TABLE `components_sections_summaries_components` DISABLE KEYS */;
INSERT INTO `components_sections_summaries_components` VALUES (1,'summaryInfo',1,'components_slices_feature_columns',13,1),(2,'summaryInfo',1,'components_slices_feature_columns',14,2),(3,'summaryLink',1,'components_links_links',40,2),(13,'summaryInfo',1,'components_slices_feature_columns',46,9),(14,'summaryLink',1,'components_links_links',65,9),(15,'summaryInfo',1,'components_slices_feature_columns',48,10),(16,'summaryInfo',1,'components_slices_feature_columns',53,11),(17,'summaryLink',1,'components_links_links',72,11),(18,'summaryInfo',1,'components_slices_feature_columns',54,12),(19,'summaryLink',1,'components_links_links',73,12),(20,'summaryInfo',1,'components_slices_feature_columns',55,13),(21,'summaryLink',1,'components_links_links',74,13),(22,'summaryInfo',1,'components_slices_feature_columns',56,14),(23,'summaryLink',1,'components_links_links',75,14),(24,'summaryInfo',1,'components_slices_feature_columns',57,15),(25,'summaryLink',1,'components_links_links',76,15),(26,'summaryInfo',1,'components_slices_feature_columns',58,16),(27,'summaryLink',1,'components_links_links',77,16),(28,'summaryInfo',1,'components_slices_feature_columns',59,17),(29,'summaryLink',1,'components_links_links',78,17),(30,'summaryInfo',1,'components_slices_feature_columns',60,18),(31,'summaryLink',1,'components_links_links',79,18),(32,'summaryInfo',1,'components_slices_feature_columns',61,19),(33,'summaryLink',1,'components_links_links',80,19),(34,'summaryInfo',1,'components_slices_feature_columns',62,20),(35,'summaryLink',1,'components_links_links',81,20),(36,'summaryInfo',1,'components_slices_feature_columns',63,21),(37,'summaryLink',1,'components_links_links',82,21),(38,'summaryInfo',1,'components_slices_feature_columns',64,22),(39,'summaryLink',1,'components_links_links',83,22),(46,'summaryInfo',1,'components_slices_feature_columns',83,27),(47,'summaryLink',1,'components_links_links',101,27),(48,'summaryInfo',1,'components_slices_feature_columns',84,28),(49,'summaryLink',1,'components_links_links',102,28),(50,'summaryInfo',1,'components_slices_feature_columns',85,29),(51,'summaryLink',1,'components_links_links',103,29),(52,'summaryInfo',1,'components_slices_feature_columns',86,30),(53,'summaryLink',1,'components_links_links',104,30),(54,'summaryInfo',1,'components_slices_feature_columns',87,31),(55,'summaryLink',1,'components_links_links',105,31),(56,'summaryInfo',1,'components_slices_feature_columns',88,32),(57,'summaryLink',1,'components_links_links',106,32),(58,'summaryInfo',1,'components_slices_feature_columns',89,33),(59,'summaryInfo',1,'components_slices_feature_columns',90,34),(60,'summaryInfo',1,'components_slices_feature_columns',91,35),(61,'summaryInfo',1,'components_slices_feature_columns',92,36),(62,'summaryInfo',1,'components_slices_feature_columns',93,37),(63,'summaryInfo',1,'components_slices_feature_columns',94,38),(64,'summaryInfo',1,'components_slices_feature_columns',95,39),(65,'summaryInfo',1,'components_slices_feature_columns',96,40),(66,'summaryLink',1,'components_links_links',110,38),(67,'summaryLink',1,'components_links_links',111,40),(68,'summaryLink',1,'components_links_links',112,36),(69,'summaryLink',1,'components_links_links',113,34),(82,'summaryInfo',1,'components_slices_feature_columns',115,49),(83,'summaryLink',1,'components_links_links',130,49),(102,'summaryInfo',1,'components_slices_feature_columns',130,59),(103,'summaryLink',1,'components_links_links',147,59),(104,'summaryInfo',1,'components_slices_feature_columns',131,60),(105,'summaryLink',1,'components_links_links',148,60),(106,'summaryInfo',1,'components_slices_feature_columns',132,61),(107,'summaryLink',1,'components_links_links',149,61),(112,'summaryInfo',1,'components_slices_feature_columns',135,64),(113,'summaryLink',1,'components_links_links',152,64);
/*!40000 ALTER TABLE `components_sections_summaries_components` ENABLE KEYS */;
UNLOCK TABLES;

--
-- Table structure for table `components_sections_suscription_forms`
--

DROP TABLE IF EXISTS `components_sections_suscription_forms`;
/*!40101 SET @saved_cs_client     = @@character_set_client */;
/*!40101 SET character_set_client = utf8 */;
CREATE TABLE `components_sections_suscription_forms` (
  `id` int(10) unsigned NOT NULL AUTO_INCREMENT,
  `idContentType` varchar(255) DEFAULT NULL,
  `description` longtext,
  PRIMARY KEY (`id`),
  UNIQUE KEY `components_sections_suscription_forms_idcontenttype_unique` (`idContentType`)
) ENGINE=InnoDB DEFAULT CHARSET=utf8;
/*!40101 SET character_set_client = @saved_cs_client */;

--
-- Dumping data for table `components_sections_suscription_forms`
--

LOCK TABLES `components_sections_suscription_forms` WRITE;
/*!40000 ALTER TABLE `components_sections_suscription_forms` DISABLE KEYS */;
/*!40000 ALTER TABLE `components_sections_suscription_forms` ENABLE KEYS */;
UNLOCK TABLES;

--
-- Table structure for table `components_sections_suscription_forms_components`
--

DROP TABLE IF EXISTS `components_sections_suscription_forms_components`;
/*!40101 SET @saved_cs_client     = @@character_set_client */;
/*!40101 SET character_set_client = utf8 */;
CREATE TABLE `components_sections_suscription_forms_components` (
  `id` int(10) unsigned NOT NULL AUTO_INCREMENT,
  `field` varchar(255) NOT NULL,
  `order` int(10) unsigned NOT NULL,
  `component_type` varchar(255) NOT NULL,
  `component_id` int(11) NOT NULL,
  `components_sections_suscription_form_id` int(10) unsigned NOT NULL,
  PRIMARY KEY (`id`),
  KEY `components_sections_suscription_form_id_fk` (`components_sections_suscription_form_id`),
  CONSTRAINT `components_sections_suscription_form_id_fk` FOREIGN KEY (`components_sections_suscription_form_id`) REFERENCES `components_sections_suscription_forms` (`id`) ON DELETE CASCADE
) ENGINE=InnoDB DEFAULT CHARSET=utf8;
/*!40101 SET character_set_client = @saved_cs_client */;

--
-- Dumping data for table `components_sections_suscription_forms_components`
--

LOCK TABLES `components_sections_suscription_forms_components` WRITE;
/*!40000 ALTER TABLE `components_sections_suscription_forms_components` DISABLE KEYS */;
/*!40000 ALTER TABLE `components_sections_suscription_forms_components` ENABLE KEYS */;
UNLOCK TABLES;

--
-- Table structure for table `components_sections_time_sections`
--

DROP TABLE IF EXISTS `components_sections_time_sections`;
/*!40101 SET @saved_cs_client     = @@character_set_client */;
/*!40101 SET character_set_client = utf8 */;
CREATE TABLE `components_sections_time_sections` (
  `id` int(10) unsigned NOT NULL AUTO_INCREMENT,
  `title` varchar(255) DEFAULT NULL,
  `subtitle` varchar(255) DEFAULT NULL,
  `IdContentType` varchar(255) DEFAULT NULL,
  PRIMARY KEY (`id`),
  UNIQUE KEY `components_sections_time_sections_IdContentType_unique` (`IdContentType`)
) ENGINE=InnoDB DEFAULT CHARSET=utf8;
/*!40101 SET character_set_client = @saved_cs_client */;

--
-- Dumping data for table `components_sections_time_sections`
--

LOCK TABLES `components_sections_time_sections` WRITE;
/*!40000 ALTER TABLE `components_sections_time_sections` DISABLE KEYS */;
/*!40000 ALTER TABLE `components_sections_time_sections` ENABLE KEYS */;
UNLOCK TABLES;

--
-- Table structure for table `components_sections_time_sections_components`
--

DROP TABLE IF EXISTS `components_sections_time_sections_components`;
/*!40101 SET @saved_cs_client     = @@character_set_client */;
/*!40101 SET character_set_client = utf8 */;
CREATE TABLE `components_sections_time_sections_components` (
  `id` int(10) unsigned NOT NULL AUTO_INCREMENT,
  `field` varchar(255) NOT NULL,
  `order` int(10) unsigned NOT NULL,
  `component_type` varchar(255) NOT NULL,
  `component_id` int(11) NOT NULL,
  `components_sections_time_section_id` int(10) unsigned NOT NULL,
  PRIMARY KEY (`id`),
  KEY `components_sections_time_section_id_fk` (`components_sections_time_section_id`),
  CONSTRAINT `components_sections_time_section_id_fk` FOREIGN KEY (`components_sections_time_section_id`) REFERENCES `components_sections_time_sections` (`id`) ON DELETE CASCADE
) ENGINE=InnoDB DEFAULT CHARSET=utf8;
/*!40101 SET character_set_client = @saved_cs_client */;

--
-- Dumping data for table `components_sections_time_sections_components`
--

LOCK TABLES `components_sections_time_sections_components` WRITE;
/*!40000 ALTER TABLE `components_sections_time_sections_components` DISABLE KEYS */;
/*!40000 ALTER TABLE `components_sections_time_sections_components` ENABLE KEYS */;
UNLOCK TABLES;

--
-- Table structure for table `components_sections_title_sections`
--

DROP TABLE IF EXISTS `components_sections_title_sections`;
/*!40101 SET @saved_cs_client     = @@character_set_client */;
/*!40101 SET character_set_client = utf8 */;
CREATE TABLE `components_sections_title_sections` (
  `id` int(10) unsigned NOT NULL AUTO_INCREMENT,
  `title` varchar(255) DEFAULT NULL,
  `subtitle` longtext,
  `idContentType` varchar(255) DEFAULT NULL,
  PRIMARY KEY (`id`),
  UNIQUE KEY `components_sections_title_sections_idContentType_unique` (`idContentType`)
) ENGINE=InnoDB AUTO_INCREMENT=24 DEFAULT CHARSET=utf8;
/*!40101 SET character_set_client = @saved_cs_client */;

--
-- Dumping data for table `components_sections_title_sections`
--

LOCK TABLES `components_sections_title_sections` WRITE;
/*!40000 ALTER TABLE `components_sections_title_sections` DISABLE KEYS */;
INSERT INTO `components_sections_title_sections` VALUES (21,'¿Cómo funciona?',NULL,NULL),(22,'Nuestras experiencias','',NULL),(23,'Novedades','Conoce todas las novedades sobre tecnología, APIs y transformación digital',NULL);
/*!40000 ALTER TABLE `components_sections_title_sections` ENABLE KEYS */;
UNLOCK TABLES;

--
-- Table structure for table `components_slices_bottom_actions`
--

DROP TABLE IF EXISTS `components_slices_bottom_actions`;
/*!40101 SET @saved_cs_client     = @@character_set_client */;
/*!40101 SET character_set_client = utf8 */;
CREATE TABLE `components_slices_bottom_actions` (
  `id` int(10) unsigned NOT NULL AUTO_INCREMENT,
  `title` varchar(255) DEFAULT NULL,
  `keyword` varchar(255) DEFAULT NULL,
  PRIMARY KEY (`id`)
) ENGINE=InnoDB DEFAULT CHARSET=utf8;
/*!40101 SET character_set_client = @saved_cs_client */;

--
-- Dumping data for table `components_slices_bottom_actions`
--

LOCK TABLES `components_slices_bottom_actions` WRITE;
/*!40000 ALTER TABLE `components_slices_bottom_actions` DISABLE KEYS */;
/*!40000 ALTER TABLE `components_slices_bottom_actions` ENABLE KEYS */;
UNLOCK TABLES;

--
-- Table structure for table `components_slices_bottom_actions_components`
--

DROP TABLE IF EXISTS `components_slices_bottom_actions_components`;
/*!40101 SET @saved_cs_client     = @@character_set_client */;
/*!40101 SET character_set_client = utf8 */;
CREATE TABLE `components_slices_bottom_actions_components` (
  `id` int(10) unsigned NOT NULL AUTO_INCREMENT,
  `field` varchar(255) NOT NULL,
  `order` int(10) unsigned NOT NULL,
  `component_type` varchar(255) NOT NULL,
  `component_id` int(11) NOT NULL,
  `components_slices_bottom_action_id` int(10) unsigned NOT NULL,
  PRIMARY KEY (`id`),
  KEY `components_slices_bottom_action_id_fk` (`components_slices_bottom_action_id`),
  CONSTRAINT `components_slices_bottom_action_id_fk` FOREIGN KEY (`components_slices_bottom_action_id`) REFERENCES `components_slices_bottom_actions` (`id`) ON DELETE CASCADE
) ENGINE=InnoDB DEFAULT CHARSET=utf8;
/*!40101 SET character_set_client = @saved_cs_client */;

--
-- Dumping data for table `components_slices_bottom_actions_components`
--

LOCK TABLES `components_slices_bottom_actions_components` WRITE;
/*!40000 ALTER TABLE `components_slices_bottom_actions_components` DISABLE KEYS */;
/*!40000 ALTER TABLE `components_slices_bottom_actions_components` ENABLE KEYS */;
UNLOCK TABLES;

--
-- Table structure for table `components_slices_feature_columns`
--

DROP TABLE IF EXISTS `components_slices_feature_columns`;
/*!40101 SET @saved_cs_client     = @@character_set_client */;
/*!40101 SET character_set_client = utf8 */;
CREATE TABLE `components_slices_feature_columns` (
  `id` int(10) unsigned NOT NULL AUTO_INCREMENT,
  `title` varchar(255) DEFAULT NULL,
  `description` longtext,
  `keyword` varchar(255) DEFAULT NULL,
  `idContentType` varchar(255) DEFAULT NULL,
  `position` varchar(255) DEFAULT NULL,
  PRIMARY KEY (`id`),
  UNIQUE KEY `components_slices_feature_columns_idcontenttype_unique` (`idContentType`)
) ENGINE=InnoDB AUTO_INCREMENT=136 DEFAULT CHARSET=utf8;
/*!40101 SET character_set_client = @saved_cs_client */;

--
-- Dumping data for table `components_slices_feature_columns`
--

LOCK TABLES `components_slices_feature_columns` WRITE;
/*!40000 ALTER TABLE `components_slices_feature_columns` DISABLE KEYS */;
INSERT INTO `components_slices_feature_columns` VALUES (7,'Donec pharetra massa','',NULL,NULL,NULL),(8,'Donec pharetra massa',NULL,NULL,NULL,NULL),(9,'Donec pharetra massa',NULL,NULL,NULL,NULL),(10,'Donec pharetra massa',NULL,NULL,NULL,NULL),(11,'Donec pharetra massa',NULL,NULL,NULL,NULL),(12,'Soluci├│n para ','Nulla ornare lacus dignissim, dapibus erat sed, eleifend erat. Curabitur vestibulum rhoncus ipsum, ullamcorper.',' Banca',NULL,NULL),(13,'Soluci├│n para ','yuuNulla ornare lacus dignissim, dapibus erat sed, eleifend erat. Curabitur vestibulum rhoncus ipsum, ullamcorper.','Brokers',NULL,NULL),(14,'Soluciones para ','YeiNulla ornare lacus dignissim, dapibus erat sed, eleifend erat. Curabitur vestibulum rhoncus ipsum, ullamcorper rhoncus sapien convallis vel. Sed massa tellus, tincidunt ac elementum vitae, tempor sed leo sed massa tellus.gggg','Brokers',NULL,NULL),(46,'Soluciones para ','yeuNulla ornare lacus dignissim, dapibus erat sed, eleifend erat. Curabitur vestibulum rhoncus ipsum, ullamcorper rhoncus sapien convallis vel. Sed massa tellus, tincidunt ac elementum vitae, tempor sed leo sed massa tellusX.','Banca',NULL,NULL),(47,'Donec pharetra massa',NULL,NULL,NULL,NULL),(48,'Soluci├│n para ','banNulla ornare lacus dignissim, dapibus erat sed, eleifend erat. Curabitur vestibulum rhoncus ipsum, ullamcorper.','Banca',NULL,NULL),(49,'Donec pharetra massa',NULL,NULL,NULL,NULL),(50,'Donec pharetra massa',NULL,NULL,NULL,NULL),(51,'Donec pharetra massa',NULL,NULL,NULL,NULL),(52,'Donec pharetra massa',NULL,NULL,NULL,NULL),(53,'┬┐C├│mo empezar a utilizar las ','Sed massa tellus, tincidunt ac elementum vitas.','APIs Rimac Peru?',NULL,NULL),(54,'Documentaci├│n de las APIs','Sed massa tellus, tincidunt ac elementum vitas.',NULL,NULL,NULL),(55,'Documentaci├│n de las soluciones','Sed massa tellus, tincidunt ac elementum vitae.',NULL,NULL,NULL),(56,'┬┐C├│mo hacer llamadas a las APIs?','Sed massa tellus, tincidunt ac elementum vitas.',NULL,NULL,NULL),(57,'Primeros pasos','Sed massa tellus, tincidunt ac elementum vitae.',NULL,NULL,NULL),(58,'Autentificaci├│n','Sed massa tellus, tincidunt ac elementum vitas.',NULL,NULL,NULL),(59,'Empieza a utilizar las APIs Rimac','Sed massa tellus, tincidunt ac elementum vitas.',NULL,NULL,NULL),(60,'Primeros pasos','>',NULL,NULL,NULL),(61,'Primeros pasos','>',NULL,NULL,NULL),(62,'Primeros pasos','>',NULL,NULL,NULL),(63,'Primeros pasos','>',NULL,NULL,NULL),(64,'C├│mo llamar a una API con Postman II','Sed massa tellus, tincidunt ac elementum vitas.',NULL,NULL,NULL),(83,'C├│mo llamar a una ','Sed massa tellus, tincidunt ac elementum vitas.','API con Postman x55',NULL,NULL),(84,'C├│mo utilizar el ','Sed massa tellus, tincidunt ac elementum vitas.','Sandbox',NULL,NULL),(85,'┬┐Qu├® es Serverless?',NULL,NULL,NULL,NULL),(86,'DDD como filosof├¡a de empresa.','Tendencias Insurtech en el sector de seguros.\nTendencias Insurtech en el sector de seguros.',NULL,NULL,NULL),(87,'Tendencias Insurtech en el sector de seguros.','Tendencias Insurtech en el sector de seguros.\nTendencias Insurtech en el sector de seguros.',NULL,NULL,NULL),(88,'Conoce nuestras APIs de auto flexible.','Conoce nuestras APIs de auto flexible.\nConoce nuestras APIs de auto flexible.',NULL,NULL,NULL),(89,'Soluci├│n para ','SIPornare lacus dignissim. Sed massa tellus, tincidunt ac elementum vitae, tempor sed leo sed massa tellus.','Telco',NULL,NULL),(90,'Soluciones para ','telcoaornare lacus dignissim. Sed massa tellus, tincidunt ac elementum vitae, tempor sed leo sed massa tellus.','Telco',NULL,NULL),(91,'Soluci├│n para ','rebanNulla ornare lacus dignissim, dapibus erat sed, eleifend erat. Curabitur vestibulum rhoncus ipsum, ullamcorper.','Retail',NULL,NULL),(92,'Soluciones para ','yeuNulla ornare lacus dignissim, dapibus erat sed, eleifend erat. Curabitur vestibulum rhoncus ipsum, ullamcorper rhoncus sapien convallis vel. Sed massa tellus, tincidunt ac elementum vitae, tempor sed leo sed massa tellusX.','Retail',NULL,NULL),(93,'Soluci├│n para ','embanNulla ornare lacus dignissim, dapibus erat sed, eleifend erat. Curabitur vestibulum rhoncus ipsum, ullamcorper.','Empresas',NULL,NULL),(94,'Soluciones para ','empresaseuNulla ornare lacus dignissim, dapibus erat sed, eleifend erat. Curabitur vestibulum rhoncus ipsum, ullamcorper rhoncus sapien convallis vel. Sed massa tellus, tincidunt ac elementum vitae, tempor sed leo sed massa tellusX.','Empresas',NULL,NULL),(95,'Soluci├│n para ','flotabanNulla ornare lacus dignissim, dapibus erat sed, eleifend erat. Curabitur vestibulum rhoncus ipsum, ullamcorper.','Flotas',NULL,NULL),(96,'Soluciones para ','plNulla ornare lacus dignissim, dapibus erat sed, eleifend erat. Curabitur vestibulum rhoncus ipsum, ullamcorper rhoncus sapien convallis vel. Sed massa tellus, tincidunt ac elementum vitae, tempor sed leo sed massa tellusX.','Flotas',NULL,NULL),(115,'API Owner',NULL,NULL,NULL,NULL),(130,'API Owner',NULL,NULL,NULL,NULL),(131,'Conoce nuestras APIs de auto flexible.','Conoce nuestras APIs de auto flexible.\nConoce nuestras APIs de auto flexible.',NULL,NULL,NULL),(132,'Conoce nuestras APIs de auto flexible.','Conoce nuestras APIs de auto flexible.\nConoce nuestras APIs de auto flexible.',NULL,NULL,NULL),(135,'┬┐Qu├® es Serverless?',NULL,NULL,NULL,NULL);
/*!40000 ALTER TABLE `components_slices_feature_columns` ENABLE KEYS */;
UNLOCK TABLES;

--
-- Table structure for table `components_slices_feature_columns_groups`
--

DROP TABLE IF EXISTS `components_slices_feature_columns_groups`;
/*!40101 SET @saved_cs_client     = @@character_set_client */;
/*!40101 SET character_set_client = utf8 */;
CREATE TABLE `components_slices_feature_columns_groups` (
  `id` int(10) unsigned NOT NULL AUTO_INCREMENT,
  `title` varchar(255) DEFAULT NULL,
  `description` longtext,
  `keyword` varchar(255) DEFAULT NULL,
  `idContentType` varchar(255) DEFAULT NULL,
  PRIMARY KEY (`id`),
  UNIQUE KEY `components_slices_feature_columns_groups_idcontenttype_unique` (`idContentType`)
) ENGINE=InnoDB AUTO_INCREMENT=10 DEFAULT CHARSET=utf8;
/*!40101 SET character_set_client = @saved_cs_client */;

--
-- Dumping data for table `components_slices_feature_columns_groups`
--

LOCK TABLES `components_slices_feature_columns_groups` WRITE;
/*!40000 ALTER TABLE `components_slices_feature_columns_groups` DISABLE KEYS */;
INSERT INTO `components_slices_feature_columns_groups` VALUES (3,'Caracter├¡sticas  principales','','',NULL),(9,'Caracter├¡sticas  principales',NULL,NULL,NULL);
/*!40000 ALTER TABLE `components_slices_feature_columns_groups` ENABLE KEYS */;
UNLOCK TABLES;

--
-- Table structure for table `components_slices_feature_columns_groups_components`
--

DROP TABLE IF EXISTS `components_slices_feature_columns_groups_components`;
/*!40101 SET @saved_cs_client     = @@character_set_client */;
/*!40101 SET character_set_client = utf8 */;
CREATE TABLE `components_slices_feature_columns_groups_components` (
  `id` int(10) unsigned NOT NULL AUTO_INCREMENT,
  `field` varchar(255) NOT NULL,
  `order` int(10) unsigned NOT NULL,
  `component_type` varchar(255) NOT NULL,
  `component_id` int(11) NOT NULL,
  `components_slices_feature_columns_group_id` int(10) unsigned NOT NULL,
  PRIMARY KEY (`id`),
  KEY `components_slices_feature_columns_group_id_fk` (`components_slices_feature_columns_group_id`),
  CONSTRAINT `components_slices_feature_columns_group_id_fk` FOREIGN KEY (`components_slices_feature_columns_group_id`) REFERENCES `components_slices_feature_columns_groups` (`id`) ON DELETE CASCADE
) ENGINE=InnoDB AUTO_INCREMENT=67 DEFAULT CHARSET=utf8;
/*!40101 SET character_set_client = @saved_cs_client */;

--
-- Dumping data for table `components_slices_feature_columns_groups_components`
--

LOCK TABLES `components_slices_feature_columns_groups_components` WRITE;
/*!40000 ALTER TABLE `components_slices_feature_columns_groups_components` DISABLE KEYS */;
INSERT INTO `components_slices_feature_columns_groups_components` VALUES (7,'features',1,'components_slices_feature_columns',7,3),(8,'features',2,'components_slices_feature_columns',8,3),(9,'features',3,'components_slices_feature_columns',9,3),(10,'features',4,'components_slices_feature_columns',10,3),(11,'features',5,'components_slices_feature_columns',11,3),(39,'features',1,'components_slices_feature_columns',47,9),(40,'mainHero',1,'components_elements_main_heroes',18,9),(41,'features',2,'components_slices_feature_columns',49,9),(42,'features',3,'components_slices_feature_columns',50,9),(43,'features',4,'components_slices_feature_columns',51,9),(44,'features',5,'components_slices_feature_columns',52,9),(66,'mainHero',1,'components_elements_main_heroes',218,3);
/*!40000 ALTER TABLE `components_slices_feature_columns_groups_components` ENABLE KEYS */;
UNLOCK TABLES;

--
-- Table structure for table `components_slices_feature_rows`
--

DROP TABLE IF EXISTS `components_slices_feature_rows`;
/*!40101 SET @saved_cs_client     = @@character_set_client */;
/*!40101 SET character_set_client = utf8 */;
CREATE TABLE `components_slices_feature_rows` (
  `id` int(10) unsigned NOT NULL AUTO_INCREMENT,
  `title` varchar(255) DEFAULT NULL,
  `description` longtext,
  `idContentType` varchar(255) DEFAULT NULL,
  `position` varchar(255) DEFAULT NULL,
  PRIMARY KEY (`id`),
  UNIQUE KEY `components_slices_feature_rows_idcontenttype_unique` (`idContentType`)
) ENGINE=InnoDB AUTO_INCREMENT=37 DEFAULT CHARSET=utf8;
/*!40101 SET character_set_client = @saved_cs_client */;

--
-- Dumping data for table `components_slices_feature_rows`
--

LOCK TABLES `components_slices_feature_rows` WRITE;
/*!40000 ALTER TABLE `components_slices_feature_rows` DISABLE KEYS */;
INSERT INTO `components_slices_feature_rows` VALUES (6,'Autos','Sed massa tellus, tincidunt ac elementum vitae, tempor tellus.',NULL,NULL),(7,'Vida','Sed massa tellus, tincidunt ac elementum vitae, tempor tellus.',NULL,NULL),(8,'Salud colectiva','Sed massa tellus, tincidunt ac elementum vitae, tempor tellus.',NULL,NULL),(9,'Vehicular flexible','Sed massa tellus, tincidunt ac elementum vitae, tempor tellus.',NULL,NULL),(10,'Siniestro vehicular','Sed massa tellus, tincidunt ac elementum vitae, tempor tellus.',NULL,NULL),(11,'Riesgos generales','Sed massa tellus, tincidunt ac elementum vitae, tempor tellus.',NULL,NULL),(31,'Autos','Sed massa tellus, tincidunt ac elementum vitae, tempor tellus.',NULL,NULL),(32,'Vida','Sed massa tellus, tincidunt ac elementum vitae, tempor tellus.',NULL,NULL),(33,'Salud colectiva','Sed massa tellus, tincidunt ac elementum vitae, tempor tellus.',NULL,NULL),(34,'Vehicular flexible','Sed massa tellus, tincidunt ac elementum vitae, tempor tellus.',NULL,NULL),(35,'Siniestro vehicular','Sed massa tellus, tincidunt ac elementum vitae, tempor tellus.',NULL,NULL),(36,'Riesgos generales','Sed massa tellus, tincidunt ac elementum vitae, tempor tellus.',NULL,NULL);
/*!40000 ALTER TABLE `components_slices_feature_rows` ENABLE KEYS */;
UNLOCK TABLES;

--
-- Table structure for table `components_slices_feature_rows_components`
--

DROP TABLE IF EXISTS `components_slices_feature_rows_components`;
/*!40101 SET @saved_cs_client     = @@character_set_client */;
/*!40101 SET character_set_client = utf8 */;
CREATE TABLE `components_slices_feature_rows_components` (
  `id` int(10) unsigned NOT NULL AUTO_INCREMENT,
  `field` varchar(255) NOT NULL,
  `order` int(10) unsigned NOT NULL,
  `component_type` varchar(255) NOT NULL,
  `component_id` int(11) NOT NULL,
  `components_slices_feature_row_id` int(10) unsigned NOT NULL,
  PRIMARY KEY (`id`),
  KEY `components_slices_feature_row_id_fk` (`components_slices_feature_row_id`),
  CONSTRAINT `components_slices_feature_row_id_fk` FOREIGN KEY (`components_slices_feature_row_id`) REFERENCES `components_slices_feature_rows` (`id`) ON DELETE CASCADE
) ENGINE=InnoDB AUTO_INCREMENT=36 DEFAULT CHARSET=utf8;
/*!40101 SET character_set_client = @saved_cs_client */;

--
-- Dumping data for table `components_slices_feature_rows_components`
--

LOCK TABLES `components_slices_feature_rows_components` WRITE;
/*!40000 ALTER TABLE `components_slices_feature_rows_components` DISABLE KEYS */;
INSERT INTO `components_slices_feature_rows_components` VALUES (5,'link',1,'components_links_links',34,6),(6,'link',1,'components_links_links',35,7),(7,'link',1,'components_links_links',36,8),(8,'link',1,'components_links_links',37,9),(9,'link',1,'components_links_links',38,10),(10,'link',1,'components_links_links',39,11),(30,'link',1,'components_links_links',66,31),(31,'link',1,'components_links_links',67,32),(32,'link',1,'components_links_links',68,33),(33,'link',1,'components_links_links',69,34),(34,'link',1,'components_links_links',70,35),(35,'link',1,'components_links_links',71,36);
/*!40000 ALTER TABLE `components_slices_feature_rows_components` ENABLE KEYS */;
UNLOCK TABLES;

--
-- Table structure for table `components_slices_feature_rows_groups`
--

DROP TABLE IF EXISTS `components_slices_feature_rows_groups`;
/*!40101 SET @saved_cs_client     = @@character_set_client */;
/*!40101 SET character_set_client = utf8 */;
CREATE TABLE `components_slices_feature_rows_groups` (
  `id` int(10) unsigned NOT NULL AUTO_INCREMENT,
  `title` varchar(255) DEFAULT NULL,
  `description` longtext,
  `keyword` varchar(255) DEFAULT NULL,
  `idContentType` varchar(255) DEFAULT NULL,
  PRIMARY KEY (`id`),
  UNIQUE KEY `components_slices_feature_rows_groups_idcontenttype_unique` (`idContentType`)
) ENGINE=InnoDB AUTO_INCREMENT=9 DEFAULT CHARSET=utf8;
/*!40101 SET character_set_client = @saved_cs_client */;

--
-- Dumping data for table `components_slices_feature_rows_groups`
--

LOCK TABLES `components_slices_feature_rows_groups` WRITE;
/*!40000 ALTER TABLE `components_slices_feature_rows_groups` DISABLE KEYS */;
INSERT INTO `components_slices_feature_rows_groups` VALUES (3,'APIStore','',NULL,NULL),(8,'APIStore',NULL,NULL,NULL);
/*!40000 ALTER TABLE `components_slices_feature_rows_groups` ENABLE KEYS */;
UNLOCK TABLES;

--
-- Table structure for table `components_slices_feature_rows_groups_components`
--

DROP TABLE IF EXISTS `components_slices_feature_rows_groups_components`;
/*!40101 SET @saved_cs_client     = @@character_set_client */;
/*!40101 SET character_set_client = utf8 */;
CREATE TABLE `components_slices_feature_rows_groups_components` (
  `id` int(10) unsigned NOT NULL AUTO_INCREMENT,
  `field` varchar(255) NOT NULL,
  `order` int(10) unsigned NOT NULL,
  `component_type` varchar(255) NOT NULL,
  `component_id` int(11) NOT NULL,
  `components_slices_feature_rows_group_id` int(10) unsigned NOT NULL,
  PRIMARY KEY (`id`),
  KEY `components_slices_feature_rows_group_id_fk` (`components_slices_feature_rows_group_id`),
  CONSTRAINT `components_slices_feature_rows_group_id_fk` FOREIGN KEY (`components_slices_feature_rows_group_id`) REFERENCES `components_slices_feature_rows_groups` (`id`) ON DELETE CASCADE
) ENGINE=InnoDB AUTO_INCREMENT=43 DEFAULT CHARSET=utf8;
/*!40101 SET character_set_client = @saved_cs_client */;

--
-- Dumping data for table `components_slices_feature_rows_groups_components`
--

LOCK TABLES `components_slices_feature_rows_groups_components` WRITE;
/*!40000 ALTER TABLE `components_slices_feature_rows_groups_components` DISABLE KEYS */;
INSERT INTO `components_slices_feature_rows_groups_components` VALUES (6,'features',1,'components_slices_feature_rows',6,3),(7,'features',2,'components_slices_feature_rows',7,3),(8,'features',3,'components_slices_feature_rows',8,3),(9,'features',4,'components_slices_feature_rows',9,3),(10,'features',5,'components_slices_feature_rows',10,3),(11,'features',6,'components_slices_feature_rows',11,3),(14,'mainHero',1,'components_elements_main_heroes',10,3),(15,'button',1,'components_links_buttons',16,3),(35,'features',1,'components_slices_feature_rows',31,8),(36,'features',2,'components_slices_feature_rows',32,8),(37,'features',3,'components_slices_feature_rows',33,8),(38,'features',4,'components_slices_feature_rows',34,8),(39,'features',5,'components_slices_feature_rows',35,8),(40,'features',6,'components_slices_feature_rows',36,8),(41,'mainHero',1,'components_elements_main_heroes',19,8),(42,'button',1,'components_links_buttons',24,8);
/*!40000 ALTER TABLE `components_slices_feature_rows_groups_components` ENABLE KEYS */;
UNLOCK TABLES;

--
-- Table structure for table `components_slices_heroes`
--

DROP TABLE IF EXISTS `components_slices_heroes`;
/*!40101 SET @saved_cs_client     = @@character_set_client */;
/*!40101 SET character_set_client = utf8 */;
CREATE TABLE `components_slices_heroes` (
  `id` int(10) unsigned NOT NULL AUTO_INCREMENT,
  `title` varchar(255) DEFAULT NULL,
  `label` varchar(255) DEFAULT NULL,
  `description` longtext,
  `smallTextWithLink` longtext,
  `hmtl` longtext,
  `keyword` varchar(255) DEFAULT NULL,
  `idContentType` varchar(255) DEFAULT NULL,
  PRIMARY KEY (`id`),
  UNIQUE KEY `components_slices_heroes_idcontenttype_unique` (`idContentType`)
) ENGINE=InnoDB DEFAULT CHARSET=utf8;
/*!40101 SET character_set_client = @saved_cs_client */;

--
-- Dumping data for table `components_slices_heroes`
--

LOCK TABLES `components_slices_heroes` WRITE;
/*!40000 ALTER TABLE `components_slices_heroes` DISABLE KEYS */;
/*!40000 ALTER TABLE `components_slices_heroes` ENABLE KEYS */;
UNLOCK TABLES;

--
-- Table structure for table `components_slices_heroes_components`
--

DROP TABLE IF EXISTS `components_slices_heroes_components`;
/*!40101 SET @saved_cs_client     = @@character_set_client */;
/*!40101 SET character_set_client = utf8 */;
CREATE TABLE `components_slices_heroes_components` (
  `id` int(10) unsigned NOT NULL AUTO_INCREMENT,
  `field` varchar(255) NOT NULL,
  `order` int(10) unsigned NOT NULL,
  `component_type` varchar(255) NOT NULL,
  `component_id` int(11) NOT NULL,
  `components_slices_hero_id` int(10) unsigned NOT NULL,
  PRIMARY KEY (`id`),
  KEY `components_slices_hero_id_fk` (`components_slices_hero_id`),
  CONSTRAINT `components_slices_hero_id_fk` FOREIGN KEY (`components_slices_hero_id`) REFERENCES `components_slices_heroes` (`id`) ON DELETE CASCADE
) ENGINE=InnoDB DEFAULT CHARSET=utf8;
/*!40101 SET character_set_client = @saved_cs_client */;

--
-- Dumping data for table `components_slices_heroes_components`
--

LOCK TABLES `components_slices_heroes_components` WRITE;
/*!40000 ALTER TABLE `components_slices_heroes_components` DISABLE KEYS */;
/*!40000 ALTER TABLE `components_slices_heroes_components` ENABLE KEYS */;
UNLOCK TABLES;

--
-- Table structure for table `components_slices_large_videos`
--

DROP TABLE IF EXISTS `components_slices_large_videos`;
/*!40101 SET @saved_cs_client     = @@character_set_client */;
/*!40101 SET character_set_client = utf8 */;
CREATE TABLE `components_slices_large_videos` (
  `id` int(10) unsigned NOT NULL AUTO_INCREMENT,
  `title` varchar(255) DEFAULT NULL,
  `description` varchar(255) DEFAULT NULL,
  PRIMARY KEY (`id`)
) ENGINE=InnoDB DEFAULT CHARSET=utf8;
/*!40101 SET character_set_client = @saved_cs_client */;

--
-- Dumping data for table `components_slices_large_videos`
--

LOCK TABLES `components_slices_large_videos` WRITE;
/*!40000 ALTER TABLE `components_slices_large_videos` DISABLE KEYS */;
/*!40000 ALTER TABLE `components_slices_large_videos` ENABLE KEYS */;
UNLOCK TABLES;

--
-- Table structure for table `components_slices_testimonials`
--

DROP TABLE IF EXISTS `components_slices_testimonials`;
/*!40101 SET @saved_cs_client     = @@character_set_client */;
/*!40101 SET character_set_client = utf8 */;
CREATE TABLE `components_slices_testimonials` (
  `id` int(10) unsigned NOT NULL AUTO_INCREMENT,
  `text` longtext,
  `authorName` varchar(255) DEFAULT NULL,
  `authorTitle` varchar(255) DEFAULT NULL,
  `link` varchar(255) DEFAULT NULL,
  `title` varchar(255) DEFAULT NULL,
  `description` longtext,
  `keyword` varchar(255) DEFAULT NULL,
  `idContentType` varchar(255) DEFAULT NULL,
  PRIMARY KEY (`id`),
  UNIQUE KEY `components_slices_testimonials_idcontenttype_unique` (`idContentType`)
) ENGINE=InnoDB DEFAULT CHARSET=utf8;
/*!40101 SET character_set_client = @saved_cs_client */;

--
-- Dumping data for table `components_slices_testimonials`
--

LOCK TABLES `components_slices_testimonials` WRITE;
/*!40000 ALTER TABLE `components_slices_testimonials` DISABLE KEYS */;
/*!40000 ALTER TABLE `components_slices_testimonials` ENABLE KEYS */;
UNLOCK TABLES;

--
-- Table structure for table `components_slices_testimonials_components`
--

DROP TABLE IF EXISTS `components_slices_testimonials_components`;
/*!40101 SET @saved_cs_client     = @@character_set_client */;
/*!40101 SET character_set_client = utf8 */;
CREATE TABLE `components_slices_testimonials_components` (
  `id` int(10) unsigned NOT NULL AUTO_INCREMENT,
  `field` varchar(255) NOT NULL,
  `order` int(10) unsigned NOT NULL,
  `component_type` varchar(255) NOT NULL,
  `component_id` int(11) NOT NULL,
  `components_slices_testimonial_id` int(10) unsigned NOT NULL,
  PRIMARY KEY (`id`),
  KEY `components_slices_testimonial_id_fk` (`components_slices_testimonial_id`),
  CONSTRAINT `components_slices_testimonial_id_fk` FOREIGN KEY (`components_slices_testimonial_id`) REFERENCES `components_slices_testimonials` (`id`) ON DELETE CASCADE
) ENGINE=InnoDB DEFAULT CHARSET=utf8;
/*!40101 SET character_set_client = @saved_cs_client */;

--
-- Dumping data for table `components_slices_testimonials_components`
--

LOCK TABLES `components_slices_testimonials_components` WRITE;
/*!40000 ALTER TABLE `components_slices_testimonials_components` DISABLE KEYS */;
/*!40000 ALTER TABLE `components_slices_testimonials_components` ENABLE KEYS */;
UNLOCK TABLES;

--
-- Table structure for table `components_slices_testimonials_groups`
--

DROP TABLE IF EXISTS `components_slices_testimonials_groups`;
/*!40101 SET @saved_cs_client     = @@character_set_client */;
/*!40101 SET character_set_client = utf8 */;
CREATE TABLE `components_slices_testimonials_groups` (
  `id` int(10) unsigned NOT NULL AUTO_INCREMENT,
  `title` varchar(255) DEFAULT NULL,
  `description` longtext,
  `keyword` varchar(255) DEFAULT NULL,
  `idContentType` varchar(255) DEFAULT NULL,
  PRIMARY KEY (`id`),
  UNIQUE KEY `components_slices_testimonials_groups_idcontenttype_unique` (`idContentType`)
) ENGINE=InnoDB DEFAULT CHARSET=utf8;
/*!40101 SET character_set_client = @saved_cs_client */;

--
-- Dumping data for table `components_slices_testimonials_groups`
--

LOCK TABLES `components_slices_testimonials_groups` WRITE;
/*!40000 ALTER TABLE `components_slices_testimonials_groups` DISABLE KEYS */;
/*!40000 ALTER TABLE `components_slices_testimonials_groups` ENABLE KEYS */;
UNLOCK TABLES;

--
-- Table structure for table `components_slices_testimonials_groups_components`
--

DROP TABLE IF EXISTS `components_slices_testimonials_groups_components`;
/*!40101 SET @saved_cs_client     = @@character_set_client */;
/*!40101 SET character_set_client = utf8 */;
CREATE TABLE `components_slices_testimonials_groups_components` (
  `id` int(10) unsigned NOT NULL AUTO_INCREMENT,
  `field` varchar(255) NOT NULL,
  `order` int(10) unsigned NOT NULL,
  `component_type` varchar(255) NOT NULL,
  `component_id` int(11) NOT NULL,
  `components_slices_testimonials_group_id` int(10) unsigned NOT NULL,
  PRIMARY KEY (`id`),
  KEY `components_slices_testimonials_group_id_fk` (`components_slices_testimonials_group_id`),
  CONSTRAINT `components_slices_testimonials_group_id_fk` FOREIGN KEY (`components_slices_testimonials_group_id`) REFERENCES `components_slices_testimonials_groups` (`id`) ON DELETE CASCADE
) ENGINE=InnoDB DEFAULT CHARSET=utf8;
/*!40101 SET character_set_client = @saved_cs_client */;

--
-- Dumping data for table `components_slices_testimonials_groups_components`
--

LOCK TABLES `components_slices_testimonials_groups_components` WRITE;
/*!40000 ALTER TABLE `components_slices_testimonials_groups_components` DISABLE KEYS */;
/*!40000 ALTER TABLE `components_slices_testimonials_groups_components` ENABLE KEYS */;
UNLOCK TABLES;

--
-- Table structure for table `components_sura_carousels`
--

DROP TABLE IF EXISTS `components_sura_carousels`;
/*!40101 SET @saved_cs_client     = @@character_set_client */;
/*!40101 SET character_set_client = utf8 */;
CREATE TABLE `components_sura_carousels` (
  `id` int(10) unsigned NOT NULL AUTO_INCREMENT,
  `name` varchar(255) DEFAULT NULL,
  `slider` varchar(255) DEFAULT NULL,
  PRIMARY KEY (`id`)
) ENGINE=InnoDB AUTO_INCREMENT=3 DEFAULT CHARSET=utf8;
/*!40101 SET character_set_client = @saved_cs_client */;

--
-- Dumping data for table `components_sura_carousels`
--

LOCK TABLES `components_sura_carousels` WRITE;
/*!40000 ALTER TABLE `components_sura_carousels` DISABLE KEYS */;
INSERT INTO `components_sura_carousels` VALUES (2,NULL,'carousel');
/*!40000 ALTER TABLE `components_sura_carousels` ENABLE KEYS */;
UNLOCK TABLES;

--
-- Table structure for table `components_sura_carousels_components`
--

DROP TABLE IF EXISTS `components_sura_carousels_components`;
/*!40101 SET @saved_cs_client     = @@character_set_client */;
/*!40101 SET character_set_client = utf8 */;
CREATE TABLE `components_sura_carousels_components` (
  `id` int(10) unsigned NOT NULL AUTO_INCREMENT,
  `field` varchar(255) NOT NULL,
  `order` int(10) unsigned NOT NULL,
  `component_type` varchar(255) NOT NULL,
  `component_id` int(11) NOT NULL,
  `components_sura_carousel_id` int(10) unsigned NOT NULL,
  PRIMARY KEY (`id`),
  KEY `components_sura_carousel_id_fk` (`components_sura_carousel_id`),
  CONSTRAINT `components_sura_carousel_id_fk` FOREIGN KEY (`components_sura_carousel_id`) REFERENCES `components_sura_carousels` (`id`) ON DELETE CASCADE
) ENGINE=InnoDB AUTO_INCREMENT=7 DEFAULT CHARSET=utf8;
/*!40101 SET character_set_client = @saved_cs_client */;

--
-- Dumping data for table `components_sura_carousels_components`
--

LOCK TABLES `components_sura_carousels_components` WRITE;
/*!40000 ALTER TABLE `components_sura_carousels_components` DISABLE KEYS */;
INSERT INTO `components_sura_carousels_components` VALUES (4,'sliderCarousel',1,'components_elements_sliders',1,2),(5,'sliderCarousel',2,'components_elements_sliders',2,2),(6,'sliderCarousel',3,'components_elements_sliders',4,2);
/*!40000 ALTER TABLE `components_sura_carousels_components` ENABLE KEYS */;
UNLOCK TABLES;

--
-- Table structure for table `components_sura_chips`
--

DROP TABLE IF EXISTS `components_sura_chips`;
/*!40101 SET @saved_cs_client     = @@character_set_client */;
/*!40101 SET character_set_client = utf8 */;
CREATE TABLE `components_sura_chips` (
  `id` int(10) unsigned NOT NULL AUTO_INCREMENT,
  `color` varchar(255) DEFAULT NULL,
  `name` varchar(255) DEFAULT NULL,
  PRIMARY KEY (`id`)
) ENGINE=InnoDB DEFAULT CHARSET=latin1;
/*!40101 SET character_set_client = @saved_cs_client */;

--
-- Dumping data for table `components_sura_chips`
--

LOCK TABLES `components_sura_chips` WRITE;
/*!40000 ALTER TABLE `components_sura_chips` DISABLE KEYS */;
/*!40000 ALTER TABLE `components_sura_chips` ENABLE KEYS */;
UNLOCK TABLES;

--
-- Table structure for table `components_sura_items`
--

DROP TABLE IF EXISTS `components_sura_items`;
/*!40101 SET @saved_cs_client     = @@character_set_client */;
/*!40101 SET character_set_client = utf8 */;
CREATE TABLE `components_sura_items` (
  `id` int(10) unsigned NOT NULL AUTO_INCREMENT,
  `title` varchar(255) DEFAULT NULL,
  `description` longtext,
  `icon` varchar(255) DEFAULT NULL,
  PRIMARY KEY (`id`)
) ENGINE=InnoDB DEFAULT CHARSET=latin1;
/*!40101 SET character_set_client = @saved_cs_client */;

--
-- Dumping data for table `components_sura_items`
--

LOCK TABLES `components_sura_items` WRITE;
/*!40000 ALTER TABLE `components_sura_items` DISABLE KEYS */;
/*!40000 ALTER TABLE `components_sura_items` ENABLE KEYS */;
UNLOCK TABLES;

--
-- Table structure for table `components_sura_list_buttons`
--

DROP TABLE IF EXISTS `components_sura_list_buttons`;
/*!40101 SET @saved_cs_client     = @@character_set_client */;
/*!40101 SET character_set_client = utf8 */;
CREATE TABLE `components_sura_list_buttons` (
  `id` int(10) unsigned NOT NULL AUTO_INCREMENT,
  `Name` varchar(255) DEFAULT NULL,
  `number` int(11) DEFAULT NULL,
  PRIMARY KEY (`id`)
) ENGINE=InnoDB AUTO_INCREMENT=5 DEFAULT CHARSET=utf8;
/*!40101 SET character_set_client = @saved_cs_client */;

--
-- Dumping data for table `components_sura_list_buttons`
--

LOCK TABLES `components_sura_list_buttons` WRITE;
/*!40000 ALTER TABLE `components_sura_list_buttons` DISABLE KEYS */;
INSERT INTO `components_sura_list_buttons` VALUES (1,'┬┐C├│mo empezar?',1),(2,'Facturaci├│n',2),(3,'Activaci├│n cuenta',3),(4,'Nunc dignissim',4);
/*!40000 ALTER TABLE `components_sura_list_buttons` ENABLE KEYS */;
UNLOCK TABLES;

--
-- Table structure for table `components_sura_list_buttons_components`
--

DROP TABLE IF EXISTS `components_sura_list_buttons_components`;
/*!40101 SET @saved_cs_client     = @@character_set_client */;
/*!40101 SET character_set_client = utf8 */;
CREATE TABLE `components_sura_list_buttons_components` (
  `id` int(10) unsigned NOT NULL AUTO_INCREMENT,
  `field` varchar(255) NOT NULL,
  `order` int(10) unsigned NOT NULL,
  `component_type` varchar(255) NOT NULL,
  `component_id` int(11) NOT NULL,
  `components_sura_list_button_id` int(10) unsigned NOT NULL,
  PRIMARY KEY (`id`),
  KEY `components_sura_list_button_id_fk` (`components_sura_list_button_id`),
  CONSTRAINT `components_sura_list_button_id_fk` FOREIGN KEY (`components_sura_list_button_id`) REFERENCES `components_sura_list_buttons` (`id`) ON DELETE CASCADE
) ENGINE=InnoDB AUTO_INCREMENT=11 DEFAULT CHARSET=utf8;
/*!40101 SET character_set_client = @saved_cs_client */;

--
-- Dumping data for table `components_sura_list_buttons_components`
--

LOCK TABLES `components_sura_list_buttons_components` WRITE;
/*!40000 ALTER TABLE `components_sura_list_buttons_components` DISABLE KEYS */;
INSERT INTO `components_sura_list_buttons_components` VALUES (1,'list',1,'components_texts_icon_texts',4,1),(2,'list',2,'components_texts_icon_texts',5,1),(3,'list',3,'components_texts_icon_texts',6,1),(4,'list',4,'components_texts_icon_texts',7,1),(5,'list',1,'components_texts_icon_texts',8,2),(6,'list',2,'components_texts_icon_texts',9,2),(7,'list',3,'components_texts_icon_texts',10,2),(8,'list',1,'components_texts_icon_texts',11,3),(9,'list',2,'components_texts_icon_texts',12,3),(10,'list',1,'components_texts_icon_texts',13,4);
/*!40000 ALTER TABLE `components_sura_list_buttons_components` ENABLE KEYS */;
UNLOCK TABLES;

--
-- Table structure for table `components_sura_list_filters`
--

DROP TABLE IF EXISTS `components_sura_list_filters`;
/*!40101 SET @saved_cs_client     = @@character_set_client */;
/*!40101 SET character_set_client = utf8 */;
CREATE TABLE `components_sura_list_filters` (
  `id` int(10) unsigned NOT NULL AUTO_INCREMENT,
  `Title` varchar(255) DEFAULT NULL,
  PRIMARY KEY (`id`)
) ENGINE=InnoDB AUTO_INCREMENT=5 DEFAULT CHARSET=utf8;
/*!40101 SET character_set_client = @saved_cs_client */;

--
-- Dumping data for table `components_sura_list_filters`
--

LOCK TABLES `components_sura_list_filters` WRITE;
/*!40000 ALTER TABLE `components_sura_list_filters` DISABLE KEYS */;
INSERT INTO `components_sura_list_filters` VALUES (1,'¿Cómo empezar?');
/*!40000 ALTER TABLE `components_sura_list_filters` ENABLE KEYS */;
UNLOCK TABLES;

--
-- Table structure for table `components_sura_list_filters_components`
--

DROP TABLE IF EXISTS `components_sura_list_filters_components`;
/*!40101 SET @saved_cs_client     = @@character_set_client */;
/*!40101 SET character_set_client = utf8 */;
CREATE TABLE `components_sura_list_filters_components` (
  `id` int(10) unsigned NOT NULL AUTO_INCREMENT,
  `field` varchar(255) NOT NULL,
  `order` int(10) unsigned NOT NULL,
  `component_type` varchar(255) NOT NULL,
  `component_id` int(11) NOT NULL,
  `components_sura_list_filter_id` int(10) unsigned NOT NULL,
  PRIMARY KEY (`id`),
  KEY `components_sura_list_filter_id_fk` (`components_sura_list_filter_id`),
  CONSTRAINT `components_sura_list_filter_id_fk` FOREIGN KEY (`components_sura_list_filter_id`) REFERENCES `components_sura_list_filters` (`id`) ON DELETE CASCADE
) ENGINE=InnoDB AUTO_INCREMENT=12 DEFAULT CHARSET=utf8;
/*!40101 SET character_set_client = @saved_cs_client */;

--
-- Dumping data for table `components_sura_list_filters_components`
--

LOCK TABLES `components_sura_list_filters_components` WRITE;
/*!40000 ALTER TABLE `components_sura_list_filters_components` DISABLE KEYS */;
INSERT INTO `components_sura_list_filters_components` VALUES (1,'items',2,'components_elements_titles',10,1),(2,'items',1,'components_elements_titles',11,1),(3,'items',3,'components_elements_titles',12,1);
/*!40000 ALTER TABLE `components_sura_list_filters_components` ENABLE KEYS */;
UNLOCK TABLES;

--
-- Table structure for table `components_sura_list_recents`
--

DROP TABLE IF EXISTS `components_sura_list_recents`;
/*!40101 SET @saved_cs_client     = @@character_set_client */;
/*!40101 SET character_set_client = utf8 */;
CREATE TABLE `components_sura_list_recents` (
  `id` int(10) unsigned NOT NULL AUTO_INCREMENT,
  `title` varchar(255) DEFAULT NULL,
  PRIMARY KEY (`id`)
) ENGINE=InnoDB DEFAULT CHARSET=latin1;
/*!40101 SET character_set_client = @saved_cs_client */;

--
-- Dumping data for table `components_sura_list_recents`
--

LOCK TABLES `components_sura_list_recents` WRITE;
/*!40000 ALTER TABLE `components_sura_list_recents` DISABLE KEYS */;
/*!40000 ALTER TABLE `components_sura_list_recents` ENABLE KEYS */;
UNLOCK TABLES;

--
-- Table structure for table `components_sura_list_recents_components`
--

DROP TABLE IF EXISTS `components_sura_list_recents_components`;
/*!40101 SET @saved_cs_client     = @@character_set_client */;
/*!40101 SET character_set_client = utf8 */;
CREATE TABLE `components_sura_list_recents_components` (
  `id` int(10) unsigned NOT NULL AUTO_INCREMENT,
  `field` varchar(255) NOT NULL,
  `order` int(10) unsigned NOT NULL,
  `component_type` varchar(255) NOT NULL,
  `component_id` int(11) NOT NULL,
  `components_sura_list_recent_id` int(10) unsigned NOT NULL,
  PRIMARY KEY (`id`),
  KEY `components_sura_list_recent_id_fk` (`components_sura_list_recent_id`),
  CONSTRAINT `components_sura_list_recent_id_fk` FOREIGN KEY (`components_sura_list_recent_id`) REFERENCES `components_sura_list_recents` (`id`) ON DELETE CASCADE
) ENGINE=InnoDB DEFAULT CHARSET=latin1;
/*!40101 SET character_set_client = @saved_cs_client */;

--
-- Dumping data for table `components_sura_list_recents_components`
--

LOCK TABLES `components_sura_list_recents_components` WRITE;
/*!40000 ALTER TABLE `components_sura_list_recents_components` DISABLE KEYS */;
/*!40000 ALTER TABLE `components_sura_list_recents_components` ENABLE KEYS */;
UNLOCK TABLES;

--
-- Table structure for table `components_sura_listbuttons`
--

DROP TABLE IF EXISTS `components_sura_listbuttons`;
/*!40101 SET @saved_cs_client     = @@character_set_client */;
/*!40101 SET character_set_client = utf8 */;
CREATE TABLE `components_sura_listbuttons` (
  `id` int(10) unsigned NOT NULL AUTO_INCREMENT,
  `title` varchar(255) DEFAULT NULL,
  PRIMARY KEY (`id`)
) ENGINE=InnoDB DEFAULT CHARSET=utf8;
/*!40101 SET character_set_client = @saved_cs_client */;

--
-- Dumping data for table `components_sura_listbuttons`
--

LOCK TABLES `components_sura_listbuttons` WRITE;
/*!40000 ALTER TABLE `components_sura_listbuttons` DISABLE KEYS */;
/*!40000 ALTER TABLE `components_sura_listbuttons` ENABLE KEYS */;
UNLOCK TABLES;

--
-- Table structure for table `components_sura_listbuttons_components`
--

DROP TABLE IF EXISTS `components_sura_listbuttons_components`;
/*!40101 SET @saved_cs_client     = @@character_set_client */;
/*!40101 SET character_set_client = utf8 */;
CREATE TABLE `components_sura_listbuttons_components` (
  `id` int(10) unsigned NOT NULL AUTO_INCREMENT,
  `field` varchar(255) NOT NULL,
  `order` int(10) unsigned NOT NULL,
  `component_type` varchar(255) NOT NULL,
  `component_id` int(11) NOT NULL,
  `components_sura_listbutton_id` int(10) unsigned NOT NULL,
  PRIMARY KEY (`id`),
  KEY `components_sura_listbutton_id_fk` (`components_sura_listbutton_id`),
  CONSTRAINT `components_sura_listbutton_id_fk` FOREIGN KEY (`components_sura_listbutton_id`) REFERENCES `components_sura_listbuttons` (`id`) ON DELETE CASCADE
) ENGINE=InnoDB DEFAULT CHARSET=utf8;
/*!40101 SET character_set_client = @saved_cs_client */;

--
-- Dumping data for table `components_sura_listbuttons_components`
--

LOCK TABLES `components_sura_listbuttons_components` WRITE;
/*!40000 ALTER TABLE `components_sura_listbuttons_components` DISABLE KEYS */;
/*!40000 ALTER TABLE `components_sura_listbuttons_components` ENABLE KEYS */;
UNLOCK TABLES;

--
-- Table structure for table `components_sura_questions`
--

DROP TABLE IF EXISTS `components_sura_questions`;
/*!40101 SET @saved_cs_client     = @@character_set_client */;
/*!40101 SET character_set_client = utf8 */;
CREATE TABLE `components_sura_questions` (
  `id` int(10) unsigned NOT NULL AUTO_INCREMENT,
  `question` varchar(255) DEFAULT NULL,
  `description` varchar(255) DEFAULT NULL,
  `seccion` varchar(255) DEFAULT NULL,
  `description_two` longtext,
  PRIMARY KEY (`id`)
) ENGINE=InnoDB AUTO_INCREMENT=22 DEFAULT CHARSET=utf8;
/*!40101 SET character_set_client = @saved_cs_client */;

--
-- Dumping data for table `components_sura_questions`
--

LOCK TABLES `components_sura_questions` WRITE;
/*!40000 ALTER TABLE `components_sura_questions` DISABLE KEYS */;
INSERT INTO `components_sura_questions` VALUES (1,'┬┐Qu├® son las APIs de auto flexible kike?','Este es una demo de una descripcin para estar probando strapi 123456789 12345679 123456789 123456789 para crear mas i gormacion de texto','Normal',NULL),(2,'┬┐Para que sirven?','In egestas blandit felis id porttitor. Mauris vel nibh ex. Integer iaculis placerat nunc, in ultricies nunc dignissim eu. Proin eros elit, aliquet nec magna ornare, luctus posuere lacus. Proin placerat viverra lacus at dignissim.   In egestas blandit feli','Reverse',NULL),(3,'┬┐Qu├® beneficios tienen las APIs de auto flexible?','In egestas blandit felis id porttitor. Mauris vel nibh ex. Integer iaculis placerat nunc, in ultricies nunc dignissim eu. Proin eros elit, aliquet nec magna ornare, luctus posuere lacus. Proin eros elit, aliquet nec magna ornare, luctus posuere lacus. Pro','NoImage',NULL),(4,'┬┐Qu├® son las APIs de auto flexible?','In egestas blandit felis id porttitor. Mauris vel nibh ex. Integer iaculis placerat nunc, in ultricies nunc dignissim eu. Proin eros elit, aliquet nec magna ornare, luctus posuere lacus. Proin placerat viverra lacus at dignissim.  In egestas blandit felis','Normal',NULL),(5,'┬┐Para que sirven?','In egestas blandit felis id porttitor. Mauris vel nibh ex. Integer iaculis placerat nunc, in ultricies nunc dignissim eu. Proin eros elit, aliquet nec magna ornare, luctus posuere lacus. Proin placerat viverra lacus at dignissim.   In egestas blandit feli','Reverse',NULL),(6,'┬┐Qu├® beneficios tienen las APIs de auto flexible?','In egestas blandit felis id porttitor. Mauris vel nibh ex. Integer iaculis placerat nunc, in ultricies nunc dignissim eu. Proin eros elit, aliquet nec magna ornare, luctus posuere lacus. Proin eros elit, aliquet nec magna ornare, luctus posuere lacus. Pro','NoImage',NULL),(7,'Conoce nuestras APIs de auto flexible','Quisque rutrum. Sed augue ipsum, egestas nec, vestibulum et, malesuada adipi cing, dui. Vestibulum volutpat pretium libero. Praesent blandit laoreet nibh. Nam at totor in tellus interdum sai.Suspendisse potenti. Integer tincidunt. Aenean commodo ligula eg','Reverse',NULL),(8,'Conoce nuestras APIs de auto flexible','Quisque rutrum. Sed augue ipsum, egestas nec, vestibulum et, malesuada adipi cing, dui. Vestibulum volutpat pretium libero. Praesent blandit laoreet nibh. Nam at totor in tellus interdum sai.Suspendisse potenti. Integer tincidunt. Aenean commodo ligula eg','Reverse',NULL),(9,'Conoce nuestras APIs de auto flexible','Quisque rutrum. Sed augue ipsum, egestas nec, vestibulum et, malesuada adipi cing, dui. Vestibulum volutpat pretium libero. Praesent blandit laoreet nibh. Nam at totor in tellus interdum sai.Suspendisse potenti. Integer tincidunt. Aenean commodo ligula eg','Reverse',NULL),(10,'Conoce nuestras APIs de auto flexible','Quisque rutrum. Sed augue ipsum, egestas nec, vestibulum et, malesuada adipi cing, dui. Vestibulum volutpat pretium libero. Praesent blandit laoreet nibh. Nam at totor in tellus interdum sai.Suspendisse potenti. Integer tincidunt. Aenean commodo ligula eg','Reverse',NULL),(11,'┬┐Qu├® son las APIs de auto flexible kike?','Este es una demo de una descripcin para estar probando strapi 123456789 12345679 123456789 123456789 para crear mas i gormacion de texto','Normal','loremsss'),(12,'┬┐Para que sirven?','In egestas blandit felis id porttitor. Mauris vel nibh ex. Integer iaculis placerat nunc, in ultricies nunc dignissim eu. Proin eros elit, aliquet nec magna ornare, luctus posuere lacus. Proin placerat viverra lacus at dignissim.   In egestas blandit feli','Reverse',NULL),(13,'┬┐Qu├® son las APIs de auto flexible kike?','Este es una demo de una descripcin para estar probando strapi 123456789 12345679 123456789 123456789 para crear mas i gormacion de texto','Normal',NULL),(14,'┬┐Para que sirven?','In egestas blandit felis id porttitor. Mauris vel nibh ex. Integer iaculis placerat nunc, in ultricies nunc dignissim eu. Proin eros elit, aliquet nec magna ornare, luctus posuere lacus. Proin placerat viverra lacus at dignissim.   In egestas blandit feli','Reverse',NULL),(15,'┬┐Qu├® beneficios tienen las APIs de auto flexible?','In egestas blandit felis id porttitor. Mauris vel nibh ex. Integer iaculis placerat nunc, in ultricies nunc dignissim eu. Proin eros elit, aliquet nec magna ornare, luctus posuere lacus. Proin eros elit, aliquet nec magna ornare, luctus posuere lacus. Pro','NoImage',NULL),(19,'¿Qué son las APIs de auto flexible?','In egestas blandit felis id porttitor. Mauris vel nibh ex. Integer iaculis placerat nunc, in ultricies nunc dignissim eu. Proin eros elit, aliquet nec magna ornare, luctus posuere lacus. Proin placerat viverra lacus at dignissim.  In egestas blandit felis','Normal',NULL),(20,'¿Para que sirven?','In egestas blandit felis id porttitor. Mauris vel nibh ex. Integer iaculis placerat nunc, in ultricies nunc dignissim eu. Proin eros elit, aliquet nec magna ornare, luctus posuere lacus. Proin placerat viverra lacus at dignissim.   In egestas blandit feli','Reverse',NULL),(21,'¿Qué beneficios tienen las APIs de auto flexible?','In egestas blandit felis id porttitor. Mauris vel nibh ex. Integer iaculis placerat nunc, in ultricies nunc dignissim eu. Proin eros elit, aliquet nec magna ornare, luctus posuere lacus. Proin eros elit, aliquet nec magna ornare, luctus posuere lacus. Pro','NoImage',NULL);
/*!40000 ALTER TABLE `components_sura_questions` ENABLE KEYS */;
UNLOCK TABLES;

--
-- Table structure for table `components_sura_section_cards`
--

DROP TABLE IF EXISTS `components_sura_section_cards`;
/*!40101 SET @saved_cs_client     = @@character_set_client */;
/*!40101 SET character_set_client = utf8 */;
CREATE TABLE `components_sura_section_cards` (
  `id` int(10) unsigned NOT NULL AUTO_INCREMENT,
  `title` varchar(255) DEFAULT NULL,
  `description` longtext,
  PRIMARY KEY (`id`)
) ENGINE=InnoDB DEFAULT CHARSET=latin1;
/*!40101 SET character_set_client = @saved_cs_client */;

--
-- Dumping data for table `components_sura_section_cards`
--

LOCK TABLES `components_sura_section_cards` WRITE;
/*!40000 ALTER TABLE `components_sura_section_cards` DISABLE KEYS */;
/*!40000 ALTER TABLE `components_sura_section_cards` ENABLE KEYS */;
UNLOCK TABLES;

--
-- Table structure for table `components_sura_tab_cards`
--

DROP TABLE IF EXISTS `components_sura_tab_cards`;
/*!40101 SET @saved_cs_client     = @@character_set_client */;
/*!40101 SET character_set_client = utf8 */;
CREATE TABLE `components_sura_tab_cards` (
  `id` int(10) unsigned NOT NULL AUTO_INCREMENT,
  `tab` varchar(255) DEFAULT NULL,
  `name` varchar(255) DEFAULT NULL,
  PRIMARY KEY (`id`)
) ENGINE=InnoDB AUTO_INCREMENT=16 DEFAULT CHARSET=utf8;
/*!40101 SET character_set_client = @saved_cs_client */;

--
-- Dumping data for table `components_sura_tab_cards`
--

LOCK TABLES `components_sura_tab_cards` WRITE;
/*!40000 ALTER TABLE `components_sura_tab_cards` DISABLE KEYS */;
INSERT INTO `components_sura_tab_cards` VALUES (1,'zero','Lorem ipsum '),(2,'one','Lorem ipsum.'),(3,'two','Lorem ipsum..'),(9,NULL,'Lorem ipsum...'),(10,NULL,'Lorem ipsum'),(11,'zero','Todos'),(12,'one','Novedades'),(13,'two','Desarrolladores'),(14,'three','APIs'),(15,'four','Empresas');
/*!40000 ALTER TABLE `components_sura_tab_cards` ENABLE KEYS */;
UNLOCK TABLES;

--
-- Table structure for table `components_sura_tab_cards_components`
--

DROP TABLE IF EXISTS `components_sura_tab_cards_components`;
/*!40101 SET @saved_cs_client     = @@character_set_client */;
/*!40101 SET character_set_client = utf8 */;
CREATE TABLE `components_sura_tab_cards_components` (
  `id` int(10) unsigned NOT NULL AUTO_INCREMENT,
  `field` varchar(255) NOT NULL,
  `order` int(10) unsigned NOT NULL,
  `component_type` varchar(255) NOT NULL,
  `component_id` int(11) NOT NULL,
  `components_sura_tab_card_id` int(10) unsigned NOT NULL,
  PRIMARY KEY (`id`),
  KEY `components_sura_tab_card_id_fk` (`components_sura_tab_card_id`),
  CONSTRAINT `components_sura_tab_card_id_fk` FOREIGN KEY (`components_sura_tab_card_id`) REFERENCES `components_sura_tab_cards` (`id`) ON DELETE CASCADE
) ENGINE=InnoDB AUTO_INCREMENT=21 DEFAULT CHARSET=utf8;
/*!40101 SET character_set_client = @saved_cs_client */;

--
-- Dumping data for table `components_sura_tab_cards_components`
--

LOCK TABLES `components_sura_tab_cards_components` WRITE;
/*!40000 ALTER TABLE `components_sura_tab_cards_components` DISABLE KEYS */;
INSERT INTO `components_sura_tab_cards_components` VALUES (1,'cards',1,'components_cards_cards',1,1),(2,'cards',2,'components_cards_cards',2,1),(3,'cards',3,'components_cards_cards',3,1),(4,'cards',1,'components_cards_cards',4,2),(5,'cards',2,'components_cards_cards',5,2),(6,'cards',1,'components_cards_cards',6,3),(7,'cards',2,'components_cards_cards',7,3),(8,'cards',3,'components_cards_cards',8,3),(14,'cards',1,'components_cards_cards',14,9),(15,'cards',1,'components_cards_cards',15,10),(16,'cards',1,'components_cards_cards',16,11),(17,'cards',1,'components_cards_cards',17,12),(18,'cards',1,'components_cards_cards',18,13),(19,'cards',1,'components_cards_cards',19,14),(20,'cards',1,'components_cards_cards',20,15);
/*!40000 ALTER TABLE `components_sura_tab_cards_components` ENABLE KEYS */;
UNLOCK TABLES;

--
-- Table structure for table `components_sura_tabs`
--

DROP TABLE IF EXISTS `components_sura_tabs`;
/*!40101 SET @saved_cs_client     = @@character_set_client */;
/*!40101 SET character_set_client = utf8 */;
CREATE TABLE `components_sura_tabs` (
  `id` int(10) unsigned NOT NULL AUTO_INCREMENT,
  `nombre` varchar(255) DEFAULT NULL,
  `iconText` varchar(255) DEFAULT NULL,
  PRIMARY KEY (`id`)
) ENGINE=InnoDB AUTO_INCREMENT=3 DEFAULT CHARSET=utf8;
/*!40101 SET character_set_client = @saved_cs_client */;

--
-- Dumping data for table `components_sura_tabs`
--

LOCK TABLES `components_sura_tabs` WRITE;
/*!40000 ALTER TABLE `components_sura_tabs` DISABLE KEYS */;
INSERT INTO `components_sura_tabs` VALUES (1,'Administrador',NULL),(2,'Desarrollador','MdComputer');
/*!40000 ALTER TABLE `components_sura_tabs` ENABLE KEYS */;
UNLOCK TABLES;

--
-- Table structure for table `components_sura_tabs_components`
--

DROP TABLE IF EXISTS `components_sura_tabs_components`;
/*!40101 SET @saved_cs_client     = @@character_set_client */;
/*!40101 SET character_set_client = utf8 */;
CREATE TABLE `components_sura_tabs_components` (
  `id` int(10) unsigned NOT NULL AUTO_INCREMENT,
  `field` varchar(255) NOT NULL,
  `order` int(10) unsigned NOT NULL,
  `component_type` varchar(255) NOT NULL,
  `component_id` int(11) NOT NULL,
  `components_sura_tab_id` int(10) unsigned NOT NULL,
  PRIMARY KEY (`id`),
  KEY `components_sura_tab_id_fk` (`components_sura_tab_id`),
  CONSTRAINT `components_sura_tab_id_fk` FOREIGN KEY (`components_sura_tab_id`) REFERENCES `components_sura_tabs` (`id`) ON DELETE CASCADE
) ENGINE=InnoDB AUTO_INCREMENT=10 DEFAULT CHARSET=utf8;
/*!40101 SET character_set_client = @saved_cs_client */;

--
-- Dumping data for table `components_sura_tabs_components`
--

LOCK TABLES `components_sura_tabs_components` WRITE;
/*!40000 ALTER TABLE `components_sura_tabs_components` DISABLE KEYS */;
INSERT INTO `components_sura_tabs_components` VALUES (1,'lists',1,'components_elements_item_lists',1,1),(2,'lists',2,'components_elements_item_lists',2,1),(3,'lists',3,'components_elements_item_lists',3,1),(4,'lists',4,'components_elements_item_lists',4,1),(5,'lists',5,'components_elements_item_lists',5,1),(6,'lists',6,'components_elements_item_lists',6,1),(7,'lists',1,'components_elements_item_lists',7,2),(8,'lists',2,'components_elements_item_lists',8,2),(9,'lists',3,'components_elements_item_lists',9,2);
/*!40000 ALTER TABLE `components_sura_tabs_components` ENABLE KEYS */;
UNLOCK TABLES;

--
-- Table structure for table `components_texts_icon_texts`
--

DROP TABLE IF EXISTS `components_texts_icon_texts`;
/*!40101 SET @saved_cs_client     = @@character_set_client */;
/*!40101 SET character_set_client = utf8 */;
CREATE TABLE `components_texts_icon_texts` (
  `id` int(10) unsigned NOT NULL AUTO_INCREMENT,
  `name` varchar(255) DEFAULT NULL,
  `altText` varchar(255) DEFAULT NULL,
  PRIMARY KEY (`id`)
) ENGINE=InnoDB AUTO_INCREMENT=14 DEFAULT CHARSET=utf8;
/*!40101 SET character_set_client = @saved_cs_client */;

--
-- Dumping data for table `components_texts_icon_texts`
--

LOCK TABLES `components_texts_icon_texts` WRITE;
/*!40000 ALTER TABLE `components_texts_icon_texts` DISABLE KEYS */;
INSERT INTO `components_texts_icon_texts` VALUES (1,'logo','CLIMATETRADE'),(2,'┬® Copyright 2021 - Climatetrade, S.L.','Product design by Productea'),(3,NULL,'CLIMATETRADE'),(4,'Informaci├│n',NULL),(5,'Egestas blandit ',NULL),(6,'In egestas blandit ',NULL),(7,'In egestas blandit felis',NULL),(8,'Informaci├│n',NULL),(9,'In egestas blandit ',NULL),(10,'In egestas blandit felis',NULL),(11,'Egestas blandit ',NULL),(12,'In egestas blandit felis',NULL),(13,'Egestas blandit ',NULL);
/*!40000 ALTER TABLE `components_texts_icon_texts` ENABLE KEYS */;
UNLOCK TABLES;

--
-- Table structure for table `components_texts_link_texts`
--

DROP TABLE IF EXISTS `components_texts_link_texts`;
/*!40101 SET @saved_cs_client     = @@character_set_client */;
/*!40101 SET character_set_client = utf8 */;
CREATE TABLE `components_texts_link_texts` (
  `id` int(10) unsigned NOT NULL AUTO_INCREMENT,
  `text` varchar(255) DEFAULT NULL,
  PRIMARY KEY (`id`)
) ENGINE=InnoDB AUTO_INCREMENT=39 DEFAULT CHARSET=utf8;
/*!40101 SET character_set_client = @saved_cs_client */;

--
-- Dumping data for table `components_texts_link_texts`
--

LOCK TABLES `components_texts_link_texts` WRITE;
/*!40000 ALTER TABLE `components_texts_link_texts` DISABLE KEYS */;
INSERT INTO `components_texts_link_texts` VALUES (1,' If you browse this website you are accepting our'),(2,'and '),(7,' Si navegas por este sitio web est├ís aceptando nuestra'),(8,'y'),(36,'Dise├▒o de producto por'),(38,'Dise├▒o de producto por');
/*!40000 ALTER TABLE `components_texts_link_texts` ENABLE KEYS */;
UNLOCK TABLES;

--
-- Table structure for table `components_texts_link_texts_components`
--

DROP TABLE IF EXISTS `components_texts_link_texts_components`;
/*!40101 SET @saved_cs_client     = @@character_set_client */;
/*!40101 SET character_set_client = utf8 */;
CREATE TABLE `components_texts_link_texts_components` (
  `id` int(10) unsigned NOT NULL AUTO_INCREMENT,
  `field` varchar(255) NOT NULL,
  `order` int(10) unsigned NOT NULL,
  `component_type` varchar(255) NOT NULL,
  `component_id` int(11) NOT NULL,
  `components_texts_link_text_id` int(10) unsigned NOT NULL,
  PRIMARY KEY (`id`),
  KEY `components_texts_link_text_id_fk` (`components_texts_link_text_id`),
  CONSTRAINT `components_texts_link_text_id_fk` FOREIGN KEY (`components_texts_link_text_id`) REFERENCES `components_texts_link_texts` (`id`) ON DELETE CASCADE
) ENGINE=InnoDB AUTO_INCREMENT=39 DEFAULT CHARSET=utf8;
/*!40101 SET character_set_client = @saved_cs_client */;

--
-- Dumping data for table `components_texts_link_texts_components`
--

LOCK TABLES `components_texts_link_texts_components` WRITE;
/*!40000 ALTER TABLE `components_texts_link_texts_components` DISABLE KEYS */;
INSERT INTO `components_texts_link_texts_components` VALUES (1,'link',1,'components_links_links',219,1),(2,'link',1,'components_links_links',220,2),(7,'link',1,'components_links_links',310,7),(8,'link',1,'components_links_links',311,8),(36,'link',1,'components_links_links',416,36),(38,'link',1,'components_links_links',418,38);
/*!40000 ALTER TABLE `components_texts_link_texts_components` ENABLE KEYS */;
UNLOCK TABLES;

--
-- Table structure for table `components_use_cases_badge_lists`
--

DROP TABLE IF EXISTS `components_use_cases_badge_lists`;
/*!40101 SET @saved_cs_client     = @@character_set_client */;
/*!40101 SET character_set_client = utf8 */;
CREATE TABLE `components_use_cases_badge_lists` (
  `id` int(10) unsigned NOT NULL AUTO_INCREMENT,
  `name` varchar(255) DEFAULT NULL,
  PRIMARY KEY (`id`)
) ENGINE=InnoDB DEFAULT CHARSET=utf8;
/*!40101 SET character_set_client = @saved_cs_client */;

--
-- Dumping data for table `components_use_cases_badge_lists`
--

LOCK TABLES `components_use_cases_badge_lists` WRITE;
/*!40000 ALTER TABLE `components_use_cases_badge_lists` DISABLE KEYS */;
/*!40000 ALTER TABLE `components_use_cases_badge_lists` ENABLE KEYS */;
UNLOCK TABLES;

--
-- Table structure for table `components_use_cases_banner_sections`
--

DROP TABLE IF EXISTS `components_use_cases_banner_sections`;
/*!40101 SET @saved_cs_client     = @@character_set_client */;
/*!40101 SET character_set_client = utf8 */;
CREATE TABLE `components_use_cases_banner_sections` (
  `id` int(10) unsigned NOT NULL AUTO_INCREMENT,
  `idContentType` varchar(255) DEFAULT NULL,
  `title` varchar(255) DEFAULT NULL,
  `subtitle` longtext,
  PRIMARY KEY (`id`),
  UNIQUE KEY `components_use_cases_banner_sections_idContentType_unique` (`idContentType`)
) ENGINE=InnoDB DEFAULT CHARSET=utf8;
/*!40101 SET character_set_client = @saved_cs_client */;

--
-- Dumping data for table `components_use_cases_banner_sections`
--

LOCK TABLES `components_use_cases_banner_sections` WRITE;
/*!40000 ALTER TABLE `components_use_cases_banner_sections` DISABLE KEYS */;
/*!40000 ALTER TABLE `components_use_cases_banner_sections` ENABLE KEYS */;
UNLOCK TABLES;

--
-- Table structure for table `components_use_cases_banner_sections_components`
--

DROP TABLE IF EXISTS `components_use_cases_banner_sections_components`;
/*!40101 SET @saved_cs_client     = @@character_set_client */;
/*!40101 SET character_set_client = utf8 */;
CREATE TABLE `components_use_cases_banner_sections_components` (
  `id` int(10) unsigned NOT NULL AUTO_INCREMENT,
  `field` varchar(255) NOT NULL,
  `order` int(10) unsigned NOT NULL,
  `component_type` varchar(255) NOT NULL,
  `component_id` int(11) NOT NULL,
  `components_use_cases_banner_section_id` int(10) unsigned NOT NULL,
  PRIMARY KEY (`id`),
  KEY `components_use_cases_banner_section_id_fk` (`components_use_cases_banner_section_id`),
  CONSTRAINT `components_use_cases_banner_section_id_fk` FOREIGN KEY (`components_use_cases_banner_section_id`) REFERENCES `components_use_cases_banner_sections` (`id`) ON DELETE CASCADE
) ENGINE=InnoDB DEFAULT CHARSET=utf8;
/*!40101 SET character_set_client = @saved_cs_client */;

--
-- Dumping data for table `components_use_cases_banner_sections_components`
--

LOCK TABLES `components_use_cases_banner_sections_components` WRITE;
/*!40000 ALTER TABLE `components_use_cases_banner_sections_components` DISABLE KEYS */;
/*!40000 ALTER TABLE `components_use_cases_banner_sections_components` ENABLE KEYS */;
UNLOCK TABLES;

--
-- Table structure for table `components_use_cases_banners`
--

DROP TABLE IF EXISTS `components_use_cases_banners`;
/*!40101 SET @saved_cs_client     = @@character_set_client */;
/*!40101 SET character_set_client = utf8 */;
CREATE TABLE `components_use_cases_banners` (
  `id` int(10) unsigned NOT NULL AUTO_INCREMENT,
  `idContentType` varchar(255) DEFAULT NULL,
  `title` varchar(255) DEFAULT NULL,
  `subtitle` longtext,
  `label` varchar(255) DEFAULT NULL,
  PRIMARY KEY (`id`),
  UNIQUE KEY `components_use_cases_banners_idContentType_unique` (`idContentType`)
) ENGINE=InnoDB DEFAULT CHARSET=utf8;
/*!40101 SET character_set_client = @saved_cs_client */;

--
-- Dumping data for table `components_use_cases_banners`
--

LOCK TABLES `components_use_cases_banners` WRITE;
/*!40000 ALTER TABLE `components_use_cases_banners` DISABLE KEYS */;
/*!40000 ALTER TABLE `components_use_cases_banners` ENABLE KEYS */;
UNLOCK TABLES;

--
-- Table structure for table `components_use_cases_banners_components`
--

DROP TABLE IF EXISTS `components_use_cases_banners_components`;
/*!40101 SET @saved_cs_client     = @@character_set_client */;
/*!40101 SET character_set_client = utf8 */;
CREATE TABLE `components_use_cases_banners_components` (
  `id` int(10) unsigned NOT NULL AUTO_INCREMENT,
  `field` varchar(255) NOT NULL,
  `order` int(10) unsigned NOT NULL,
  `component_type` varchar(255) NOT NULL,
  `component_id` int(11) NOT NULL,
  `components_use_cases_banner_id` int(10) unsigned NOT NULL,
  PRIMARY KEY (`id`),
  KEY `components_use_cases_banner_id_fk` (`components_use_cases_banner_id`),
  CONSTRAINT `components_use_cases_banner_id_fk` FOREIGN KEY (`components_use_cases_banner_id`) REFERENCES `components_use_cases_banners` (`id`) ON DELETE CASCADE
) ENGINE=InnoDB DEFAULT CHARSET=utf8;
/*!40101 SET character_set_client = @saved_cs_client */;

--
-- Dumping data for table `components_use_cases_banners_components`
--

LOCK TABLES `components_use_cases_banners_components` WRITE;
/*!40000 ALTER TABLE `components_use_cases_banners_components` DISABLE KEYS */;
/*!40000 ALTER TABLE `components_use_cases_banners_components` ENABLE KEYS */;
UNLOCK TABLES;

--
-- Table structure for table `components_use_cases_button_lists`
--

DROP TABLE IF EXISTS `components_use_cases_button_lists`;
/*!40101 SET @saved_cs_client     = @@character_set_client */;
/*!40101 SET character_set_client = utf8 */;
CREATE TABLE `components_use_cases_button_lists` (
  `id` int(10) unsigned NOT NULL AUTO_INCREMENT,
  `title` varchar(255) DEFAULT NULL,
  `url` varchar(255) DEFAULT NULL,
  PRIMARY KEY (`id`)
) ENGINE=InnoDB DEFAULT CHARSET=utf8;
/*!40101 SET character_set_client = @saved_cs_client */;

--
-- Dumping data for table `components_use_cases_button_lists`
--

LOCK TABLES `components_use_cases_button_lists` WRITE;
/*!40000 ALTER TABLE `components_use_cases_button_lists` DISABLE KEYS */;
/*!40000 ALTER TABLE `components_use_cases_button_lists` ENABLE KEYS */;
UNLOCK TABLES;

--
-- Table structure for table `components_use_cases_buttons`
--

DROP TABLE IF EXISTS `components_use_cases_buttons`;
/*!40101 SET @saved_cs_client     = @@character_set_client */;
/*!40101 SET character_set_client = utf8 */;
CREATE TABLE `components_use_cases_buttons` (
  `id` int(10) unsigned NOT NULL AUTO_INCREMENT,
  `name` varchar(255) DEFAULT NULL,
  `url` varchar(255) DEFAULT NULL,
  PRIMARY KEY (`id`)
) ENGINE=InnoDB DEFAULT CHARSET=utf8;
/*!40101 SET character_set_client = @saved_cs_client */;

--
-- Dumping data for table `components_use_cases_buttons`
--

LOCK TABLES `components_use_cases_buttons` WRITE;
/*!40000 ALTER TABLE `components_use_cases_buttons` DISABLE KEYS */;
/*!40000 ALTER TABLE `components_use_cases_buttons` ENABLE KEYS */;
UNLOCK TABLES;

--
-- Table structure for table `components_use_cases_calculate_use_cases`
--

DROP TABLE IF EXISTS `components_use_cases_calculate_use_cases`;
/*!40101 SET @saved_cs_client     = @@character_set_client */;
/*!40101 SET character_set_client = utf8 */;
CREATE TABLE `components_use_cases_calculate_use_cases` (
  `id` int(10) unsigned NOT NULL AUTO_INCREMENT,
  `idContentType` varchar(255) DEFAULT NULL,
  `title` varchar(255) DEFAULT NULL,
  `subtitle` longtext,
  `iconText` varchar(255) DEFAULT NULL,
  `smallText` varchar(255) DEFAULT NULL,
  PRIMARY KEY (`id`),
  UNIQUE KEY `components_use_cases_calculate_use_cases_idContentType_unique` (`idContentType`)
) ENGINE=InnoDB AUTO_INCREMENT=57 DEFAULT CHARSET=utf8;
/*!40101 SET character_set_client = @saved_cs_client */;

--
-- Dumping data for table `components_use_cases_calculate_use_cases`
--

LOCK TABLES `components_use_cases_calculate_use_cases` WRITE;
/*!40000 ALTER TABLE `components_use_cases_calculate_use_cases` DISABLE KEYS */;
INSERT INTO `components_use_cases_calculate_use_cases` VALUES (1,'airlines-calculate','Airlines','A simple and effective service that allows you to see your Co2 impact when you make any trip, by land or air. It\'s your chance to help the environment.\n\nIntegrate the service and your trips will be carbon neutral.','We have a collection in Postman',''),(2,'ecommerce-calculate','E-commerce','A simple and effective service that allows you to see your Co2 impact when you make any trip, by land or air. It\'s your chance to help the environment.\n\nIntegrate the service and your trips will be carbon neutral.',NULL,''),(4,'mobility-calculate','Mobility','ClimateTrade has developed a carbon footprint calculator that can be directly integrated into mobility websites and apps. After calculating the emissions associated with a specific car ride, our API makes it possible for providers to offset this footprint themselves, or to give that option to their end users.\n\nThis is a great option for ride-sharing apps or car rental providers, and it could be used by any company with a fleet: when insurers begin pricing their premiums based on vehiclesÔÇÖ emissions, automated CO2 footprint calculation and offsetting will become indispensable.',NULL,''),(16,'events-calculate','Events','ClimateTrade is a strategic carbon neutrality partner for the event sector. Our carbon footprint calculation methodology follows the guidelines of the GHG Protocol. With a simple Google Form, we collect the information necessary and send organizers an estimation of the emissions generated at a given event. We then guide them through the registration and offset process on our marketplace.\n\nLarge organizations with satellite events can integrate our API to let side event organizers offset their carbon footprint directly from their platform',NULL,''),(19,'construction-calculate','Construction','ClimateTrade offers an automated carbon footprint calculator for the construction sector, which can be used alone or implemented alongside the ClimateTrade API or Widget for carbon offsetting.\n\nThe calculator takes all construction processes into account (materials, machinery, transport, etc) along all phases of a buildingÔÇÖ life cycle (manufacturing, construction, use and deconstruction). It facilitates environmental impact assessment in what is a notoriously hard-to-abate sector.\n\nOnce calculated, emissions can be offset via the ClimateTrade marketplace or via the ClimateTrade API: for instance, when a sector association decides to integrate the API to offer carbon footprint offsetting to its members.',NULL,''),(20,'tourism-calculate','Tourism','ClimateTrade offers an automated carbon footprint calculator for the construction sector, which can be used alone or implemented alongside the ClimateTrade API or Widget for carbon offsetting.\n\nThe calculator takes all construction processes into account (materials, machinery, transport, etc) along all phases of a buildingÔÇÖ life cycle (manufacturing, construction, use and deconstruction). It facilitates environmental impact assessment in what is a notoriously hard-to-abate sector.\n\nOnce calculated, emissions can be offset via the ClimateTrade marketplace or via the ClimateTrade API: for instance, when a sector association decides to integrate the API to offer carbon footprint offsetting to its members.',NULL,''),(21,'chambers-of-commerce-calculate','Chambers of Commerce','ClimateTrade offers an automated carbon footprint calculator for the construction sector, which can be used alone or implemented alongside the ClimateTrade API or Widget for carbon offsetting.\n\nThe calculator takes all construction processes into account (materials, machinery, transport, etc) along all phases of a buildingÔÇÖ life cycle (manufacturing, construction, use and deconstruction). It facilitates environmental impact assessment in what is a notoriously hard-to-abate sector.\n\nOnce calculated, emissions can be offset via the ClimateTrade marketplace or via the ClimateTrade API: for instance, when a sector association decides to integrate the API to offer carbon footprint offsetting to its members.',NULL,''),(22,'financial-services-calculate','Financial services',NULL,NULL,''),(23,'crypto-calculate','Crypto',NULL,NULL,''),(38,NULL,'Construcci├│n',NULL,NULL,''),(40,NULL,'Turismo',NULL,NULL,' '),(42,NULL,'Las c├ímaras de Comercio',NULL,NULL,''),(44,NULL,'Comercio electr├│nico',NULL,NULL,''),(46,NULL,'Servicios financieros',NULL,NULL,''),(52,NULL,'Cripto',NULL,NULL,''),(54,NULL,'Movilidad',NULL,NULL,''),(55,NULL,'Eventos',NULL,NULL,''),(56,NULL,'Aerol├¡neas',NULL,NULL,'');
/*!40000 ALTER TABLE `components_use_cases_calculate_use_cases` ENABLE KEYS */;
UNLOCK TABLES;

--
-- Table structure for table `components_use_cases_calculate_use_cases_components`
--

DROP TABLE IF EXISTS `components_use_cases_calculate_use_cases_components`;
/*!40101 SET @saved_cs_client     = @@character_set_client */;
/*!40101 SET character_set_client = utf8 */;
CREATE TABLE `components_use_cases_calculate_use_cases_components` (
  `id` int(10) unsigned NOT NULL AUTO_INCREMENT,
  `field` varchar(255) NOT NULL,
  `order` int(10) unsigned NOT NULL,
  `component_type` varchar(255) NOT NULL,
  `component_id` int(11) NOT NULL,
  `components_use_cases_calculate_use_case_id` int(10) unsigned NOT NULL,
  PRIMARY KEY (`id`),
  KEY `components_use_cases_calculate_use_case_id_fk` (`components_use_cases_calculate_use_case_id`),
  CONSTRAINT `components_use_cases_calculate_use_case_id_fk` FOREIGN KEY (`components_use_cases_calculate_use_case_id`) REFERENCES `components_use_cases_calculate_use_cases` (`id`) ON DELETE CASCADE
) ENGINE=InnoDB AUTO_INCREMENT=168 DEFAULT CHARSET=utf8;
/*!40101 SET character_set_client = @saved_cs_client */;

--
-- Dumping data for table `components_use_cases_calculate_use_cases_components`
--

LOCK TABLES `components_use_cases_calculate_use_cases_components` WRITE;
/*!40000 ALTER TABLE `components_use_cases_calculate_use_cases_components` DISABLE KEYS */;
INSERT INTO `components_use_cases_calculate_use_cases_components` VALUES (1,'buttons',1,'components_links_basic_links',43,1),(2,'buttons',2,'components_links_basic_links',44,1),(5,'buttons',1,'components_links_basic_links',47,2),(6,'buttons',2,'components_links_basic_links',48,2),(7,'buttons',1,'components_links_basic_links',49,4),(8,'buttons',2,'components_links_basic_links',50,4),(13,'buttons',1,'components_links_basic_links',122,16),(14,'buttons',2,'components_links_basic_links',123,16),(15,'buttons',1,'components_links_basic_links',130,19),(16,'buttons',2,'components_links_basic_links',131,19),(17,'buttons',1,'components_links_basic_links',138,20),(18,'buttons',2,'components_links_basic_links',139,20),(19,'buttons',1,'components_links_basic_links',146,21),(20,'buttons',2,'components_links_basic_links',147,21),(21,'buttons',1,'components_links_basic_links',154,22),(22,'buttons',2,'components_links_basic_links',155,22),(23,'buttons',1,'components_links_basic_links',162,23),(24,'buttons',2,'components_links_basic_links',163,23),(25,'Paragraphs',1,'components_use_cases_paragraphs',1,16),(26,'Paragraphs',2,'components_use_cases_paragraphs',2,16),(27,'Paragraphs',1,'components_use_cases_paragraphs',3,4),(28,'Paragraphs',2,'components_use_cases_paragraphs',4,4),(29,'Paragraphs',1,'components_use_cases_paragraphs',5,1),(30,'Paragraphs',2,'components_use_cases_paragraphs',6,1),(31,'Paragraphs',1,'components_use_cases_paragraphs',7,19),(32,'Paragraphs',2,'components_use_cases_paragraphs',8,19),(33,'Paragraphs',3,'components_use_cases_paragraphs',9,19),(34,'Paragraphs',1,'components_use_cases_paragraphs',10,20),(35,'Paragraphs',2,'components_use_cases_paragraphs',11,20),(36,'Paragraphs',3,'components_use_cases_paragraphs',12,20),(37,'Paragraphs',1,'components_use_cases_paragraphs',13,21),(38,'Paragraphs',2,'components_use_cases_paragraphs',14,21),(39,'Paragraphs',1,'components_use_cases_paragraphs',15,2),(40,'Paragraphs',2,'components_use_cases_paragraphs',16,2),(41,'Paragraphs',1,'components_use_cases_paragraphs',17,22),(42,'Paragraphs',2,'components_use_cases_paragraphs',18,22),(43,'Paragraphs',1,'components_use_cases_paragraphs',19,23),(44,'Paragraphs',2,'components_use_cases_paragraphs',20,23),(45,'Paragraphs',3,'components_use_cases_paragraphs',21,1),(48,'Products',1,'components_use_cases_products',2,4),(49,'Products',2,'components_use_cases_products',3,4),(50,'Products',3,'components_use_cases_products',4,4),(51,'Products',1,'components_use_cases_products',5,16),(52,'Products',2,'components_use_cases_products',6,16),(53,'Products',3,'components_use_cases_products',7,16),(54,'Products',1,'components_use_cases_products',8,1),(55,'Products',2,'components_use_cases_products',9,1),(56,'Products',3,'components_use_cases_products',10,1),(57,'Products',1,'components_use_cases_products',11,19),(58,'Products',2,'components_use_cases_products',12,19),(59,'Products',3,'components_use_cases_products',13,19),(60,'Products',1,'components_use_cases_products',14,20),(61,'Products',2,'components_use_cases_products',15,20),(62,'Products',3,'components_use_cases_products',16,20),(65,'Products',1,'components_use_cases_products',19,21),(66,'Products',2,'components_use_cases_products',20,21),(67,'Products',1,'components_use_cases_products',21,2),(68,'Products',2,'components_use_cases_products',22,2),(69,'Products',1,'components_use_cases_products',23,22),(70,'Products',2,'components_use_cases_products',24,22),(71,'Products',1,'components_use_cases_products',25,23),(72,'Products',2,'components_use_cases_products',26,23),(73,'Products',3,'components_use_cases_products',27,23),(87,'buttons',1,'components_links_basic_links',212,38),(88,'buttons',2,'components_links_basic_links',213,38),(89,'Paragraphs',1,'components_use_cases_paragraphs',31,38),(90,'Paragraphs',2,'components_use_cases_paragraphs',32,38),(91,'Paragraphs',3,'components_use_cases_paragraphs',33,38),(92,'Products',1,'components_use_cases_products',28,38),(93,'Products',2,'components_use_cases_products',29,38),(94,'Products',3,'components_use_cases_products',30,38),(95,'buttons',1,'components_links_basic_links',220,40),(96,'buttons',2,'components_links_basic_links',221,40),(97,'Paragraphs',1,'components_use_cases_paragraphs',34,40),(98,'Paragraphs',2,'components_use_cases_paragraphs',35,40),(99,'Paragraphs',3,'components_use_cases_paragraphs',36,40),(100,'Products',1,'components_use_cases_products',31,40),(101,'Products',2,'components_use_cases_products',32,40),(102,'Products',3,'components_use_cases_products',33,40),(105,'buttons',1,'components_links_basic_links',228,42),(106,'buttons',2,'components_links_basic_links',229,42),(107,'Paragraphs',1,'components_use_cases_paragraphs',37,42),(108,'Paragraphs',2,'components_use_cases_paragraphs',38,42),(109,'Products',1,'components_use_cases_products',36,42),(110,'Products',2,'components_use_cases_products',37,42),(111,'buttons',1,'components_links_basic_links',236,44),(112,'buttons',2,'components_links_basic_links',237,44),(113,'Paragraphs',1,'components_use_cases_paragraphs',39,44),(114,'Paragraphs',2,'components_use_cases_paragraphs',40,44),(115,'Products',1,'components_use_cases_products',38,44),(116,'Products',2,'components_use_cases_products',39,44),(117,'buttons',1,'components_links_basic_links',242,46),(118,'buttons',2,'components_links_basic_links',243,46),(119,'Paragraphs',1,'components_use_cases_paragraphs',41,46),(120,'Paragraphs',2,'components_use_cases_paragraphs',42,46),(121,'Products',1,'components_use_cases_products',40,46),(122,'Products',2,'components_use_cases_products',41,46),(123,'buttons',1,'components_links_basic_links',252,52),(124,'buttons',2,'components_links_basic_links',253,52),(125,'Paragraphs',1,'components_use_cases_paragraphs',43,52),(126,'Paragraphs',2,'components_use_cases_paragraphs',44,52),(127,'Products',1,'components_use_cases_products',42,52),(128,'Products',2,'components_use_cases_products',43,52),(129,'Products',3,'components_use_cases_products',44,52),(140,'buttons',1,'components_links_basic_links',284,54),(141,'buttons',2,'components_links_basic_links',285,54),(142,'Paragraphs',1,'components_use_cases_paragraphs',47,54),(143,'Paragraphs',2,'components_use_cases_paragraphs',48,54),(144,'Products',1,'components_use_cases_products',57,54),(145,'Products',2,'components_use_cases_products',58,54),(146,'Products',3,'components_use_cases_products',59,54),(147,'buttons',1,'components_links_basic_links',292,55),(148,'buttons',2,'components_links_basic_links',293,55),(149,'Paragraphs',1,'components_use_cases_paragraphs',49,55),(150,'Paragraphs',2,'components_use_cases_paragraphs',50,55),(151,'Products',1,'components_use_cases_products',60,55),(152,'Products',2,'components_use_cases_products',61,55),(153,'Products',3,'components_use_cases_products',62,55),(154,'buttons',1,'components_links_basic_links',300,56),(155,'buttons',2,'components_links_basic_links',301,56),(156,'Paragraphs',1,'components_use_cases_paragraphs',51,56),(157,'Paragraphs',2,'components_use_cases_paragraphs',52,56),(158,'Paragraphs',3,'components_use_cases_paragraphs',53,56),(159,'Products',1,'components_use_cases_products',63,56),(160,'Products',2,'components_use_cases_products',64,56),(161,'Products',3,'components_use_cases_products',65,56),(162,'Products',3,'components_use_cases_products',66,22),(163,'Products',3,'components_use_cases_products',67,2),(164,'Products',3,'components_use_cases_products',68,21),(165,'Products',3,'components_use_cases_products',69,42),(166,'Products',3,'components_use_cases_products',70,44),(167,'Products',3,'components_use_cases_products',71,46);
/*!40000 ALTER TABLE `components_use_cases_calculate_use_cases_components` ENABLE KEYS */;
UNLOCK TABLES;

--
-- Table structure for table `components_use_cases_labels`
--

DROP TABLE IF EXISTS `components_use_cases_labels`;
/*!40101 SET @saved_cs_client     = @@character_set_client */;
/*!40101 SET character_set_client = utf8 */;
CREATE TABLE `components_use_cases_labels` (
  `id` int(10) unsigned NOT NULL AUTO_INCREMENT,
  `name` varchar(255) DEFAULT NULL,
  PRIMARY KEY (`id`)
) ENGINE=InnoDB DEFAULT CHARSET=utf8;
/*!40101 SET character_set_client = @saved_cs_client */;

--
-- Dumping data for table `components_use_cases_labels`
--

LOCK TABLES `components_use_cases_labels` WRITE;
/*!40000 ALTER TABLE `components_use_cases_labels` DISABLE KEYS */;
/*!40000 ALTER TABLE `components_use_cases_labels` ENABLE KEYS */;
UNLOCK TABLES;

--
-- Table structure for table `components_use_cases_metadata`
--

DROP TABLE IF EXISTS `components_use_cases_metadata`;
/*!40101 SET @saved_cs_client     = @@character_set_client */;
/*!40101 SET character_set_client = utf8 */;
CREATE TABLE `components_use_cases_metadata` (
  `id` int(10) unsigned NOT NULL AUTO_INCREMENT,
  `metaTitle` varchar(255) DEFAULT NULL,
  `metaDescription` longtext,
  PRIMARY KEY (`id`)
) ENGINE=InnoDB AUTO_INCREMENT=49 DEFAULT CHARSET=utf8;
/*!40101 SET character_set_client = @saved_cs_client */;

--
-- Dumping data for table `components_use_cases_metadata`
--

LOCK TABLES `components_use_cases_metadata` WRITE;
/*!40000 ALTER TABLE `components_use_cases_metadata` DISABLE KEYS */;
INSERT INTO `components_use_cases_metadata` VALUES (1,'ClimateTrade case studies','Find out how ClimateTradeÔÇÖs carbon offsetting solutions can apply to different sectors, from mobility to e-commerce and financial institutions.'),(3,'ClimateTrade case studies','Find out how ClimateTradeÔÇÖs carbon offsetting solutions can apply to different sectors, from mobility to e-commerce and financial institutions.'),(4,'ClimateTrade case studies','Find out how ClimateTradeÔÇÖs carbon offsetting solutions can apply to different sectors, from mobility to e-commerce and financial institutions.'),(15,'ClimateTrade case studies','Find out how ClimateTradeÔÇÖs carbon offsetting solutions can apply to different sectors, from mobility to e-commerce and financial institutions.'),(18,'ClimateTrade case studies','Find out how ClimateTradeÔÇÖs carbon offsetting solutions can apply to different sectors, from mobility to e-commerce and financial institutions.'),(19,'ClimateTrade case studies','Find out how ClimateTradeÔÇÖs carbon offsetting solutions can apply to different sectors, from mobility to e-commerce and financial institutions.'),(20,'ClimateTrade case studies','Find out how ClimateTradeÔÇÖs carbon offsetting solutions can apply to different sectors, from mobility to e-commerce and financial institutions.'),(21,'ClimateTrade case studies',' Find out how ClimateTradeÔÇÖs carbon offsetting solutions can apply to different sectors, from mobility to e-commerce and financial institutions.'),(22,'ClimateTrade case studies',' Find out how ClimateTradeÔÇÖs carbon offsetting solutions can apply to different sectors, from mobility to e-commerce and financial institutions.'),(31,'Casos de estudio de ClimateTrade','Descubra c├│mo las soluciones de compensaci├│n de carbono de ClimateTrade pueden aplicarse a diferentes sectores, desde la movilidad hasta el comercio electr├│nico y las instituciones financieras.'),(33,'Casos de estudio de ClimateTrade','Descubra c├│mo las soluciones de compensaci├│n de carbono de ClimateTrade pueden aplicarse a diferentes sectores, desde la movilidad hasta el comercio electr├│nico y las instituciones financieras.'),(35,'Casos de estudio de ClimateTrade','Descubra c├│mo las soluciones de compensaci├│n de carbono de ClimateTrade pueden aplicarse a diferentes sectores, desde la movilidad hasta el comercio electr├│nico y las instituciones financieras.'),(37,'Casos de estudio de ClimateTrade','Descubra c├│mo las soluciones de compensaci├│n de carbono de ClimateTrade pueden aplicarse a diferentes sectores, desde la movilidad hasta el comercio electr├│nico y las instituciones financieras.'),(39,'Casos de estudio de ClimateTrade','Descubra c├│mo las soluciones de compensaci├│n de carbono de ClimateTrade pueden aplicarse a diferentes sectores, desde la movilidad hasta el comercio electr├│nico y las instituciones financieras.'),(45,'Casos de estudio de ClimateTrade','Descubra c├│mo las soluciones de compensaci├│n de carbono de ClimateTrade pueden aplicarse a diferentes sectores, desde la movilidad hasta el comercio electr├│nico y las instituciones financieras.'),(46,'Casos de estudio de ClimateTrade','Descubra c├│mo las soluciones de compensaci├│n de carbono de ClimateTrade pueden aplicarse a diferentes sectores, desde la movilidad hasta el comercio electr├│nico y las instituciones financieras.'),(47,'Casos de estudio de ClimateTrade','Descubra c├│mo las soluciones de compensaci├│n de carbono de ClimateTrade pueden aplicarse a diferentes sectores, desde la movilidad hasta el comercio electr├│nico y las instituciones financieras.'),(48,'Casos de estudio de ClimateTrade','Descubra c├│mo las soluciones de compensaci├│n de carbono de ClimateTrade pueden aplicarse a diferentes sectores, desde la movilidad hasta el comercio electr├│nico y las instituciones financieras.');
/*!40000 ALTER TABLE `components_use_cases_metadata` ENABLE KEYS */;
UNLOCK TABLES;

--
-- Table structure for table `components_use_cases_metadata_components`
--

DROP TABLE IF EXISTS `components_use_cases_metadata_components`;
/*!40101 SET @saved_cs_client     = @@character_set_client */;
/*!40101 SET character_set_client = utf8 */;
CREATE TABLE `components_use_cases_metadata_components` (
  `id` int(10) unsigned NOT NULL AUTO_INCREMENT,
  `field` varchar(255) NOT NULL,
  `order` int(10) unsigned NOT NULL,
  `component_type` varchar(255) NOT NULL,
  `component_id` int(11) NOT NULL,
  `components_use_cases_metadatum_id` int(10) unsigned NOT NULL,
  PRIMARY KEY (`id`),
  KEY `components_use_cases_metadatum_id_fk` (`components_use_cases_metadatum_id`),
  CONSTRAINT `components_use_cases_metadatum_id_fk` FOREIGN KEY (`components_use_cases_metadatum_id`) REFERENCES `components_use_cases_metadata` (`id`) ON DELETE CASCADE
) ENGINE=InnoDB AUTO_INCREMENT=19 DEFAULT CHARSET=utf8;
/*!40101 SET character_set_client = @saved_cs_client */;

--
-- Dumping data for table `components_use_cases_metadata_components`
--

LOCK TABLES `components_use_cases_metadata_components` WRITE;
/*!40000 ALTER TABLE `components_use_cases_metadata_components` DISABLE KEYS */;
INSERT INTO `components_use_cases_metadata_components` VALUES (1,'openGraph',1,'components_meta_open_graphs',13,4),(2,'openGraph',1,'components_meta_open_graphs',14,48),(3,'openGraph',1,'components_meta_open_graphs',15,20),(4,'openGraph',1,'components_meta_open_graphs',16,35),(5,'openGraph',1,'components_meta_open_graphs',17,18),(6,'openGraph',1,'components_meta_open_graphs',18,31),(7,'openGraph',1,'components_meta_open_graphs',19,22),(8,'openGraph',1,'components_meta_open_graphs',20,45),(9,'openGraph',1,'components_meta_open_graphs',21,1),(10,'openGraph',1,'components_meta_open_graphs',22,37),(11,'openGraph',1,'components_meta_open_graphs',23,15),(12,'openGraph',1,'components_meta_open_graphs',24,47),(13,'openGraph',1,'components_meta_open_graphs',25,21),(14,'openGraph',1,'components_meta_open_graphs',26,39),(15,'openGraph',1,'components_meta_open_graphs',27,3),(16,'openGraph',1,'components_meta_open_graphs',28,46),(17,'openGraph',1,'components_meta_open_graphs',29,19),(18,'openGraph',1,'components_meta_open_graphs',30,33);
/*!40000 ALTER TABLE `components_use_cases_metadata_components` ENABLE KEYS */;
UNLOCK TABLES;

--
-- Table structure for table `components_use_cases_paragraphs`
--

DROP TABLE IF EXISTS `components_use_cases_paragraphs`;
/*!40101 SET @saved_cs_client     = @@character_set_client */;
/*!40101 SET character_set_client = utf8 */;
CREATE TABLE `components_use_cases_paragraphs` (
  `id` int(10) unsigned NOT NULL AUTO_INCREMENT,
  `text` longtext,
  PRIMARY KEY (`id`)
) ENGINE=InnoDB AUTO_INCREMENT=54 DEFAULT CHARSET=utf8;
/*!40101 SET character_set_client = @saved_cs_client */;

--
-- Dumping data for table `components_use_cases_paragraphs`
--

LOCK TABLES `components_use_cases_paragraphs` WRITE;
/*!40000 ALTER TABLE `components_use_cases_paragraphs` DISABLE KEYS */;
INSERT INTO `components_use_cases_paragraphs` VALUES (1,'ClimateTrade is a strategic carbon neutrality partner for the event sector. Our carbon footprint calculation methodology follows the guidelines of the GHG Protocol. With a simple Google Form, we collect the information necessary and send organizers an estimation of the emissions generated at a given event. We then guide them through the registration and offset process on our marketplace.'),(2,'Large organizations with satellite events can integrate our API to let side event organizers offset their carbon footprint directly from their platform.'),(3,'ClimateTrade has developed a carbon footprint calculator that can be directly integrated into mobility websites and apps. After calculating the emissions associated with a specific car ride, our API makes it possible for providers to offset this footprint themselves, or to give that option to their end users.'),(4,'This is a great option for ride-sharing apps or car rental providers, and it could be used by any company with a fleet: when insurers begin pricing their premiums based on vehiclesÔÇÖ emissions, automated CO2 footprint calculation and offsetting will become indispensable.'),(5,'ClimateTrade offers automated carbon footprint calculation for flights, as well as the possibility to offset emissions directly from their airlineÔÇÖs website through our API.'),(6,'Customers get a summary of the emissions generated by their flights during the check-out process, and can choose to make a financial contribution to a climate mitigation project to offset them ÔÇô without ever leaving the airlineÔÇÖs website.'),(7,'ClimateTrade offers an automated carbon footprint calculator for the construction sector, which can be used alone or implemented alongside the ClimateTrade API or Widget for carbon offsetting.'),(8,'The calculator takes all construction processes into account (materials, machinery, transport, etc) along all phases of a buildingÔÇÖ life cycle (manufacturing, construction, use and deconstruction). It facilitates environmental impact assessment in what is a notoriously hard-to-abate sector.'),(9,'Once calculated, emissions can be offset via the ClimateTrade marketplace or via the ClimateTrade API: for instance, when a sector association decides to integrate the API to offer carbon footprint offsetting to its members.'),(10,'To support sustainable tourism, ClimateTrade offers several carbon offsetting solutions for tourism operators including travel agencies and hotels. The ClimateTrade API can be integrated into the platform of any accommodation or experience to allow final customers to visualize and offset the emissions of their holidays.'),(11,'Depending on the type of operator using the solution, our automated building calculator or event emissions survey can be used as a complement to the API, helping to assess CO2 impact automatically and accurately. '),(12,'These services allow tourism operators and destinations to position themselves as committed to sustainability and climate action.'),(13,'ClimateTradeÔÇÖs API and Widget can be incorporated into the websites of chambers of commerce to allow all their corporate members to calculate and offset their carbon footprint.'),(14,'This becomes an added service for chambers of commerce, with a local approach to impact, since these organizations can choose local mitigation projects for their member companies to offset their emissions. Companies that choose to offset automatically receive a nominal certificate with information about said project.'),(15,'The ClimateTrade API can be integrated into any e-commerce platform to display the carbon footprint of a product or service to buyers at check-out and allow them to offset it.'),(16,'Companies can either pre-purchase carbon credits to sell to the end customers that wish to offset emissions, or simply let the customers themselves buy the credits at check-out. This gives a tremendous competitive advantage to e-commerce operators, who can advertise their products or their entire marketplace as carbon-neutral.'),(17,'The ClimateTrade API can be integrated into banking platforms and mobile applications to offer end clients the option to offset the carbon footprint of their transactions. '),(18,'In this case, a periodical report is sent to customers with a summary of their transactions and associated CO2 emissions. When they choose to offset their footprint, the corresponding monetary amount is debited directly from their account. At the end of the offset process, they automatically receive a personalized certificate with information about the project they have supported with their contribution.'),(19,'The growth of cryptocurrencies and blockchain transactions has raised questions about this sectorÔÇÖs carbon footprint. In order to power the future of business, blockchain networks need to act to reduce and offset their impact.'),(20,'Being based on blockchain, ClimateTrade has a deep understanding of this sectorÔÇÖs decarbonization needs, and has developed a number of solutions to support it.'),(21,'At the end of the process, travelers receive a nominative certificate with details about the project they supported.'),(31,'ClimateTrade ofrece una calculadora de huella de carbono automatizada para el sector de la construcci├│n, que se puede usar sola o implementar junto con la API o el widget de ClimateTrade para la compensaci├│n de carbono.'),(32,'La calculadora tiene en cuenta todos los procesos de construcci├│n (materiales, maquinaria, transporte, etc.) a lo largo de todas las fases del ciclo de vida de un edificio (fabricaci├│n, construcci├│n, uso y deconstrucci├│n). Facilita la evaluaci├│n del impacto ambiental en lo que es un sector notoriamente dif├¡cil de reducir.'),(33,'Una vez calculadas, las emisiones pueden compensarse a trav├®s del mercado de ClimateTrade o de la API de ClimateTrade: por ejemplo, cuando una asociaci├│n del sector decide integrar la API para ofrecer compensaci├│n de la huella de carbono a sus miembros.'),(34,'Para apoyar el turismo sostenible, ClimateTrade ofrece varias soluciones de compensaci├│n de carbono para operadores tur├¡sticos, incluidas agencias de viajes y hoteles. La API de ClimateTrade se puede integrar en la plataforma de cualquier alojamiento o experiencia para permitir a los clientes finales visualizar y compensar las emisiones de sus vacaciones.'),(35,'Seg├║n el tipo de operador que utilice la soluci├│n, nuestra calculadora de edificios automatizada o la encuesta de emisiones de eventos se pueden utilizar como complemento de la API, lo que ayuda a evaluar el impacto del CO2 de forma autom├ítica y precisa.'),(36,'Estos servicios permiten a los operadores y destinos tur├¡sticos posicionarse como comprometidos con la sostenibilidad y la acci├│n clim├ítica.'),(37,'La API y el widget de ClimateTrade se pueden incorporar a los sitios web de las c├ímaras de comercio para permitir que todos sus miembros corporativos calculen y compensen su huella de carbono.'),(38,'Esto se convierte en un servicio agregado para las c├ímaras de comercio, con un enfoque local de impacto, ya que estas organizaciones pueden elegir proyectos locales de mitigaci├│n para que sus empresas asociadas compensen sus emisiones. Las empresas que optan por compensar reciben autom├íticamente un certificado nominal con informaci├│n sobre dicho proyecto.'),(39,'La API de ClimateTrade se puede integrar en cualquier plataforma de comercio electr├│nico para mostrar la huella de carbono de un producto o servicio a los compradores al momento de pagar y permitirles compensarla.'),(40,'Las empresas pueden precomprar cr├®ditos de carbono para venderlos a los clientes finales que deseen compensar las emisiones, o simplemente dejar que los propios clientes compren los cr├®ditos al momento de pagar. Esto brinda una tremenda ventaja competitiva a los operadores de comercio electr├│nico, que pueden anunciar sus productos o todo su mercado como neutral en carbono.'),(41,'La API de ClimateTrade se puede integrar en plataformas bancarias y aplicaciones m├│viles para ofrecer a los clientes finales la opci├│n de compensar la huella de carbono de sus transacciones.'),(42,'En este caso, se env├¡a un informe peri├│dico a los clientes con un resumen de sus transacciones y las emisiones de CO2 asociadas. Cuando optan por compensar su huella, la cantidad monetaria correspondiente se debita directamente de su cuenta. Al finalizar el proceso de compensaci├│n, reciben autom├íticamente un certificado personalizado con informaci├│n sobre el proyecto que han apoyado con su aporte.'),(43,'El crecimiento de las criptomonedas y las transacciones de blockchain ha planteado dudas sobre la huella de carbono de este sector. Para impulsar el futuro de los negocios, las redes de blockchain deben actuar para reducir y compensar su impacto.'),(44,'Al estar basado en blockchain, ClimateTrade tiene un profundo conocimiento de las necesidades de descarbonizaci├│n de este sector y ha desarrollado una serie de soluciones para apoyarlo.'),(47,'ClimateTrade ha desarrollado una calculadora de huella de carbono que se puede integrar directamente en sitios web y aplicaciones de movilidad. Despu├®s de calcular las emisiones asociadas con un viaje en autom├│vil espec├¡fico, nuestra API hace posible que los proveedores compensen esta huella por s├¡ mismos o le den esa opci├│n a sus usuarios finales.'),(48,'Esta es una excelente opci├│n para las aplicaciones de viajes compartidos o los proveedores de alquiler de autom├│viles, y podr├¡a ser utilizada por cualquier empresa con una flota: cuando las aseguradoras comiencen a fijar el precio de sus primas en funci├│n de las emisiones de los veh├¡culos, el c├ílculo y la compensaci├│n automatizados de la huella de CO2 ser├ín indispensables.'),(49,'ClimateTrade es un socio estrat├®gico de neutralidad de carbono para el sector de eventos. Nuestra metodolog├¡a de c├ílculo de la huella de carbono sigue los lineamientos del GHG Protocol. Con un simple formulario de Google recopilamos la informaci├│n necesaria y enviamos a los organizadores una estimaci├│n de las emisiones generadas en un determinado evento. Luego los guiamos a trav├®s del proceso de registro y compensaci├│n en nuestro mercado.'),(50,'Las grandes organizaciones con eventos sat├®lite pueden integrar nuestra API para permitir que los organizadores de eventos paralelos compensen su huella de carbono directamente desde su plataforma.'),(51,'ClimateTrade ofrece el c├ílculo automatizado de la huella de carbono de los vuelos, as├¡ como la posibilidad de compensar las emisiones directamente desde el sitio web de su aerol├¡nea a trav├®s de nuestra API.'),(52,'Los clientes obtienen un resumen de las emisiones generadas por sus vuelos durante el proceso de pago y pueden optar por hacer una contribuci├│n financiera a un proyecto de mitigaci├│n clim├ítica para compensarlas, sin tener que salir del sitio web de la aerol├¡nea.'),(53,'Al final del proceso, los viajeros reciben un certificado nominativo con detalles sobre el proyecto que apoyaron.');
/*!40000 ALTER TABLE `components_use_cases_paragraphs` ENABLE KEYS */;
UNLOCK TABLES;

--
-- Table structure for table `components_use_cases_products`
--

DROP TABLE IF EXISTS `components_use_cases_products`;
/*!40101 SET @saved_cs_client     = @@character_set_client */;
/*!40101 SET character_set_client = utf8 */;
CREATE TABLE `components_use_cases_products` (
  `id` int(10) unsigned NOT NULL AUTO_INCREMENT,
  `title` varchar(255) DEFAULT NULL,
  `subtitle` longtext,
  `url` varchar(255) DEFAULT NULL,
  `verbs` varchar(255) DEFAULT NULL,
  `iconText` varchar(255) DEFAULT NULL,
  `num` bigint(20) DEFAULT NULL,
  PRIMARY KEY (`id`)
) ENGINE=InnoDB AUTO_INCREMENT=96 DEFAULT CHARSET=utf8;
/*!40101 SET character_set_client = @saved_cs_client */;

--
-- Dumping data for table `components_use_cases_products`
--

LOCK TABLES `components_use_cases_products` WRITE;
/*!40000 ALTER TABLE `components_use_cases_products` DISABLE KEYS */;
INSERT INTO `components_use_cases_products` VALUES (2,'Use our API to calculate your footprint','Calculate the carbon footprint linked to any product or service using our API','/products/api','get','API',NULL),(3,'Offset at checkout','Provide your customers an easy way to offset their footprint by integrating our widget in your checkout','/products/widget','post','Widget',NULL),(4,'Use our API to offset your footprint','Easily offset carbon footprint using our API','/products/api','get','API',NULL),(5,'Use our API to calculate your footprint','Calculate the carbon footprint linked to any product or service using our API','/products/api','get','API',NULL),(6,'Offset at checkout','Provide your customers an easy way to offset their footprint by integrating our widget in your checkout','/products/widget','post','Widget',NULL),(7,'Use our API to offset your footprint','Easily offset carbon footprint using our API','/products/api','get','API',NULL),(8,'Use our API to calculate your footprint','Calculate the carbon footprint linked to any product or service using our API','/products/api','get','API',NULL),(9,'Offset at checkout','Provide your customers an easy way to offset their footprint by integrating our widget in your checkout','/products/widget','post','Widget',NULL),(10,'Use our API to offset your footprint','Easily offset carbon footprint using our API','/products/api','get','API',NULL),(11,' Use our API to calculate your footprint','Calculate the carbon footprint linked to any product or service using our API','/products/api','get','API',NULL),(12,'Offset at checkout','Provide your customers an easy way to offset their footprint by integrating our widget in your checkout','/products/widget','post','Widget',NULL),(13,'Use our API to offset your footprint','Easily offset carbon footprint using our API','/products/api','get','API',NULL),(14,' Use our API to calculate your footprint','Calculate the carbon footprint linked to any product or service using our API','/products/api','get','API',NULL),(15,'Offset at checkout','Provide your customers an easy way to offset their footprint by integrating our widget in your checkout','/products/widget','post','Widget',NULL),(16,'Use our API to offset your footprint','Easily offset carbon footprint using our API','/products/api','get','API',NULL),(19,'Use our API to calculate your footprint','Calculate the carbon footprint linked to any product or service using our API','/products/api','get','API',NULL),(20,'Offset at checkout','Provide your customers an easy way to offset their footprint by integrating our widget in your checkout','/products/widget','post','Widget',NULL),(21,'Use our API to calculate your footprint','Calculate the carbon footprint linked to any product or service using our API','/products/api','get','API',NULL),(22,'Offset at checkout','Provide your customers an easy way to offset their footprint by integrating our widget in your checkout','/products/widget','post','Widget',NULL),(23,'Use our API to calculate your footprint','Calculate the carbon footprint linked to any product or service using our API','/products/api','get','API',NULL),(24,'Offset at checkout','Provide your customers an easy way to offset their footprint by integrating our widget in your checkout','/products/widget','post','Widget',NULL),(25,'Use our API to calculate your footprint','Calculate the carbon footprint linked to any product or service using our API','/products/api','get','API',NULL),(26,'Offset at checkout','Provide your customers an easy way to offset their footprint by integrating our widget in your checkout','/products/widget','post','Widget',NULL),(27,'Use our API to offset your footprint','Easily offset carbon footprint using our API','/products/api','get','API',NULL),(28,'Usa nuestra API para calcular tu huella','Calcula la huella de carbono vinculada a cualquier producto o servicio utilizando nuestra API','/es/products/api','get','API',NULL),(29,'Compensaci├│n al finalizar la compra','Proporcione a sus clientes una manera f├ícil de compensar su huella integrando nuestro widget en su proceso de pago','/es/products/widget','post','Widget',NULL),(30,'Utilice nuestra API para compensar su huella','Compensa f├ícilmente la huella de carbono usando nuestra API','/products/api','get','API',NULL),(31,'Usa nuestra API para calcular tu huella','Calcula la huella de carbono vinculada a cualquier producto o servicio utilizando nuestra API','/es/products/api','get','API',NULL),(32,'Compensaci├│n al finalizar la compra','Proporcione a sus clientes una manera f├ícil de compensar su huella integrando nuestro widget en su proceso de pago','/es/products/widget','post','Widget',NULL),(33,'Utilice nuestra API para compensar su huella','Compensa f├ícilmente la huella de carbono usando nuestra API','/es/products/api','get','API',NULL),(36,'Usa nuestra API para calcular tu huella','Calcula la huella de carbono vinculada a cualquier producto o servicio utilizando nuestra API','/es/products/api','get','API',NULL),(37,'Compensaci├│n al finalizar la compra','Proporcione a sus clientes una manera f├ícil de compensar su huella integrando nuestro widget en su proceso de pago','/es/products/widget','post','Widget',NULL),(38,'Usa nuestra API para calcular tu huella','Calcula la huella de carbono vinculada a cualquier producto o servicio utilizando nuestra API','/es/products/api','get','API',NULL),(39,'Compensaci├│n al finalizar la compra','Proporcione a sus clientes una manera f├ícil de compensar su huella integrando nuestro widget en su proceso de pago','/es/products/widget','post','Widget',NULL),(40,'Usa nuestra API para calcular tu huella','Calcula la huella de carbono vinculada a cualquier producto o servicio utilizando nuestra API','/es/products/api','get','API',NULL),(41,'Compensaci├│n al finalizar la compra','Proporcione a sus clientes una manera f├ícil de compensar su huella integrando nuestro widget en su proceso de pago','/es/products/widget','post','Widget',NULL),(42,'Usa nuestra API para calcular tu huella','Calcula la huella de carbono vinculada a cualquier producto o servicio utilizando nuestra API','/es/products/api','get','API',NULL),(43,'Compensaci├│n al finalizar la compra','Proporcione a sus clientes una manera f├ícil de compensar su huella integrando nuestro widget en su proceso de pago','/es/products/widget','post','Widget',NULL),(44,'Utilice nuestra API para compensar su huella','Compensa f├ícilmente la huella de carbono usando nuestra API','/es/products/api','get','API',NULL),(57,'Usa nuestra API para calcular tu huella','Calcula la huella de carbono vinculada a cualquier producto o servicio utilizando nuestra API','/es/products/api','get','API',NULL),(58,' Compensaci├│n al finalizar la compra','Proporcione a sus clientes una manera f├ícil de compensar su huella integrando nuestro widget en su proceso de pago','/es/products/widget','post','Widget',NULL),(59,'Utilice nuestra API para compensar su huella','Compensa f├ícilmente la huella de carbono usando nuestra API','/es/products/api','get','API',NULL),(60,'Usa nuestra API para calcular tu huella','Calcula la huella de carbono vinculada a cualquier producto o servicio utilizando nuestra API','/es/products/api','get','API',NULL),(61,'Compensaci├│n al finalizar la compra','Proporcione a sus clientes una manera f├ícil de compensar su huella integrando nuestro widget en su proceso de pago\n','/es/products/widget','post','Widget',NULL),(62,'Utilice nuestra API para compensar su huella','Compensa f├ícilmente la huella de carbono usando nuestra API','/es/products/api','get','API',NULL),(63,'Usa nuestra API para calcular tu huella','Calcula la huella de carbono vinculada a cualquier producto o servicio utilizando nuestra API','/es/products/api','get','API',NULL),(64,'Compensaci├│n al finalizar la compra','Proporcione a sus clientes una manera f├ícil de compensar su huella integrando nuestro widget en su proceso de pago','/es/products/widget','post','Widget',NULL),(65,'Utilice nuestra API para compensar su huella','Compensa f├ícilmente la huella de carbono usando nuestra API','/es/products/api','get','API',NULL),(66,'Use our API to offset your footprint','Easily offset carbon footprint using our API','/products/api','get','API',NULL),(67,'Use our API to offset your footprint','Easily offset carbon footprint using our API','/products/api','get','API',NULL),(68,'Use our API to offset your footprint','Easily offset carbon footprint using our API','/products/api','get','API',NULL),(69,'Utilice nuestra API para compensar su huella','Compensa f├ícilmente la huella de carbono usando nuestra API','/es/products/api','get','API',NULL),(70,'Utilice nuestra API para compensar su huella','Compensa f├ícilmente la huella de carbono usando nuestra API','/es/products/api','get','API',NULL),(71,'Utilice nuestra API para compensar su huella','Compensa f├ícilmente la huella de carbono usando nuestra API','/es/products/api','get','API',NULL),(90,'Regístrate','Crea una cuenta para tu organización y accede al catálogo completos de APIs.',NULL,NULL,'adduser',1),(91,'Personaliza','Selecciona las APIs que mejor se ajustan a tus necesidades y descubre todo lo que puedes conseguir con ellas.',NULL,NULL,'settings',2),(92,'Desarrolla','En breve tendrás integradas las APIs en tu plataforma para comenzar a vender y gestionar los productos.',NULL,NULL,'code',3);
/*!40000 ALTER TABLE `components_use_cases_products` ENABLE KEYS */;
UNLOCK TABLES;

--
-- Table structure for table `components_use_cases_use_cases`
--

DROP TABLE IF EXISTS `components_use_cases_use_cases`;
/*!40101 SET @saved_cs_client     = @@character_set_client */;
/*!40101 SET character_set_client = utf8 */;
CREATE TABLE `components_use_cases_use_cases` (
  `id` int(10) unsigned NOT NULL AUTO_INCREMENT,
  PRIMARY KEY (`id`)
) ENGINE=InnoDB DEFAULT CHARSET=utf8;
/*!40101 SET character_set_client = @saved_cs_client */;

--
-- Dumping data for table `components_use_cases_use_cases`
--

LOCK TABLES `components_use_cases_use_cases` WRITE;
/*!40000 ALTER TABLE `components_use_cases_use_cases` DISABLE KEYS */;
/*!40000 ALTER TABLE `components_use_cases_use_cases` ENABLE KEYS */;
UNLOCK TABLES;

--
-- Table structure for table `components_use_cases_use_cases_components`
--

DROP TABLE IF EXISTS `components_use_cases_use_cases_components`;
/*!40101 SET @saved_cs_client     = @@character_set_client */;
/*!40101 SET character_set_client = utf8 */;
CREATE TABLE `components_use_cases_use_cases_components` (
  `id` int(10) unsigned NOT NULL AUTO_INCREMENT,
  `field` varchar(255) NOT NULL,
  `order` int(10) unsigned NOT NULL,
  `component_type` varchar(255) NOT NULL,
  `component_id` int(11) NOT NULL,
  `components_use_cases_use_case_id` int(10) unsigned NOT NULL,
  PRIMARY KEY (`id`),
  KEY `components_use_cases_use_case_id_fk` (`components_use_cases_use_case_id`),
  CONSTRAINT `components_use_cases_use_case_id_fk` FOREIGN KEY (`components_use_cases_use_case_id`) REFERENCES `components_use_cases_use_cases` (`id`) ON DELETE CASCADE
) ENGINE=InnoDB DEFAULT CHARSET=utf8;
/*!40101 SET character_set_client = @saved_cs_client */;

--
-- Dumping data for table `components_use_cases_use_cases_components`
--

LOCK TABLES `components_use_cases_use_cases_components` WRITE;
/*!40000 ALTER TABLE `components_use_cases_use_cases_components` DISABLE KEYS */;
/*!40000 ALTER TABLE `components_use_cases_use_cases_components` ENABLE KEYS */;
UNLOCK TABLES;

--
-- Table structure for table `contacts`
--

DROP TABLE IF EXISTS `contacts`;
/*!40101 SET @saved_cs_client     = @@character_set_client */;
/*!40101 SET character_set_client = utf8 */;
CREATE TABLE `contacts` (
  `id` int(10) unsigned NOT NULL AUTO_INCREMENT,
  `name` varchar(255) DEFAULT NULL,
  `email` varchar(255) DEFAULT NULL,
  `subject` longtext,
  `message` varchar(255) DEFAULT NULL,
  `status` varchar(255) DEFAULT NULL,
  `published_at` datetime DEFAULT NULL,
  `created_by` int(11) DEFAULT NULL,
  `updated_by` int(11) DEFAULT NULL,
  `created_at` timestamp NULL DEFAULT CURRENT_TIMESTAMP,
  `updated_at` timestamp NULL DEFAULT CURRENT_TIMESTAMP,
  `locale` varchar(255) DEFAULT NULL,
  PRIMARY KEY (`id`)
) ENGINE=InnoDB AUTO_INCREMENT=42 DEFAULT CHARSET=utf8;
/*!40101 SET character_set_client = @saved_cs_client */;

--
-- Dumping data for table `contacts`
--

LOCK TABLES `contacts` WRITE;
/*!40000 ALTER TABLE `contacts` DISABLE KEYS */;
INSERT INTO `contacts` VALUES (1,'string','cosner1@gmail.com','string','string','pending','2021-07-12 01:40:38',NULL,NULL,'2021-07-12 01:44:12','2021-07-12 01:44:12','en'),(25,'uziel','utcolon18@gmail.com','asunto','mensaje','pending','2021-07-13 21:26:53',NULL,NULL,'2021-07-13 21:26:53','2021-07-13 21:26:53','en'),(28,'Uziel','uziel.trujillo.mx@cloudappi.net','mensaje','prueba de mensaje','pending','2021-07-14 14:34:49',NULL,NULL,'2021-07-14 14:34:49','2021-07-14 14:34:49','en'),(29,'uziel','uziel.trujillo.mx@cloudappi.net','nuevo asunto','mensaje de prueba','pending','2021-07-14 14:39:37',NULL,NULL,'2021-07-14 14:39:37','2021-07-14 14:39:37','en'),(30,'uziel','uziel.trujillo.mx@cloudappi.net','asunto','mensaje de prueba','pending','2021-07-14 17:22:12',NULL,NULL,'2021-07-14 17:22:12','2021-07-14 17:22:12','en'),(33,'Uziel','uziel.trujillo@gmail.com','Asunto','mensaje','pending','2021-07-14 20:33:55',NULL,NULL,'2021-07-14 20:33:55','2021-07-14 20:33:55','en'),(41,'Uziel trujillo','uziel.trujillo.mx@cloudappi.net','prueba','Formulario de contacto de prueba','pending','2021-07-26 15:46:34',NULL,NULL,'2021-07-26 15:46:34','2021-07-26 15:46:34','en');
/*!40000 ALTER TABLE `contacts` ENABLE KEYS */;
UNLOCK TABLES;

--
-- Table structure for table `contacts__localizations`
--

DROP TABLE IF EXISTS `contacts__localizations`;
/*!40101 SET @saved_cs_client     = @@character_set_client */;
/*!40101 SET character_set_client = utf8 */;
CREATE TABLE `contacts__localizations` (
  `id` int(10) unsigned NOT NULL AUTO_INCREMENT,
  `contact_id` int(11) DEFAULT NULL,
  `related_contact_id` int(11) DEFAULT NULL,
  PRIMARY KEY (`id`)
) ENGINE=InnoDB DEFAULT CHARSET=utf8;
/*!40101 SET character_set_client = @saved_cs_client */;

--
-- Dumping data for table `contacts__localizations`
--

LOCK TABLES `contacts__localizations` WRITE;
/*!40000 ALTER TABLE `contacts__localizations` DISABLE KEYS */;
/*!40000 ALTER TABLE `contacts__localizations` ENABLE KEYS */;
UNLOCK TABLES;

--
-- Table structure for table `core_store`
--

DROP TABLE IF EXISTS `core_store`;
/*!40101 SET @saved_cs_client     = @@character_set_client */;
/*!40101 SET character_set_client = utf8 */;
CREATE TABLE `core_store` (
  `id` int(10) unsigned NOT NULL AUTO_INCREMENT,
  `key` varchar(255) DEFAULT NULL,
  `value` longtext,
  `type` varchar(255) DEFAULT NULL,
  `environment` varchar(255) DEFAULT NULL,
  `tag` varchar(255) DEFAULT NULL,
  PRIMARY KEY (`id`)
) ENGINE=InnoDB AUTO_INCREMENT=814 DEFAULT CHARSET=utf8;
/*!40101 SET character_set_client = @saved_cs_client */;

--
-- Dumping data for table `core_store`
--

LOCK TABLES `core_store` WRITE;
/*!40000 ALTER TABLE `core_store` DISABLE KEYS */;
INSERT INTO `core_store` VALUES (1,'model_def_strapi::core-store','{\"uid\":\"strapi::core-store\",\"collectionName\":\"core_store\",\"info\":{\"name\":\"core_store\",\"description\":\"\"},\"options\":{\"timestamps\":false},\"pluginOptions\":{\"content-manager\":{\"visible\":false},\"content-type-builder\":{\"visible\":false}},\"attributes\":{\"key\":{\"type\":\"string\"},\"value\":{\"type\":\"text\"},\"type\":{\"type\":\"string\"},\"environment\":{\"type\":\"string\"},\"tag\":{\"type\":\"string\"}}}','object',NULL,NULL),(2,'model_def_elements.feature-column','{\"uid\":\"elements.feature-column\",\"collectionName\":\"components_slices_feature_columns\",\"info\":{\"name\":\"FeatureColumn\",\"icon\":\"align-center\",\"description\":\"\"},\"options\":{\"timestamps\":false},\"attributes\":{\"title\":{\"type\":\"string\",\"required\":true},\"description\":{\"type\":\"text\"},\"icon\":{\"model\":\"file\",\"via\":\"related\",\"allowedTypes\":[\"images\"],\"plugin\":\"upload\",\"required\":false,\"pluginOptions\":{}},\"keyword\":{\"type\":\"string\"}}}','object',NULL,NULL),(3,'model_def_elements.feature-row','{\"uid\":\"elements.feature-row\",\"collectionName\":\"components_slices_feature_rows\",\"info\":{\"name\":\"FeatureRow\",\"icon\":\"arrows-alt-h\",\"description\":\"\"},\"options\":{\"timestamps\":false},\"attributes\":{\"title\":{\"type\":\"string\",\"required\":true},\"description\":{\"type\":\"text\"},\"icon\":{\"model\":\"file\",\"via\":\"related\",\"allowedTypes\":[\"images\",\"videos\"],\"plugin\":\"upload\",\"required\":false,\"pluginOptions\":{}},\"link\":{\"type\":\"component\",\"repeatable\":false,\"component\":\"links.link\"}}}','object',NULL,NULL),(4,'model_def_elements.feature','{\"uid\":\"elements.feature\",\"collectionName\":\"components_elements_features\",\"info\":{\"name\":\"feature\",\"icon\":\"traffic-light\",\"description\":\"\"},\"options\":{\"timestamps\":false},\"attributes\":{\"name\":{\"type\":\"string\"},\"icon\":{\"collection\":\"file\",\"via\":\"related\",\"allowedTypes\":[\"images\",\"files\",\"videos\"],\"plugin\":\"upload\",\"required\":false,\"pluginOptions\":{}}}}','object',NULL,NULL),(5,'model_def_elements.footer-section','{\"uid\":\"elements.footer-section\",\"collectionName\":\"components_links_footer_sections\",\"info\":{\"name\":\"FooterSection\",\"icon\":\"chevron-circle-down\",\"description\":\"\"},\"options\":{\"timestamps\":false},\"attributes\":{\"title\":{\"type\":\"string\"},\"subtext\":{\"type\":\"string\"},\"links\":{\"type\":\"component\",\"repeatable\":true,\"component\":\"links.link\"},\"drop\":{\"type\":\"boolean\"}}}','object',NULL,NULL),(6,'model_def_elements.logos','{\"uid\":\"elements.logos\",\"collectionName\":\"components_elements_logos\",\"info\":{\"name\":\"logos\",\"icon\":\"apple-alt\"},\"options\":{\"timestamps\":false},\"attributes\":{\"title\":{\"type\":\"string\"},\"logo\":{\"model\":\"file\",\"via\":\"related\",\"allowedTypes\":[\"images\"],\"plugin\":\"upload\",\"required\":false}}}','object',NULL,NULL),(7,'model_def_elements.notification-banner','{\"uid\":\"elements.notification-banner\",\"collectionName\":\"components_elements_notification_banners\",\"info\":{\"name\":\"NotificationBanner\",\"icon\":\"exclamation\",\"description\":\"\"},\"options\":{\"timestamps\":false},\"attributes\":{\"title\":{\"type\":\"string\"},\"body\":{\"type\":\"component\",\"repeatable\":true,\"component\":\"texts.link-text\"},\"type\":{\"type\":\"enumeration\",\"enum\":[\"alert\",\"info\",\"warning\"],\"required\":false},\"icon\":{\"collection\":\"file\",\"via\":\"related\",\"allowedTypes\":[\"images\",\"files\",\"videos\"],\"plugin\":\"upload\",\"required\":false}}}','object',NULL,NULL),(8,'model_def_elements.plan','{\"uid\":\"elements.plan\",\"collectionName\":\"components_elements_plans\",\"info\":{\"name\":\"plan\",\"icon\":\"search-dollar\"},\"options\":{\"timestamps\":false},\"attributes\":{\"name\":{\"type\":\"string\"},\"description\":{\"type\":\"text\"},\"features\":{\"type\":\"component\",\"repeatable\":true,\"component\":\"elements.feature\"},\"isRecommended\":{\"type\":\"boolean\"},\"price\":{\"type\":\"decimal\"},\"pricePeriod\":{\"type\":\"string\"}}}','object',NULL,NULL),(9,'model_def_elements.testimonial','{\"uid\":\"elements.testimonial\",\"collectionName\":\"components_slices_testimonials\",\"info\":{\"name\":\"Testimonial\",\"icon\":\"user-check\",\"description\":\"\"},\"options\":{\"timestamps\":false},\"attributes\":{\"title\":{\"type\":\"string\"},\"description\":{\"type\":\"richtext\"},\"keyword\":{\"type\":\"string\"},\"authorName\":{\"type\":\"string\"},\"authorTitle\":{\"type\":\"string\"},\"icon\":{\"model\":\"file\",\"via\":\"related\",\"allowedTypes\":[\"images\"],\"plugin\":\"upload\",\"required\":false,\"pluginOptions\":{}},\"bigIcon\":{\"model\":\"file\",\"via\":\"related\",\"allowedTypes\":[\"images\"],\"plugin\":\"upload\",\"required\":false,\"pluginOptions\":{}},\"buttonLink\":{\"type\":\"component\",\"repeatable\":true,\"component\":\"links.button-link\"}}}','object',NULL,NULL),(10,'model_def_layout.footer','{\"uid\":\"layout.footer\",\"collectionName\":\"components_layout_footers\",\"info\":{\"name\":\"Footer\",\"icon\":\"caret-square-down\"},\"options\":{\"timestamps\":false},\"attributes\":{\"idContentType\":{\"type\":\"uid\"},\"redirectLinks\":{\"type\":\"component\",\"repeatable\":true,\"component\":\"elements.redirect-links\"},\"logotype\":{\"type\":\"component\",\"repeatable\":false,\"component\":\"elements.logotype\"},\"copyright\":{\"type\":\"string\"},\"sharing\":{\"type\":\"component\",\"repeatable\":true,\"component\":\"elements.social-network\"}}}','object',NULL,NULL),(11,'model_def_layout.navbar','{\"uid\":\"layout.navbar\",\"collectionName\":\"components_layout_navbars\",\"info\":{\"name\":\"Navbar\",\"icon\":\"map-signs\",\"description\":\"\"},\"options\":{\"timestamps\":false},\"attributes\":{\"idContentType\":{\"type\":\"uid\"},\"logotype\":{\"type\":\"component\",\"repeatable\":false,\"component\":\"elements.logotype\"},\"navbarColumns\":{\"type\":\"component\",\"repeatable\":true,\"component\":\"elements.navbar-columns\"},\"button\":{\"type\":\"component\",\"repeatable\":true,\"component\":\"links.button-link\"}}}','object',NULL,NULL),(12,'model_def_links.button-link','{\"uid\":\"links.button-link\",\"collectionName\":\"components_links_buttons\",\"info\":{\"name\":\"Button-link\",\"icon\":\"fingerprint\",\"description\":\"\"},\"options\":{\"timestamps\":false},\"attributes\":{\"type\":{\"type\":\"enumeration\",\"enum\":[\"primary\",\"secondary\"]},\"link\":{\"type\":\"component\",\"repeatable\":false,\"component\":\"links.link\"}}}','object',NULL,NULL),(13,'model_def_links.button','{\"uid\":\"links.button\",\"collectionName\":\"components_links_simple_buttons\",\"info\":{\"name\":\"Button\",\"icon\":\"fingerprint\",\"description\":\"\"},\"options\":{\"timestamps\":false},\"attributes\":{\"name\":{\"type\":\"string\"},\"type\":{\"type\":\"enumeration\",\"enum\":[\"primary\",\"secondary\"]},\"order\":{\"type\":\"integer\"},\"class\":{\"type\":\"string\"},\"link\":{\"type\":\"string\"}}}','object',NULL,NULL),(14,'model_def_links.link','{\"uid\":\"links.link\",\"collectionName\":\"components_links_links\",\"info\":{\"name\":\"Link\",\"icon\":\"link\",\"description\":\"\"},\"options\":{\"timestamps\":false},\"attributes\":{\"name\":{\"type\":\"string\"},\"url\":{\"type\":\"string\"},\"target\":{\"type\":\"enumeration\",\"enum\":[\"_self\",\"_blank\"],\"default\":\"_self\"}}}','object',NULL,NULL),(15,'model_def_meta.metadata','{\"uid\":\"meta.metadata\",\"collectionName\":\"components_meta_metadata\",\"info\":{\"name\":\"Metadata\",\"icon\":\"robot\",\"description\":\"\"},\"options\":{\"timestamps\":false},\"attributes\":{\"metaTitle\":{\"type\":\"string\",\"required\":false},\"metaDescription\":{\"type\":\"text\",\"required\":false}}}','object',NULL,NULL),(16,'model_def_sections.bottom-actions','{\"uid\":\"sections.bottom-actions\",\"collectionName\":\"components_slices_bottom_actions\",\"info\":{\"name\":\"BottomActions\",\"icon\":\"angle-double-right\",\"description\":\"\"},\"options\":{\"timestamps\":false},\"attributes\":{\"title\":{\"type\":\"string\"},\"buttons\":{\"type\":\"component\",\"repeatable\":true,\"component\":\"links.button-link\"},\"keyword\":{\"type\":\"string\"}}}','object',NULL,NULL),(17,'model_def_sections.feature-columns-group','{\"uid\":\"sections.feature-columns-group\",\"collectionName\":\"components_slices_feature_columns_groups\",\"info\":{\"name\":\"FeatureColumnsGroup\",\"icon\":\"star-of-life\",\"description\":\"\"},\"options\":{\"timestamps\":false},\"attributes\":{\"idContentType\":{\"type\":\"uid\"},\"features\":{\"type\":\"component\",\"repeatable\":true,\"component\":\"elements.feature-column\"},\"title\":{\"type\":\"string\"},\"description\":{\"type\":\"richtext\"},\"icon\":{\"collection\":\"file\",\"via\":\"related\",\"allowedTypes\":[\"images\",\"files\",\"videos\"],\"plugin\":\"upload\",\"required\":false},\"keyword\":{\"type\":\"string\"},\"mainHero\":{\"type\":\"component\",\"repeatable\":true,\"component\":\"elements.main-hero\"},\"button\":{\"type\":\"component\",\"repeatable\":true,\"component\":\"links.button-link\"}}}','object',NULL,NULL),(18,'model_def_sections.feature-rows-group','{\"uid\":\"sections.feature-rows-group\",\"collectionName\":\"components_slices_feature_rows_groups\",\"info\":{\"name\":\"FeatureRowsGroup\",\"icon\":\"bars\"},\"options\":{\"timestamps\":false},\"attributes\":{\"idContentType\":{\"type\":\"uid\"},\"features\":{\"type\":\"component\",\"repeatable\":true,\"component\":\"elements.feature-row\"},\"title\":{\"type\":\"string\"},\"keyword\":{\"type\":\"string\"},\"description\":{\"type\":\"richtext\"},\"icon\":{\"collection\":\"file\",\"via\":\"related\",\"allowedTypes\":[\"images\",\"files\",\"videos\"],\"plugin\":\"upload\",\"required\":false},\"mainHero\":{\"type\":\"component\",\"repeatable\":true,\"component\":\"elements.main-hero\"},\"button\":{\"type\":\"component\",\"repeatable\":true,\"component\":\"links.button-link\"}}}','object',NULL,NULL),(19,'model_def_sections.hero','{\"uid\":\"sections.hero\",\"collectionName\":\"components_slices_heroes\",\"info\":{\"name\":\"Hero\",\"icon\":\"heading\",\"description\":\"\"},\"options\":{\"timestamps\":false},\"attributes\":{\"idContentType\":{\"type\":\"uid\"},\"title\":{\"type\":\"string\"},\"icon\":{\"model\":\"file\",\"via\":\"related\",\"allowedTypes\":[\"images\"],\"plugin\":\"upload\",\"required\":false},\"buttons\":{\"type\":\"component\",\"repeatable\":true,\"component\":\"links.button-link\"},\"mainHero\":{\"type\":\"component\",\"repeatable\":true,\"component\":\"elements.main-hero\"},\"keyword\":{\"type\":\"string\"},\"description\":{\"type\":\"richtext\"}}}','object',NULL,NULL),(20,'model_def_sections.large-video','{\"uid\":\"sections.large-video\",\"collectionName\":\"components_slices_large_videos\",\"info\":{\"name\":\"LargeVideo\",\"icon\":\"play-circle\"},\"options\":{\"timestamps\":false},\"attributes\":{\"title\":{\"type\":\"string\"},\"description\":{\"type\":\"string\"},\"video\":{\"model\":\"file\",\"via\":\"related\",\"allowedTypes\":[\"videos\"],\"plugin\":\"upload\",\"required\":true},\"poster\":{\"model\":\"file\",\"via\":\"related\",\"allowedTypes\":[\"images\"],\"plugin\":\"upload\",\"required\":false}}}','object',NULL,NULL),(21,'model_def_sections.lead-form','{\"uid\":\"sections.lead-form\",\"collectionName\":\"components_sections_lead_forms\",\"info\":{\"name\":\"Lead form\",\"icon\":\"at\",\"description\":\"\"},\"options\":{\"timestamps\":false},\"attributes\":{\"idContentType\":{\"type\":\"uid\"},\"header\":{\"type\":\"component\",\"repeatable\":false,\"component\":\"elements.main-hero\"},\"description\":{\"type\":\"string\"},\"icon\":{\"collection\":\"file\",\"via\":\"related\",\"allowedTypes\":[\"images\",\"files\",\"videos\"],\"plugin\":\"upload\",\"required\":false},\"placeholder\":{\"type\":\"string\"},\"submitButton\":{\"type\":\"component\",\"repeatable\":false,\"component\":\"links.button-link\"}}}','object',NULL,NULL),(22,'model_def_sections.pricing','{\"uid\":\"sections.pricing\",\"collectionName\":\"components_sections_pricings\",\"info\":{\"name\":\"Pricing\",\"icon\":\"dollar-sign\"},\"options\":{\"timestamps\":false},\"attributes\":{\"title\":{\"type\":\"string\"}}}','object',NULL,NULL),(23,'model_def_sections.rich-text','{\"uid\":\"sections.rich-text\",\"collectionName\":\"components_sections_rich_texts\",\"info\":{\"name\":\"RichText\",\"icon\":\"text-height\"},\"options\":{\"timestamps\":false},\"attributes\":{\"content\":{\"type\":\"richtext\"}}}','object',NULL,NULL),(24,'model_def_sections.testimonials-group','{\"uid\":\"sections.testimonials-group\",\"collectionName\":\"components_slices_testimonials_groups\",\"info\":{\"name\":\"TestimonialsGroup\",\"icon\":\"user-friends\",\"description\":\"\"},\"options\":{\"timestamps\":false},\"attributes\":{\"idContentType\":{\"type\":\"uid\"},\"title\":{\"type\":\"string\"},\"keyword\":{\"type\":\"string\"},\"description\":{\"type\":\"text\"},\"link\":{\"type\":\"component\",\"repeatable\":false,\"component\":\"links.link\"},\"testimonials\":{\"type\":\"component\",\"repeatable\":true,\"component\":\"elements.testimonial\"},\"mainHero\":{\"type\":\"component\",\"repeatable\":true,\"component\":\"elements.main-hero\"},\"icon\":{\"collection\":\"file\",\"via\":\"related\",\"allowedTypes\":[\"images\",\"files\",\"videos\"],\"plugin\":\"upload\",\"required\":false}}}','object',NULL,NULL),(25,'model_def_application::global.global','{\"uid\":\"application::global.global\",\"collectionName\":\"globals\",\"kind\":\"singleType\",\"info\":{\"name\":\"Global\",\"description\":\"\"},\"options\":{\"increments\":true,\"timestamps\":[\"created_at\",\"updated_at\"],\"draftAndPublish\":false},\"pluginOptions\":{\"i18n\":{\"localized\":true}},\"attributes\":{\"metadata\":{\"type\":\"component\",\"repeatable\":false,\"component\":\"meta.metadata\",\"pluginOptions\":{\"i18n\":{\"localized\":true}}},\"favicon\":{\"model\":\"file\",\"via\":\"related\",\"allowedTypes\":[\"images\"],\"plugin\":\"upload\",\"required\":false,\"pluginOptions\":{\"i18n\":{\"localized\":true}}},\"sharing\":{\"type\":\"component\",\"repeatable\":false,\"component\":\"sections.share-options\",\"pluginOptions\":{\"i18n\":{\"localized\":true}}},\"logo\":{\"type\":\"component\",\"repeatable\":false,\"component\":\"sections.logotype\",\"pluginOptions\":{\"i18n\":{\"localized\":true}}},\"cookies\":{\"type\":\"component\",\"repeatable\":false,\"component\":\"sections.cookies\",\"pluginOptions\":{\"i18n\":{\"localized\":true}}},\"callToAction\":{\"type\":\"component\",\"repeatable\":false,\"component\":\"sections.call-action\",\"pluginOptions\":{\"i18n\":{\"localized\":true}}},\"breadcumbSection\":{\"type\":\"component\",\"repeatable\":false,\"pluginOptions\":{\"i18n\":{\"localized\":true}},\"component\":\"sections.breadcumb-section\"},\"localizations\":{\"writable\":true,\"private\":false,\"configurable\":false,\"visible\":false,\"collection\":\"global\",\"populate\":[\"_id\",\"id\",\"locale\",\"published_at\"],\"attribute\":\"related_global\",\"column\":\"id\",\"isVirtual\":true},\"locale\":{\"writable\":true,\"private\":false,\"configurable\":false,\"visible\":false,\"type\":\"string\"},\"created_by\":{\"model\":\"user\",\"plugin\":\"admin\",\"configurable\":false,\"writable\":false,\"visible\":false,\"private\":true},\"updated_by\":{\"model\":\"user\",\"plugin\":\"admin\",\"configurable\":false,\"writable\":false,\"visible\":false,\"private\":true}}}','object',NULL,NULL),(26,'model_def_application::lead-form-submissions.lead-form-submissions','{\"uid\":\"application::lead-form-submissions.lead-form-submissions\",\"collectionName\":\"lead_form_submissions\",\"kind\":\"collectionType\",\"info\":{\"name\":\"LeadFormSubmissions\",\"description\":\"\"},\"options\":{\"increments\":true,\"timestamps\":[\"created_at\",\"updated_at\"],\"draftAndPublish\":false},\"attributes\":{\"email\":{\"type\":\"string\"},\"status\":{\"type\":\"enumeration\",\"enum\":[\"seen\",\"contacted\",\"ignored\"]},\"location\":{\"type\":\"string\"},\"created_by\":{\"model\":\"user\",\"plugin\":\"admin\",\"configurable\":false,\"writable\":false,\"visible\":false,\"private\":true},\"updated_by\":{\"model\":\"user\",\"plugin\":\"admin\",\"configurable\":false,\"writable\":false,\"visible\":false,\"private\":true}}}','object',NULL,NULL),(27,'model_def_application::page.page','{\"uid\":\"application::page.page\",\"collectionName\":\"pages\",\"kind\":\"collectionType\",\"info\":{\"name\":\"Page\",\"description\":\"\"},\"options\":{\"increments\":true,\"timestamps\":[\"created_at\",\"updated_at\"],\"draftAndPublish\":false},\"pluginOptions\":{\"i18n\":{\"localized\":true}},\"attributes\":{\"slug\":{\"type\":\"uid\",\"required\":true,\"targetField\":\"shortName\"},\"shortName\":{\"type\":\"string\",\"required\":true,\"pluginOptions\":{\"i18n\":{\"localized\":true}}},\"metadata\":{\"type\":\"component\",\"repeatable\":false,\"component\":\"meta.metadata\",\"required\":true,\"pluginOptions\":{\"i18n\":{\"localized\":true}}},\"contentSections\":{\"type\":\"dynamiczone\",\"components\":[\"sections.button-hero\",\"elements.entry\",\"sections.time-section\",\"sections.calculate-section\",\"sections.our-products-section\",\"sections.for-all-section\",\"sections.title-section\",\"sections.questions-list-section\",\"sections.section-use-case\",\"use-cases.calculate-use-case\",\"sections.section-widget-form\",\"home.discover-section\",\"home.widget-section\",\"home.key-section\",\"home.banner-section\",\"home.work-section\",\"apis.filters\",\"custom.carousel\",\"custom.list-filter\",\"custom.tab-card\",\"custom.list-recent\"],\"pluginOptions\":{\"i18n\":{\"localized\":true}}},\"localizations\":{\"writable\":true,\"private\":false,\"configurable\":false,\"visible\":false,\"collection\":\"page\",\"populate\":[\"_id\",\"id\",\"locale\",\"published_at\"],\"attribute\":\"related_page\",\"column\":\"id\",\"isVirtual\":true},\"locale\":{\"writable\":true,\"private\":false,\"configurable\":false,\"visible\":false,\"type\":\"string\"},\"created_by\":{\"model\":\"user\",\"plugin\":\"admin\",\"configurable\":false,\"writable\":false,\"visible\":false,\"private\":true},\"updated_by\":{\"model\":\"user\",\"plugin\":\"admin\",\"configurable\":false,\"writable\":false,\"visible\":false,\"private\":true}}}','object',NULL,NULL),(28,'model_def_strapi::webhooks','{\"uid\":\"strapi::webhooks\",\"collectionName\":\"strapi_webhooks\",\"info\":{\"name\":\"Strapi webhooks\",\"description\":\"\"},\"options\":{\"timestamps\":false},\"pluginOptions\":{\"content-manager\":{\"visible\":false},\"content-type-builder\":{\"visible\":false}},\"attributes\":{\"name\":{\"type\":\"string\"},\"url\":{\"type\":\"text\"},\"headers\":{\"type\":\"json\"},\"events\":{\"type\":\"json\"},\"enabled\":{\"type\":\"boolean\"}}}','object',NULL,NULL),(29,'model_def_strapi::permission','{\"uid\":\"strapi::permission\",\"collectionName\":\"strapi_permission\",\"kind\":\"collectionType\",\"info\":{\"name\":\"Permission\",\"description\":\"\"},\"options\":{\"timestamps\":[\"created_at\",\"updated_at\"]},\"pluginOptions\":{\"content-manager\":{\"visible\":false},\"content-type-builder\":{\"visible\":false}},\"attributes\":{\"action\":{\"type\":\"string\",\"minLength\":1,\"configurable\":false,\"required\":true},\"subject\":{\"type\":\"string\",\"minLength\":1,\"configurable\":false,\"required\":false},\"properties\":{\"type\":\"json\",\"configurable\":false,\"required\":false,\"default\":{}},\"conditions\":{\"type\":\"json\",\"configurable\":false,\"required\":false,\"default\":[]},\"role\":{\"configurable\":false,\"model\":\"role\",\"plugin\":\"admin\"}}}','object',NULL,NULL),(30,'model_def_strapi::role','{\"uid\":\"strapi::role\",\"collectionName\":\"strapi_role\",\"kind\":\"collectionType\",\"info\":{\"name\":\"Role\",\"description\":\"\"},\"options\":{\"timestamps\":[\"created_at\",\"updated_at\"]},\"pluginOptions\":{\"content-manager\":{\"visible\":false},\"content-type-builder\":{\"visible\":false}},\"attributes\":{\"name\":{\"type\":\"string\",\"minLength\":1,\"unique\":true,\"configurable\":false,\"required\":true},\"code\":{\"type\":\"string\",\"minLength\":1,\"unique\":true,\"configurable\":false,\"required\":true},\"description\":{\"type\":\"string\",\"configurable\":false},\"users\":{\"configurable\":false,\"collection\":\"user\",\"via\":\"roles\",\"plugin\":\"admin\",\"attribute\":\"user\",\"column\":\"id\",\"isVirtual\":true},\"permissions\":{\"configurable\":false,\"plugin\":\"admin\",\"collection\":\"permission\",\"via\":\"role\",\"isVirtual\":true}}}','object',NULL,NULL),(31,'model_def_strapi::user','{\"uid\":\"strapi::user\",\"collectionName\":\"strapi_administrator\",\"kind\":\"collectionType\",\"info\":{\"name\":\"User\",\"description\":\"\"},\"options\":{\"timestamps\":false},\"pluginOptions\":{\"content-manager\":{\"visible\":false},\"content-type-builder\":{\"visible\":false}},\"attributes\":{\"firstname\":{\"type\":\"string\",\"unique\":false,\"minLength\":1,\"configurable\":false,\"required\":false},\"lastname\":{\"type\":\"string\",\"unique\":false,\"minLength\":1,\"configurable\":false,\"required\":false},\"username\":{\"type\":\"string\",\"unique\":false,\"configurable\":false,\"required\":false},\"email\":{\"type\":\"email\",\"minLength\":6,\"configurable\":false,\"required\":true,\"unique\":true,\"private\":true},\"password\":{\"type\":\"password\",\"minLength\":6,\"configurable\":false,\"required\":false,\"private\":true},\"resetPasswordToken\":{\"type\":\"string\",\"configurable\":false,\"private\":true},\"registrationToken\":{\"type\":\"string\",\"configurable\":false,\"private\":true},\"isActive\":{\"type\":\"boolean\",\"default\":false,\"configurable\":false,\"private\":true},\"roles\":{\"collection\":\"role\",\"collectionName\":\"strapi_users_roles\",\"via\":\"users\",\"dominant\":true,\"plugin\":\"admin\",\"configurable\":false,\"private\":true,\"attribute\":\"role\",\"column\":\"id\",\"isVirtual\":true},\"blocked\":{\"type\":\"boolean\",\"default\":false,\"configurable\":false,\"private\":true},\"preferedLanguage\":{\"type\":\"string\",\"configurable\":false,\"required\":false}}}','object',NULL,NULL),(32,'model_def_plugins::users-permissions.permission','{\"uid\":\"plugins::users-permissions.permission\",\"collectionName\":\"users-permissions_permission\",\"kind\":\"collectionType\",\"info\":{\"name\":\"permission\",\"description\":\"\"},\"options\":{\"timestamps\":false},\"pluginOptions\":{\"content-manager\":{\"visible\":false}},\"attributes\":{\"type\":{\"type\":\"string\",\"required\":true,\"configurable\":false},\"controller\":{\"type\":\"string\",\"required\":true,\"configurable\":false},\"action\":{\"type\":\"string\",\"required\":true,\"configurable\":false},\"enabled\":{\"type\":\"boolean\",\"required\":true,\"configurable\":false},\"policy\":{\"type\":\"string\",\"configurable\":false},\"role\":{\"model\":\"role\",\"via\":\"permissions\",\"plugin\":\"users-permissions\",\"configurable\":false},\"created_by\":{\"model\":\"user\",\"plugin\":\"admin\",\"configurable\":false,\"writable\":false,\"visible\":false,\"private\":true},\"updated_by\":{\"model\":\"user\",\"plugin\":\"admin\",\"configurable\":false,\"writable\":false,\"visible\":false,\"private\":true}}}','object',NULL,NULL),(33,'model_def_plugins::users-permissions.role','{\"uid\":\"plugins::users-permissions.role\",\"collectionName\":\"users-permissions_role\",\"kind\":\"collectionType\",\"info\":{\"name\":\"role\",\"description\":\"\"},\"options\":{\"timestamps\":false},\"pluginOptions\":{\"content-manager\":{\"visible\":false}},\"attributes\":{\"name\":{\"type\":\"string\",\"minLength\":3,\"required\":true,\"configurable\":false},\"description\":{\"type\":\"string\",\"configurable\":false},\"type\":{\"type\":\"string\",\"unique\":true,\"configurable\":false},\"permissions\":{\"collection\":\"permission\",\"via\":\"role\",\"plugin\":\"users-permissions\",\"configurable\":false,\"isVirtual\":true},\"users\":{\"collection\":\"user\",\"via\":\"role\",\"configurable\":false,\"plugin\":\"users-permissions\",\"isVirtual\":true},\"created_by\":{\"model\":\"user\",\"plugin\":\"admin\",\"configurable\":false,\"writable\":false,\"visible\":false,\"private\":true},\"updated_by\":{\"model\":\"user\",\"plugin\":\"admin\",\"configurable\":false,\"writable\":false,\"visible\":false,\"private\":true}}}','object',NULL,NULL),(34,'model_def_plugins::users-permissions.user','{\"uid\":\"plugins::users-permissions.user\",\"collectionName\":\"users-permissions_user\",\"kind\":\"collectionType\",\"info\":{\"name\":\"user\",\"description\":\"\"},\"options\":{\"draftAndPublish\":false,\"timestamps\":[\"created_at\",\"updated_at\"]},\"attributes\":{\"username\":{\"type\":\"string\",\"minLength\":3,\"unique\":true,\"configurable\":false,\"required\":true},\"email\":{\"type\":\"email\",\"minLength\":6,\"configurable\":false,\"required\":true},\"provider\":{\"type\":\"string\",\"configurable\":false},\"password\":{\"type\":\"password\",\"minLength\":6,\"configurable\":false,\"private\":true},\"resetPasswordToken\":{\"type\":\"string\",\"configurable\":false,\"private\":true},\"confirmationToken\":{\"type\":\"string\",\"configurable\":false,\"private\":true},\"confirmed\":{\"type\":\"boolean\",\"default\":false,\"configurable\":false},\"blocked\":{\"type\":\"boolean\",\"default\":false,\"configurable\":false},\"role\":{\"model\":\"role\",\"via\":\"users\",\"plugin\":\"users-permissions\",\"configurable\":false},\"created_by\":{\"model\":\"user\",\"plugin\":\"admin\",\"configurable\":false,\"writable\":false,\"visible\":false,\"private\":true},\"updated_by\":{\"model\":\"user\",\"plugin\":\"admin\",\"configurable\":false,\"writable\":false,\"visible\":false,\"private\":true}}}','object',NULL,NULL),(35,'model_def_plugins::upload.file','{\"uid\":\"plugins::upload.file\",\"collectionName\":\"upload_file\",\"kind\":\"collectionType\",\"info\":{\"name\":\"file\",\"description\":\"\"},\"options\":{\"timestamps\":[\"created_at\",\"updated_at\"]},\"pluginOptions\":{\"content-manager\":{\"visible\":false},\"content-type-builder\":{\"visible\":false}},\"attributes\":{\"name\":{\"type\":\"string\",\"configurable\":false,\"required\":true},\"alternativeText\":{\"type\":\"string\",\"configurable\":false},\"caption\":{\"type\":\"string\",\"configurable\":false},\"width\":{\"type\":\"integer\",\"configurable\":false},\"height\":{\"type\":\"integer\",\"configurable\":false},\"formats\":{\"type\":\"json\",\"configurable\":false},\"hash\":{\"type\":\"string\",\"configurable\":false,\"required\":true},\"ext\":{\"type\":\"string\",\"configurable\":false},\"mime\":{\"type\":\"string\",\"configurable\":false,\"required\":true},\"size\":{\"type\":\"decimal\",\"configurable\":false,\"required\":true},\"url\":{\"type\":\"string\",\"configurable\":false,\"required\":true},\"previewUrl\":{\"type\":\"string\",\"configurable\":false},\"provider\":{\"type\":\"string\",\"configurable\":false,\"required\":true},\"provider_metadata\":{\"type\":\"json\",\"configurable\":false},\"related\":{\"collection\":\"*\",\"filter\":\"field\",\"configurable\":false},\"created_by\":{\"model\":\"user\",\"plugin\":\"admin\",\"configurable\":false,\"writable\":false,\"visible\":false,\"private\":true},\"updated_by\":{\"model\":\"user\",\"plugin\":\"admin\",\"configurable\":false,\"writable\":false,\"visible\":false,\"private\":true}}}','object',NULL,NULL),(36,'plugin_users-permissions_grant','{\"email\":{\"enabled\":true,\"icon\":\"envelope\"},\"discord\":{\"enabled\":false,\"icon\":\"discord\",\"key\":\"\",\"secret\":\"\",\"callback\":\"/auth/discord/callback\",\"scope\":[\"identify\",\"email\"]},\"facebook\":{\"enabled\":false,\"icon\":\"facebook-square\",\"key\":\"\",\"secret\":\"\",\"callback\":\"/auth/facebook/callback\",\"scope\":[\"email\"]},\"google\":{\"enabled\":false,\"icon\":\"google\",\"key\":\"\",\"secret\":\"\",\"callback\":\"/auth/google/callback\",\"scope\":[\"email\"]},\"github\":{\"enabled\":false,\"icon\":\"github\",\"key\":\"\",\"secret\":\"\",\"callback\":\"/auth/github/callback\",\"scope\":[\"user\",\"user:email\"]},\"microsoft\":{\"enabled\":false,\"icon\":\"windows\",\"key\":\"\",\"secret\":\"\",\"callback\":\"/auth/microsoft/callback\",\"scope\":[\"user.read\"]},\"twitter\":{\"enabled\":false,\"icon\":\"twitter\",\"key\":\"\",\"secret\":\"\",\"callback\":\"/auth/twitter/callback\"},\"instagram\":{\"enabled\":false,\"icon\":\"instagram\",\"key\":\"\",\"secret\":\"\",\"callback\":\"/auth/instagram/callback\",\"scope\":[\"user_profile\"]},\"vk\":{\"enabled\":false,\"icon\":\"vk\",\"key\":\"\",\"secret\":\"\",\"callback\":\"/auth/vk/callback\",\"scope\":[\"email\"]},\"twitch\":{\"enabled\":false,\"icon\":\"twitch\",\"key\":\"\",\"secret\":\"\",\"callback\":\"/auth/twitch/callback\",\"scope\":[\"user:read:email\"]},\"linkedin\":{\"enabled\":false,\"icon\":\"linkedin\",\"key\":\"\",\"secret\":\"\",\"callback\":\"/auth/linkedin/callback\",\"scope\":[\"r_liteprofile\",\"r_emailaddress\"]},\"cognito\":{\"enabled\":false,\"icon\":\"aws\",\"key\":\"\",\"secret\":\"\",\"subdomain\":\"my.subdomain.com\",\"callback\":\"/auth/cognito/callback\",\"scope\":[\"email\",\"openid\",\"profile\"]},\"reddit\":{\"enabled\":false,\"icon\":\"reddit\",\"key\":\"\",\"secret\":\"\",\"state\":true,\"callback\":\"/auth/reddit/callback\",\"scope\":[\"identity\"]},\"auth0\":{\"enabled\":false,\"icon\":\"\",\"key\":\"\",\"secret\":\"\",\"subdomain\":\"my-tenant.eu\",\"callback\":\"/auth/auth0/callback\",\"scope\":[\"openid\",\"email\",\"profile\"]},\"cas\":{\"enabled\":false,\"icon\":\"book\",\"key\":\"\",\"secret\":\"\",\"callback\":\"/auth/cas/callback\",\"scope\":[\"openid email\"],\"subdomain\":\"my.subdomain.com/cas\"}}','object','',''),(37,'plugin_upload_settings','{\"sizeOptimization\":true,\"responsiveDimensions\":true,\"autoOrientation\":true}','object','development',''),(38,'plugin_content_manager_configuration_components::elements.feature-column','{\"uid\":\"elements.feature-column\",\"settings\":{\"bulkable\":true,\"filterable\":true,\"searchable\":true,\"pageSize\":10,\"mainField\":\"title\",\"defaultSortBy\":\"title\",\"defaultSortOrder\":\"ASC\"},\"metadatas\":{\"id\":{\"edit\":{},\"list\":{\"label\":\"Id\",\"searchable\":false,\"sortable\":false}},\"title\":{\"edit\":{\"label\":\"Title\",\"description\":\"\",\"placeholder\":\"\",\"visible\":true,\"editable\":true},\"list\":{\"label\":\"Title\",\"searchable\":true,\"sortable\":true}},\"description\":{\"edit\":{\"label\":\"Description\",\"description\":\"\",\"placeholder\":\"\",\"visible\":true,\"editable\":true},\"list\":{\"label\":\"Description\",\"searchable\":true,\"sortable\":true}},\"icon\":{\"edit\":{\"label\":\"Icon\",\"description\":\"\",\"placeholder\":\"\",\"visible\":true,\"editable\":true},\"list\":{\"label\":\"Icon\",\"searchable\":false,\"sortable\":false}},\"keyword\":{\"edit\":{\"label\":\"Keyword\",\"description\":\"\",\"placeholder\":\"\",\"visible\":true,\"editable\":true},\"list\":{\"label\":\"Keyword\",\"searchable\":true,\"sortable\":true}}},\"layouts\":{\"list\":[\"id\",\"title\",\"description\",\"icon\"],\"edit\":[[{\"name\":\"title\",\"size\":6},{\"name\":\"keyword\",\"size\":6}],[{\"name\":\"description\",\"size\":6},{\"name\":\"icon\",\"size\":6}]],\"editRelations\":[]},\"isComponent\":true}','object','',''),(39,'plugin_content_manager_configuration_components::elements.feature-row','{\"uid\":\"elements.feature-row\",\"settings\":{\"bulkable\":true,\"filterable\":true,\"searchable\":true,\"pageSize\":10,\"mainField\":\"title\",\"defaultSortBy\":\"title\",\"defaultSortOrder\":\"ASC\"},\"metadatas\":{\"id\":{\"edit\":{},\"list\":{\"label\":\"Id\",\"searchable\":false,\"sortable\":false}},\"title\":{\"edit\":{\"label\":\"Title\",\"description\":\"\",\"placeholder\":\"\",\"visible\":true,\"editable\":true},\"list\":{\"label\":\"Title\",\"searchable\":true,\"sortable\":true}},\"description\":{\"edit\":{\"label\":\"Description\",\"description\":\"\",\"placeholder\":\"\",\"visible\":true,\"editable\":true},\"list\":{\"label\":\"Description\",\"searchable\":true,\"sortable\":true}},\"icon\":{\"edit\":{\"label\":\"Icon\",\"description\":\"\",\"placeholder\":\"\",\"visible\":true,\"editable\":true},\"list\":{\"label\":\"Icon\",\"searchable\":false,\"sortable\":false}},\"link\":{\"edit\":{\"label\":\"Link\",\"description\":\"\",\"placeholder\":\"\",\"visible\":true,\"editable\":true},\"list\":{\"label\":\"Link\",\"searchable\":false,\"sortable\":false}}},\"layouts\":{\"list\":[\"id\",\"title\",\"description\",\"icon\"],\"edit\":[[{\"name\":\"title\",\"size\":6}],[{\"name\":\"description\",\"size\":6},{\"name\":\"icon\",\"size\":6}],[{\"name\":\"link\",\"size\":12}]],\"editRelations\":[]},\"isComponent\":true}','object','',''),(41,'plugin_content_manager_configuration_components::elements.notification-banner','{\"uid\":\"elements.notification-banner\",\"settings\":{\"bulkable\":true,\"filterable\":true,\"searchable\":true,\"pageSize\":10,\"mainField\":\"title\",\"defaultSortBy\":\"title\",\"defaultSortOrder\":\"ASC\"},\"metadatas\":{\"id\":{\"edit\":{},\"list\":{\"label\":\"Id\",\"searchable\":false,\"sortable\":false}},\"title\":{\"edit\":{\"label\":\"Title\",\"description\":\"\",\"placeholder\":\"\",\"visible\":true,\"editable\":true},\"list\":{\"label\":\"Title\",\"searchable\":true,\"sortable\":true}},\"body\":{\"edit\":{\"label\":\"Body\",\"description\":\"\",\"placeholder\":\"\",\"visible\":true,\"editable\":true},\"list\":{\"label\":\"Body\",\"searchable\":false,\"sortable\":false}},\"type\":{\"edit\":{\"label\":\"Type\",\"description\":\"\",\"placeholder\":\"\",\"visible\":true,\"editable\":true},\"list\":{\"label\":\"Type\",\"searchable\":true,\"sortable\":true}},\"icon\":{\"edit\":{\"label\":\"Icon\",\"description\":\"\",\"placeholder\":\"\",\"visible\":true,\"editable\":true},\"list\":{\"label\":\"Icon\",\"searchable\":false,\"sortable\":false}}},\"layouts\":{\"list\":[\"id\",\"type\",\"title\",\"icon\"],\"edit\":[[{\"name\":\"type\",\"size\":6},{\"name\":\"title\",\"size\":6}],[{\"name\":\"body\",\"size\":12}],[{\"name\":\"icon\",\"size\":6}]],\"editRelations\":[]},\"isComponent\":true}','object','',''),(42,'plugin_content_manager_configuration_components::layout.footer','{\"uid\":\"layout.footer\",\"settings\":{\"bulkable\":true,\"filterable\":true,\"searchable\":true,\"pageSize\":10,\"mainField\":\"copyright\",\"defaultSortBy\":\"copyright\",\"defaultSortOrder\":\"ASC\"},\"metadatas\":{\"id\":{\"edit\":{},\"list\":{\"label\":\"Id\",\"searchable\":false,\"sortable\":false}},\"idContentType\":{\"edit\":{\"label\":\"IdContentType\",\"description\":\"\",\"placeholder\":\"\",\"visible\":true,\"editable\":true},\"list\":{\"label\":\"IdContentType\",\"searchable\":true,\"sortable\":true}},\"redirectLinks\":{\"edit\":{\"label\":\"RedirectLinks\",\"description\":\"\",\"placeholder\":\"\",\"visible\":true,\"editable\":true},\"list\":{\"label\":\"RedirectLinks\",\"searchable\":false,\"sortable\":false}},\"logotype\":{\"edit\":{\"label\":\"Logotype\",\"description\":\"\",\"placeholder\":\"\",\"visible\":true,\"editable\":true},\"list\":{\"label\":\"Logotype\",\"searchable\":false,\"sortable\":false}},\"copyright\":{\"edit\":{\"label\":\"Copyright\",\"description\":\"\",\"placeholder\":\"\",\"visible\":true,\"editable\":true},\"list\":{\"label\":\"Copyright\",\"searchable\":true,\"sortable\":true}},\"sharing\":{\"edit\":{\"label\":\"Sharing\",\"description\":\"\",\"placeholder\":\"\",\"visible\":true,\"editable\":true},\"list\":{\"label\":\"Sharing\",\"searchable\":false,\"sortable\":false}}},\"layouts\":{\"list\":[\"id\",\"idContentType\",\"copyright\"],\"edit\":[[{\"name\":\"idContentType\",\"size\":6}],[{\"name\":\"redirectLinks\",\"size\":12}],[{\"name\":\"logotype\",\"size\":12}],[{\"name\":\"copyright\",\"size\":6}],[{\"name\":\"sharing\",\"size\":12}]],\"editRelations\":[]},\"isComponent\":true}','object','',''),(43,'plugin_content_manager_configuration_components::layout.navbar','{\"uid\":\"layout.navbar\",\"settings\":{\"bulkable\":true,\"filterable\":true,\"searchable\":true,\"pageSize\":10,\"mainField\":\"id\",\"defaultSortBy\":\"id\",\"defaultSortOrder\":\"ASC\"},\"metadatas\":{\"id\":{\"edit\":{},\"list\":{\"label\":\"Id\",\"searchable\":false,\"sortable\":false}},\"idContentType\":{\"edit\":{\"label\":\"IdContentType\",\"description\":\"\",\"placeholder\":\"\",\"visible\":true,\"editable\":true},\"list\":{\"label\":\"IdContentType\",\"searchable\":true,\"sortable\":true}},\"logotype\":{\"edit\":{\"label\":\"Logotype\",\"description\":\"\",\"placeholder\":\"\",\"visible\":true,\"editable\":true},\"list\":{\"label\":\"Logotype\",\"searchable\":false,\"sortable\":false}},\"navbarColumns\":{\"edit\":{\"label\":\"NavbarColumns\",\"description\":\"\",\"placeholder\":\"\",\"visible\":true,\"editable\":true},\"list\":{\"label\":\"NavbarColumns\",\"searchable\":false,\"sortable\":false}},\"button\":{\"edit\":{\"label\":\"Button\",\"description\":\"\",\"placeholder\":\"\",\"visible\":true,\"editable\":true},\"list\":{\"label\":\"Button\",\"searchable\":false,\"sortable\":false}}},\"layouts\":{\"list\":[\"id\",\"idContentType\"],\"edit\":[[{\"name\":\"button\",\"size\":12}],[{\"name\":\"navbarColumns\",\"size\":12}],[{\"name\":\"idContentType\",\"size\":6}],[{\"name\":\"logotype\",\"size\":12}]],\"editRelations\":[]},\"isComponent\":true}','object','',''),(44,'plugin_content_manager_configuration_components::elements.footer-section','{\"uid\":\"elements.footer-section\",\"settings\":{\"bulkable\":true,\"filterable\":true,\"searchable\":true,\"pageSize\":10,\"mainField\":\"title\",\"defaultSortBy\":\"title\",\"defaultSortOrder\":\"ASC\"},\"metadatas\":{\"id\":{\"edit\":{},\"list\":{\"label\":\"Id\",\"searchable\":false,\"sortable\":false}},\"title\":{\"edit\":{\"label\":\"Title\",\"description\":\"\",\"placeholder\":\"\",\"visible\":true,\"editable\":true},\"list\":{\"label\":\"Title\",\"searchable\":true,\"sortable\":true}},\"subtext\":{\"edit\":{\"label\":\"Subtext\",\"description\":\"\",\"placeholder\":\"\",\"visible\":true,\"editable\":true},\"list\":{\"label\":\"Subtext\",\"searchable\":true,\"sortable\":true}},\"links\":{\"edit\":{\"label\":\"Links\",\"description\":\"\",\"placeholder\":\"\",\"visible\":true,\"editable\":true},\"list\":{\"label\":\"Links\",\"searchable\":false,\"sortable\":false}},\"drop\":{\"edit\":{\"label\":\"Drop\",\"description\":\"\",\"placeholder\":\"\",\"visible\":true,\"editable\":true},\"list\":{\"label\":\"Drop\",\"searchable\":true,\"sortable\":true}}},\"layouts\":{\"list\":[\"id\",\"title\",\"drop\",\"subtext\"],\"edit\":[[{\"name\":\"title\",\"size\":6}],[{\"name\":\"links\",\"size\":12}],[{\"name\":\"drop\",\"size\":4},{\"name\":\"subtext\",\"size\":6}]],\"editRelations\":[]},\"isComponent\":true}','object','',''),(47,'plugin_content_manager_configuration_components::elements.testimonial','{\"uid\":\"elements.testimonial\",\"settings\":{\"bulkable\":true,\"filterable\":true,\"searchable\":true,\"pageSize\":10,\"mainField\":\"authorName\",\"defaultSortBy\":\"authorName\",\"defaultSortOrder\":\"ASC\"},\"metadatas\":{\"id\":{\"edit\":{},\"list\":{\"label\":\"Id\",\"searchable\":false,\"sortable\":false}},\"title\":{\"edit\":{\"label\":\"Title\",\"description\":\"\",\"placeholder\":\"\",\"visible\":true,\"editable\":true},\"list\":{\"label\":\"Title\",\"searchable\":true,\"sortable\":true}},\"description\":{\"edit\":{\"label\":\"Description\",\"description\":\"\",\"placeholder\":\"\",\"visible\":true,\"editable\":true},\"list\":{\"label\":\"Description\",\"searchable\":false,\"sortable\":false}},\"keyword\":{\"edit\":{\"label\":\"Keyword\",\"description\":\"\",\"placeholder\":\"\",\"visible\":true,\"editable\":true},\"list\":{\"label\":\"Keyword\",\"searchable\":true,\"sortable\":true}},\"authorName\":{\"edit\":{\"label\":\"AuthorName\",\"description\":\"\",\"placeholder\":\"\",\"visible\":true,\"editable\":true},\"list\":{\"label\":\"AuthorName\",\"searchable\":true,\"sortable\":true}},\"authorTitle\":{\"edit\":{\"label\":\"AuthorTitle\",\"description\":\"\",\"placeholder\":\"\",\"visible\":true,\"editable\":true},\"list\":{\"label\":\"AuthorTitle\",\"searchable\":true,\"sortable\":true}},\"icon\":{\"edit\":{\"label\":\"Icon\",\"description\":\"\",\"placeholder\":\"\",\"visible\":true,\"editable\":true},\"list\":{\"label\":\"Icon\",\"searchable\":false,\"sortable\":false}},\"bigIcon\":{\"edit\":{\"label\":\"BigIcon\",\"description\":\"\",\"placeholder\":\"\",\"visible\":true,\"editable\":true},\"list\":{\"label\":\"BigIcon\",\"searchable\":false,\"sortable\":false}},\"buttonLink\":{\"edit\":{\"label\":\"ButtonLink\",\"description\":\"\",\"placeholder\":\"\",\"visible\":true,\"editable\":true},\"list\":{\"label\":\"ButtonLink\",\"searchable\":false,\"sortable\":false}}},\"layouts\":{\"list\":[\"id\",\"bigIcon\",\"keyword\",\"icon\"],\"edit\":[[{\"name\":\"title\",\"size\":6},{\"name\":\"keyword\",\"size\":6}],[{\"name\":\"description\",\"size\":12}],[{\"name\":\"authorName\",\"size\":6},{\"name\":\"authorTitle\",\"size\":6}],[{\"name\":\"bigIcon\",\"size\":6},{\"name\":\"icon\",\"size\":6}],[{\"name\":\"buttonLink\",\"size\":12}]],\"editRelations\":[]},\"isComponent\":true}','object','',''),(48,'plugin_content_manager_configuration_components::links.button-link','{\"uid\":\"links.button-link\",\"settings\":{\"bulkable\":true,\"filterable\":true,\"searchable\":true,\"pageSize\":10,\"mainField\":\"id\",\"defaultSortBy\":\"id\",\"defaultSortOrder\":\"ASC\"},\"metadatas\":{\"id\":{\"edit\":{},\"list\":{\"label\":\"Id\",\"searchable\":false,\"sortable\":false}},\"type\":{\"edit\":{\"label\":\"Type\",\"description\":\"\",\"placeholder\":\"\",\"visible\":true,\"editable\":true},\"list\":{\"label\":\"Type\",\"searchable\":true,\"sortable\":true}},\"link\":{\"edit\":{\"label\":\"Link\",\"description\":\"\",\"placeholder\":\"\",\"visible\":true,\"editable\":true},\"list\":{\"label\":\"Link\",\"searchable\":false,\"sortable\":false}}},\"layouts\":{\"list\":[\"id\"],\"edit\":[[{\"name\":\"type\",\"size\":6}],[{\"name\":\"link\",\"size\":12}]],\"editRelations\":[]},\"isComponent\":true}','object','',''),(49,'plugin_content_manager_configuration_components::links.link','{\"uid\":\"links.link\",\"settings\":{\"bulkable\":true,\"filterable\":true,\"searchable\":true,\"pageSize\":10,\"mainField\":\"url\",\"defaultSortBy\":\"url\",\"defaultSortOrder\":\"ASC\"},\"metadatas\":{\"id\":{\"edit\":{},\"list\":{\"label\":\"Id\",\"searchable\":false,\"sortable\":false}},\"name\":{\"edit\":{\"label\":\"Name\",\"description\":\"\",\"placeholder\":\"\",\"visible\":true,\"editable\":true},\"list\":{\"label\":\"Name\",\"searchable\":true,\"sortable\":true}},\"url\":{\"edit\":{\"label\":\"Url\",\"description\":\"\",\"placeholder\":\"\",\"visible\":true,\"editable\":true},\"list\":{\"label\":\"Url\",\"searchable\":true,\"sortable\":true}},\"target\":{\"edit\":{\"label\":\"Target\",\"description\":\"\",\"placeholder\":\"\",\"visible\":true,\"editable\":true},\"list\":{\"label\":\"Target\",\"searchable\":true,\"sortable\":true}}},\"layouts\":{\"list\":[\"id\",\"url\",\"name\",\"target\"],\"edit\":[[{\"name\":\"url\",\"size\":6},{\"name\":\"name\",\"size\":6}],[{\"name\":\"target\",\"size\":6}]],\"editRelations\":[]},\"isComponent\":true}','object','',''),(50,'plugin_content_manager_configuration_components::links.button','{\"uid\":\"links.button\",\"settings\":{\"bulkable\":true,\"filterable\":true,\"searchable\":true,\"pageSize\":10,\"mainField\":\"name\",\"defaultSortBy\":\"name\",\"defaultSortOrder\":\"ASC\"},\"metadatas\":{\"id\":{\"edit\":{},\"list\":{\"label\":\"Id\",\"searchable\":false,\"sortable\":false}},\"name\":{\"edit\":{\"label\":\"Name\",\"description\":\"\",\"placeholder\":\"\",\"visible\":true,\"editable\":true},\"list\":{\"label\":\"Name\",\"searchable\":true,\"sortable\":true}},\"type\":{\"edit\":{\"label\":\"Type\",\"description\":\"\",\"placeholder\":\"\",\"visible\":true,\"editable\":true},\"list\":{\"label\":\"Type\",\"searchable\":true,\"sortable\":true}},\"order\":{\"edit\":{\"label\":\"Order\",\"description\":\"\",\"placeholder\":\"\",\"visible\":true,\"editable\":true},\"list\":{\"label\":\"Order\",\"searchable\":true,\"sortable\":true}},\"class\":{\"edit\":{\"label\":\"Class\",\"description\":\"\",\"placeholder\":\"\",\"visible\":true,\"editable\":true},\"list\":{\"label\":\"Class\",\"searchable\":true,\"sortable\":true}},\"link\":{\"edit\":{\"label\":\"Link\",\"description\":\"\",\"placeholder\":\"\",\"visible\":true,\"editable\":true},\"list\":{\"label\":\"Link\",\"searchable\":true,\"sortable\":true}}},\"layouts\":{\"list\":[\"id\",\"name\",\"type\",\"order\"],\"edit\":[[{\"name\":\"name\",\"size\":6},{\"name\":\"type\",\"size\":6}],[{\"name\":\"order\",\"size\":4},{\"name\":\"class\",\"size\":6}],[{\"name\":\"link\",\"size\":6}]],\"editRelations\":[]},\"isComponent\":true}','object','',''),(51,'plugin_content_manager_configuration_components::meta.metadata','{\"uid\":\"meta.metadata\",\"settings\":{\"bulkable\":true,\"filterable\":true,\"searchable\":true,\"pageSize\":10,\"mainField\":\"metaTitle\",\"defaultSortBy\":\"metaTitle\",\"defaultSortOrder\":\"ASC\"},\"metadatas\":{\"id\":{\"edit\":{},\"list\":{\"label\":\"Id\",\"searchable\":false,\"sortable\":false}},\"metaTitle\":{\"edit\":{\"label\":\"MetaTitle\",\"description\":\"\",\"placeholder\":\"\",\"visible\":true,\"editable\":true},\"list\":{\"label\":\"MetaTitle\",\"searchable\":true,\"sortable\":true}},\"metaDescription\":{\"edit\":{\"label\":\"MetaDescription\",\"description\":\"\",\"placeholder\":\"\",\"visible\":true,\"editable\":true},\"list\":{\"label\":\"MetaDescription\",\"searchable\":true,\"sortable\":true}}},\"layouts\":{\"list\":[\"id\",\"metaTitle\",\"metaDescription\"],\"edit\":[[{\"name\":\"metaTitle\",\"size\":6},{\"name\":\"metaDescription\",\"size\":6}]],\"editRelations\":[]},\"isComponent\":true}','object','',''),(53,'plugin_content_manager_configuration_components::sections.bottom-actions','{\"uid\":\"sections.bottom-actions\",\"settings\":{\"bulkable\":true,\"filterable\":true,\"searchable\":true,\"pageSize\":10,\"mainField\":\"title\",\"defaultSortBy\":\"title\",\"defaultSortOrder\":\"ASC\"},\"metadatas\":{\"id\":{\"edit\":{},\"list\":{\"label\":\"Id\",\"searchable\":false,\"sortable\":false}},\"title\":{\"edit\":{\"label\":\"Title\",\"description\":\"\",\"placeholder\":\"\",\"visible\":true,\"editable\":true},\"list\":{\"label\":\"Title\",\"searchable\":true,\"sortable\":true}},\"buttons\":{\"edit\":{\"label\":\"Buttons\",\"description\":\"\",\"placeholder\":\"\",\"visible\":true,\"editable\":true},\"list\":{\"label\":\"Buttons\",\"searchable\":false,\"sortable\":false}},\"keyword\":{\"edit\":{\"label\":\"Keyword\",\"description\":\"\",\"placeholder\":\"\",\"visible\":true,\"editable\":true},\"list\":{\"label\":\"Keyword\",\"searchable\":true,\"sortable\":true}}},\"layouts\":{\"list\":[\"id\",\"title\",\"keyword\"],\"edit\":[[{\"name\":\"title\",\"size\":6}],[{\"name\":\"buttons\",\"size\":12}],[{\"name\":\"keyword\",\"size\":6}]],\"editRelations\":[]},\"isComponent\":true}','object','',''),(54,'plugin_content_manager_configuration_components::sections.feature-columns-group','{\"uid\":\"sections.feature-columns-group\",\"settings\":{\"bulkable\":true,\"filterable\":true,\"searchable\":true,\"pageSize\":10,\"mainField\":\"title\",\"defaultSortBy\":\"title\",\"defaultSortOrder\":\"ASC\"},\"metadatas\":{\"id\":{\"edit\":{},\"list\":{\"label\":\"Id\",\"searchable\":false,\"sortable\":false}},\"idContentType\":{\"edit\":{\"label\":\"IdContentType\",\"description\":\"\",\"placeholder\":\"\",\"visible\":true,\"editable\":true},\"list\":{\"label\":\"IdContentType\",\"searchable\":true,\"sortable\":true}},\"features\":{\"edit\":{\"label\":\"Features\",\"description\":\"\",\"placeholder\":\"\",\"visible\":true,\"editable\":true},\"list\":{\"label\":\"Features\",\"searchable\":false,\"sortable\":false}},\"title\":{\"edit\":{\"label\":\"Title\",\"description\":\"\",\"placeholder\":\"\",\"visible\":true,\"editable\":true},\"list\":{\"label\":\"Title\",\"searchable\":true,\"sortable\":true}},\"description\":{\"edit\":{\"label\":\"Description\",\"description\":\"\",\"placeholder\":\"\",\"visible\":true,\"editable\":true},\"list\":{\"label\":\"Description\",\"searchable\":false,\"sortable\":false}},\"icon\":{\"edit\":{\"label\":\"Icon\",\"description\":\"\",\"placeholder\":\"\",\"visible\":true,\"editable\":true},\"list\":{\"label\":\"Icon\",\"searchable\":false,\"sortable\":false}},\"keyword\":{\"edit\":{\"label\":\"Keyword\",\"description\":\"\",\"placeholder\":\"\",\"visible\":true,\"editable\":true},\"list\":{\"label\":\"Keyword\",\"searchable\":true,\"sortable\":true}},\"mainHero\":{\"edit\":{\"label\":\"MainHero\",\"description\":\"\",\"placeholder\":\"\",\"visible\":true,\"editable\":true},\"list\":{\"label\":\"MainHero\",\"searchable\":false,\"sortable\":false}},\"button\":{\"edit\":{\"label\":\"Button\",\"description\":\"\",\"placeholder\":\"\",\"visible\":true,\"editable\":true},\"list\":{\"label\":\"Button\",\"searchable\":false,\"sortable\":false}}},\"layouts\":{\"list\":[\"id\",\"title\",\"icon\",\"keyword\"],\"edit\":[[{\"name\":\"title\",\"size\":6},{\"name\":\"keyword\",\"size\":6}],[{\"name\":\"description\",\"size\":12}],[{\"name\":\"icon\",\"size\":6}],[{\"name\":\"mainHero\",\"size\":12}],[{\"name\":\"features\",\"size\":12}],[{\"name\":\"button\",\"size\":12}],[{\"name\":\"idContentType\",\"size\":6}]],\"editRelations\":[]},\"isComponent\":true}','object','',''),(55,'plugin_content_manager_configuration_components::sections.feature-rows-group','{\"uid\":\"sections.feature-rows-group\",\"settings\":{\"bulkable\":true,\"filterable\":true,\"searchable\":true,\"pageSize\":10,\"mainField\":\"title\",\"defaultSortBy\":\"title\",\"defaultSortOrder\":\"ASC\"},\"metadatas\":{\"id\":{\"edit\":{},\"list\":{\"label\":\"Id\",\"searchable\":false,\"sortable\":false}},\"idContentType\":{\"edit\":{\"label\":\"IdContentType\",\"description\":\"\",\"placeholder\":\"\",\"visible\":true,\"editable\":true},\"list\":{\"label\":\"IdContentType\",\"searchable\":true,\"sortable\":true}},\"features\":{\"edit\":{\"label\":\"Features\",\"description\":\"\",\"placeholder\":\"\",\"visible\":true,\"editable\":true},\"list\":{\"label\":\"Features\",\"searchable\":false,\"sortable\":false}},\"title\":{\"edit\":{\"label\":\"Title\",\"description\":\"\",\"placeholder\":\"\",\"visible\":true,\"editable\":true},\"list\":{\"label\":\"Title\",\"searchable\":true,\"sortable\":true}},\"keyword\":{\"edit\":{\"label\":\"Keyword\",\"description\":\"\",\"placeholder\":\"\",\"visible\":true,\"editable\":true},\"list\":{\"label\":\"Keyword\",\"searchable\":true,\"sortable\":true}},\"description\":{\"edit\":{\"label\":\"Description\",\"description\":\"\",\"placeholder\":\"\",\"visible\":true,\"editable\":true},\"list\":{\"label\":\"Description\",\"searchable\":false,\"sortable\":false}},\"icon\":{\"edit\":{\"label\":\"Icon\",\"description\":\"\",\"placeholder\":\"\",\"visible\":true,\"editable\":true},\"list\":{\"label\":\"Icon\",\"searchable\":false,\"sortable\":false}},\"mainHero\":{\"edit\":{\"label\":\"MainHero\",\"description\":\"\",\"placeholder\":\"\",\"visible\":true,\"editable\":true},\"list\":{\"label\":\"MainHero\",\"searchable\":false,\"sortable\":false}},\"button\":{\"edit\":{\"label\":\"Button\",\"description\":\"\",\"placeholder\":\"\",\"visible\":true,\"editable\":true},\"list\":{\"label\":\"Button\",\"searchable\":false,\"sortable\":false}}},\"layouts\":{\"list\":[\"id\",\"title\",\"icon\",\"keyword\"],\"edit\":[[{\"name\":\"title\",\"size\":6},{\"name\":\"keyword\",\"size\":6}],[{\"name\":\"description\",\"size\":12}],[{\"name\":\"icon\",\"size\":6}],[{\"name\":\"mainHero\",\"size\":12}],[{\"name\":\"features\",\"size\":12}],[{\"name\":\"button\",\"size\":12}],[{\"name\":\"idContentType\",\"size\":6}]],\"editRelations\":[]},\"isComponent\":true}','object','',''),(59,'plugin_content_manager_configuration_components::sections.testimonials-group','{\"uid\":\"sections.testimonials-group\",\"settings\":{\"bulkable\":true,\"filterable\":true,\"searchable\":true,\"pageSize\":10,\"mainField\":\"title\",\"defaultSortBy\":\"title\",\"defaultSortOrder\":\"ASC\"},\"metadatas\":{\"id\":{\"edit\":{},\"list\":{\"label\":\"Id\",\"searchable\":false,\"sortable\":false}},\"idContentType\":{\"edit\":{\"label\":\"IdContentType\",\"description\":\"\",\"placeholder\":\"\",\"visible\":true,\"editable\":true},\"list\":{\"label\":\"IdContentType\",\"searchable\":true,\"sortable\":true}},\"title\":{\"edit\":{\"label\":\"Title\",\"description\":\"\",\"placeholder\":\"\",\"visible\":true,\"editable\":true},\"list\":{\"label\":\"Title\",\"searchable\":true,\"sortable\":true}},\"keyword\":{\"edit\":{\"label\":\"Keyword\",\"description\":\"\",\"placeholder\":\"\",\"visible\":true,\"editable\":true},\"list\":{\"label\":\"Keyword\",\"searchable\":true,\"sortable\":true}},\"description\":{\"edit\":{\"label\":\"Description\",\"description\":\"\",\"placeholder\":\"\",\"visible\":true,\"editable\":true},\"list\":{\"label\":\"Description\",\"searchable\":true,\"sortable\":true}},\"link\":{\"edit\":{\"label\":\"Link\",\"description\":\"\",\"placeholder\":\"\",\"visible\":true,\"editable\":true},\"list\":{\"label\":\"Link\",\"searchable\":false,\"sortable\":false}},\"testimonials\":{\"edit\":{\"label\":\"Testimonials\",\"description\":\"\",\"placeholder\":\"\",\"visible\":true,\"editable\":true},\"list\":{\"label\":\"Testimonials\",\"searchable\":false,\"sortable\":false}},\"mainHero\":{\"edit\":{\"label\":\"MainHero\",\"description\":\"\",\"placeholder\":\"\",\"visible\":true,\"editable\":true},\"list\":{\"label\":\"MainHero\",\"searchable\":false,\"sortable\":false}},\"icon\":{\"edit\":{\"label\":\"Icon\",\"description\":\"\",\"placeholder\":\"\",\"visible\":true,\"editable\":true},\"list\":{\"label\":\"Icon\",\"searchable\":false,\"sortable\":false}}},\"layouts\":{\"list\":[\"id\",\"title\",\"description\",\"icon\"],\"edit\":[[{\"name\":\"title\",\"size\":6},{\"name\":\"keyword\",\"size\":6}],[{\"name\":\"description\",\"size\":6},{\"name\":\"icon\",\"size\":6}],[{\"name\":\"mainHero\",\"size\":12}],[{\"name\":\"testimonials\",\"size\":12}],[{\"name\":\"link\",\"size\":12}],[{\"name\":\"idContentType\",\"size\":6}]],\"editRelations\":[]},\"isComponent\":true}','object','',''),(60,'plugin_content_manager_configuration_components::sections.rich-text','{\"uid\":\"sections.rich-text\",\"settings\":{\"bulkable\":true,\"filterable\":true,\"searchable\":true,\"pageSize\":10,\"mainField\":\"id\",\"defaultSortBy\":\"id\",\"defaultSortOrder\":\"ASC\"},\"metadatas\":{\"id\":{\"edit\":{},\"list\":{\"label\":\"Id\",\"searchable\":false,\"sortable\":false}},\"content\":{\"edit\":{\"label\":\"Content\",\"description\":\"\",\"placeholder\":\"\",\"visible\":true,\"editable\":true},\"list\":{\"label\":\"Content\",\"searchable\":false,\"sortable\":false}}},\"layouts\":{\"list\":[\"id\"],\"edit\":[[{\"name\":\"content\",\"size\":12}]],\"editRelations\":[]},\"isComponent\":true}','object','',''),(61,'plugin_users-permissions_email','{\"reset_password\":{\"display\":\"Email.template.reset_password\",\"icon\":\"sync\",\"options\":{\"from\":{\"name\":\"Administration Panel\",\"email\":\"no-reply@strapi.io\"},\"response_email\":\"\",\"object\":\"Reset password\",\"message\":\"<p>We heard that you lost your password. Sorry about that!</p>\\n\\n<p>But donÔÇÖt worry! You can use the following link to reset your password:</p>\\n<p><%= URL %>?code=<%= TOKEN %></p>\\n\\n<p>Thanks.</p>\"}},\"email_confirmation\":{\"display\":\"Email.template.email_confirmation\",\"icon\":\"check-square\",\"options\":{\"from\":{\"name\":\"Administration Panel\",\"email\":\"no-reply@strapi.io\"},\"response_email\":\"\",\"object\":\"Account confirmation\",\"message\":\"<p>Thank you for registering!</p>\\n\\n<p>You have to confirm your email address. Please click on the link below.</p>\\n\\n<p><%= URL %>?confirmation=<%= CODE %></p>\\n\\n<p>Thanks.</p>\"}}}','object','',''),(62,'plugin_content_manager_configuration_content_types::plugins::users-permissions.user','{\"uid\":\"plugins::users-permissions.user\",\"settings\":{\"bulkable\":true,\"filterable\":true,\"searchable\":true,\"pageSize\":10,\"mainField\":\"username\",\"defaultSortBy\":\"username\",\"defaultSortOrder\":\"ASC\"},\"metadatas\":{\"id\":{\"edit\":{},\"list\":{\"label\":\"Id\",\"searchable\":true,\"sortable\":true}},\"username\":{\"edit\":{\"label\":\"Username\",\"description\":\"\",\"placeholder\":\"\",\"visible\":true,\"editable\":true},\"list\":{\"label\":\"Username\",\"searchable\":true,\"sortable\":true}},\"email\":{\"edit\":{\"label\":\"Email\",\"description\":\"\",\"placeholder\":\"\",\"visible\":true,\"editable\":true},\"list\":{\"label\":\"Email\",\"searchable\":true,\"sortable\":true}},\"provider\":{\"edit\":{\"label\":\"Provider\",\"description\":\"\",\"placeholder\":\"\",\"visible\":false,\"editable\":true},\"list\":{\"label\":\"Provider\",\"searchable\":true,\"sortable\":true}},\"password\":{\"edit\":{\"label\":\"Password\",\"description\":\"\",\"placeholder\":\"\",\"visible\":true,\"editable\":true},\"list\":{\"label\":\"Password\",\"searchable\":true,\"sortable\":true}},\"resetPasswordToken\":{\"edit\":{\"label\":\"ResetPasswordToken\",\"description\":\"\",\"placeholder\":\"\",\"visible\":false,\"editable\":true},\"list\":{\"label\":\"ResetPasswordToken\",\"searchable\":true,\"sortable\":true}},\"confirmationToken\":{\"edit\":{\"label\":\"ConfirmationToken\",\"description\":\"\",\"placeholder\":\"\",\"visible\":false,\"editable\":true},\"list\":{\"label\":\"ConfirmationToken\",\"searchable\":true,\"sortable\":true}},\"confirmed\":{\"edit\":{\"label\":\"Confirmed\",\"description\":\"\",\"placeholder\":\"\",\"visible\":true,\"editable\":true},\"list\":{\"label\":\"Confirmed\",\"searchable\":true,\"sortable\":true}},\"blocked\":{\"edit\":{\"label\":\"Blocked\",\"description\":\"\",\"placeholder\":\"\",\"visible\":true,\"editable\":true},\"list\":{\"label\":\"Blocked\",\"searchable\":true,\"sortable\":true}},\"role\":{\"edit\":{\"label\":\"Role\",\"description\":\"\",\"placeholder\":\"\",\"visible\":true,\"editable\":true,\"mainField\":\"name\"},\"list\":{\"label\":\"Role\",\"searchable\":true,\"sortable\":true}},\"created_at\":{\"edit\":{\"label\":\"Created_at\",\"description\":\"\",\"placeholder\":\"\",\"visible\":false,\"editable\":true},\"list\":{\"label\":\"Created_at\",\"searchable\":true,\"sortable\":true}},\"updated_at\":{\"edit\":{\"label\":\"Updated_at\",\"description\":\"\",\"placeholder\":\"\",\"visible\":false,\"editable\":true},\"list\":{\"label\":\"Updated_at\",\"searchable\":true,\"sortable\":true}}},\"layouts\":{\"list\":[\"id\",\"username\",\"email\",\"confirmed\"],\"editRelations\":[\"role\"],\"edit\":[[{\"name\":\"username\",\"size\":6},{\"name\":\"email\",\"size\":6}],[{\"name\":\"password\",\"size\":6},{\"name\":\"confirmed\",\"size\":4}],[{\"name\":\"blocked\",\"size\":4}]]}}','object','',''),(63,'plugin_users-permissions_advanced','{\"unique_email\":true,\"allow_register\":true,\"email_confirmation\":true,\"email_reset_password\":null,\"email_confirmation_redirection\":null,\"default_role\":\"public\"}','object','',''),(64,'plugin_content_manager_configuration_content_types::plugins::users-permissions.role','{\"uid\":\"plugins::users-permissions.role\",\"settings\":{\"bulkable\":true,\"filterable\":true,\"searchable\":true,\"pageSize\":10,\"mainField\":\"name\",\"defaultSortBy\":\"name\",\"defaultSortOrder\":\"ASC\"},\"metadatas\":{\"id\":{\"edit\":{},\"list\":{\"label\":\"Id\",\"searchable\":true,\"sortable\":true}},\"name\":{\"edit\":{\"label\":\"Name\",\"description\":\"\",\"placeholder\":\"\",\"visible\":true,\"editable\":true},\"list\":{\"label\":\"Name\",\"searchable\":true,\"sortable\":true}},\"description\":{\"edit\":{\"label\":\"Description\",\"description\":\"\",\"placeholder\":\"\",\"visible\":true,\"editable\":true},\"list\":{\"label\":\"Description\",\"searchable\":true,\"sortable\":true}},\"type\":{\"edit\":{\"label\":\"Type\",\"description\":\"\",\"placeholder\":\"\",\"visible\":true,\"editable\":true},\"list\":{\"label\":\"Type\",\"searchable\":true,\"sortable\":true}},\"permissions\":{\"edit\":{\"label\":\"Permissions\",\"description\":\"\",\"placeholder\":\"\",\"visible\":true,\"editable\":true,\"mainField\":\"type\"},\"list\":{\"label\":\"Permissions\",\"searchable\":false,\"sortable\":false}},\"users\":{\"edit\":{\"label\":\"Users\",\"description\":\"\",\"placeholder\":\"\",\"visible\":true,\"editable\":true,\"mainField\":\"username\"},\"list\":{\"label\":\"Users\",\"searchable\":false,\"sortable\":false}}},\"layouts\":{\"list\":[\"id\",\"name\",\"description\",\"type\"],\"editRelations\":[\"permissions\",\"users\"],\"edit\":[[{\"name\":\"name\",\"size\":6},{\"name\":\"description\",\"size\":6}],[{\"name\":\"type\",\"size\":6}]]}}','object','',''),(65,'plugin_content_manager_configuration_content_types::plugins::users-permissions.permission','{\"uid\":\"plugins::users-permissions.permission\",\"settings\":{\"bulkable\":true,\"filterable\":true,\"searchable\":true,\"pageSize\":10,\"mainField\":\"type\",\"defaultSortBy\":\"type\",\"defaultSortOrder\":\"ASC\"},\"metadatas\":{\"id\":{\"edit\":{},\"list\":{\"label\":\"Id\",\"searchable\":true,\"sortable\":true}},\"type\":{\"edit\":{\"label\":\"Type\",\"description\":\"\",\"placeholder\":\"\",\"visible\":true,\"editable\":true},\"list\":{\"label\":\"Type\",\"searchable\":true,\"sortable\":true}},\"controller\":{\"edit\":{\"label\":\"Controller\",\"description\":\"\",\"placeholder\":\"\",\"visible\":true,\"editable\":true},\"list\":{\"label\":\"Controller\",\"searchable\":true,\"sortable\":true}},\"action\":{\"edit\":{\"label\":\"Action\",\"description\":\"\",\"placeholder\":\"\",\"visible\":true,\"editable\":true},\"list\":{\"label\":\"Action\",\"searchable\":true,\"sortable\":true}},\"enabled\":{\"edit\":{\"label\":\"Enabled\",\"description\":\"\",\"placeholder\":\"\",\"visible\":true,\"editable\":true},\"list\":{\"label\":\"Enabled\",\"searchable\":true,\"sortable\":true}},\"policy\":{\"edit\":{\"label\":\"Policy\",\"description\":\"\",\"placeholder\":\"\",\"visible\":true,\"editable\":true},\"list\":{\"label\":\"Policy\",\"searchable\":true,\"sortable\":true}},\"role\":{\"edit\":{\"label\":\"Role\",\"description\":\"\",\"placeholder\":\"\",\"visible\":true,\"editable\":true,\"mainField\":\"name\"},\"list\":{\"label\":\"Role\",\"searchable\":true,\"sortable\":true}}},\"layouts\":{\"list\":[\"id\",\"type\",\"controller\",\"action\"],\"editRelations\":[\"role\"],\"edit\":[[{\"name\":\"type\",\"size\":6},{\"name\":\"controller\",\"size\":6}],[{\"name\":\"action\",\"size\":6},{\"name\":\"enabled\",\"size\":4}],[{\"name\":\"policy\",\"size\":6}]]}}','object','',''),(66,'plugin_content_manager_configuration_content_types::strapi::user','{\"uid\":\"strapi::user\",\"settings\":{\"bulkable\":true,\"filterable\":true,\"searchable\":true,\"pageSize\":10,\"mainField\":\"firstname\",\"defaultSortBy\":\"firstname\",\"defaultSortOrder\":\"ASC\"},\"metadatas\":{\"id\":{\"edit\":{},\"list\":{\"label\":\"Id\",\"searchable\":true,\"sortable\":true}},\"firstname\":{\"edit\":{\"label\":\"Firstname\",\"description\":\"\",\"placeholder\":\"\",\"visible\":true,\"editable\":true},\"list\":{\"label\":\"Firstname\",\"searchable\":true,\"sortable\":true}},\"lastname\":{\"edit\":{\"label\":\"Lastname\",\"description\":\"\",\"placeholder\":\"\",\"visible\":true,\"editable\":true},\"list\":{\"label\":\"Lastname\",\"searchable\":true,\"sortable\":true}},\"username\":{\"edit\":{\"label\":\"Username\",\"description\":\"\",\"placeholder\":\"\",\"visible\":true,\"editable\":true},\"list\":{\"label\":\"Username\",\"searchable\":true,\"sortable\":true}},\"email\":{\"edit\":{\"label\":\"Email\",\"description\":\"\",\"placeholder\":\"\",\"visible\":true,\"editable\":true},\"list\":{\"label\":\"Email\",\"searchable\":true,\"sortable\":true}},\"password\":{\"edit\":{\"label\":\"Password\",\"description\":\"\",\"placeholder\":\"\",\"visible\":true,\"editable\":true},\"list\":{\"label\":\"Password\",\"searchable\":true,\"sortable\":true}},\"resetPasswordToken\":{\"edit\":{\"label\":\"ResetPasswordToken\",\"description\":\"\",\"placeholder\":\"\",\"visible\":true,\"editable\":true},\"list\":{\"label\":\"ResetPasswordToken\",\"searchable\":true,\"sortable\":true}},\"registrationToken\":{\"edit\":{\"label\":\"RegistrationToken\",\"description\":\"\",\"placeholder\":\"\",\"visible\":true,\"editable\":true},\"list\":{\"label\":\"RegistrationToken\",\"searchable\":true,\"sortable\":true}},\"isActive\":{\"edit\":{\"label\":\"IsActive\",\"description\":\"\",\"placeholder\":\"\",\"visible\":true,\"editable\":true},\"list\":{\"label\":\"IsActive\",\"searchable\":true,\"sortable\":true}},\"roles\":{\"edit\":{\"label\":\"Roles\",\"description\":\"\",\"placeholder\":\"\",\"visible\":true,\"editable\":true,\"mainField\":\"name\"},\"list\":{\"label\":\"Roles\",\"searchable\":false,\"sortable\":false}},\"blocked\":{\"edit\":{\"label\":\"Blocked\",\"description\":\"\",\"placeholder\":\"\",\"visible\":true,\"editable\":true},\"list\":{\"label\":\"Blocked\",\"searchable\":true,\"sortable\":true}},\"preferedLanguage\":{\"edit\":{\"label\":\"PreferedLanguage\",\"description\":\"\",\"placeholder\":\"\",\"visible\":true,\"editable\":true},\"list\":{\"label\":\"PreferedLanguage\",\"searchable\":true,\"sortable\":true}}},\"layouts\":{\"list\":[\"id\",\"firstname\",\"lastname\",\"username\"],\"edit\":[[{\"name\":\"firstname\",\"size\":6},{\"name\":\"lastname\",\"size\":6}],[{\"name\":\"username\",\"size\":6},{\"name\":\"email\",\"size\":6}],[{\"name\":\"password\",\"size\":6}],[{\"name\":\"isActive\",\"size\":4}],[{\"name\":\"blocked\",\"size\":4},{\"name\":\"preferedLanguage\",\"size\":6}]],\"editRelations\":[\"roles\"]}}','object','',''),(69,'plugin_content_manager_configuration_content_types::application::page.page','{\"uid\":\"application::page.page\",\"settings\":{\"bulkable\":true,\"filterable\":true,\"searchable\":true,\"pageSize\":10,\"mainField\":\"shortName\",\"defaultSortBy\":\"shortName\",\"defaultSortOrder\":\"ASC\"},\"metadatas\":{\"id\":{\"edit\":{},\"list\":{\"label\":\"Id\",\"searchable\":true,\"sortable\":true}},\"slug\":{\"edit\":{\"label\":\"Slug\",\"description\":\"\",\"placeholder\":\"\",\"visible\":true,\"editable\":true},\"list\":{\"label\":\"Slug\",\"searchable\":true,\"sortable\":true}},\"shortName\":{\"edit\":{\"label\":\"ShortName\",\"description\":\"\",\"placeholder\":\"\",\"visible\":true,\"editable\":true},\"list\":{\"label\":\"ShortName\",\"searchable\":true,\"sortable\":true}},\"metadata\":{\"edit\":{\"label\":\"Metadata\",\"description\":\"\",\"placeholder\":\"\",\"visible\":true,\"editable\":true},\"list\":{\"label\":\"Metadata\",\"searchable\":false,\"sortable\":false}},\"contentSections\":{\"edit\":{\"label\":\"ContentSections\",\"description\":\"\",\"placeholder\":\"\",\"visible\":true,\"editable\":true},\"list\":{\"label\":\"ContentSections\",\"searchable\":false,\"sortable\":false}},\"created_at\":{\"edit\":{\"label\":\"Created_at\",\"description\":\"\",\"placeholder\":\"\",\"visible\":false,\"editable\":true},\"list\":{\"label\":\"Created_at\",\"searchable\":true,\"sortable\":true}},\"updated_at\":{\"edit\":{\"label\":\"Updated_at\",\"description\":\"\",\"placeholder\":\"\",\"visible\":false,\"editable\":true},\"list\":{\"label\":\"Updated_at\",\"searchable\":true,\"sortable\":true}}},\"layouts\":{\"list\":[\"id\",\"slug\",\"shortName\"],\"edit\":[[{\"name\":\"slug\",\"size\":6},{\"name\":\"shortName\",\"size\":6}],[{\"name\":\"metadata\",\"size\":12}],[{\"name\":\"contentSections\",\"size\":12}]],\"editRelations\":[]}}','object','',''),(70,'plugin_content_manager_configuration_content_types::plugins::upload.file','{\"uid\":\"plugins::upload.file\",\"settings\":{\"bulkable\":true,\"filterable\":true,\"searchable\":true,\"pageSize\":10,\"mainField\":\"name\",\"defaultSortBy\":\"name\",\"defaultSortOrder\":\"ASC\"},\"metadatas\":{\"id\":{\"edit\":{},\"list\":{\"label\":\"Id\",\"searchable\":true,\"sortable\":true}},\"name\":{\"edit\":{\"label\":\"Name\",\"description\":\"\",\"placeholder\":\"\",\"visible\":true,\"editable\":true},\"list\":{\"label\":\"Name\",\"searchable\":true,\"sortable\":true}},\"alternativeText\":{\"edit\":{\"label\":\"AlternativeText\",\"description\":\"\",\"placeholder\":\"\",\"visible\":true,\"editable\":true},\"list\":{\"label\":\"AlternativeText\",\"searchable\":true,\"sortable\":true}},\"caption\":{\"edit\":{\"label\":\"Caption\",\"description\":\"\",\"placeholder\":\"\",\"visible\":true,\"editable\":true},\"list\":{\"label\":\"Caption\",\"searchable\":true,\"sortable\":true}},\"width\":{\"edit\":{\"label\":\"Width\",\"description\":\"\",\"placeholder\":\"\",\"visible\":true,\"editable\":true},\"list\":{\"label\":\"Width\",\"searchable\":true,\"sortable\":true}},\"height\":{\"edit\":{\"label\":\"Height\",\"description\":\"\",\"placeholder\":\"\",\"visible\":true,\"editable\":true},\"list\":{\"label\":\"Height\",\"searchable\":true,\"sortable\":true}},\"formats\":{\"edit\":{\"label\":\"Formats\",\"description\":\"\",\"placeholder\":\"\",\"visible\":true,\"editable\":true},\"list\":{\"label\":\"Formats\",\"searchable\":false,\"sortable\":false}},\"hash\":{\"edit\":{\"label\":\"Hash\",\"description\":\"\",\"placeholder\":\"\",\"visible\":true,\"editable\":true},\"list\":{\"label\":\"Hash\",\"searchable\":true,\"sortable\":true}},\"ext\":{\"edit\":{\"label\":\"Ext\",\"description\":\"\",\"placeholder\":\"\",\"visible\":true,\"editable\":true},\"list\":{\"label\":\"Ext\",\"searchable\":true,\"sortable\":true}},\"mime\":{\"edit\":{\"label\":\"Mime\",\"description\":\"\",\"placeholder\":\"\",\"visible\":true,\"editable\":true},\"list\":{\"label\":\"Mime\",\"searchable\":true,\"sortable\":true}},\"size\":{\"edit\":{\"label\":\"Size\",\"description\":\"\",\"placeholder\":\"\",\"visible\":true,\"editable\":true},\"list\":{\"label\":\"Size\",\"searchable\":true,\"sortable\":true}},\"url\":{\"edit\":{\"label\":\"Url\",\"description\":\"\",\"placeholder\":\"\",\"visible\":true,\"editable\":true},\"list\":{\"label\":\"Url\",\"searchable\":true,\"sortable\":true}},\"previewUrl\":{\"edit\":{\"label\":\"PreviewUrl\",\"description\":\"\",\"placeholder\":\"\",\"visible\":true,\"editable\":true},\"list\":{\"label\":\"PreviewUrl\",\"searchable\":true,\"sortable\":true}},\"provider\":{\"edit\":{\"label\":\"Provider\",\"description\":\"\",\"placeholder\":\"\",\"visible\":true,\"editable\":true},\"list\":{\"label\":\"Provider\",\"searchable\":true,\"sortable\":true}},\"provider_metadata\":{\"edit\":{\"label\":\"Provider_metadata\",\"description\":\"\",\"placeholder\":\"\",\"visible\":true,\"editable\":true},\"list\":{\"label\":\"Provider_metadata\",\"searchable\":false,\"sortable\":false}},\"related\":{\"edit\":{\"label\":\"Related\",\"description\":\"\",\"placeholder\":\"\",\"visible\":true,\"editable\":true},\"list\":{\"label\":\"Related\",\"searchable\":false,\"sortable\":false}},\"created_at\":{\"edit\":{\"label\":\"Created_at\",\"description\":\"\",\"placeholder\":\"\",\"visible\":false,\"editable\":true},\"list\":{\"label\":\"Created_at\",\"searchable\":true,\"sortable\":true}},\"updated_at\":{\"edit\":{\"label\":\"Updated_at\",\"description\":\"\",\"placeholder\":\"\",\"visible\":false,\"editable\":true},\"list\":{\"label\":\"Updated_at\",\"searchable\":true,\"sortable\":true}}},\"layouts\":{\"list\":[\"id\",\"name\",\"alternativeText\",\"caption\"],\"editRelations\":[\"related\"],\"edit\":[[{\"name\":\"name\",\"size\":6},{\"name\":\"alternativeText\",\"size\":6}],[{\"name\":\"caption\",\"size\":6},{\"name\":\"width\",\"size\":4}],[{\"name\":\"height\",\"size\":4}],[{\"name\":\"formats\",\"size\":12}],[{\"name\":\"hash\",\"size\":6},{\"name\":\"ext\",\"size\":6}],[{\"name\":\"mime\",\"size\":6},{\"name\":\"size\",\"size\":4}],[{\"name\":\"url\",\"size\":6},{\"name\":\"previewUrl\",\"size\":6}],[{\"name\":\"provider\",\"size\":6}],[{\"name\":\"provider_metadata\",\"size\":12}]]}}','object','',''),(71,'plugin_content_manager_configuration_content_types::strapi::role','{\"uid\":\"strapi::role\",\"settings\":{\"bulkable\":true,\"filterable\":true,\"searchable\":true,\"pageSize\":10,\"mainField\":\"name\",\"defaultSortBy\":\"name\",\"defaultSortOrder\":\"ASC\"},\"metadatas\":{\"id\":{\"edit\":{},\"list\":{\"label\":\"Id\",\"searchable\":true,\"sortable\":true}},\"name\":{\"edit\":{\"label\":\"Name\",\"description\":\"\",\"placeholder\":\"\",\"visible\":true,\"editable\":true},\"list\":{\"label\":\"Name\",\"searchable\":true,\"sortable\":true}},\"code\":{\"edit\":{\"label\":\"Code\",\"description\":\"\",\"placeholder\":\"\",\"visible\":true,\"editable\":true},\"list\":{\"label\":\"Code\",\"searchable\":true,\"sortable\":true}},\"description\":{\"edit\":{\"label\":\"Description\",\"description\":\"\",\"placeholder\":\"\",\"visible\":true,\"editable\":true},\"list\":{\"label\":\"Description\",\"searchable\":true,\"sortable\":true}},\"users\":{\"edit\":{\"label\":\"Users\",\"description\":\"\",\"placeholder\":\"\",\"visible\":true,\"editable\":true,\"mainField\":\"firstname\"},\"list\":{\"label\":\"Users\",\"searchable\":false,\"sortable\":false}},\"permissions\":{\"edit\":{\"label\":\"Permissions\",\"description\":\"\",\"placeholder\":\"\",\"visible\":true,\"editable\":true,\"mainField\":\"action\"},\"list\":{\"label\":\"Permissions\",\"searchable\":false,\"sortable\":false}},\"created_at\":{\"edit\":{\"label\":\"Created_at\",\"description\":\"\",\"placeholder\":\"\",\"visible\":false,\"editable\":true},\"list\":{\"label\":\"Created_at\",\"searchable\":true,\"sortable\":true}},\"updated_at\":{\"edit\":{\"label\":\"Updated_at\",\"description\":\"\",\"placeholder\":\"\",\"visible\":false,\"editable\":true},\"list\":{\"label\":\"Updated_at\",\"searchable\":true,\"sortable\":true}}},\"layouts\":{\"list\":[\"id\",\"name\",\"code\",\"description\"],\"editRelations\":[\"users\",\"permissions\"],\"edit\":[[{\"name\":\"name\",\"size\":6},{\"name\":\"code\",\"size\":6}],[{\"name\":\"description\",\"size\":6}]]}}','object','',''),(72,'plugin_content_manager_configuration_content_types::strapi::permission','{\"uid\":\"strapi::permission\",\"settings\":{\"bulkable\":true,\"filterable\":true,\"searchable\":true,\"pageSize\":10,\"mainField\":\"action\",\"defaultSortBy\":\"action\",\"defaultSortOrder\":\"ASC\"},\"metadatas\":{\"id\":{\"edit\":{},\"list\":{\"label\":\"Id\",\"searchable\":true,\"sortable\":true}},\"action\":{\"edit\":{\"label\":\"Action\",\"description\":\"\",\"placeholder\":\"\",\"visible\":true,\"editable\":true},\"list\":{\"label\":\"Action\",\"searchable\":true,\"sortable\":true}},\"subject\":{\"edit\":{\"label\":\"Subject\",\"description\":\"\",\"placeholder\":\"\",\"visible\":true,\"editable\":true},\"list\":{\"label\":\"Subject\",\"searchable\":true,\"sortable\":true}},\"properties\":{\"edit\":{\"label\":\"Properties\",\"description\":\"\",\"placeholder\":\"\",\"visible\":true,\"editable\":true},\"list\":{\"label\":\"Properties\",\"searchable\":false,\"sortable\":false}},\"conditions\":{\"edit\":{\"label\":\"Conditions\",\"description\":\"\",\"placeholder\":\"\",\"visible\":true,\"editable\":true},\"list\":{\"label\":\"Conditions\",\"searchable\":false,\"sortable\":false}},\"role\":{\"edit\":{\"label\":\"Role\",\"description\":\"\",\"placeholder\":\"\",\"visible\":true,\"editable\":true,\"mainField\":\"name\"},\"list\":{\"label\":\"Role\",\"searchable\":true,\"sortable\":true}},\"created_at\":{\"edit\":{\"label\":\"Created_at\",\"description\":\"\",\"placeholder\":\"\",\"visible\":false,\"editable\":true},\"list\":{\"label\":\"Created_at\",\"searchable\":true,\"sortable\":true}},\"updated_at\":{\"edit\":{\"label\":\"Updated_at\",\"description\":\"\",\"placeholder\":\"\",\"visible\":false,\"editable\":true},\"list\":{\"label\":\"Updated_at\",\"searchable\":true,\"sortable\":true}}},\"layouts\":{\"list\":[\"id\",\"action\",\"subject\",\"role\"],\"edit\":[[{\"name\":\"action\",\"size\":6},{\"name\":\"subject\",\"size\":6}],[{\"name\":\"conditions\",\"size\":12}],[{\"name\":\"properties\",\"size\":12}]],\"editRelations\":[\"role\"]}}','object','',''),(73,'type_setup_initHasRun','true','boolean','development',''),(74,'core_admin_auth','{\"providers\":{\"autoRegister\":false,\"defaultRole\":null}}','object','',''),(75,'model_def_application::solutions.solutions','{\"uid\":\"application::solutions.solutions\",\"collectionName\":\"solutions\",\"kind\":\"collectionType\",\"info\":{\"name\":\"Solutions\",\"description\":\"\"},\"options\":{\"increments\":true,\"timestamps\":[\"created_at\",\"updated_at\"],\"draftAndPublish\":true},\"attributes\":{\"title\":{\"type\":\"string\"},\"IsPublicGeneralVisible\":{\"type\":\"boolean\"},\"IsPublicCoverVisible\":{\"type\":\"boolean\"},\"IsPrivateCoverVisible\":{\"type\":\"boolean\"},\"tags\":{\"collection\":\"tags\",\"via\":\"solutions\",\"dominant\":true,\"attribute\":\"tag\",\"column\":\"id\",\"isVirtual\":true},\"shortDescription\":{\"type\":\"text\"},\"longDescription\":{\"type\":\"richtext\"},\"apis\":{\"via\":\"solutions\",\"collection\":\"apis\",\"attribute\":\"api\",\"column\":\"id\",\"isVirtual\":true},\"metadata\":{\"type\":\"component\",\"repeatable\":false,\"component\":\"meta.metadata\"},\"mainIcon\":{\"collection\":\"file\",\"via\":\"related\",\"allowedTypes\":[\"images\",\"files\",\"videos\"],\"plugin\":\"upload\",\"required\":false,\"pluginOptions\":{}},\"bannerIcon\":{\"collection\":\"file\",\"via\":\"related\",\"allowedTypes\":[\"images\",\"files\",\"videos\"],\"plugin\":\"upload\",\"required\":false,\"pluginOptions\":{}},\"featuresGroup\":{\"type\":\"component\",\"repeatable\":true,\"component\":\"elements.feature\"},\"slug\":{\"type\":\"uid\",\"targetField\":\"title\"},\"order\":{\"type\":\"integer\"},\"featuresIcon\":{\"collection\":\"file\",\"via\":\"related\",\"allowedTypes\":[\"images\",\"files\",\"videos\"],\"plugin\":\"upload\",\"required\":false,\"pluginOptions\":{}},\"published_at\":{\"type\":\"datetime\",\"configurable\":false,\"writable\":true,\"visible\":false},\"created_by\":{\"model\":\"user\",\"plugin\":\"admin\",\"configurable\":false,\"writable\":false,\"visible\":false,\"private\":true},\"updated_by\":{\"model\":\"user\",\"plugin\":\"admin\",\"configurable\":false,\"writable\":false,\"visible\":false,\"private\":true}}}','object',NULL,NULL),(77,'model_def_elements.badget','{\"uid\":\"elements.badget\",\"collectionName\":\"components_elements_badgets\",\"info\":{\"name\":\"Badge\",\"icon\":\"ad\",\"description\":\"\"},\"options\":{\"timestamps\":false},\"attributes\":{\"title\":{\"type\":\"string\"}}}','object',NULL,NULL),(78,'plugin_content_manager_configuration_components::elements.badget','{\"uid\":\"elements.badget\",\"settings\":{\"bulkable\":true,\"filterable\":true,\"searchable\":true,\"pageSize\":10,\"mainField\":\"title\",\"defaultSortBy\":\"title\",\"defaultSortOrder\":\"ASC\"},\"metadatas\":{\"id\":{\"edit\":{},\"list\":{\"label\":\"Id\",\"searchable\":false,\"sortable\":false}},\"title\":{\"edit\":{\"label\":\"Title\",\"description\":\"\",\"placeholder\":\"\",\"visible\":true,\"editable\":true},\"list\":{\"label\":\"Title\",\"searchable\":true,\"sortable\":true}}},\"layouts\":{\"list\":[\"id\",\"title\"],\"edit\":[[{\"name\":\"title\",\"size\":6}]],\"editRelations\":[]},\"isComponent\":true}','object','',''),(79,'model_def_application::updates.updates','{\"uid\":\"application::updates.updates\",\"collectionName\":\"updates\",\"kind\":\"collectionType\",\"info\":{\"name\":\"Posts\",\"description\":\"\"},\"options\":{\"increments\":true,\"timestamps\":[\"created_at\",\"updated_at\"],\"draftAndPublish\":true},\"attributes\":{\"title\":{\"type\":\"string\",\"required\":true},\"subtitle\":{\"type\":\"string\"},\"icon\":{\"collection\":\"file\",\"via\":\"related\",\"allowedTypes\":[\"images\",\"files\",\"videos\"],\"plugin\":\"upload\",\"required\":false,\"pluginOptions\":{}},\"category_posts\":{\"via\":\"posts\",\"collection\":\"category-posts\",\"dominant\":true,\"attribute\":\"category-post\",\"column\":\"id\",\"isVirtual\":true},\"tags\":{\"collection\":\"tags\",\"via\":\"posts\",\"dominant\":true,\"attribute\":\"tag\",\"column\":\"id\",\"isVirtual\":true},\"isPublicCoverVisible\":{\"type\":\"boolean\"},\"isPrivateCoverVisible\":{\"type\":\"boolean\"},\"isPublicGeneralVisible\":{\"type\":\"boolean\"},\"isPopular\":{\"type\":\"boolean\"},\"isHighlighted\":{\"type\":\"boolean\"},\"shortDescription\":{\"type\":\"string\"},\"longDescription\":{\"type\":\"richtext\"},\"readingTime\":{\"type\":\"string\"},\"publicationDate\":{\"type\":\"datetime\"},\"content\":{\"type\":\"richtext\"},\"url\":{\"type\":\"uid\",\"targetField\":\"title\",\"required\":true},\"author\":{\"model\":\"authors\"},\"metadata\":{\"type\":\"component\",\"repeatable\":false,\"component\":\"meta.metadata\"},\"order\":{\"type\":\"biginteger\",\"unique\":true},\"published_at\":{\"type\":\"datetime\",\"configurable\":false,\"writable\":true,\"visible\":false},\"created_by\":{\"model\":\"user\",\"plugin\":\"admin\",\"configurable\":false,\"writable\":false,\"visible\":false,\"private\":true},\"updated_by\":{\"model\":\"user\",\"plugin\":\"admin\",\"configurable\":false,\"writable\":false,\"visible\":false,\"private\":true}}}','object',NULL,NULL),(81,'model_def_application::headers.headers','{\"uid\":\"application::headers.headers\",\"collectionName\":\"headers\",\"kind\":\"collectionType\",\"info\":{\"name\":\"headers\"},\"options\":{\"increments\":true,\"timestamps\":[\"created_at\",\"updated_at\"],\"draftAndPublish\":true},\"attributes\":{\"item\":{\"type\":\"string\"},\"published_at\":{\"type\":\"datetime\",\"configurable\":false},\"created_by\":{\"model\":\"user\",\"plugin\":\"admin\",\"configurable\":false,\"writable\":false,\"private\":true},\"updated_by\":{\"model\":\"user\",\"plugin\":\"admin\",\"configurable\":false,\"writable\":false,\"private\":true}}}','object',NULL,NULL),(83,'model_def_links.sub-link','{\"uid\":\"links.sub-link\",\"collectionName\":\"components_links_sub_links\",\"info\":{\"name\":\"SubLink\",\"icon\":\"arrow-right\"},\"options\":{\"timestamps\":false},\"attributes\":{\"name\":{\"type\":\"string\"},\"icon\":{\"collection\":\"file\",\"via\":\"related\",\"allowedTypes\":[\"images\",\"files\",\"videos\"],\"plugin\":\"upload\",\"required\":false},\"descripcion\":{\"type\":\"string\"}}}','object',NULL,NULL),(84,'plugin_content_manager_configuration_components::links.sub-link','{\"uid\":\"links.sub-link\",\"settings\":{\"bulkable\":true,\"filterable\":true,\"searchable\":true,\"pageSize\":10,\"mainField\":\"name\",\"defaultSortBy\":\"name\",\"defaultSortOrder\":\"ASC\"},\"metadatas\":{\"id\":{\"edit\":{},\"list\":{\"label\":\"Id\",\"searchable\":false,\"sortable\":false}},\"name\":{\"edit\":{\"label\":\"Name\",\"description\":\"\",\"placeholder\":\"\",\"visible\":true,\"editable\":true},\"list\":{\"label\":\"Name\",\"searchable\":true,\"sortable\":true}},\"icon\":{\"edit\":{\"label\":\"Icon\",\"description\":\"\",\"placeholder\":\"\",\"visible\":true,\"editable\":true},\"list\":{\"label\":\"Icon\",\"searchable\":false,\"sortable\":false}},\"descripcion\":{\"edit\":{\"label\":\"Descripcion\",\"description\":\"\",\"placeholder\":\"\",\"visible\":true,\"editable\":true},\"list\":{\"label\":\"Descripcion\",\"searchable\":true,\"sortable\":true}}},\"layouts\":{\"list\":[\"id\",\"name\",\"icon\",\"descripcion\"],\"edit\":[[{\"name\":\"name\",\"size\":6},{\"name\":\"descripcion\",\"size\":6}],[{\"name\":\"icon\",\"size\":6}]],\"editRelations\":[]},\"isComponent\":true}','object','',''),(85,'model_def_layout.navbar-extended','{\"uid\":\"layout.navbar-extended\",\"collectionName\":\"components_layout_navbar_extendeds\",\"info\":{\"name\":\"NavbarExtended\",\"icon\":\"align-right\",\"description\":\"\"},\"options\":{\"timestamps\":false},\"attributes\":{\"name\":{\"type\":\"string\"}}}','object',NULL,NULL),(87,'model_def_elements.navbar-section','{\"uid\":\"elements.navbar-section\",\"collectionName\":\"components_elements_navbar_sections\",\"info\":{\"name\":\"NavbarSection\",\"icon\":\"angle-double-down\"},\"options\":{\"timestamps\":false},\"attributes\":{\"title\":{\"type\":\"string\"},\"links\":{\"type\":\"component\",\"repeatable\":true,\"component\":\"links.link\"}}}','object',NULL,NULL),(89,'model_def_elements.columns','{\"uid\":\"elements.columns\",\"collectionName\":\"components_elements_columns\",\"info\":{\"name\":\"columns\",\"icon\":\"air-freshener\"},\"options\":{\"timestamps\":false},\"attributes\":{}}','object',NULL,NULL),(91,'plugin_documentation_config','{\"restrictedAccess\":false}','object','',''),(92,'model_def_elements.navbar-columns','{\"uid\":\"elements.navbar-columns\",\"collectionName\":\"components_elements_navbar_section\",\"info\":{\"name\":\"navbarSection\",\"icon\":\"align-justify\",\"description\":\"\"},\"options\":{\"timestamps\":false},\"attributes\":{\"title\":{\"type\":\"string\"},\"drop\":{\"type\":\"boolean\"},\"personalizedLink\":{\"type\":\"component\",\"repeatable\":false,\"component\":\"links.link\"},\"links\":{\"type\":\"component\",\"repeatable\":true,\"component\":\"links.link\"}}}','object',NULL,NULL),(93,'plugin_content_manager_configuration_components::elements.navbar-columns','{\"uid\":\"elements.navbar-columns\",\"settings\":{\"bulkable\":true,\"filterable\":true,\"searchable\":true,\"pageSize\":10,\"mainField\":\"title\",\"defaultSortBy\":\"title\",\"defaultSortOrder\":\"ASC\"},\"metadatas\":{\"id\":{\"edit\":{},\"list\":{\"label\":\"Id\",\"searchable\":false,\"sortable\":false}},\"title\":{\"edit\":{\"label\":\"Title\",\"description\":\"\",\"placeholder\":\"\",\"visible\":true,\"editable\":true},\"list\":{\"label\":\"Title\",\"searchable\":true,\"sortable\":true}},\"drop\":{\"edit\":{\"label\":\"Drop\",\"description\":\"\",\"placeholder\":\"\",\"visible\":true,\"editable\":true},\"list\":{\"label\":\"Drop\",\"searchable\":true,\"sortable\":true}},\"personalizedLink\":{\"edit\":{\"label\":\"PersonalizedLink\",\"description\":\"\",\"placeholder\":\"\",\"visible\":true,\"editable\":true},\"list\":{\"label\":\"PersonalizedLink\",\"searchable\":false,\"sortable\":false}},\"links\":{\"edit\":{\"label\":\"Links\",\"description\":\"\",\"placeholder\":\"\",\"visible\":true,\"editable\":true},\"list\":{\"label\":\"Links\",\"searchable\":false,\"sortable\":false}}},\"layouts\":{\"list\":[\"id\",\"title\",\"drop\"],\"edit\":[[{\"name\":\"title\",\"size\":6},{\"name\":\"drop\",\"size\":4}],[{\"name\":\"links\",\"size\":12}],[{\"name\":\"personalizedLink\",\"size\":12}]],\"editRelations\":[]},\"isComponent\":true}','object','',''),(94,'model_def_elements.main-hero','{\"uid\":\"elements.main-hero\",\"collectionName\":\"components_elements_main_heroes\",\"info\":{\"name\":\"mainHero\",\"icon\":\"allergies\",\"description\":\"\"},\"options\":{\"timestamps\":false},\"attributes\":{\"title\":{\"type\":\"string\"},\"keyword\":{\"type\":\"string\"},\"isKeywordInverted\":{\"type\":\"boolean\"}}}','object',NULL,NULL),(95,'plugin_content_manager_configuration_components::elements.main-hero','{\"uid\":\"elements.main-hero\",\"settings\":{\"bulkable\":true,\"filterable\":true,\"searchable\":true,\"pageSize\":10,\"mainField\":\"title\",\"defaultSortBy\":\"title\",\"defaultSortOrder\":\"ASC\"},\"metadatas\":{\"id\":{\"edit\":{},\"list\":{\"label\":\"Id\",\"searchable\":false,\"sortable\":false}},\"title\":{\"edit\":{\"label\":\"Title\",\"description\":\"\",\"placeholder\":\"\",\"visible\":true,\"editable\":true},\"list\":{\"label\":\"Title\",\"searchable\":true,\"sortable\":true}},\"keyword\":{\"edit\":{\"label\":\"Keyword\",\"description\":\"\",\"placeholder\":\"\",\"visible\":true,\"editable\":true},\"list\":{\"label\":\"Keyword\",\"searchable\":true,\"sortable\":true}},\"isKeywordInverted\":{\"edit\":{\"label\":\"IsKeywordInverted\",\"description\":\"\",\"placeholder\":\"\",\"visible\":true,\"editable\":true},\"list\":{\"label\":\"IsKeywordInverted\",\"searchable\":true,\"sortable\":true}}},\"layouts\":{\"list\":[\"id\",\"title\",\"keyword\",\"isKeywordInverted\"],\"edit\":[[{\"name\":\"title\",\"size\":6},{\"name\":\"keyword\",\"size\":6}],[{\"name\":\"isKeywordInverted\",\"size\":4}]],\"editRelations\":[]},\"isComponent\":true}','object','',''),(96,'model_def_elements.logo','{\"uid\":\"elements.logo\",\"collectionName\":\"components_elements_logos\",\"info\":{\"name\":\"Logo\",\"icon\":\"angry\"},\"options\":{\"timestamps\":false},\"attributes\":{\"titles\":{\"type\":\"component\",\"repeatable\":true,\"component\":\"links.link\"},\"icon\":{\"collection\":\"file\",\"via\":\"related\",\"allowedTypes\":[\"images\",\"files\",\"videos\"],\"plugin\":\"upload\",\"required\":false}}}','object',NULL,NULL),(97,'plugin_content_manager_configuration_components::elements.logo','{\"uid\":\"elements.logo\",\"settings\":{\"bulkable\":true,\"filterable\":true,\"searchable\":true,\"pageSize\":10,\"mainField\":\"id\",\"defaultSortBy\":\"id\",\"defaultSortOrder\":\"ASC\"},\"metadatas\":{\"id\":{\"edit\":{},\"list\":{\"label\":\"Id\",\"searchable\":false,\"sortable\":false}},\"titles\":{\"edit\":{\"label\":\"Titles\",\"description\":\"\",\"placeholder\":\"\",\"visible\":true,\"editable\":true},\"list\":{\"label\":\"Titles\",\"searchable\":false,\"sortable\":false}},\"icon\":{\"edit\":{\"label\":\"Icon\",\"description\":\"\",\"placeholder\":\"\",\"visible\":true,\"editable\":true},\"list\":{\"label\":\"Icon\",\"searchable\":false,\"sortable\":false}}},\"layouts\":{\"list\":[\"id\",\"icon\"],\"edit\":[[{\"name\":\"titles\",\"size\":12}],[{\"name\":\"icon\",\"size\":6}]],\"editRelations\":[]},\"isComponent\":true}','object','',''),(98,'plugin_upload_settings','{\"sizeOptimization\":true,\"responsiveDimensions\":true}','object','production',''),(99,'type_setup_initHasRun','true','boolean','production',''),(100,'model_def_sections.container','{\"uid\":\"sections.container\",\"collectionName\":\"components_sections_containers\",\"info\":{\"name\":\"Container\",\"icon\":\"archway\"},\"options\":{\"timestamps\":false},\"attributes\":{}}','object',NULL,NULL),(102,'model_def_elements.container','{\"uid\":\"elements.container\",\"collectionName\":\"components_elements_containers\",\"info\":{\"name\":\"Container\",\"icon\":\"archway\",\"description\":\"\"},\"options\":{\"timestamps\":false},\"attributes\":{\"title\":{\"type\":\"string\"},\"description\":{\"type\":\"text\"},\"icon\":{\"collection\":\"file\",\"via\":\"related\",\"allowedTypes\":[\"images\",\"files\",\"videos\"],\"plugin\":\"upload\",\"required\":false,\"pluginOptions\":{}},\"keyword\":{\"type\":\"string\"},\"buttonLink\":{\"type\":\"component\",\"repeatable\":true,\"component\":\"links.button-link\"},\"badgeInfo\":{\"type\":\"component\",\"repeatable\":true,\"component\":\"elements.badget\"}}}','object',NULL,NULL),(103,'plugin_content_manager_configuration_components::elements.container','{\"uid\":\"elements.container\",\"settings\":{\"bulkable\":true,\"filterable\":true,\"searchable\":true,\"pageSize\":10,\"mainField\":\"title\",\"defaultSortBy\":\"title\",\"defaultSortOrder\":\"ASC\"},\"metadatas\":{\"id\":{\"edit\":{},\"list\":{\"label\":\"Id\",\"searchable\":false,\"sortable\":false}},\"title\":{\"edit\":{\"label\":\"Title\",\"description\":\"\",\"placeholder\":\"\",\"visible\":true,\"editable\":true},\"list\":{\"label\":\"Title\",\"searchable\":true,\"sortable\":true}},\"description\":{\"edit\":{\"label\":\"Description\",\"description\":\"\",\"placeholder\":\"\",\"visible\":true,\"editable\":true},\"list\":{\"label\":\"Description\",\"searchable\":true,\"sortable\":true}},\"icon\":{\"edit\":{\"label\":\"Icon\",\"description\":\"\",\"placeholder\":\"\",\"visible\":true,\"editable\":true},\"list\":{\"label\":\"Icon\",\"searchable\":false,\"sortable\":false}},\"keyword\":{\"edit\":{\"label\":\"Keyword\",\"description\":\"\",\"placeholder\":\"\",\"visible\":true,\"editable\":true},\"list\":{\"label\":\"Keyword\",\"searchable\":true,\"sortable\":true}},\"buttonLink\":{\"edit\":{\"label\":\"ButtonLink\",\"description\":\"\",\"placeholder\":\"\",\"visible\":true,\"editable\":true},\"list\":{\"label\":\"ButtonLink\",\"searchable\":false,\"sortable\":false}},\"badgeInfo\":{\"edit\":{\"label\":\"BadgeInfo\",\"description\":\"\",\"placeholder\":\"\",\"visible\":true,\"editable\":true},\"list\":{\"label\":\"BadgeInfo\",\"searchable\":false,\"sortable\":false}}},\"layouts\":{\"list\":[\"id\",\"title\",\"description\",\"icon\"],\"edit\":[[{\"name\":\"title\",\"size\":6},{\"name\":\"keyword\",\"size\":6}],[{\"name\":\"description\",\"size\":6},{\"name\":\"icon\",\"size\":6}],[{\"name\":\"buttonLink\",\"size\":12}],[{\"name\":\"badgeInfo\",\"size\":12}]],\"editRelations\":[]},\"isComponent\":true}','object','',''),(104,'model_def_sections.call-to-action','{\"uid\":\"sections.call-to-action\",\"collectionName\":\"components_sections_call_to_actions\",\"info\":{\"name\":\"callToAction\",\"icon\":\"ambulance\",\"description\":\"\"},\"options\":{\"timestamps\":false},\"attributes\":{\"idContentType\":{\"type\":\"uid\"},\"mainHero\":{\"type\":\"component\",\"repeatable\":false,\"component\":\"elements.main-hero\"},\"callButton\":{\"type\":\"component\",\"repeatable\":true,\"component\":\"links.button-link\"},\"icon\":{\"collection\":\"file\",\"via\":\"related\",\"allowedTypes\":[\"images\",\"files\",\"videos\"],\"plugin\":\"upload\",\"required\":false,\"pluginOptions\":{}}}}','object',NULL,NULL),(106,'model_def_sections.summary','{\"uid\":\"sections.summary\",\"collectionName\":\"components_sections_summaries\",\"info\":{\"name\":\"Summary\",\"icon\":\"asterisk\",\"description\":\"\"},\"options\":{\"timestamps\":false},\"attributes\":{\"idContentType\":{\"type\":\"uid\"},\"summaryInfo\":{\"type\":\"component\",\"repeatable\":false,\"component\":\"elements.feature-column\"},\"summaryLink\":{\"type\":\"component\",\"repeatable\":true,\"component\":\"links.link\"},\"title\":{\"type\":\"string\"},\"description\":{\"type\":\"string\"},\"icon\":{\"collection\":\"file\",\"via\":\"related\",\"allowedTypes\":[\"images\",\"files\",\"videos\"],\"plugin\":\"upload\",\"required\":false},\"isVisible\":{\"type\":\"boolean\"}}}','object',NULL,NULL),(108,'model_def_application::developer-guide.developer-guide','{\"uid\":\"application::developer-guide.developer-guide\",\"collectionName\":\"developer_guides\",\"kind\":\"collectionType\",\"info\":{\"name\":\"developerGuide\",\"description\":\"\"},\"options\":{\"increments\":true,\"timestamps\":[\"created_at\",\"updated_at\"],\"draftAndPublish\":true},\"attributes\":{\"description\":{\"type\":\"text\"},\"icon\":{\"collection\":\"file\",\"via\":\"related\",\"allowedTypes\":[\"images\",\"files\",\"videos\"],\"plugin\":\"upload\",\"required\":false,\"pluginOptions\":{}},\"splitTitle\":{\"type\":\"component\",\"repeatable\":false,\"component\":\"elements.main-hero\"},\"tags\":{\"collection\":\"tags\",\"via\":\"developer_guide\",\"isVirtual\":true},\"isPrivateCoverVisible\":{\"type\":\"boolean\"},\"isPublicGeneralVisible\":{\"type\":\"boolean\"},\"slug\":{\"type\":\"uid\",\"targetField\":\"title\",\"required\":true},\"metadata\":{\"type\":\"component\",\"repeatable\":false,\"component\":\"meta.metadata\"},\"title\":{\"type\":\"string\",\"required\":true},\"entries\":{\"type\":\"component\",\"repeatable\":true,\"component\":\"elements.entry\"},\"order\":{\"type\":\"integer\"},\"published_at\":{\"type\":\"datetime\",\"configurable\":false,\"writable\":true,\"visible\":false},\"created_by\":{\"model\":\"user\",\"plugin\":\"admin\",\"configurable\":false,\"writable\":false,\"visible\":false,\"private\":true},\"updated_by\":{\"model\":\"user\",\"plugin\":\"admin\",\"configurable\":false,\"writable\":false,\"visible\":false,\"private\":true}}}','object',NULL,NULL),(110,'model_def_sections.menu-entrada-guia','{\"uid\":\"sections.menu-entrada-guia\",\"collectionName\":\"components_sections_menu_entrada_guias\",\"info\":{\"name\":\"MenuEntradaGuia\",\"icon\":\"arrows-alt\"},\"options\":{\"timestamps\":false},\"attributes\":{\"titulo\":{\"type\":\"string\"},\"fecha_publicacion\":{\"type\":\"datetime\"},\"icon\":{\"collection\":\"file\",\"via\":\"related\",\"allowedTypes\":[\"images\",\"files\",\"videos\"],\"plugin\":\"upload\",\"required\":false},\"descripcion\":{\"type\":\"string\"}}}','object',NULL,NULL),(112,'model_def_sections.entrada-guia','{\"uid\":\"sections.entrada-guia\",\"collectionName\":\"components_sections_entrada_guias\",\"info\":{\"name\":\"EntradaGuia\",\"icon\":\"american-sign-language-interpreting\"},\"options\":{\"timestamps\":false},\"attributes\":{\"titulo\":{\"type\":\"string\"},\"descripcion\":{\"type\":\"string\"},\"contenido\":{\"type\":\"richtext\"},\"enlace\":{\"type\":\"component\",\"repeatable\":false,\"component\":\"links.link\"}}}','object',NULL,NULL),(114,'model_def_elements.entrada-guia-desarrolladores','{\"uid\":\"elements.entrada-guia-desarrolladores\",\"collectionName\":\"components_elements_entrada_guia_desarrolladores\",\"info\":{\"name\":\"EntradaGuiaDesarrolladores\",\"icon\":\"anchor\"},\"options\":{\"timestamps\":false},\"attributes\":{\"titulo\":{\"type\":\"string\"},\"descripcion\":{\"type\":\"string\"},\"contenido\":{\"type\":\"richtext\"},\"enlace\":{\"type\":\"component\",\"repeatable\":false,\"component\":\"links.link\"},\"icon\":{\"collection\":\"file\",\"via\":\"related\",\"allowedTypes\":[\"images\",\"files\",\"videos\"],\"plugin\":\"upload\",\"required\":false}}}','object',NULL,NULL),(116,'model_def_elements.entry-developer-guide','{\"uid\":\"elements.entry-developer-guide\",\"collectionName\":\"components_elements_entry_developer_guides\",\"info\":{\"name\":\"EntryDeveloperGuide\",\"icon\":\"anchor\"},\"options\":{\"timestamps\":false},\"attributes\":{\"title\":{\"type\":\"string\"},\"description\":{\"type\":\"string\"},\"content\":{\"type\":\"richtext\"},\"link\":{\"type\":\"component\",\"repeatable\":false,\"component\":\"links.link\"},\"icon\":{\"collection\":\"file\",\"via\":\"related\",\"allowedTypes\":[\"images\",\"files\",\"videos\"],\"plugin\":\"upload\",\"required\":false}}}','object',NULL,NULL),(117,'model_def_sections.entries-developer-guide','{\"uid\":\"sections.entries-developer-guide\",\"collectionName\":\"components_sections_entries_developer_guides\",\"info\":{\"name\":\"EntriesDeveloperGuide\",\"icon\":\"arrows-alt\"},\"options\":{\"timestamps\":false},\"attributes\":{\"title\":{\"type\":\"string\"},\"description\":{\"type\":\"string\"},\"publication_date\":{\"type\":\"datetime\"},\"entries\":{\"type\":\"component\",\"repeatable\":true,\"component\":\"elements.entry-developer-guide\"},\"icon\":{\"collection\":\"file\",\"via\":\"related\",\"allowedTypes\":[\"images\",\"files\",\"videos\"],\"plugin\":\"upload\",\"required\":false}}}','object',NULL,NULL),(118,'model_def_elements.entry_developer_guide','{\"uid\":\"elements.entry_developer_guide\",\"collectionName\":\"components_elements_entry_developer_guide\",\"info\":{\"name\":\"EntryDeveloperGuide\",\"icon\":\"anchor\",\"description\":\"\"},\"options\":{\"timestamps\":false},\"attributes\":{\"titulo\":{\"type\":\"string\"},\"descripcion\":{\"type\":\"string\"},\"contenido\":{\"type\":\"richtext\"},\"enlace\":{\"type\":\"component\",\"repeatable\":false,\"component\":\"links.link\"},\"icon\":{\"collection\":\"file\",\"via\":\"related\",\"allowedTypes\":[\"images\",\"files\",\"videos\"],\"plugin\":\"upload\",\"required\":false}}}','object',NULL,NULL),(119,'model_def_elements.entry','{\"uid\":\"elements.entry\",\"collectionName\":\"components_elements_entries\",\"info\":{\"name\":\"Entry\",\"icon\":\"arrows-alt-v\",\"description\":\"\"},\"options\":{\"timestamps\":false},\"attributes\":{\"title\":{\"type\":\"string\"},\"content\":{\"type\":\"richtext\"}}}','object',NULL,NULL),(120,'plugin_content_manager_configuration_components::elements.entry','{\"uid\":\"elements.entry\",\"settings\":{\"bulkable\":true,\"filterable\":true,\"searchable\":true,\"pageSize\":10,\"mainField\":\"title\",\"defaultSortBy\":\"title\",\"defaultSortOrder\":\"ASC\"},\"metadatas\":{\"id\":{\"edit\":{},\"list\":{\"label\":\"Id\",\"searchable\":false,\"sortable\":false}},\"title\":{\"edit\":{\"label\":\"Title\",\"description\":\"\",\"placeholder\":\"\",\"visible\":true,\"editable\":true},\"list\":{\"label\":\"Title\",\"searchable\":true,\"sortable\":true}},\"content\":{\"edit\":{\"label\":\"Content\",\"description\":\"\",\"placeholder\":\"\",\"visible\":true,\"editable\":true},\"list\":{\"label\":\"Content\",\"searchable\":false,\"sortable\":false}}},\"layouts\":{\"list\":[\"id\",\"title\"],\"edit\":[[{\"name\":\"title\",\"size\":6}],[{\"name\":\"content\",\"size\":12}]],\"editRelations\":[]},\"isComponent\":true}','object','',''),(121,'model_def_sections.entries-list','{\"uid\":\"sections.entries-list\",\"collectionName\":\"components_sections_entries_lists\",\"info\":{\"name\":\"EntriesList\",\"icon\":\"address-card\",\"description\":\"\"},\"options\":{\"timestamps\":false},\"attributes\":{\"idContentType\":{\"type\":\"uid\"},\"title\":{\"type\":\"string\"},\"description\":{\"type\":\"string\"},\"icon\":{\"collection\":\"file\",\"via\":\"related\",\"allowedTypes\":[\"images\",\"files\",\"videos\"],\"plugin\":\"upload\",\"required\":false},\"Entries\":{\"type\":\"component\",\"repeatable\":true,\"component\":\"elements.entry\"},\"mainHero\":{\"type\":\"component\",\"repeatable\":false,\"component\":\"elements.main-hero\"}}}','object',NULL,NULL),(122,'plugin_content_manager_configuration_components::sections.entries-list','{\"uid\":\"sections.entries-list\",\"settings\":{\"bulkable\":true,\"filterable\":true,\"searchable\":true,\"pageSize\":10,\"mainField\":\"title\",\"defaultSortBy\":\"title\",\"defaultSortOrder\":\"ASC\"},\"metadatas\":{\"id\":{\"edit\":{},\"list\":{\"label\":\"Id\",\"searchable\":false,\"sortable\":false}},\"idContentType\":{\"edit\":{\"label\":\"IdContentType\",\"description\":\"\",\"placeholder\":\"\",\"visible\":true,\"editable\":true},\"list\":{\"label\":\"IdContentType\",\"searchable\":true,\"sortable\":true}},\"title\":{\"edit\":{\"label\":\"Title\",\"description\":\"\",\"placeholder\":\"\",\"visible\":true,\"editable\":true},\"list\":{\"label\":\"Title\",\"searchable\":true,\"sortable\":true}},\"description\":{\"edit\":{\"label\":\"Description\",\"description\":\"\",\"placeholder\":\"\",\"visible\":true,\"editable\":true},\"list\":{\"label\":\"Description\",\"searchable\":true,\"sortable\":true}},\"icon\":{\"edit\":{\"label\":\"Icon\",\"description\":\"\",\"placeholder\":\"\",\"visible\":true,\"editable\":true},\"list\":{\"label\":\"Icon\",\"searchable\":false,\"sortable\":false}},\"Entries\":{\"edit\":{\"label\":\"Entries\",\"description\":\"\",\"placeholder\":\"\",\"visible\":true,\"editable\":true},\"list\":{\"label\":\"Entries\",\"searchable\":false,\"sortable\":false}},\"mainHero\":{\"edit\":{\"label\":\"MainHero\",\"description\":\"\",\"placeholder\":\"\",\"visible\":true,\"editable\":true},\"list\":{\"label\":\"MainHero\",\"searchable\":false,\"sortable\":false}}},\"layouts\":{\"list\":[\"id\",\"title\",\"description\",\"icon\"],\"edit\":[[{\"name\":\"title\",\"size\":6},{\"name\":\"description\",\"size\":6}],[{\"name\":\"icon\",\"size\":6}],[{\"name\":\"mainHero\",\"size\":12}],[{\"name\":\"Entries\",\"size\":12}],[{\"name\":\"idContentType\",\"size\":6}]],\"editRelations\":[]},\"isComponent\":true}','object','',''),(123,'model_def_application::category-posts.category-posts','{\"uid\":\"application::category-posts.category-posts\",\"collectionName\":\"category_posts\",\"kind\":\"collectionType\",\"info\":{\"name\":\"categoryPosts\",\"description\":\"\"},\"options\":{\"increments\":true,\"timestamps\":[\"created_at\",\"updated_at\"],\"draftAndPublish\":true},\"attributes\":{\"title\":{\"type\":\"string\"},\"description\":{\"type\":\"string\"},\"icon\":{\"collection\":\"file\",\"via\":\"related\",\"allowedTypes\":[\"images\",\"files\",\"videos\"],\"plugin\":\"upload\",\"required\":false,\"pluginOptions\":{}},\"posts\":{\"via\":\"category_posts\",\"collection\":\"updates\",\"attribute\":\"update\",\"column\":\"id\",\"isVirtual\":true},\"order\":{\"type\":\"biginteger\"},\"published_at\":{\"type\":\"datetime\",\"configurable\":false,\"writable\":true,\"visible\":false},\"created_by\":{\"model\":\"user\",\"plugin\":\"admin\",\"configurable\":false,\"writable\":false,\"visible\":false,\"private\":true},\"updated_by\":{\"model\":\"user\",\"plugin\":\"admin\",\"configurable\":false,\"writable\":false,\"visible\":false,\"private\":true}}}','object',NULL,NULL),(125,'model_def_application::tags.tags','{\"uid\":\"application::tags.tags\",\"collectionName\":\"tags\",\"kind\":\"collectionType\",\"info\":{\"name\":\"tags\",\"description\":\"\"},\"options\":{\"increments\":true,\"timestamps\":[\"created_at\",\"updated_at\"],\"draftAndPublish\":true},\"attributes\":{\"title\":{\"type\":\"string\"},\"description\":{\"type\":\"string\"},\"icon\":{\"collection\":\"file\",\"via\":\"related\",\"allowedTypes\":[\"images\",\"files\",\"videos\"],\"plugin\":\"upload\",\"required\":false},\"developer_guide\":{\"via\":\"tags\",\"model\":\"developer-guide\"},\"posts\":{\"via\":\"tags\",\"collection\":\"updates\",\"attribute\":\"update\",\"column\":\"id\",\"isVirtual\":true},\"category_tag\":{\"via\":\"tags\",\"model\":\"category-tags\"},\"solutions\":{\"via\":\"tags\",\"collection\":\"solutions\",\"attribute\":\"solution\",\"column\":\"id\",\"isVirtual\":true},\"published_at\":{\"type\":\"datetime\",\"configurable\":false,\"writable\":true,\"visible\":false},\"created_by\":{\"model\":\"user\",\"plugin\":\"admin\",\"configurable\":false,\"writable\":false,\"visible\":false,\"private\":true},\"updated_by\":{\"model\":\"user\",\"plugin\":\"admin\",\"configurable\":false,\"writable\":false,\"visible\":false,\"private\":true}}}','object',NULL,NULL),(127,'model_def_application::category-tags.category-tags','{\"uid\":\"application::category-tags.category-tags\",\"collectionName\":\"category_tags\",\"kind\":\"collectionType\",\"info\":{\"name\":\"categoryTags\",\"description\":\"\"},\"options\":{\"increments\":true,\"timestamps\":[\"created_at\",\"updated_at\"],\"draftAndPublish\":true},\"attributes\":{\"title\":{\"type\":\"string\"},\"description\":{\"type\":\"string\"},\"icon\":{\"collection\":\"file\",\"via\":\"related\",\"allowedTypes\":[\"images\",\"files\",\"videos\"],\"plugin\":\"upload\",\"required\":false},\"tags\":{\"collection\":\"tags\",\"via\":\"category_tag\",\"isVirtual\":true},\"published_at\":{\"type\":\"datetime\",\"configurable\":false,\"writable\":true,\"visible\":false},\"created_by\":{\"model\":\"user\",\"plugin\":\"admin\",\"configurable\":false,\"writable\":false,\"visible\":false,\"private\":true},\"updated_by\":{\"model\":\"user\",\"plugin\":\"admin\",\"configurable\":false,\"writable\":false,\"visible\":false,\"private\":true}}}','object',NULL,NULL),(129,'model_def_sections.basic-container','{\"uid\":\"sections.basic-container\",\"collectionName\":\"components_sections_basic_containers\",\"info\":{\"name\":\"basicContainer\",\"icon\":\"atom\"},\"options\":{\"timestamps\":false},\"attributes\":{\"idContentType\":{\"type\":\"uid\"},\"title\":{\"type\":\"string\"}}}','object',NULL,NULL),(130,'plugin_content_manager_configuration_components::sections.basic-container','{\"uid\":\"sections.basic-container\",\"settings\":{\"bulkable\":true,\"filterable\":true,\"searchable\":true,\"pageSize\":10,\"mainField\":\"title\",\"defaultSortBy\":\"title\",\"defaultSortOrder\":\"ASC\"},\"metadatas\":{\"id\":{\"edit\":{},\"list\":{\"label\":\"Id\",\"searchable\":false,\"sortable\":false}},\"idContentType\":{\"edit\":{\"label\":\"IdContentType\",\"description\":\"\",\"placeholder\":\"\",\"visible\":true,\"editable\":true},\"list\":{\"label\":\"IdContentType\",\"searchable\":true,\"sortable\":true}},\"title\":{\"edit\":{\"label\":\"Title\",\"description\":\"\",\"placeholder\":\"\",\"visible\":true,\"editable\":true},\"list\":{\"label\":\"Title\",\"searchable\":true,\"sortable\":true}}},\"layouts\":{\"list\":[\"id\",\"title\",\"idContentType\"],\"edit\":[[{\"name\":\"idContentType\",\"size\":6},{\"name\":\"title\",\"size\":6}]],\"editRelations\":[]},\"isComponent\":true}','object','',''),(131,'model_def_application::fa-qs.fa-qs','{\"uid\":\"application::fa-qs.fa-qs\",\"collectionName\":\"fa_qs\",\"kind\":\"collectionType\",\"info\":{\"name\":\"FAQs\",\"description\":\"\"},\"options\":{\"increments\":true,\"timestamps\":[\"created_at\",\"updated_at\"],\"draftAndPublish\":true},\"attributes\":{\"title\":{\"type\":\"string\",\"required\":true},\"items\":{\"type\":\"component\",\"repeatable\":true,\"component\":\"elements.entry\"},\"icon\":{\"collection\":\"file\",\"via\":\"related\",\"allowedTypes\":[\"images\",\"files\",\"videos\"],\"plugin\":\"upload\",\"required\":false,\"pluginOptions\":{}},\"slug\":{\"type\":\"uid\",\"targetField\":\"title\",\"required\":true},\"metadata\":{\"type\":\"component\",\"repeatable\":false,\"component\":\"meta.metadata\"},\"order\":{\"type\":\"integer\"},\"published_at\":{\"type\":\"datetime\",\"configurable\":false,\"writable\":true,\"visible\":false},\"created_by\":{\"model\":\"user\",\"plugin\":\"admin\",\"configurable\":false,\"writable\":false,\"visible\":false,\"private\":true},\"updated_by\":{\"model\":\"user\",\"plugin\":\"admin\",\"configurable\":false,\"writable\":false,\"visible\":false,\"private\":true}}}','object',NULL,NULL),(133,'model_def_elements.search-input','{\"uid\":\"elements.search-input\",\"collectionName\":\"components_elements_search_inputs\",\"info\":{\"name\":\"searchInput\",\"icon\":\"atlas\",\"description\":\"\"},\"options\":{\"timestamps\":false},\"attributes\":{\"placeholder\":{\"type\":\"string\"},\"submitButton\":{\"type\":\"component\",\"repeatable\":false,\"component\":\"links.button\"}}}','object',NULL,NULL),(134,'plugin_content_manager_configuration_components::elements.search-input','{\"uid\":\"elements.search-input\",\"settings\":{\"bulkable\":true,\"filterable\":true,\"searchable\":true,\"pageSize\":10,\"mainField\":\"placeholder\",\"defaultSortBy\":\"placeholder\",\"defaultSortOrder\":\"ASC\"},\"metadatas\":{\"id\":{\"edit\":{},\"list\":{\"label\":\"Id\",\"searchable\":false,\"sortable\":false}},\"placeholder\":{\"edit\":{\"label\":\"Placeholder\",\"description\":\"\",\"placeholder\":\"\",\"visible\":true,\"editable\":true},\"list\":{\"label\":\"Placeholder\",\"searchable\":true,\"sortable\":true}},\"submitButton\":{\"edit\":{\"label\":\"SubmitButton\",\"description\":\"\",\"placeholder\":\"\",\"visible\":true,\"editable\":true},\"list\":{\"label\":\"SubmitButton\",\"searchable\":false,\"sortable\":false}}},\"layouts\":{\"list\":[\"id\",\"placeholder\"],\"edit\":[[{\"name\":\"placeholder\",\"size\":6}],[{\"name\":\"submitButton\",\"size\":12}]],\"editRelations\":[]},\"isComponent\":true}','object','',''),(135,'model_def_elements.search-output','{\"uid\":\"elements.search-output\",\"collectionName\":\"components_elements_search_outputs\",\"info\":{\"name\":\"searchOutput\",\"icon\":\"align-left\",\"description\":\"\"},\"options\":{\"timestamps\":false},\"attributes\":{\"message\":{\"type\":\"string\"}}}','object',NULL,NULL),(136,'plugin_content_manager_configuration_components::elements.search-output','{\"uid\":\"elements.search-output\",\"settings\":{\"bulkable\":true,\"filterable\":true,\"searchable\":true,\"pageSize\":10,\"mainField\":\"message\",\"defaultSortBy\":\"message\",\"defaultSortOrder\":\"ASC\"},\"metadatas\":{\"id\":{\"edit\":{},\"list\":{\"label\":\"Id\",\"searchable\":false,\"sortable\":false}},\"message\":{\"edit\":{\"label\":\"Message\",\"description\":\"\",\"placeholder\":\"\",\"visible\":true,\"editable\":true},\"list\":{\"label\":\"Message\",\"searchable\":true,\"sortable\":true}}},\"layouts\":{\"list\":[\"id\",\"message\"],\"edit\":[[{\"name\":\"message\",\"size\":6}]],\"editRelations\":[]},\"isComponent\":true}','object','',''),(137,'model_def_sections.search','{\"uid\":\"sections.search\",\"collectionName\":\"components_sections_searches\",\"info\":{\"name\":\"Search\",\"icon\":\"audio-description\"},\"options\":{\"timestamps\":false},\"attributes\":{\"idContentType\":{\"type\":\"uid\"},\"searchInput\":{\"type\":\"component\",\"repeatable\":false,\"component\":\"elements.search-input\"},\"searchOutput\":{\"type\":\"component\",\"repeatable\":false,\"component\":\"elements.search-output\"}}}','object',NULL,NULL),(138,'plugin_content_manager_configuration_components::sections.search','{\"uid\":\"sections.search\",\"settings\":{\"bulkable\":true,\"filterable\":true,\"searchable\":true,\"pageSize\":10,\"mainField\":\"id\",\"defaultSortBy\":\"id\",\"defaultSortOrder\":\"ASC\"},\"metadatas\":{\"id\":{\"edit\":{},\"list\":{\"label\":\"Id\",\"searchable\":false,\"sortable\":false}},\"idContentType\":{\"edit\":{\"label\":\"IdContentType\",\"description\":\"\",\"placeholder\":\"\",\"visible\":true,\"editable\":true},\"list\":{\"label\":\"IdContentType\",\"searchable\":true,\"sortable\":true}},\"searchInput\":{\"edit\":{\"label\":\"SearchInput\",\"description\":\"\",\"placeholder\":\"\",\"visible\":true,\"editable\":true},\"list\":{\"label\":\"SearchInput\",\"searchable\":false,\"sortable\":false}},\"searchOutput\":{\"edit\":{\"label\":\"SearchOutput\",\"description\":\"\",\"placeholder\":\"\",\"visible\":true,\"editable\":true},\"list\":{\"label\":\"SearchOutput\",\"searchable\":false,\"sortable\":false}}},\"layouts\":{\"list\":[\"id\",\"idContentType\"],\"edit\":[[{\"name\":\"idContentType\",\"size\":6}],[{\"name\":\"searchInput\",\"size\":12}],[{\"name\":\"searchOutput\",\"size\":12}]],\"editRelations\":[]},\"isComponent\":true}','object','',''),(139,'model_def_application::apis.apis','{\"uid\":\"application::apis.apis\",\"collectionName\":\"apis\",\"kind\":\"collectionType\",\"info\":{\"name\":\"APIS\",\"description\":\"\"},\"options\":{\"increments\":true,\"timestamps\":[\"created_at\",\"updated_at\"],\"draftAndPublish\":true},\"pluginOptions\":{\"i18n\":{\"localized\":true}},\"attributes\":{\"name\":{\"type\":\"string\",\"required\":true,\"pluginOptions\":{\"i18n\":{\"localized\":true}}},\"version\":{\"type\":\"string\",\"pluginOptions\":{\"i18n\":{\"localized\":true}}},\"comercialTitle\":{\"type\":\"string\",\"pluginOptions\":{\"i18n\":{\"localized\":true}}},\"shortComercialDescription\":{\"type\":\"text\",\"pluginOptions\":{\"i18n\":{\"localized\":true}}},\"isPublicDocumented\":{\"type\":\"boolean\",\"pluginOptions\":{\"i18n\":{\"localized\":true}}},\"isPublicPortalVisible\":{\"type\":\"boolean\",\"pluginOptions\":{\"i18n\":{\"localized\":true}}},\"openDoc\":{\"type\":\"json\",\"pluginOptions\":{\"i18n\":{\"localized\":true}}},\"category_apis\":{\"via\":\"apis\",\"collection\":\"category-apis\",\"dominant\":true,\"attribute\":\"category-api\",\"column\":\"id\",\"isVirtual\":true},\"metadata\":{\"type\":\"component\",\"repeatable\":false,\"component\":\"meta.metadata\",\"pluginOptions\":{\"i18n\":{\"localized\":true}}},\"IsPublicCoverVisible\":{\"type\":\"boolean\",\"pluginOptions\":{\"i18n\":{\"localized\":true}}},\"filter_status\":{\"model\":\"filter-status\"},\"filter_project_types\":{\"via\":\"apis\",\"collection\":\"filter-project-type\",\"attribute\":\"filter-project-type\",\"column\":\"id\",\"isVirtual\":true},\"filter_versions\":{\"via\":\"apis\",\"collection\":\"filter-versions\",\"attribute\":\"filter-version\",\"column\":\"id\",\"isVirtual\":true},\"filter_solutions\":{\"via\":\"apis\",\"collection\":\"filter-solutions\",\"attribute\":\"filter-solution\",\"column\":\"id\",\"isVirtual\":true},\"smallText\":{\"pluginOptions\":{\"i18n\":{\"localized\":true}},\"type\":\"string\"},\"localizations\":{\"writable\":true,\"private\":false,\"configurable\":false,\"visible\":false,\"collection\":\"apis\",\"populate\":[\"_id\",\"id\",\"locale\",\"published_at\"],\"attribute\":\"related_api\",\"column\":\"id\",\"isVirtual\":true},\"locale\":{\"writable\":true,\"private\":false,\"configurable\":false,\"visible\":false,\"type\":\"string\"},\"published_at\":{\"type\":\"datetime\",\"configurable\":false,\"writable\":true,\"visible\":false},\"created_by\":{\"model\":\"user\",\"plugin\":\"admin\",\"configurable\":false,\"writable\":false,\"visible\":false,\"private\":true},\"updated_by\":{\"model\":\"user\",\"plugin\":\"admin\",\"configurable\":false,\"writable\":false,\"visible\":false,\"private\":true}}}','object',NULL,NULL),(141,'plugin_preview-content_settings','{\"baseUrl\":\"http://localhost:3000/\",\"previewUrl\":\":baseUrl/api/preview?contentType=:contentType&id=:id\"}','object','development',''),(142,'model_def_application::customers.customers','{\"uid\":\"application::customers.customers\",\"collectionName\":\"customers\",\"kind\":\"collectionType\",\"info\":{\"name\":\"Customers\",\"description\":\"\"},\"options\":{\"increments\":true,\"timestamps\":[\"created_at\",\"updated_at\"],\"draftAndPublish\":true},\"pluginOptions\":{\"i18n\":{\"localized\":true}},\"attributes\":{\"name\":{\"type\":\"string\",\"pluginOptions\":{\"i18n\":{\"localized\":true}}},\"pictureProfile\":{\"collection\":\"file\",\"via\":\"related\",\"allowedTypes\":[\"images\",\"files\",\"videos\"],\"plugin\":\"upload\",\"required\":false,\"pluginOptions\":{\"i18n\":{\"localized\":true}}},\"company\":{\"type\":\"string\",\"pluginOptions\":{\"i18n\":{\"localized\":true}}},\"localizations\":{\"writable\":true,\"private\":false,\"configurable\":false,\"visible\":false,\"collection\":\"customers\",\"populate\":[\"_id\",\"id\",\"locale\",\"published_at\"],\"attribute\":\"related_customer\",\"column\":\"id\",\"isVirtual\":true},\"locale\":{\"writable\":true,\"private\":false,\"configurable\":false,\"visible\":false,\"type\":\"string\"},\"published_at\":{\"type\":\"datetime\",\"configurable\":false,\"writable\":true,\"visible\":false},\"created_by\":{\"model\":\"user\",\"plugin\":\"admin\",\"configurable\":false,\"writable\":false,\"visible\":false,\"private\":true},\"updated_by\":{\"model\":\"user\",\"plugin\":\"admin\",\"configurable\":false,\"writable\":false,\"visible\":false,\"private\":true}}}','object',NULL,NULL),(144,'model_def_application::success-stories.success-stories','{\"uid\":\"application::success-stories.success-stories\",\"collectionName\":\"success_stories\",\"kind\":\"collectionType\",\"info\":{\"name\":\"successStories\",\"description\":\"\"},\"options\":{\"increments\":true,\"timestamps\":[\"created_at\",\"updated_at\"],\"draftAndPublish\":true},\"pluginOptions\":{\"i18n\":{\"localized\":true}},\"attributes\":{\"title\":{\"type\":\"string\",\"pluginOptions\":{\"i18n\":{\"localized\":true}}},\"icon\":{\"collection\":\"file\",\"via\":\"related\",\"allowedTypes\":[\"files\",\"images\",\"videos\"],\"plugin\":\"upload\",\"required\":false,\"pluginOptions\":{\"i18n\":{\"localized\":true}}},\"description\":{\"type\":\"text\",\"pluginOptions\":{\"i18n\":{\"localized\":true}}},\"customer\":{\"model\":\"customers\"},\"isPublicCoverVisible\":{\"type\":\"boolean\",\"pluginOptions\":{\"i18n\":{\"localized\":true}}},\"localizations\":{\"writable\":true,\"private\":false,\"configurable\":false,\"visible\":false,\"collection\":\"success-stories\",\"populate\":[\"_id\",\"id\",\"locale\",\"published_at\"],\"attribute\":\"success-story\",\"column\":\"id\",\"isVirtual\":true},\"locale\":{\"writable\":true,\"private\":false,\"configurable\":false,\"visible\":false,\"type\":\"string\"},\"published_at\":{\"type\":\"datetime\",\"configurable\":false,\"writable\":true,\"visible\":false},\"created_by\":{\"model\":\"user\",\"plugin\":\"admin\",\"configurable\":false,\"writable\":false,\"visible\":false,\"private\":true},\"updated_by\":{\"model\":\"user\",\"plugin\":\"admin\",\"configurable\":false,\"writable\":false,\"visible\":false,\"private\":true}}}','object',NULL,NULL),(146,'model_def_application::authors.authors','{\"uid\":\"application::authors.authors\",\"collectionName\":\"authors\",\"kind\":\"collectionType\",\"info\":{\"name\":\"authors\"},\"options\":{\"increments\":true,\"timestamps\":[\"created_at\",\"updated_at\"],\"draftAndPublish\":true},\"attributes\":{\"name\":{\"type\":\"string\"},\"lastname\":{\"type\":\"string\"},\"occupation\":{\"type\":\"string\"},\"biography\":{\"type\":\"text\"},\"email\":{\"type\":\"email\"},\"pictureProfile\":{\"collection\":\"file\",\"via\":\"related\",\"allowedTypes\":[\"images\",\"files\",\"videos\"],\"plugin\":\"upload\",\"required\":false,\"pluginOptions\":{}},\"published_at\":{\"type\":\"datetime\",\"configurable\":false,\"writable\":true,\"visible\":false},\"created_by\":{\"model\":\"user\",\"plugin\":\"admin\",\"configurable\":false,\"writable\":false,\"visible\":false,\"private\":true},\"updated_by\":{\"model\":\"user\",\"plugin\":\"admin\",\"configurable\":false,\"writable\":false,\"visible\":false,\"private\":true}}}','object',NULL,NULL),(148,'model_def_elements.social-network','{\"uid\":\"elements.social-network\",\"collectionName\":\"components_elements_social_networks\",\"info\":{\"name\":\"socialNetwork\",\"icon\":\"align-right\"},\"options\":{\"timestamps\":false},\"attributes\":{\"url\":{\"type\":\"string\"},\"type\":{\"type\":\"enumeration\",\"enum\":[\"Facebook\",\"Instagram\",\"Twitter\",\"LinkedIn\",\"Youtube\"]},\"icon\":{\"collection\":\"file\",\"via\":\"related\",\"allowedTypes\":[\"images\",\"files\",\"videos\"],\"plugin\":\"upload\",\"required\":false,\"pluginOptions\":{}}}}','object',NULL,NULL),(150,'model_def_sections.social-networks','{\"uid\":\"sections.social-networks\",\"collectionName\":\"components_sections_social_networks\",\"info\":{\"name\":\"socialNetworks\",\"icon\":\"arrows-alt\"},\"options\":{\"timestamps\":false},\"attributes\":{\"sharingContent\":{\"type\":\"component\",\"repeatable\":true,\"component\":\"elements.social-network\"}}}','object',NULL,NULL),(152,'model_def_sections.sidebar','{\"uid\":\"sections.sidebar\",\"collectionName\":\"components_sections_sidebars\",\"info\":{\"name\":\"Sidebar\",\"icon\":\"angle-double-down\",\"description\":\"\"},\"options\":{\"timestamps\":false},\"attributes\":{\"idContentType\":{\"type\":\"uid\"},\"Entries\":{\"type\":\"component\",\"repeatable\":true,\"component\":\"elements.entry\"}}}','object',NULL,NULL),(154,'model_def_application::category-apis.category-apis','{\"uid\":\"application::category-apis.category-apis\",\"collectionName\":\"category_apis\",\"kind\":\"collectionType\",\"info\":{\"name\":\"tagsAPIS\",\"description\":\"\"},\"options\":{\"increments\":true,\"timestamps\":[\"created_at\",\"updated_at\"],\"draftAndPublish\":true},\"pluginOptions\":{\"i18n\":{\"localized\":true}},\"attributes\":{\"title\":{\"type\":\"string\",\"pluginOptions\":{\"i18n\":{\"localized\":true}}},\"apis\":{\"via\":\"category_apis\",\"collection\":\"apis\",\"attribute\":\"api\",\"column\":\"id\",\"isVirtual\":true},\"localizations\":{\"writable\":true,\"private\":false,\"configurable\":false,\"visible\":false,\"collection\":\"category-apis\",\"populate\":[\"_id\",\"id\",\"locale\",\"published_at\"],\"attribute\":\"category-api\",\"column\":\"id\",\"isVirtual\":true},\"locale\":{\"writable\":true,\"private\":false,\"configurable\":false,\"visible\":false,\"type\":\"string\"},\"published_at\":{\"type\":\"datetime\",\"configurable\":false,\"writable\":true,\"visible\":false},\"created_by\":{\"model\":\"user\",\"plugin\":\"admin\",\"configurable\":false,\"writable\":false,\"visible\":false,\"private\":true},\"updated_by\":{\"model\":\"user\",\"plugin\":\"admin\",\"configurable\":false,\"writable\":false,\"visible\":false,\"private\":true}}}','object',NULL,NULL),(156,'model_def_sections.main-container','{\"uid\":\"sections.main-container\",\"collectionName\":\"components_sections_main_containers\",\"info\":{\"name\":\"MainContainer\",\"icon\":\"archive\",\"description\":\"\"},\"options\":{\"timestamps\":false},\"attributes\":{\"idContentType\":{\"type\":\"uid\"},\"title\":{\"type\":\"string\"},\"button\":{\"type\":\"component\",\"repeatable\":false,\"component\":\"links.button-link\"}}}','object',NULL,NULL),(158,'model_def_sections.banner','{\"uid\":\"sections.banner\",\"collectionName\":\"components_sections_banners\",\"info\":{\"name\":\"Banner\",\"icon\":\"apple-alt\"},\"options\":{\"timestamps\":false},\"attributes\":{\"idContentType\":{\"type\":\"uid\"},\"Titles\":{\"type\":\"component\",\"repeatable\":true,\"component\":\"elements.main-hero\"},\"buttons\":{\"type\":\"component\",\"repeatable\":true,\"component\":\"links.button-link\"},\"icon\":{\"collection\":\"file\",\"via\":\"related\",\"allowedTypes\":[\"images\",\"files\",\"videos\"],\"plugin\":\"upload\",\"required\":false,\"pluginOptions\":{}}}}','object',NULL,NULL),(160,'model_def_sections.basic-hero','{\"uid\":\"sections.basic-hero\",\"collectionName\":\"components_sections_basic_heroes\",\"info\":{\"name\":\"basicHero\",\"icon\":\"award\"},\"options\":{\"timestamps\":false},\"attributes\":{\"idContentType\":{\"type\":\"uid\"},\"header\":{\"type\":\"component\",\"repeatable\":false,\"component\":\"elements.main-hero\"}}}','object',NULL,NULL),(162,'model_def_sections.classic-hero','{\"uid\":\"sections.classic-hero\",\"collectionName\":\"components_sections_classic_heroes\",\"info\":{\"name\":\"classicHero\",\"icon\":\"address-book\"},\"options\":{\"timestamps\":false},\"attributes\":{\"idContentType\":{\"type\":\"uid\"},\"header\":{\"type\":\"component\",\"repeatable\":true,\"component\":\"elements.main-hero\"},\"description\":{\"type\":\"text\"},\"icon\":{\"collection\":\"file\",\"via\":\"related\",\"allowedTypes\":[\"images\",\"files\",\"videos\"],\"plugin\":\"upload\",\"required\":false,\"pluginOptions\":{}}}}','object',NULL,NULL),(164,'model_def_sections.big-container','{\"uid\":\"sections.big-container\",\"collectionName\":\"components_sections_big_containers\",\"info\":{\"name\":\"bigContainer\",\"icon\":\"assistive-listening-systems\"},\"options\":{\"timestamps\":false},\"attributes\":{\"idContentType\":{\"type\":\"uid\"},\"title\":{\"type\":\"component\",\"repeatable\":false,\"component\":\"elements.main-hero\"},\"icon\":{\"collection\":\"file\",\"via\":\"related\",\"allowedTypes\":[\"images\",\"files\",\"videos\"],\"plugin\":\"upload\",\"required\":false,\"pluginOptions\":{}}}}','object',NULL,NULL),(166,'model_def_sections.classic-container','{\"uid\":\"sections.classic-container\",\"collectionName\":\"components_sections_classic_containers\",\"info\":{\"name\":\"classicContainer\",\"icon\":\"arrow-circle-left\"},\"options\":{\"timestamps\":false},\"attributes\":{\"idContentType\":{\"type\":\"uid\"},\"title\":{\"type\":\"string\"},\"description\":{\"type\":\"text\"},\"icon\":{\"collection\":\"file\",\"via\":\"related\",\"allowedTypes\":[\"images\",\"files\",\"videos\"],\"plugin\":\"upload\",\"required\":false,\"pluginOptions\":{}}}}','object',NULL,NULL),(168,'model_def_sections.big-hero','{\"uid\":\"sections.big-hero\",\"collectionName\":\"components_sections_big_heroes\",\"info\":{\"name\":\"bigHero\",\"icon\":\"arrow-alt-circle-left\"},\"options\":{\"timestamps\":false},\"attributes\":{\"idContentType\":{\"type\":\"uid\"},\"header\":{\"type\":\"component\",\"repeatable\":true,\"component\":\"elements.main-hero\"},\"description\":{\"type\":\"text\"},\"icon\":{\"collection\":\"file\",\"via\":\"related\",\"allowedTypes\":[\"images\",\"files\",\"videos\"],\"plugin\":\"upload\",\"required\":false,\"pluginOptions\":{}},\"button\":{\"type\":\"component\",\"repeatable\":true,\"component\":\"links.button-link\"}}}','object',NULL,NULL),(170,'model_def_sections.individual-container','{\"uid\":\"sections.individual-container\",\"collectionName\":\"components_sections_individual_containers\",\"info\":{\"name\":\"individualContainer\",\"icon\":\"ankh\"},\"options\":{\"timestamps\":false},\"attributes\":{\"idContentType\":{\"type\":\"uid\"},\"title\":{\"type\":\"string\"},\"icon\":{\"collection\":\"file\",\"via\":\"related\",\"allowedTypes\":[\"images\",\"files\",\"videos\"],\"plugin\":\"upload\",\"required\":false,\"pluginOptions\":{}},\"button\":{\"type\":\"component\",\"repeatable\":true,\"component\":\"links.button-link\"}}}','object',NULL,NULL),(172,'model_def_sections.feature-basic-group','{\"uid\":\"sections.feature-basic-group\",\"collectionName\":\"components_sections_feature_basic_groups\",\"info\":{\"name\":\"featureBasicGroup\",\"icon\":\"angle-double-up\"},\"options\":{\"timestamps\":false},\"attributes\":{\"idContentType\":{\"type\":\"uid\"}}}','object',NULL,NULL),(197,'plugin_content_manager_configuration_components::elements.social-network','{\"uid\":\"elements.social-network\",\"settings\":{\"bulkable\":true,\"filterable\":true,\"searchable\":true,\"pageSize\":10,\"mainField\":\"url\",\"defaultSortBy\":\"url\",\"defaultSortOrder\":\"ASC\"},\"metadatas\":{\"id\":{\"edit\":{},\"list\":{\"label\":\"Id\",\"searchable\":false,\"sortable\":false}},\"url\":{\"edit\":{\"label\":\"Url\",\"description\":\"\",\"placeholder\":\"\",\"visible\":true,\"editable\":true},\"list\":{\"label\":\"Url\",\"searchable\":true,\"sortable\":true}},\"type\":{\"edit\":{\"label\":\"Type\",\"description\":\"\",\"placeholder\":\"\",\"visible\":true,\"editable\":true},\"list\":{\"label\":\"Type\",\"searchable\":true,\"sortable\":true}},\"icon\":{\"edit\":{\"label\":\"Icon\",\"description\":\"\",\"placeholder\":\"\",\"visible\":true,\"editable\":true},\"list\":{\"label\":\"Icon\",\"searchable\":false,\"sortable\":false}}},\"layouts\":{\"list\":[\"id\",\"url\",\"type\",\"icon\"],\"edit\":[[{\"name\":\"url\",\"size\":6},{\"name\":\"type\",\"size\":6}],[{\"name\":\"icon\",\"size\":6}]],\"editRelations\":[]},\"isComponent\":true}','object','',''),(198,'plugin_content_manager_configuration_components::sections.banner','{\"uid\":\"sections.banner\",\"settings\":{\"bulkable\":true,\"filterable\":true,\"searchable\":true,\"pageSize\":10,\"mainField\":\"id\",\"defaultSortBy\":\"id\",\"defaultSortOrder\":\"ASC\"},\"metadatas\":{\"id\":{\"edit\":{},\"list\":{\"label\":\"Id\",\"searchable\":false,\"sortable\":false}},\"idContentType\":{\"edit\":{\"label\":\"IdContentType\",\"description\":\"\",\"placeholder\":\"\",\"visible\":true,\"editable\":true},\"list\":{\"label\":\"IdContentType\",\"searchable\":true,\"sortable\":true}},\"Titles\":{\"edit\":{\"label\":\"Titles\",\"description\":\"\",\"placeholder\":\"\",\"visible\":true,\"editable\":true},\"list\":{\"label\":\"Titles\",\"searchable\":false,\"sortable\":false}},\"buttons\":{\"edit\":{\"label\":\"Buttons\",\"description\":\"\",\"placeholder\":\"\",\"visible\":true,\"editable\":true},\"list\":{\"label\":\"Buttons\",\"searchable\":false,\"sortable\":false}},\"icon\":{\"edit\":{\"label\":\"Icon\",\"description\":\"\",\"placeholder\":\"\",\"visible\":true,\"editable\":true},\"list\":{\"label\":\"Icon\",\"searchable\":false,\"sortable\":false}}},\"layouts\":{\"list\":[\"id\",\"idContentType\",\"icon\"],\"edit\":[[{\"name\":\"idContentType\",\"size\":6}],[{\"name\":\"Titles\",\"size\":12}],[{\"name\":\"buttons\",\"size\":12}],[{\"name\":\"icon\",\"size\":6}]],\"editRelations\":[]},\"isComponent\":true}','object','',''),(201,'plugin_content_manager_configuration_components::sections.big-container','{\"uid\":\"sections.big-container\",\"settings\":{\"bulkable\":true,\"filterable\":true,\"searchable\":true,\"pageSize\":10,\"mainField\":\"id\",\"defaultSortBy\":\"id\",\"defaultSortOrder\":\"ASC\"},\"metadatas\":{\"id\":{\"edit\":{},\"list\":{\"label\":\"Id\",\"searchable\":false,\"sortable\":false}},\"idContentType\":{\"edit\":{\"label\":\"IdContentType\",\"description\":\"\",\"placeholder\":\"\",\"visible\":true,\"editable\":true},\"list\":{\"label\":\"IdContentType\",\"searchable\":true,\"sortable\":true}},\"title\":{\"edit\":{\"label\":\"Title\",\"description\":\"\",\"placeholder\":\"\",\"visible\":true,\"editable\":true},\"list\":{\"label\":\"Title\",\"searchable\":false,\"sortable\":false}},\"icon\":{\"edit\":{\"label\":\"Icon\",\"description\":\"\",\"placeholder\":\"\",\"visible\":true,\"editable\":true},\"list\":{\"label\":\"Icon\",\"searchable\":false,\"sortable\":false}}},\"layouts\":{\"list\":[\"id\",\"idContentType\",\"icon\"],\"edit\":[[{\"name\":\"idContentType\",\"size\":6}],[{\"name\":\"title\",\"size\":12}],[{\"name\":\"icon\",\"size\":6}]],\"editRelations\":[]},\"isComponent\":true}','object','',''),(202,'plugin_content_manager_configuration_components::sections.classic-hero','{\"uid\":\"sections.classic-hero\",\"settings\":{\"bulkable\":true,\"filterable\":true,\"searchable\":true,\"pageSize\":10,\"mainField\":\"id\",\"defaultSortBy\":\"id\",\"defaultSortOrder\":\"ASC\"},\"metadatas\":{\"id\":{\"edit\":{},\"list\":{\"label\":\"Id\",\"searchable\":false,\"sortable\":false}},\"idContentType\":{\"edit\":{\"label\":\"IdContentType\",\"description\":\"\",\"placeholder\":\"\",\"visible\":true,\"editable\":true},\"list\":{\"label\":\"IdContentType\",\"searchable\":true,\"sortable\":true}},\"header\":{\"edit\":{\"label\":\"Header\",\"description\":\"\",\"placeholder\":\"\",\"visible\":true,\"editable\":true},\"list\":{\"label\":\"Header\",\"searchable\":false,\"sortable\":false}},\"description\":{\"edit\":{\"label\":\"Description\",\"description\":\"\",\"placeholder\":\"\",\"visible\":true,\"editable\":true},\"list\":{\"label\":\"Description\",\"searchable\":true,\"sortable\":true}},\"icon\":{\"edit\":{\"label\":\"Icon\",\"description\":\"\",\"placeholder\":\"\",\"visible\":true,\"editable\":true},\"list\":{\"label\":\"Icon\",\"searchable\":false,\"sortable\":false}}},\"layouts\":{\"list\":[\"id\",\"idContentType\",\"icon\",\"description\"],\"edit\":[[{\"name\":\"idContentType\",\"size\":6}],[{\"name\":\"icon\",\"size\":6}],[{\"name\":\"header\",\"size\":12}],[{\"name\":\"description\",\"size\":6}]],\"editRelations\":[]},\"isComponent\":true}','object','',''),(203,'plugin_content_manager_configuration_components::sections.feature-basic-group','{\"uid\":\"sections.feature-basic-group\",\"settings\":{\"bulkable\":true,\"filterable\":true,\"searchable\":true,\"pageSize\":10,\"mainField\":\"id\",\"defaultSortBy\":\"id\",\"defaultSortOrder\":\"ASC\"},\"metadatas\":{\"id\":{\"edit\":{},\"list\":{\"label\":\"Id\",\"searchable\":false,\"sortable\":false}},\"idContentType\":{\"edit\":{\"label\":\"IdContentType\",\"description\":\"\",\"placeholder\":\"\",\"visible\":true,\"editable\":true},\"list\":{\"label\":\"IdContentType\",\"searchable\":true,\"sortable\":true}}},\"layouts\":{\"list\":[\"id\",\"idContentType\"],\"edit\":[[{\"name\":\"idContentType\",\"size\":6}]],\"editRelations\":[]},\"isComponent\":true}','object','',''),(204,'plugin_content_manager_configuration_components::sections.individual-container','{\"uid\":\"sections.individual-container\",\"settings\":{\"bulkable\":true,\"filterable\":true,\"searchable\":true,\"pageSize\":10,\"mainField\":\"title\",\"defaultSortBy\":\"title\",\"defaultSortOrder\":\"ASC\"},\"metadatas\":{\"id\":{\"edit\":{},\"list\":{\"label\":\"Id\",\"searchable\":false,\"sortable\":false}},\"idContentType\":{\"edit\":{\"label\":\"IdContentType\",\"description\":\"\",\"placeholder\":\"\",\"visible\":true,\"editable\":true},\"list\":{\"label\":\"IdContentType\",\"searchable\":true,\"sortable\":true}},\"title\":{\"edit\":{\"label\":\"Title\",\"description\":\"\",\"placeholder\":\"\",\"visible\":true,\"editable\":true},\"list\":{\"label\":\"Title\",\"searchable\":true,\"sortable\":true}},\"icon\":{\"edit\":{\"label\":\"Icon\",\"description\":\"\",\"placeholder\":\"\",\"visible\":true,\"editable\":true},\"list\":{\"label\":\"Icon\",\"searchable\":false,\"sortable\":false}},\"button\":{\"edit\":{\"label\":\"Button\",\"description\":\"\",\"placeholder\":\"\",\"visible\":true,\"editable\":true},\"list\":{\"label\":\"Button\",\"searchable\":false,\"sortable\":false}}},\"layouts\":{\"list\":[\"id\",\"idContentType\",\"title\",\"icon\"],\"edit\":[[{\"name\":\"idContentType\",\"size\":6},{\"name\":\"title\",\"size\":6}],[{\"name\":\"icon\",\"size\":6}],[{\"name\":\"button\",\"size\":12}]],\"editRelations\":[]},\"isComponent\":true}','object','',''),(205,'plugin_content_manager_configuration_components::sections.main-container','{\"uid\":\"sections.main-container\",\"settings\":{\"bulkable\":true,\"filterable\":true,\"searchable\":true,\"pageSize\":10,\"mainField\":\"title\",\"defaultSortBy\":\"title\",\"defaultSortOrder\":\"ASC\"},\"metadatas\":{\"id\":{\"edit\":{},\"list\":{\"label\":\"Id\",\"searchable\":false,\"sortable\":false}},\"idContentType\":{\"edit\":{\"label\":\"IdContentType\",\"description\":\"\",\"placeholder\":\"\",\"visible\":true,\"editable\":true},\"list\":{\"label\":\"IdContentType\",\"searchable\":true,\"sortable\":true}},\"title\":{\"edit\":{\"label\":\"Title\",\"description\":\"\",\"placeholder\":\"\",\"visible\":true,\"editable\":true},\"list\":{\"label\":\"Title\",\"searchable\":true,\"sortable\":true}},\"button\":{\"edit\":{\"label\":\"Button\",\"description\":\"\",\"placeholder\":\"\",\"visible\":true,\"editable\":true},\"list\":{\"label\":\"Button\",\"searchable\":false,\"sortable\":false}}},\"layouts\":{\"list\":[\"id\",\"idContentType\",\"title\"],\"edit\":[[{\"name\":\"idContentType\",\"size\":6},{\"name\":\"title\",\"size\":6}],[{\"name\":\"button\",\"size\":12}]],\"editRelations\":[]},\"isComponent\":true}','object','',''),(206,'plugin_content_manager_configuration_components::sections.sidebar','{\"uid\":\"sections.sidebar\",\"settings\":{\"bulkable\":true,\"filterable\":true,\"searchable\":true,\"pageSize\":10,\"mainField\":\"id\",\"defaultSortBy\":\"id\",\"defaultSortOrder\":\"ASC\"},\"metadatas\":{\"id\":{\"edit\":{},\"list\":{\"label\":\"Id\",\"searchable\":false,\"sortable\":false}},\"idContentType\":{\"edit\":{\"label\":\"IdContentType\",\"description\":\"\",\"placeholder\":\"\",\"visible\":true,\"editable\":true},\"list\":{\"label\":\"IdContentType\",\"searchable\":true,\"sortable\":true}},\"Entries\":{\"edit\":{\"label\":\"Entries\",\"description\":\"\",\"placeholder\":\"\",\"visible\":true,\"editable\":true},\"list\":{\"label\":\"Entries\",\"searchable\":false,\"sortable\":false}}},\"layouts\":{\"list\":[\"id\",\"idContentType\"],\"edit\":[[{\"name\":\"idContentType\",\"size\":6}],[{\"name\":\"Entries\",\"size\":12}]],\"editRelations\":[]},\"isComponent\":true}','object','',''),(207,'plugin_content_manager_configuration_components::sections.social-networks','{\"uid\":\"sections.social-networks\",\"settings\":{\"bulkable\":true,\"filterable\":true,\"searchable\":true,\"pageSize\":10,\"mainField\":\"id\",\"defaultSortBy\":\"id\",\"defaultSortOrder\":\"ASC\"},\"metadatas\":{\"id\":{\"edit\":{},\"list\":{\"label\":\"Id\",\"searchable\":false,\"sortable\":false}},\"sharingContent\":{\"edit\":{\"label\":\"SharingContent\",\"description\":\"\",\"placeholder\":\"\",\"visible\":true,\"editable\":true},\"list\":{\"label\":\"SharingContent\",\"searchable\":false,\"sortable\":false}}},\"layouts\":{\"list\":[\"id\"],\"edit\":[[{\"name\":\"sharingContent\",\"size\":12}]],\"editRelations\":[]},\"isComponent\":true}','object','',''),(212,'model_def_links.basic-link','{\"uid\":\"links.basic-link\",\"collectionName\":\"components_links_basic_links\",\"info\":{\"name\":\"basicLink\",\"icon\":\"angle-double-left\",\"description\":\"\"},\"options\":{\"timestamps\":false},\"attributes\":{\"url\":{\"type\":\"string\"},\"name\":{\"type\":\"string\"},\"target\":{\"type\":\"enumeration\",\"enum\":[\"_self\",\"_blank\"]}}}','object',NULL,NULL),(214,'model_def_elements.basic-card','{\"uid\":\"elements.basic-card\",\"collectionName\":\"components_elements_basic_cards\",\"info\":{\"name\":\"basicCard\",\"icon\":\"baseball-ball\"},\"options\":{\"timestamps\":false},\"attributes\":{\"title\":{\"type\":\"string\"},\"subtitle\":{\"type\":\"string\"},\"description\":{\"type\":\"text\"},\"icon\":{\"collection\":\"file\",\"via\":\"related\",\"allowedTypes\":[\"images\",\"files\",\"videos\"],\"plugin\":\"upload\",\"required\":false,\"pluginOptions\":{}},\"link\":{\"type\":\"component\",\"repeatable\":false,\"component\":\"links.basic-link\"}}}','object',NULL,NULL),(216,'model_def_sections.basic-card-group','{\"uid\":\"sections.basic-card-group\",\"collectionName\":\"components_sections_basic_card_groups\",\"info\":{\"name\":\"basicCardGroup\",\"icon\":\"basketball-ball\"},\"options\":{\"timestamps\":false},\"attributes\":{\"idContentType\":{\"type\":\"uid\"},\"basicCards\":{\"type\":\"component\",\"repeatable\":true,\"component\":\"elements.basic-card\"}}}','object',NULL,NULL),(218,'model_def_sections.contact-form','{\"uid\":\"sections.contact-form\",\"collectionName\":\"components_sections_contact_forms\",\"info\":{\"name\":\"ContactForm\",\"icon\":\"bezier-curve\"},\"options\":{\"timestamps\":false},\"attributes\":{\"idContentType\":{\"type\":\"uid\"},\"header\":{\"type\":\"component\",\"repeatable\":false,\"component\":\"elements.main-hero\"},\"description\":{\"type\":\"text\"},\"icon\":{\"collection\":\"file\",\"via\":\"related\",\"allowedTypes\":[\"images\",\"files\",\"videos\"],\"plugin\":\"upload\",\"required\":false,\"pluginOptions\":{}},\"inputs\":{\"type\":\"component\",\"repeatable\":true,\"component\":\"elements.placeholder\"},\"button\":{\"type\":\"component\",\"repeatable\":true,\"component\":\"links.button-link\"},\"link\":{\"type\":\"component\",\"repeatable\":true,\"component\":\"links.link\"},\"response\":{\"type\":\"component\",\"repeatable\":true,\"component\":\"elements.form-response\"}}}','object',NULL,NULL),(220,'model_def_elements.placeholder','{\"uid\":\"elements.placeholder\",\"collectionName\":\"components_elements_placeholders\",\"info\":{\"name\":\"formInput\",\"icon\":\"arrow-circle-down\",\"description\":\"\"},\"options\":{\"timestamps\":false},\"attributes\":{\"placeholder\":{\"type\":\"string\"},\"isRequired\":{\"type\":\"boolean\"},\"type\":{\"type\":\"enumeration\",\"enum\":[\"text\",\"textarea\",\"select\",\"number\",\"password\",\"email\",\"checkbox\"]},\"name\":{\"type\":\"string\"},\"value\":{\"type\":\"text\"},\"validationMessage\":{\"type\":\"text\"},\"label\":{\"type\":\"string\"}}}','object',NULL,NULL),(222,'model_def_sections.form-inputs','{\"uid\":\"sections.form-inputs\",\"collectionName\":\"components_sections_form_inputs\",\"info\":{\"name\":\"formInputs\",\"icon\":\"barcode\"},\"options\":{\"timestamps\":false},\"attributes\":{\"inputs\":{\"type\":\"component\",\"repeatable\":true,\"component\":\"elements.placeholder\"}}}','object',NULL,NULL),(225,'plugin_content_manager_configuration_components::links.basic-link','{\"uid\":\"links.basic-link\",\"settings\":{\"bulkable\":true,\"filterable\":true,\"searchable\":true,\"pageSize\":10,\"mainField\":\"url\",\"defaultSortBy\":\"url\",\"defaultSortOrder\":\"ASC\"},\"metadatas\":{\"id\":{\"edit\":{},\"list\":{\"label\":\"Id\",\"searchable\":false,\"sortable\":false}},\"url\":{\"edit\":{\"label\":\"Url\",\"description\":\"\",\"placeholder\":\"\",\"visible\":true,\"editable\":true},\"list\":{\"label\":\"Url\",\"searchable\":true,\"sortable\":true}},\"name\":{\"edit\":{\"label\":\"Name\",\"description\":\"\",\"placeholder\":\"\",\"visible\":true,\"editable\":true},\"list\":{\"label\":\"Name\",\"searchable\":true,\"sortable\":true}},\"target\":{\"edit\":{\"label\":\"Target\",\"description\":\"\",\"placeholder\":\"\",\"visible\":true,\"editable\":true},\"list\":{\"label\":\"Target\",\"searchable\":true,\"sortable\":true}}},\"layouts\":{\"list\":[\"id\",\"url\",\"name\",\"target\"],\"edit\":[[{\"name\":\"url\",\"size\":6},{\"name\":\"name\",\"size\":6}],[{\"name\":\"target\",\"size\":6}]],\"editRelations\":[]},\"isComponent\":true}','object','',''),(226,'plugin_content_manager_configuration_components::elements.basic-card','{\"uid\":\"elements.basic-card\",\"settings\":{\"bulkable\":true,\"filterable\":true,\"searchable\":true,\"pageSize\":10,\"mainField\":\"title\",\"defaultSortBy\":\"title\",\"defaultSortOrder\":\"ASC\"},\"metadatas\":{\"id\":{\"edit\":{},\"list\":{\"label\":\"Id\",\"searchable\":false,\"sortable\":false}},\"title\":{\"edit\":{\"label\":\"Title\",\"description\":\"\",\"placeholder\":\"\",\"visible\":true,\"editable\":true},\"list\":{\"label\":\"Title\",\"searchable\":true,\"sortable\":true}},\"subtitle\":{\"edit\":{\"label\":\"Subtitle\",\"description\":\"\",\"placeholder\":\"\",\"visible\":true,\"editable\":true},\"list\":{\"label\":\"Subtitle\",\"searchable\":true,\"sortable\":true}},\"description\":{\"edit\":{\"label\":\"Description\",\"description\":\"\",\"placeholder\":\"\",\"visible\":true,\"editable\":true},\"list\":{\"label\":\"Description\",\"searchable\":true,\"sortable\":true}},\"icon\":{\"edit\":{\"label\":\"Icon\",\"description\":\"\",\"placeholder\":\"\",\"visible\":true,\"editable\":true},\"list\":{\"label\":\"Icon\",\"searchable\":false,\"sortable\":false}},\"link\":{\"edit\":{\"label\":\"Link\",\"description\":\"\",\"placeholder\":\"\",\"visible\":true,\"editable\":true},\"list\":{\"label\":\"Link\",\"searchable\":false,\"sortable\":false}}},\"layouts\":{\"list\":[\"id\",\"title\",\"subtitle\",\"description\"],\"edit\":[[{\"name\":\"title\",\"size\":6},{\"name\":\"subtitle\",\"size\":6}],[{\"name\":\"description\",\"size\":6},{\"name\":\"icon\",\"size\":6}],[{\"name\":\"link\",\"size\":12}]],\"editRelations\":[]},\"isComponent\":true}','object','',''),(227,'plugin_content_manager_configuration_components::elements.placeholder','{\"uid\":\"elements.placeholder\",\"settings\":{\"bulkable\":true,\"filterable\":true,\"searchable\":true,\"pageSize\":10,\"mainField\":\"placeholder\",\"defaultSortBy\":\"placeholder\",\"defaultSortOrder\":\"ASC\"},\"metadatas\":{\"id\":{\"edit\":{},\"list\":{\"label\":\"Id\",\"searchable\":false,\"sortable\":false}},\"placeholder\":{\"edit\":{\"label\":\"Placeholder\",\"description\":\"\",\"placeholder\":\"\",\"visible\":true,\"editable\":true},\"list\":{\"label\":\"Placeholder\",\"searchable\":true,\"sortable\":true}},\"isRequired\":{\"edit\":{\"label\":\"IsRequired\",\"description\":\"\",\"placeholder\":\"\",\"visible\":true,\"editable\":true},\"list\":{\"label\":\"IsRequired\",\"searchable\":true,\"sortable\":true}},\"type\":{\"edit\":{\"label\":\"Type\",\"description\":\"\",\"placeholder\":\"\",\"visible\":true,\"editable\":true},\"list\":{\"label\":\"Type\",\"searchable\":true,\"sortable\":true}},\"name\":{\"edit\":{\"label\":\"Name\",\"description\":\"\",\"placeholder\":\"\",\"visible\":true,\"editable\":true},\"list\":{\"label\":\"Name\",\"searchable\":true,\"sortable\":true}},\"value\":{\"edit\":{\"label\":\"Value\",\"description\":\"\",\"placeholder\":\"\",\"visible\":true,\"editable\":true},\"list\":{\"label\":\"Value\",\"searchable\":true,\"sortable\":true}},\"validationMessage\":{\"edit\":{\"label\":\"ValidationMessage\",\"description\":\"\",\"placeholder\":\"\",\"visible\":true,\"editable\":true},\"list\":{\"label\":\"ValidationMessage\",\"searchable\":true,\"sortable\":true}},\"label\":{\"edit\":{\"label\":\"Label\",\"description\":\"\",\"placeholder\":\"\",\"visible\":true,\"editable\":true},\"list\":{\"label\":\"Label\",\"searchable\":true,\"sortable\":true}}},\"layouts\":{\"list\":[\"id\",\"placeholder\",\"isRequired\",\"type\"],\"edit\":[[{\"name\":\"name\",\"size\":6},{\"name\":\"type\",\"size\":6}],[{\"name\":\"placeholder\",\"size\":6},{\"name\":\"isRequired\",\"size\":4}],[{\"name\":\"value\",\"size\":6},{\"name\":\"validationMessage\",\"size\":6}],[{\"name\":\"label\",\"size\":6}]],\"editRelations\":[]},\"isComponent\":true}','object','',''),(229,'model_def_application::contacts.contacts','{\"uid\":\"application::contacts.contacts\",\"collectionName\":\"contacts\",\"kind\":\"collectionType\",\"info\":{\"name\":\"Contacts\"},\"options\":{\"increments\":true,\"timestamps\":[\"created_at\",\"updated_at\"],\"draftAndPublish\":true},\"attributes\":{\"name\":{\"type\":\"string\"},\"email\":{\"type\":\"email\"},\"subject\":{\"type\":\"text\"},\"message\":{\"type\":\"string\"},\"status\":{\"type\":\"enumeration\",\"enum\":[\"pending\",\"resolved\"]},\"published_at\":{\"type\":\"datetime\",\"configurable\":false,\"writable\":true,\"visible\":false},\"created_by\":{\"model\":\"user\",\"plugin\":\"admin\",\"configurable\":false,\"writable\":false,\"visible\":false,\"private\":true},\"updated_by\":{\"model\":\"user\",\"plugin\":\"admin\",\"configurable\":false,\"writable\":false,\"visible\":false,\"private\":true}}}','object',NULL,NULL),(231,'model_def_elements.logotype','{\"uid\":\"elements.logotype\",\"collectionName\":\"components_elements_logotypes\",\"info\":{\"name\":\"logotype\",\"icon\":\"american-sign-language-interpreting\",\"description\":\"\"},\"options\":{\"timestamps\":false},\"attributes\":{\"info\":{\"type\":\"component\",\"repeatable\":false,\"component\":\"elements.main-hero\"},\"icon\":{\"collection\":\"file\",\"via\":\"related\",\"allowedTypes\":[\"images\",\"files\",\"videos\"],\"plugin\":\"upload\",\"required\":false,\"pluginOptions\":{}},\"altText\":{\"type\":\"string\"}}}','object',NULL,NULL),(233,'model_def_elements.redirect-links','{\"uid\":\"elements.redirect-links\",\"collectionName\":\"components_elements_redirect_links\",\"info\":{\"name\":\"redirectLinks\",\"icon\":\"angle-down\"},\"options\":{\"timestamps\":false},\"attributes\":{\"title\":{\"type\":\"string\"},\"links\":{\"type\":\"component\",\"repeatable\":true,\"component\":\"links.basic-link\"}}}','object',NULL,NULL),(238,'model_def_application::legal-affairs.legal-affairs','{\"uid\":\"application::legal-affairs.legal-affairs\",\"collectionName\":\"legal_affairs\",\"kind\":\"collectionType\",\"info\":{\"name\":\"legalAffairs\",\"description\":\"\"},\"options\":{\"increments\":true,\"timestamps\":[\"created_at\",\"updated_at\"],\"draftAndPublish\":true},\"attributes\":{\"title\":{\"type\":\"string\"},\"content\":{\"type\":\"richtext\"},\"slug\":{\"type\":\"uid\",\"targetField\":\"title\"},\"metadata\":{\"type\":\"component\",\"repeatable\":false,\"component\":\"meta.metadata\"},\"published_at\":{\"type\":\"datetime\",\"configurable\":false,\"writable\":true,\"visible\":false},\"created_by\":{\"model\":\"user\",\"plugin\":\"admin\",\"configurable\":false,\"writable\":false,\"visible\":false,\"private\":true},\"updated_by\":{\"model\":\"user\",\"plugin\":\"admin\",\"configurable\":false,\"writable\":false,\"visible\":false,\"private\":true}}}','object',NULL,NULL),(240,'model_def_elements.form-response','{\"uid\":\"elements.form-response\",\"collectionName\":\"components_elements_form_responses\",\"info\":{\"name\":\"FormResponse\",\"icon\":\"band-aid\",\"description\":\"\"},\"options\":{\"timestamps\":false},\"attributes\":{\"title\":{\"type\":\"string\"},\"message\":{\"type\":\"text\"},\"type\":{\"type\":\"enumeration\",\"enum\":[\"success\",\"error\"]},\"show\":{\"type\":\"boolean\"},\"icon\":{\"collection\":\"file\",\"via\":\"related\",\"allowedTypes\":[\"images\",\"files\",\"videos\"],\"plugin\":\"upload\",\"required\":false,\"pluginOptions\":{}}}}','object',NULL,NULL),(242,'model_def_sections.clasic-hero','{\"uid\":\"sections.clasic-hero\",\"collectionName\":\"components_sections_clasic_heroes\",\"info\":{\"name\":\"clasicHero\",\"icon\":\"anchor\"},\"options\":{\"timestamps\":false},\"attributes\":{\"header\":{\"type\":\"component\",\"repeatable\":false,\"component\":\"elements.main-hero\"},\"description\":{\"type\":\"text\"},\"icon\":{\"collection\":\"file\",\"via\":\"related\",\"allowedTypes\":[\"images\",\"files\",\"videos\"],\"plugin\":\"upload\",\"required\":false,\"pluginOptions\":{}}}}','object',NULL,NULL),(244,'model_def_sections.link-hero','{\"uid\":\"sections.link-hero\",\"collectionName\":\"components_sections_link_heroes\",\"info\":{\"name\":\"LinkHero\",\"icon\":\"angle-right\"},\"options\":{\"timestamps\":false},\"attributes\":{\"idContentType\":{\"type\":\"uid\"},\"header\":{\"type\":\"component\",\"repeatable\":false,\"component\":\"elements.main-hero\"},\"subtitle\":{\"type\":\"string\"},\"link\":{\"type\":\"component\",\"repeatable\":false,\"component\":\"links.link\"},\"sideText\":{\"type\":\"string\"},\"imgSideText\":{\"type\":\"string\"}}}','object',NULL,NULL),(246,'model_def_sections.button-hero','{\"uid\":\"sections.button-hero\",\"collectionName\":\"components_sections_button_heroes\",\"info\":{\"name\":\"buttonHero\",\"icon\":\"arrow-alt-circle-down\",\"description\":\"\"},\"options\":{\"timestamps\":false},\"attributes\":{\"header\":{\"type\":\"component\",\"repeatable\":true,\"component\":\"elements.main-hero\"},\"icon\":{\"collection\":\"file\",\"via\":\"related\",\"allowedTypes\":[\"images\",\"files\",\"videos\"],\"plugin\":\"upload\",\"required\":false,\"pluginOptions\":{}},\"button\":{\"type\":\"component\",\"repeatable\":true,\"component\":\"links.button-link\"}}}','object',NULL,NULL),(248,'model_def_sections.icon-hero','{\"uid\":\"sections.icon-hero\",\"collectionName\":\"components_sections_icon_heroes\",\"info\":{\"name\":\"iconHero\",\"icon\":\"arrow-down\"},\"options\":{\"timestamps\":false},\"attributes\":{\"idContentType\":{\"type\":\"uid\"},\"header\":{\"type\":\"component\",\"repeatable\":false,\"component\":\"elements.main-hero\"},\"icon\":{\"collection\":\"file\",\"via\":\"related\",\"allowedTypes\":[\"images\",\"files\",\"videos\"],\"plugin\":\"upload\",\"required\":false,\"pluginOptions\":{}}}}','object',NULL,NULL),(250,'model_def_sections.big-her','{\"uid\":\"sections.big-her\",\"collectionName\":\"components_sections_big_hers\",\"info\":{\"name\":\"bigHero\",\"icon\":\"battery-three-quarters\",\"description\":\"\"},\"options\":{\"timestamps\":false},\"attributes\":{\"header\":{\"type\":\"component\",\"repeatable\":true,\"component\":\"elements.main-hero\"},\"description\":{\"type\":\"text\"},\"icon\":{\"collection\":\"file\",\"via\":\"related\",\"allowedTypes\":[\"images\",\"files\",\"videos\"],\"plugin\":\"upload\",\"required\":false,\"pluginOptions\":{}},\"button\":{\"type\":\"component\",\"repeatable\":true,\"component\":\"links.button-link\"}}}','object',NULL,NULL),(252,'model_def_sections.link-container','{\"uid\":\"sections.link-container\",\"collectionName\":\"components_sections_link_containers\",\"info\":{\"name\":\"linkContainer\",\"icon\":\"bed\"},\"options\":{\"timestamps\":false},\"attributes\":{\"idContentType\":{\"type\":\"uid\"},\"title\":{\"type\":\"string\"},\"link\":{\"type\":\"component\",\"repeatable\":false,\"component\":\"links.link\"}}}','object',NULL,NULL),(254,'model_def_sections.clasic-container','{\"uid\":\"sections.clasic-container\",\"collectionName\":\"components_sections_clasic_containers\",\"info\":{\"name\":\"clasicContainer\",\"icon\":\"battery-empty\"},\"options\":{\"timestamps\":false},\"attributes\":{\"title\":{\"type\":\"string\"},\"description\":{\"type\":\"text\"},\"icon\":{\"collection\":\"file\",\"via\":\"related\",\"allowedTypes\":[\"images\",\"files\",\"videos\"],\"plugin\":\"upload\",\"required\":false,\"pluginOptions\":{}}}}','object',NULL,NULL),(256,'model_def_sections.button-container','{\"uid\":\"sections.button-container\",\"collectionName\":\"components_sections_button_containers\",\"info\":{\"name\":\"buttonContainer\",\"icon\":\"bell\"},\"options\":{\"timestamps\":false},\"attributes\":{\"idContentType\":{\"type\":\"uid\"},\"title\":{\"type\":\"string\"},\"icon\":{\"collection\":\"file\",\"via\":\"related\",\"allowedTypes\":[\"images\",\"files\",\"videos\"],\"plugin\":\"upload\",\"required\":false,\"pluginOptions\":{}},\"button\":{\"type\":\"component\",\"repeatable\":true,\"component\":\"links.button-link\"}}}','object',NULL,NULL),(258,'model_def_sections.icon-container','{\"uid\":\"sections.icon-container\",\"collectionName\":\"components_sections_icon_containers\",\"info\":{\"name\":\"iconContainer\",\"icon\":\"baby\"},\"options\":{\"timestamps\":false},\"attributes\":{\"idContentType\":{\"type\":\"uid\"},\"title\":{\"type\":\"string\"},\"icon\":{\"collection\":\"file\",\"via\":\"related\",\"allowedTypes\":[\"images\",\"files\",\"videos\"],\"plugin\":\"upload\",\"required\":false,\"pluginOptions\":{}}}}','object',NULL,NULL),(260,'model_def_elements.titles','{\"uid\":\"elements.titles\",\"collectionName\":\"components_elements_titles\",\"info\":{\"name\":\"titles\",\"icon\":\"beer\",\"description\":\"\"},\"options\":{\"timestamps\":false},\"attributes\":{\"title\":{\"type\":\"string\"},\"label\":{\"type\":\"string\"},\"class\":{\"type\":\"string\"},\"tab\":{\"type\":\"enumeration\",\"enum\":[\"one\",\"two\",\"three\",\"four\",\"five\"]}}}','object',NULL,NULL),(262,'model_def_sections.list-container','{\"uid\":\"sections.list-container\",\"collectionName\":\"components_sections_list_containers\",\"info\":{\"name\":\"listContainer\",\"icon\":\"biking\"},\"options\":{\"timestamps\":false},\"attributes\":{\"idContentType\":{\"type\":\"uid\"},\"items\":{\"type\":\"component\",\"repeatable\":true,\"component\":\"elements.titles\"},\"button\":{\"type\":\"component\",\"repeatable\":true,\"component\":\"links.button\"}}}','object',NULL,NULL),(264,'plugin_content_manager_configuration_components::sections.big-hero','{\"uid\":\"sections.big-hero\",\"settings\":{\"bulkable\":true,\"filterable\":true,\"searchable\":true,\"pageSize\":10,\"mainField\":\"id\",\"defaultSortBy\":\"id\",\"defaultSortOrder\":\"ASC\"},\"metadatas\":{\"id\":{\"edit\":{},\"list\":{\"label\":\"Id\",\"searchable\":false,\"sortable\":false}},\"idContentType\":{\"edit\":{\"label\":\"IdContentType\",\"description\":\"\",\"placeholder\":\"\",\"visible\":true,\"editable\":true},\"list\":{\"label\":\"IdContentType\",\"searchable\":true,\"sortable\":true}},\"header\":{\"edit\":{\"label\":\"Header\",\"description\":\"\",\"placeholder\":\"\",\"visible\":true,\"editable\":true},\"list\":{\"label\":\"Header\",\"searchable\":false,\"sortable\":false}},\"description\":{\"edit\":{\"label\":\"Description\",\"description\":\"\",\"placeholder\":\"\",\"visible\":true,\"editable\":true},\"list\":{\"label\":\"Description\",\"searchable\":true,\"sortable\":true}},\"icon\":{\"edit\":{\"label\":\"Icon\",\"description\":\"\",\"placeholder\":\"\",\"visible\":true,\"editable\":true},\"list\":{\"label\":\"Icon\",\"searchable\":false,\"sortable\":false}},\"button\":{\"edit\":{\"label\":\"Button\",\"description\":\"\",\"placeholder\":\"\",\"visible\":true,\"editable\":true},\"list\":{\"label\":\"Button\",\"searchable\":false,\"sortable\":false}}},\"layouts\":{\"list\":[\"id\",\"description\",\"icon\",\"idContentType\"],\"edit\":[[{\"name\":\"idContentType\",\"size\":6}],[{\"name\":\"description\",\"size\":6},{\"name\":\"icon\",\"size\":6}],[{\"name\":\"button\",\"size\":12}],[{\"name\":\"header\",\"size\":12}]],\"editRelations\":[]},\"isComponent\":true}','object','',''),(265,'plugin_content_manager_configuration_components::sections.classic-container','{\"uid\":\"sections.classic-container\",\"settings\":{\"bulkable\":true,\"filterable\":true,\"searchable\":true,\"pageSize\":10,\"mainField\":\"title\",\"defaultSortBy\":\"title\",\"defaultSortOrder\":\"ASC\"},\"metadatas\":{\"id\":{\"edit\":{},\"list\":{\"label\":\"Id\",\"searchable\":false,\"sortable\":false}},\"idContentType\":{\"edit\":{\"label\":\"IdContentType\",\"description\":\"\",\"placeholder\":\"\",\"visible\":true,\"editable\":true},\"list\":{\"label\":\"IdContentType\",\"searchable\":true,\"sortable\":true}},\"title\":{\"edit\":{\"label\":\"Title\",\"description\":\"\",\"placeholder\":\"\",\"visible\":true,\"editable\":true},\"list\":{\"label\":\"Title\",\"searchable\":false,\"sortable\":false}},\"description\":{\"edit\":{\"label\":\"Description\",\"description\":\"\",\"placeholder\":\"\",\"visible\":true,\"editable\":true},\"list\":{\"label\":\"Description\",\"searchable\":true,\"sortable\":true}},\"icon\":{\"edit\":{\"label\":\"Icon\",\"description\":\"\",\"placeholder\":\"\",\"visible\":true,\"editable\":true},\"list\":{\"label\":\"Icon\",\"searchable\":false,\"sortable\":false}}},\"layouts\":{\"list\":[\"id\",\"description\",\"icon\"],\"edit\":[[{\"name\":\"idContentType\",\"size\":6},{\"name\":\"title\",\"size\":6}],[{\"name\":\"description\",\"size\":6},{\"name\":\"icon\",\"size\":6}]],\"editRelations\":[]},\"isComponent\":true}','object','',''),(266,'model_def_sections.full-hero','{\"uid\":\"sections.full-hero\",\"collectionName\":\"components_sections_full_heroes\",\"info\":{\"name\":\"fullHero\",\"icon\":\"balance-scale\"},\"options\":{\"timestamps\":false},\"attributes\":{\"header\":{\"type\":\"component\",\"repeatable\":true,\"component\":\"elements.main-hero\"},\"description\":{\"type\":\"text\"},\"icon\":{\"collection\":\"file\",\"via\":\"related\",\"allowedTypes\":[\"images\",\"files\",\"videos\"],\"plugin\":\"upload\",\"required\":false,\"pluginOptions\":{}},\"button\":{\"type\":\"component\",\"repeatable\":true,\"component\":\"links.button\"}}}','object',NULL,NULL),(268,'model_def_elements.big-feature','{\"uid\":\"elements.big-feature\",\"collectionName\":\"components_elements_big_features\",\"info\":{\"name\":\"bigFeature\",\"icon\":\"battery-quarter\",\"description\":\"\"},\"options\":{\"timestamps\":false},\"attributes\":{\"title\":{\"type\":\"string\"},\"description\":{\"type\":\"text\"},\"position\":{\"type\":\"string\"}}}','object',NULL,NULL),(270,'model_def_sections.main-features','{\"uid\":\"sections.main-features\",\"collectionName\":\"components_sections_main_features\",\"info\":{\"name\":\"mainFeatures\",\"icon\":\"binoculars\"},\"options\":{\"timestamps\":false},\"attributes\":{\"idContentType\":{\"type\":\"uid\"},\"header\":{\"type\":\"component\",\"repeatable\":false,\"component\":\"elements.main-hero\"},\"features\":{\"type\":\"component\",\"repeatable\":true,\"component\":\"elements.big-feature\"},\"icon\":{\"collection\":\"file\",\"via\":\"related\",\"allowedTypes\":[\"images\",\"files\",\"videos\"],\"plugin\":\"upload\",\"required\":false,\"pluginOptions\":{}},\"button\":{\"type\":\"component\",\"repeatable\":true,\"component\":\"links.button-link\"}}}','object',NULL,NULL),(272,'model_def_sections.how-works','{\"uid\":\"sections.how-works\",\"collectionName\":\"components_sections_how_works\",\"info\":{\"name\":\"howWorks\",\"icon\":\"bone\"},\"options\":{\"timestamps\":false},\"attributes\":{\"idContentType\":{\"type\":\"uid\"},\"header\":{\"type\":\"component\",\"repeatable\":false,\"component\":\"elements.main-hero\"},\"background\":{\"collection\":\"file\",\"via\":\"related\",\"allowedTypes\":[\"images\",\"files\",\"videos\"],\"plugin\":\"upload\",\"required\":false,\"pluginOptions\":{}},\"icon\":{\"model\":\"file\",\"via\":\"related\",\"allowedTypes\":[\"images\"],\"plugin\":\"upload\",\"required\":false},\"subtext\":{\"type\":\"string\"},\"features\":{\"type\":\"component\",\"repeatable\":true,\"component\":\"elements.big-feature\"},\"button\":{\"type\":\"component\",\"repeatable\":true,\"component\":\"links.button-link\"}}}','object',NULL,NULL),(274,'model_def_elements.form-checkbox','{\"uid\":\"elements.form-checkbox\",\"collectionName\":\"components_elements_form_checkboxes\",\"info\":{\"name\":\"formCheckbox\",\"icon\":\"window-close\",\"description\":\"\"},\"options\":{\"timestamps\":false},\"attributes\":{\"text\":{\"type\":\"string\"},\"type\":{\"type\":\"enumeration\",\"enum\":[\"checkbox\",\"text\"]},\"isRequired\":{\"type\":\"boolean\"},\"links\":{\"type\":\"component\",\"repeatable\":true,\"component\":\"links.link\"},\"validationMessage\":{\"type\":\"text\"},\"name\":{\"type\":\"string\"}}}','object',NULL,NULL),(276,'model_def_sections.suscription-form','{\"uid\":\"sections.suscription-form\",\"collectionName\":\"components_sections_suscription_forms\",\"info\":{\"name\":\"SubscriptionForm\",\"icon\":\"birthday-cake\",\"description\":\"\"},\"options\":{\"timestamps\":false},\"attributes\":{\"idContentType\":{\"type\":\"uid\"},\"header\":{\"type\":\"component\",\"repeatable\":false,\"component\":\"elements.main-hero\"},\"description\":{\"type\":\"text\"},\"inputs\":{\"type\":\"component\",\"repeatable\":true,\"component\":\"elements.placeholder\"},\"checkboxs\":{\"type\":\"component\",\"repeatable\":true,\"component\":\"elements.form-checkbox\"},\"button\":{\"type\":\"component\",\"repeatable\":true,\"component\":\"links.button-link\"},\"response\":{\"type\":\"component\",\"repeatable\":true,\"component\":\"elements.form-response\"}}}','object',NULL,NULL),(278,'model_def_application::newsletter.newsletter','{\"uid\":\"application::newsletter.newsletter\",\"collectionName\":\"newsletters\",\"kind\":\"singleType\",\"info\":{\"name\":\"Newsletter\",\"description\":\"\"},\"options\":{\"increments\":true,\"timestamps\":[\"created_at\",\"updated_at\"],\"draftAndPublish\":true},\"attributes\":{\"inputs\":{\"type\":\"dynamiczone\",\"components\":[\"elements.placeholder\",\"elements.form-checkbox\"]},\"name\":{\"type\":\"string\"},\"button\":{\"type\":\"component\",\"repeatable\":true,\"component\":\"links.button-link\"},\"response\":{\"type\":\"component\",\"repeatable\":true,\"component\":\"elements.form-response\"},\"published_at\":{\"type\":\"datetime\",\"configurable\":false,\"writable\":true,\"visible\":false},\"created_by\":{\"model\":\"user\",\"plugin\":\"admin\",\"configurable\":false,\"writable\":false,\"visible\":false,\"private\":true},\"updated_by\":{\"model\":\"user\",\"plugin\":\"admin\",\"configurable\":false,\"writable\":false,\"visible\":false,\"private\":true}}}','object',NULL,NULL),(280,'model_def_application::susbscription.susbscription','{\"uid\":\"application::susbscription.susbscription\",\"collectionName\":\"susbscriptions\",\"kind\":\"singleType\",\"info\":{\"name\":\"Susbscription\"},\"options\":{\"increments\":true,\"timestamps\":[\"created_at\",\"updated_at\"],\"draftAndPublish\":false},\"attributes\":{\"name\":{\"type\":\"string\"},\"created_by\":{\"model\":\"user\",\"plugin\":\"admin\",\"configurable\":false,\"writable\":false,\"visible\":false,\"private\":true},\"updated_by\":{\"model\":\"user\",\"plugin\":\"admin\",\"configurable\":false,\"writable\":false,\"visible\":false,\"private\":true}}}','object',NULL,NULL),(282,'plugin_content_manager_configuration_components::elements.form-response','{\"uid\":\"elements.form-response\",\"settings\":{\"bulkable\":true,\"filterable\":true,\"searchable\":true,\"pageSize\":10,\"mainField\":\"title\",\"defaultSortBy\":\"title\",\"defaultSortOrder\":\"ASC\"},\"metadatas\":{\"id\":{\"edit\":{},\"list\":{\"label\":\"Id\",\"searchable\":false,\"sortable\":false}},\"title\":{\"edit\":{\"label\":\"Title\",\"description\":\"\",\"placeholder\":\"\",\"visible\":true,\"editable\":true},\"list\":{\"label\":\"Title\",\"searchable\":true,\"sortable\":true}},\"message\":{\"edit\":{\"label\":\"Message\",\"description\":\"\",\"placeholder\":\"\",\"visible\":true,\"editable\":true},\"list\":{\"label\":\"Message\",\"searchable\":true,\"sortable\":true}},\"type\":{\"edit\":{\"label\":\"Type\",\"description\":\"\",\"placeholder\":\"\",\"visible\":true,\"editable\":true},\"list\":{\"label\":\"Type\",\"searchable\":true,\"sortable\":true}},\"show\":{\"edit\":{\"label\":\"Show\",\"description\":\"\",\"placeholder\":\"\",\"visible\":true,\"editable\":true},\"list\":{\"label\":\"Show\",\"searchable\":true,\"sortable\":true}},\"icon\":{\"edit\":{\"label\":\"Icon\",\"description\":\"\",\"placeholder\":\"\",\"visible\":true,\"editable\":true},\"list\":{\"label\":\"Icon\",\"searchable\":false,\"sortable\":false}}},\"layouts\":{\"list\":[\"id\",\"title\",\"message\",\"type\"],\"edit\":[[{\"name\":\"title\",\"size\":6},{\"name\":\"message\",\"size\":6}],[{\"name\":\"type\",\"size\":6},{\"name\":\"show\",\"size\":4}],[{\"name\":\"icon\",\"size\":6}]],\"editRelations\":[]},\"isComponent\":true}','object','',''),(283,'plugin_content_manager_configuration_components::elements.form-checkbox','{\"uid\":\"elements.form-checkbox\",\"settings\":{\"bulkable\":true,\"filterable\":true,\"searchable\":true,\"pageSize\":10,\"mainField\":\"text\",\"defaultSortBy\":\"text\",\"defaultSortOrder\":\"ASC\"},\"metadatas\":{\"id\":{\"edit\":{},\"list\":{\"label\":\"Id\",\"searchable\":false,\"sortable\":false}},\"text\":{\"edit\":{\"label\":\"Text\",\"description\":\"\",\"placeholder\":\"\",\"visible\":true,\"editable\":true},\"list\":{\"label\":\"Text\",\"searchable\":true,\"sortable\":true}},\"type\":{\"edit\":{\"label\":\"Type\",\"description\":\"\",\"placeholder\":\"\",\"visible\":true,\"editable\":true},\"list\":{\"label\":\"Type\",\"searchable\":true,\"sortable\":true}},\"isRequired\":{\"edit\":{\"label\":\"IsRequired\",\"description\":\"\",\"placeholder\":\"\",\"visible\":true,\"editable\":true},\"list\":{\"label\":\"IsRequired\",\"searchable\":true,\"sortable\":true}},\"links\":{\"edit\":{\"label\":\"Links\",\"description\":\"\",\"placeholder\":\"\",\"visible\":true,\"editable\":true},\"list\":{\"label\":\"Links\",\"searchable\":false,\"sortable\":false}},\"validationMessage\":{\"edit\":{\"label\":\"ValidationMessage\",\"description\":\"\",\"placeholder\":\"\",\"visible\":true,\"editable\":true},\"list\":{\"label\":\"ValidationMessage\",\"searchable\":true,\"sortable\":true}},\"name\":{\"edit\":{\"label\":\"Name\",\"description\":\"\",\"placeholder\":\"\",\"visible\":true,\"editable\":true},\"list\":{\"label\":\"Name\",\"searchable\":true,\"sortable\":true}}},\"layouts\":{\"list\":[\"id\",\"text\",\"type\",\"isRequired\"],\"edit\":[[{\"name\":\"text\",\"size\":6},{\"name\":\"type\",\"size\":6}],[{\"name\":\"isRequired\",\"size\":4}],[{\"name\":\"links\",\"size\":12}],[{\"name\":\"validationMessage\",\"size\":6},{\"name\":\"name\",\"size\":6}]],\"editRelations\":[]},\"isComponent\":true}','object','',''),(284,'plugin_content_manager_configuration_components::elements.big-feature','{\"uid\":\"elements.big-feature\",\"settings\":{\"bulkable\":true,\"filterable\":true,\"searchable\":true,\"pageSize\":10,\"mainField\":\"title\",\"defaultSortBy\":\"title\",\"defaultSortOrder\":\"ASC\"},\"metadatas\":{\"id\":{\"edit\":{},\"list\":{\"label\":\"Id\",\"searchable\":false,\"sortable\":false}},\"title\":{\"edit\":{\"label\":\"Title\",\"description\":\"\",\"placeholder\":\"\",\"visible\":true,\"editable\":true},\"list\":{\"label\":\"Title\",\"searchable\":true,\"sortable\":true}},\"description\":{\"edit\":{\"label\":\"Description\",\"description\":\"\",\"placeholder\":\"\",\"visible\":true,\"editable\":true},\"list\":{\"label\":\"Description\",\"searchable\":true,\"sortable\":true}},\"position\":{\"edit\":{\"label\":\"Position\",\"description\":\"\",\"placeholder\":\"\",\"visible\":true,\"editable\":true},\"list\":{\"label\":\"Position\",\"searchable\":true,\"sortable\":true}}},\"layouts\":{\"list\":[\"id\",\"title\",\"description\",\"position\"],\"edit\":[[{\"name\":\"title\",\"size\":6},{\"name\":\"description\",\"size\":6}],[{\"name\":\"position\",\"size\":6}]],\"editRelations\":[]},\"isComponent\":true}','object','',''),(285,'plugin_content_manager_configuration_components::sections.full-hero','{\"uid\":\"sections.full-hero\",\"settings\":{\"bulkable\":true,\"filterable\":true,\"searchable\":true,\"pageSize\":10,\"mainField\":\"id\",\"defaultSortBy\":\"id\",\"defaultSortOrder\":\"ASC\"},\"metadatas\":{\"id\":{\"edit\":{},\"list\":{\"label\":\"Id\",\"searchable\":false,\"sortable\":false}},\"header\":{\"edit\":{\"label\":\"Header\",\"description\":\"\",\"placeholder\":\"\",\"visible\":true,\"editable\":true},\"list\":{\"label\":\"Header\",\"searchable\":false,\"sortable\":false}},\"description\":{\"edit\":{\"label\":\"Description\",\"description\":\"\",\"placeholder\":\"\",\"visible\":true,\"editable\":true},\"list\":{\"label\":\"Description\",\"searchable\":true,\"sortable\":true}},\"icon\":{\"edit\":{\"label\":\"Icon\",\"description\":\"\",\"placeholder\":\"\",\"visible\":true,\"editable\":true},\"list\":{\"label\":\"Icon\",\"searchable\":false,\"sortable\":false}},\"button\":{\"edit\":{\"label\":\"Button\",\"description\":\"\",\"placeholder\":\"\",\"visible\":true,\"editable\":true},\"list\":{\"label\":\"Button\",\"searchable\":false,\"sortable\":false}}},\"layouts\":{\"list\":[\"id\",\"description\",\"icon\"],\"edit\":[[{\"name\":\"header\",\"size\":12}],[{\"name\":\"description\",\"size\":6},{\"name\":\"icon\",\"size\":6}],[{\"name\":\"button\",\"size\":12}]],\"editRelations\":[]},\"isComponent\":true}','object','',''),(286,'plugin_content_manager_configuration_components::sections.button-hero','{\"uid\":\"sections.button-hero\",\"settings\":{\"bulkable\":true,\"filterable\":true,\"searchable\":true,\"pageSize\":10,\"mainField\":\"id\",\"defaultSortBy\":\"id\",\"defaultSortOrder\":\"ASC\"},\"metadatas\":{\"id\":{\"edit\":{},\"list\":{\"label\":\"Id\",\"searchable\":false,\"sortable\":false}},\"header\":{\"edit\":{\"label\":\"Header\",\"description\":\"\",\"placeholder\":\"\",\"visible\":true,\"editable\":true},\"list\":{\"label\":\"Header\",\"searchable\":false,\"sortable\":false}},\"icon\":{\"edit\":{\"label\":\"Icon\",\"description\":\"\",\"placeholder\":\"\",\"visible\":true,\"editable\":true},\"list\":{\"label\":\"Icon\",\"searchable\":false,\"sortable\":false}},\"button\":{\"edit\":{\"label\":\"Button\",\"description\":\"\",\"placeholder\":\"\",\"visible\":true,\"editable\":true},\"list\":{\"label\":\"Button\",\"searchable\":false,\"sortable\":false}}},\"layouts\":{\"list\":[\"id\",\"icon\"],\"edit\":[[{\"name\":\"header\",\"size\":12}],[{\"name\":\"icon\",\"size\":6}],[{\"name\":\"button\",\"size\":12}]],\"editRelations\":[]},\"isComponent\":true}','object','',''),(288,'plugin_content_manager_configuration_components::elements.titles','{\"uid\":\"elements.titles\",\"settings\":{\"bulkable\":true,\"filterable\":true,\"searchable\":true,\"pageSize\":10,\"mainField\":\"title\",\"defaultSortBy\":\"title\",\"defaultSortOrder\":\"ASC\"},\"metadatas\":{\"id\":{\"edit\":{},\"list\":{\"label\":\"Id\",\"searchable\":false,\"sortable\":false}},\"title\":{\"edit\":{\"label\":\"Title\",\"description\":\"\",\"placeholder\":\"\",\"visible\":true,\"editable\":true},\"list\":{\"label\":\"Title\",\"searchable\":true,\"sortable\":true}},\"label\":{\"edit\":{\"label\":\"Label\",\"description\":\"\",\"placeholder\":\"\",\"visible\":true,\"editable\":true},\"list\":{\"label\":\"Label\",\"searchable\":true,\"sortable\":true}},\"class\":{\"edit\":{\"label\":\"Class\",\"description\":\"\",\"placeholder\":\"\",\"visible\":true,\"editable\":true},\"list\":{\"label\":\"Class\",\"searchable\":true,\"sortable\":true}},\"tab\":{\"edit\":{\"label\":\"Tab\",\"description\":\"\",\"placeholder\":\"\",\"visible\":true,\"editable\":true},\"list\":{\"label\":\"Tab\",\"searchable\":true,\"sortable\":true}}},\"layouts\":{\"list\":[\"id\",\"title\",\"label\",\"class\"],\"edit\":[[{\"name\":\"title\",\"size\":6},{\"name\":\"label\",\"size\":6}],[{\"name\":\"class\",\"size\":6},{\"name\":\"tab\",\"size\":6}]],\"editRelations\":[]},\"isComponent\":true}','object','',''),(289,'plugin_content_manager_configuration_components::elements.redirect-links','{\"uid\":\"elements.redirect-links\",\"settings\":{\"bulkable\":true,\"filterable\":true,\"searchable\":true,\"pageSize\":10,\"mainField\":\"title\",\"defaultSortBy\":\"title\",\"defaultSortOrder\":\"ASC\"},\"metadatas\":{\"id\":{\"edit\":{},\"list\":{\"label\":\"Id\",\"searchable\":false,\"sortable\":false}},\"title\":{\"edit\":{\"label\":\"Title\",\"description\":\"\",\"placeholder\":\"\",\"visible\":true,\"editable\":true},\"list\":{\"label\":\"Title\",\"searchable\":true,\"sortable\":true}},\"links\":{\"edit\":{\"label\":\"Links\",\"description\":\"\",\"placeholder\":\"\",\"visible\":true,\"editable\":true},\"list\":{\"label\":\"Links\",\"searchable\":false,\"sortable\":false}}},\"layouts\":{\"list\":[\"id\",\"title\"],\"edit\":[[{\"name\":\"title\",\"size\":6}],[{\"name\":\"links\",\"size\":12}]],\"editRelations\":[]},\"isComponent\":true}','object','',''),(290,'plugin_content_manager_configuration_components::elements.logotype','{\"uid\":\"elements.logotype\",\"settings\":{\"bulkable\":true,\"filterable\":true,\"searchable\":true,\"pageSize\":10,\"mainField\":\"altText\",\"defaultSortBy\":\"altText\",\"defaultSortOrder\":\"ASC\"},\"metadatas\":{\"id\":{\"edit\":{},\"list\":{\"label\":\"Id\",\"searchable\":false,\"sortable\":false}},\"info\":{\"edit\":{\"label\":\"Info\",\"description\":\"\",\"placeholder\":\"\",\"visible\":true,\"editable\":true},\"list\":{\"label\":\"Info\",\"searchable\":false,\"sortable\":false}},\"icon\":{\"edit\":{\"label\":\"Icon\",\"description\":\"\",\"placeholder\":\"\",\"visible\":true,\"editable\":true},\"list\":{\"label\":\"Icon\",\"searchable\":false,\"sortable\":false}},\"altText\":{\"edit\":{\"label\":\"AltText\",\"description\":\"\",\"placeholder\":\"\",\"visible\":true,\"editable\":true},\"list\":{\"label\":\"AltText\",\"searchable\":true,\"sortable\":true}}},\"layouts\":{\"list\":[\"id\",\"icon\",\"altText\"],\"edit\":[[{\"name\":\"info\",\"size\":12}],[{\"name\":\"icon\",\"size\":6},{\"name\":\"altText\",\"size\":6}]],\"editRelations\":[]},\"isComponent\":true}','object','',''),(291,'plugin_content_manager_configuration_components::sections.how-works','{\"uid\":\"sections.how-works\",\"settings\":{\"bulkable\":true,\"filterable\":true,\"searchable\":true,\"pageSize\":10,\"mainField\":\"subtext\",\"defaultSortBy\":\"subtext\",\"defaultSortOrder\":\"ASC\"},\"metadatas\":{\"id\":{\"edit\":{},\"list\":{\"label\":\"Id\",\"searchable\":false,\"sortable\":false}},\"idContentType\":{\"edit\":{\"label\":\"IdContentType\",\"description\":\"\",\"placeholder\":\"\",\"visible\":true,\"editable\":true},\"list\":{\"label\":\"IdContentType\",\"searchable\":true,\"sortable\":true}},\"header\":{\"edit\":{\"label\":\"Header\",\"description\":\"\",\"placeholder\":\"\",\"visible\":true,\"editable\":true},\"list\":{\"label\":\"Header\",\"searchable\":false,\"sortable\":false}},\"background\":{\"edit\":{\"label\":\"Background\",\"description\":\"\",\"placeholder\":\"\",\"visible\":true,\"editable\":true},\"list\":{\"label\":\"Background\",\"searchable\":false,\"sortable\":false}},\"icon\":{\"edit\":{\"label\":\"Icon\",\"description\":\"\",\"placeholder\":\"\",\"visible\":true,\"editable\":true},\"list\":{\"label\":\"Icon\",\"searchable\":false,\"sortable\":false}},\"subtext\":{\"edit\":{\"label\":\"Subtext\",\"description\":\"\",\"placeholder\":\"\",\"visible\":true,\"editable\":true},\"list\":{\"label\":\"Subtext\",\"searchable\":true,\"sortable\":true}},\"features\":{\"edit\":{\"label\":\"Features\",\"description\":\"\",\"placeholder\":\"\",\"visible\":true,\"editable\":true},\"list\":{\"label\":\"Features\",\"searchable\":false,\"sortable\":false}},\"button\":{\"edit\":{\"label\":\"Button\",\"description\":\"\",\"placeholder\":\"\",\"visible\":true,\"editable\":true},\"list\":{\"label\":\"Button\",\"searchable\":false,\"sortable\":false}}},\"layouts\":{\"list\":[\"id\",\"idContentType\",\"background\",\"icon\"],\"edit\":[[{\"name\":\"idContentType\",\"size\":6}],[{\"name\":\"header\",\"size\":12}],[{\"name\":\"features\",\"size\":12}],[{\"name\":\"button\",\"size\":12}],[{\"name\":\"background\",\"size\":6},{\"name\":\"icon\",\"size\":6}],[{\"name\":\"subtext\",\"size\":6}]],\"editRelations\":[]},\"isComponent\":true}','object','',''),(293,'plugin_content_manager_configuration_components::sections.icon-container','{\"uid\":\"sections.icon-container\",\"settings\":{\"bulkable\":true,\"filterable\":true,\"searchable\":true,\"pageSize\":10,\"mainField\":\"title\",\"defaultSortBy\":\"title\",\"defaultSortOrder\":\"ASC\"},\"metadatas\":{\"id\":{\"edit\":{},\"list\":{\"label\":\"Id\",\"searchable\":false,\"sortable\":false}},\"idContentType\":{\"edit\":{\"label\":\"IdContentType\",\"description\":\"\",\"placeholder\":\"\",\"visible\":true,\"editable\":true},\"list\":{\"label\":\"IdContentType\",\"searchable\":true,\"sortable\":true}},\"title\":{\"edit\":{\"label\":\"Title\",\"description\":\"\",\"placeholder\":\"\",\"visible\":true,\"editable\":true},\"list\":{\"label\":\"Title\",\"searchable\":true,\"sortable\":true}},\"icon\":{\"edit\":{\"label\":\"Icon\",\"description\":\"\",\"placeholder\":\"\",\"visible\":true,\"editable\":true},\"list\":{\"label\":\"Icon\",\"searchable\":false,\"sortable\":false}}},\"layouts\":{\"list\":[\"id\",\"idContentType\",\"title\",\"icon\"],\"edit\":[[{\"name\":\"idContentType\",\"size\":6},{\"name\":\"title\",\"size\":6}],[{\"name\":\"icon\",\"size\":6}]],\"editRelations\":[]},\"isComponent\":true}','object','',''),(294,'plugin_content_manager_configuration_components::sections.icon-hero','{\"uid\":\"sections.icon-hero\",\"settings\":{\"bulkable\":true,\"filterable\":true,\"searchable\":true,\"pageSize\":10,\"mainField\":\"id\",\"defaultSortBy\":\"id\",\"defaultSortOrder\":\"ASC\"},\"metadatas\":{\"id\":{\"edit\":{},\"list\":{\"label\":\"Id\",\"searchable\":false,\"sortable\":false}},\"idContentType\":{\"edit\":{\"label\":\"IdContentType\",\"description\":\"\",\"placeholder\":\"\",\"visible\":true,\"editable\":true},\"list\":{\"label\":\"IdContentType\",\"searchable\":true,\"sortable\":true}},\"header\":{\"edit\":{\"label\":\"Header\",\"description\":\"\",\"placeholder\":\"\",\"visible\":true,\"editable\":true},\"list\":{\"label\":\"Header\",\"searchable\":false,\"sortable\":false}},\"icon\":{\"edit\":{\"label\":\"Icon\",\"description\":\"\",\"placeholder\":\"\",\"visible\":true,\"editable\":true},\"list\":{\"label\":\"Icon\",\"searchable\":false,\"sortable\":false}}},\"layouts\":{\"list\":[\"id\",\"idContentType\",\"icon\"],\"edit\":[[{\"name\":\"idContentType\",\"size\":6}],[{\"name\":\"header\",\"size\":12}],[{\"name\":\"icon\",\"size\":6}]],\"editRelations\":[]},\"isComponent\":true}','object','',''),(295,'plugin_content_manager_configuration_components::sections.link-hero','{\"uid\":\"sections.link-hero\",\"settings\":{\"bulkable\":true,\"filterable\":true,\"searchable\":true,\"pageSize\":10,\"mainField\":\"subtitle\",\"defaultSortBy\":\"subtitle\",\"defaultSortOrder\":\"ASC\"},\"metadatas\":{\"id\":{\"edit\":{},\"list\":{\"label\":\"Id\",\"searchable\":false,\"sortable\":false}},\"idContentType\":{\"edit\":{\"label\":\"IdContentType\",\"description\":\"\",\"placeholder\":\"\",\"visible\":true,\"editable\":true},\"list\":{\"label\":\"IdContentType\",\"searchable\":true,\"sortable\":true}},\"header\":{\"edit\":{\"label\":\"Header\",\"description\":\"\",\"placeholder\":\"\",\"visible\":true,\"editable\":true},\"list\":{\"label\":\"Header\",\"searchable\":false,\"sortable\":false}},\"subtitle\":{\"edit\":{\"label\":\"Subtitle\",\"description\":\"\",\"placeholder\":\"\",\"visible\":true,\"editable\":true},\"list\":{\"label\":\"Subtitle\",\"searchable\":true,\"sortable\":true}},\"link\":{\"edit\":{\"label\":\"Link\",\"description\":\"\",\"placeholder\":\"\",\"visible\":true,\"editable\":true},\"list\":{\"label\":\"Link\",\"searchable\":false,\"sortable\":false}},\"sideText\":{\"edit\":{\"label\":\"SideText\",\"description\":\"\",\"placeholder\":\"\",\"visible\":true,\"editable\":true},\"list\":{\"label\":\"SideText\",\"searchable\":true,\"sortable\":true}},\"imgSideText\":{\"edit\":{\"label\":\"ImgSideText\",\"description\":\"\",\"placeholder\":\"\",\"visible\":true,\"editable\":true},\"list\":{\"label\":\"ImgSideText\",\"searchable\":true,\"sortable\":true}}},\"layouts\":{\"list\":[\"id\",\"idContentType\",\"subtitle\",\"sideText\"],\"edit\":[[{\"name\":\"idContentType\",\"size\":6}],[{\"name\":\"header\",\"size\":12}],[{\"name\":\"subtitle\",\"size\":6}],[{\"name\":\"link\",\"size\":12}],[{\"name\":\"sideText\",\"size\":6},{\"name\":\"imgSideText\",\"size\":6}]],\"editRelations\":[]},\"isComponent\":true}','object','',''),(297,'plugin_content_manager_configuration_components::sections.main-features','{\"uid\":\"sections.main-features\",\"settings\":{\"bulkable\":true,\"filterable\":true,\"searchable\":true,\"pageSize\":10,\"mainField\":\"id\",\"defaultSortBy\":\"id\",\"defaultSortOrder\":\"ASC\"},\"metadatas\":{\"id\":{\"edit\":{},\"list\":{\"label\":\"Id\",\"searchable\":false,\"sortable\":false}},\"idContentType\":{\"edit\":{\"label\":\"IdContentType\",\"description\":\"\",\"placeholder\":\"\",\"visible\":true,\"editable\":true},\"list\":{\"label\":\"IdContentType\",\"searchable\":true,\"sortable\":true}},\"header\":{\"edit\":{\"label\":\"Header\",\"description\":\"\",\"placeholder\":\"\",\"visible\":true,\"editable\":true},\"list\":{\"label\":\"Header\",\"searchable\":false,\"sortable\":false}},\"features\":{\"edit\":{\"label\":\"Features\",\"description\":\"\",\"placeholder\":\"\",\"visible\":true,\"editable\":true},\"list\":{\"label\":\"Features\",\"searchable\":false,\"sortable\":false}},\"icon\":{\"edit\":{\"label\":\"Icon\",\"description\":\"\",\"placeholder\":\"\",\"visible\":true,\"editable\":true},\"list\":{\"label\":\"Icon\",\"searchable\":false,\"sortable\":false}},\"button\":{\"edit\":{\"label\":\"Button\",\"description\":\"\",\"placeholder\":\"\",\"visible\":true,\"editable\":true},\"list\":{\"label\":\"Button\",\"searchable\":false,\"sortable\":false}}},\"layouts\":{\"list\":[\"id\",\"idContentType\",\"icon\"],\"edit\":[[{\"name\":\"idContentType\",\"size\":6}],[{\"name\":\"header\",\"size\":12}],[{\"name\":\"features\",\"size\":12}],[{\"name\":\"icon\",\"size\":6}],[{\"name\":\"button\",\"size\":12}]],\"editRelations\":[]},\"isComponent\":true}','object','',''),(301,'model_def_plugins::i18n.locale','{\"uid\":\"plugins::i18n.locale\",\"collectionName\":\"i18n_locales\",\"kind\":\"collectionType\",\"info\":{\"name\":\"locale\",\"description\":\"\"},\"options\":{\"timestamps\":[\"created_at\",\"updated_at\"]},\"pluginOptions\":{\"content-manager\":{\"visible\":false},\"content-type-builder\":{\"visible\":false}},\"attributes\":{\"name\":{\"type\":\"string\",\"min\":1,\"max\":50,\"configurable\":false},\"code\":{\"type\":\"string\",\"unique\":true,\"configurable\":false},\"created_by\":{\"model\":\"user\",\"plugin\":\"admin\",\"configurable\":false,\"writable\":false,\"visible\":false,\"private\":true},\"updated_by\":{\"model\":\"user\",\"plugin\":\"admin\",\"configurable\":false,\"writable\":false,\"visible\":false,\"private\":true}}}','object',NULL,NULL),(302,'plugin_i18n_default_locale','\"es\"','string','',''),(305,'model_def_application::use-cases.use-cases','{\"uid\":\"application::use-cases.use-cases\",\"collectionName\":\"use-cases\",\"kind\":\"collectionType\",\"info\":{\"name\":\"use-cases\",\"description\":\"\"},\"options\":{\"increments\":true,\"timestamps\":[\"created_at\",\"updated_at\"],\"draftAndPublish\":true},\"pluginOptions\":{\"i18n\":{\"localized\":true}},\"attributes\":{\"Slug\":{\"pluginOptions\":{\"i18n\":{\"localized\":true}},\"type\":\"string\"},\"ShortName\":{\"pluginOptions\":{\"i18n\":{\"localized\":true}},\"type\":\"string\"},\"contentSection\":{\"pluginOptions\":{\"i18n\":{\"localized\":true}},\"type\":\"dynamiczone\",\"components\":[\"sections.button-hero\",\"sections.main-features\",\"sections.basic-card-group\"]},\"localizations\":{\"writable\":true,\"private\":false,\"configurable\":false,\"visible\":false,\"collection\":\"use-cases\",\"populate\":[\"_id\",\"id\",\"locale\",\"published_at\"],\"attribute\":\"related_use-case\",\"column\":\"id\",\"isVirtual\":true},\"locale\":{\"writable\":true,\"private\":false,\"configurable\":false,\"visible\":false,\"type\":\"string\"},\"published_at\":{\"type\":\"datetime\",\"configurable\":false,\"writable\":true,\"visible\":false},\"created_by\":{\"model\":\"user\",\"plugin\":\"admin\",\"configurable\":false,\"writable\":false,\"visible\":false,\"private\":true},\"updated_by\":{\"model\":\"user\",\"plugin\":\"admin\",\"configurable\":false,\"writable\":false,\"visible\":false,\"private\":true}}}','object',NULL,NULL),(307,'model_def_sections.content-section','{\"uid\":\"sections.content-section\",\"collectionName\":\"components_sections_content_sections\",\"info\":{\"name\":\"contentSection\",\"icon\":\"balance-scale-left\"},\"options\":{\"timestamps\":false},\"attributes\":{\"title\":{\"type\":\"string\"}}}','object',NULL,NULL),(309,'model_def_application::test.test','{\"uid\":\"application::test.test\",\"collectionName\":\"tests\",\"kind\":\"collectionType\",\"info\":{\"name\":\"test\",\"description\":\"\"},\"options\":{\"increments\":true,\"timestamps\":[\"created_at\",\"updated_at\"],\"draftAndPublish\":true},\"pluginOptions\":{},\"attributes\":{\"nameTest\":{\"type\":\"string\"},\"contentTest\":{\"type\":\"richtext\"},\"listaTest\":{\"type\":\"component\",\"repeatable\":true,\"component\":\"elements.titles\"},\"listTerms\":{\"type\":\"component\",\"repeatable\":false,\"component\":\"elements.entry\"},\"xdianmico\":{\"type\":\"dynamiczone\",\"components\":[\"links.button-link\"]},\"published_at\":{\"type\":\"datetime\",\"configurable\":false,\"writable\":true,\"visible\":false},\"created_by\":{\"model\":\"user\",\"plugin\":\"admin\",\"configurable\":false,\"writable\":false,\"visible\":false,\"private\":true},\"updated_by\":{\"model\":\"user\",\"plugin\":\"admin\",\"configurable\":false,\"writable\":false,\"visible\":false,\"private\":true}}}','object',NULL,NULL),(311,'model_def_elements.status-enumerable','{\"uid\":\"elements.status-enumerable\",\"collectionName\":\"components_elements_status_enumerables\",\"info\":{\"name\":\"statusEnumerable\",\"icon\":\"adjust\"},\"options\":{\"timestamps\":false},\"attributes\":{\"status\":{\"type\":\"enumeration\",\"enum\":[\"enable\",\"disable\"]}}}','object',NULL,NULL),(313,'model_def_elements.footer-section-four','{\"uid\":\"elements.footer-section-four\",\"collectionName\":\"components_elements_footer_section_fours\",\"info\":{\"name\":\"FooterSectionFour\",\"icon\":\"minus\",\"description\":\"\"},\"options\":{\"timestamps\":false},\"attributes\":{\"buttons\":{\"type\":\"component\",\"repeatable\":true,\"component\":\"links.basic-link\"},\"text\":{\"type\":\"richtext\"}}}','object',NULL,NULL),(316,'model_def_elements.image-list','{\"uid\":\"elements.image-list\",\"collectionName\":\"components_elements_image_lists\",\"info\":{\"name\":\"imageList\",\"icon\":\"border-all\"},\"options\":{\"timestamps\":false},\"attributes\":{\"image\":{\"collection\":\"file\",\"via\":\"related\",\"allowedTypes\":[\"images\",\"files\",\"videos\"],\"plugin\":\"upload\",\"required\":false,\"pluginOptions\":{}}}}','object',NULL,NULL),(317,'model_def_sections.time-section','{\"uid\":\"sections.time-section\",\"collectionName\":\"components_sections_time_sections\",\"info\":{\"name\":\"TimeSection\",\"icon\":\"history\",\"description\":\"\"},\"options\":{\"timestamps\":false},\"attributes\":{\"title\":{\"type\":\"string\"},\"subtitle\":{\"type\":\"string\"},\"button\":{\"type\":\"component\",\"repeatable\":false,\"component\":\"links.basic-link\"},\"images\":{\"collection\":\"file\",\"via\":\"related\",\"allowedTypes\":[\"images\",\"files\",\"videos\"],\"plugin\":\"upload\",\"required\":false,\"pluginOptions\":{}}}}','object',NULL,NULL),(320,'model_def_sections.calculate-section','{\"uid\":\"sections.calculate-section\",\"collectionName\":\"components_sections_calculate_sections\",\"info\":{\"name\":\"CalculateSection\",\"icon\":\"strikethrough\",\"description\":\"\"},\"options\":{\"timestamps\":false},\"attributes\":{\"title\":{\"type\":\"string\"},\"subtitle\":{\"type\":\"string\"},\"image\":{\"model\":\"file\",\"via\":\"related\",\"allowedTypes\":[\"images\",\"files\",\"videos\"],\"plugin\":\"upload\",\"required\":false,\"pluginOptions\":{}},\"button\":{\"type\":\"component\",\"repeatable\":false,\"component\":\"links.basic-link\"}}}','object',NULL,NULL),(322,'model_def_sections.for-all-section','{\"uid\":\"sections.for-all-section\",\"collectionName\":\"components_sections_for_all_sections\",\"info\":{\"name\":\"ForAllSection\",\"icon\":\"check\",\"description\":\"\"},\"options\":{\"timestamps\":false},\"attributes\":{\"title\":{\"type\":\"string\"},\"subtitle\":{\"type\":\"string\"},\"button\":{\"type\":\"component\",\"repeatable\":false,\"component\":\"links.basic-link\"},\"icon\":{\"model\":\"file\",\"via\":\"related\",\"allowedTypes\":[\"images\",\"files\",\"videos\"],\"plugin\":\"upload\",\"required\":false,\"pluginOptions\":{}},\"cards\":{\"type\":\"component\",\"repeatable\":true,\"component\":\"elements.card\"},\"content\":{\"type\":\"text\"}}}','object',NULL,NULL),(324,'model_def_elements.card','{\"uid\":\"elements.card\",\"collectionName\":\"components_elements_cards\",\"info\":{\"name\":\"Card\",\"icon\":\"money-check\"},\"options\":{\"timestamps\":false},\"attributes\":{\"title\":{\"type\":\"string\"},\"subtitle\":{\"type\":\"string\"},\"icon\":{\"model\":\"file\",\"via\":\"related\",\"allowedTypes\":[\"images\",\"files\",\"videos\"],\"plugin\":\"upload\",\"required\":false,\"pluginOptions\":{}}}}','object',NULL,NULL),(326,'model_def_elements.product-card','{\"uid\":\"elements.product-card\",\"collectionName\":\"components_elements_product_cards\",\"info\":{\"name\":\"ProductCard\",\"icon\":\"clone\"},\"options\":{\"timestamps\":false},\"attributes\":{\"title\":{\"type\":\"string\"},\"subtitle\":{\"type\":\"text\"},\"icon\":{\"model\":\"file\",\"via\":\"related\",\"allowedTypes\":[\"images\",\"files\",\"videos\"],\"plugin\":\"upload\",\"required\":false,\"pluginOptions\":{}}}}','object',NULL,NULL),(327,'model_def_sections.our-products-section','{\"uid\":\"sections.our-products-section\",\"collectionName\":\"components_sections_our_products_sections\",\"info\":{\"name\":\"OurProductsSection\",\"icon\":\"clipboard-list\",\"description\":\"\"},\"options\":{\"timestamps\":false},\"attributes\":{\"title\":{\"type\":\"string\"},\"subtitle\":{\"type\":\"text\"},\"CardProduct\":{\"type\":\"component\",\"repeatable\":true,\"component\":\"cards.card-product\"}}}','object',NULL,NULL),(330,'model_def_sections.footer-four-section','{\"uid\":\"sections.footer-four-section\",\"collectionName\":\"components_sections_footer_four_sections\",\"info\":{\"name\":\"FooterFourSection\",\"icon\":\"genderless\"},\"options\":{\"timestamps\":false},\"attributes\":{}}','object',NULL,NULL),(332,'model_def_formulario.checkbox','{\"uid\":\"formulario.checkbox\",\"collectionName\":\"components_formulario_checkboxes\",\"info\":{\"name\":\"Checkbox\",\"icon\":\"edit\",\"description\":\"\"},\"options\":{\"timestamps\":false},\"attributes\":{\"type\":{\"type\":\"string\"},\"label\":{\"type\":\"string\"},\"name\":{\"type\":\"string\"},\"value\":{\"type\":\"boolean\"},\"isRequired\":{\"type\":\"boolean\"},\"errorMessage\":{\"type\":\"string\"},\"order\":{\"type\":\"integer\"}}}','object',NULL,NULL),(335,'model_def_formulario.option','{\"uid\":\"formulario.option\",\"collectionName\":\"components_formulario_options\",\"info\":{\"name\":\"Option\",\"icon\":\"expand-arrows-alt\",\"description\":\"\"},\"options\":{\"timestamps\":false},\"attributes\":{\"value\":{\"type\":\"string\"},\"selected\":{\"type\":\"string\"},\"text\":{\"type\":\"string\"}}}','object',NULL,NULL),(336,'model_def_elements.select','{\"uid\":\"elements.select\",\"collectionName\":\"components_elements_selects\",\"info\":{\"name\":\"select\",\"icon\":\"arrow-circle-right\"},\"options\":{\"timestamps\":false},\"attributes\":{\"tetretert\":{\"type\":\"component\",\"repeatable\":true,\"component\":\"elements.entry\"},\"name\":{\"type\":\"string\"}}}','object',NULL,NULL),(339,'model_def_formulario.select','{\"uid\":\"formulario.select\",\"collectionName\":\"components_formulario_selects\",\"info\":{\"name\":\"Select\",\"icon\":\"battery-empty\"},\"options\":{\"timestamps\":false},\"attributes\":{\"name\":{\"type\":\"string\"}}}','object',NULL,NULL),(344,'model_def_formulario.input','{\"uid\":\"formulario.input\",\"collectionName\":\"components_formulario_inputs\",\"info\":{\"name\":\"Input\",\"icon\":\"sticky-note\",\"description\":\"\"},\"options\":{\"timestamps\":false},\"attributes\":{\"placeholder\":{\"type\":\"string\"},\"name\":{\"type\":\"string\"},\"value\":{\"type\":\"string\"},\"icon\":{\"model\":\"file\",\"via\":\"related\",\"allowedTypes\":[\"images\",\"files\",\"videos\"],\"plugin\":\"upload\",\"required\":false,\"pluginOptions\":{}},\"isRequired\":{\"type\":\"boolean\"},\"errorMessage\":{\"type\":\"string\"},\"order\":{\"type\":\"integer\"},\"type\":{\"type\":\"string\"}}}','object',NULL,NULL),(345,'model_def_cards.product-card','{\"uid\":\"cards.product-card\",\"collectionName\":\"components_elements_product_cards\",\"info\":{\"name\":\"ProductCard\",\"icon\":\"clone\",\"description\":\"\"},\"options\":{\"timestamps\":false},\"attributes\":{\"title\":{\"type\":\"string\"},\"subtitle\":{\"type\":\"text\"},\"icon\":{\"model\":\"file\",\"via\":\"related\",\"allowedTypes\":[\"images\",\"files\",\"videos\"],\"plugin\":\"upload\",\"required\":false,\"pluginOptions\":{}}}}','object',NULL,NULL),(352,'model_def_form-filters.checkbox','{\"uid\":\"form-filters.checkbox\",\"collectionName\":\"components_formulario_checkboxes\",\"info\":{\"name\":\"Checkbox\",\"icon\":\"edit\"},\"options\":{\"timestamps\":false},\"attributes\":{\"type\":{\"type\":\"string\"},\"label\":{\"type\":\"string\"},\"value\":{\"type\":\"boolean\"}}}','object',NULL,NULL),(353,'model_def_form-filters.input','{\"uid\":\"form-filters.input\",\"collectionName\":\"components_formulario_inputs\",\"info\":{\"name\":\"Input\",\"icon\":\"sticky-note\"},\"options\":{\"timestamps\":false},\"attributes\":{\"placeholder\":{\"type\":\"string\"},\"value\":{\"type\":\"string\"},\"icon\":{\"model\":\"file\",\"via\":\"related\",\"allowedTypes\":[\"images\",\"files\",\"videos\"],\"plugin\":\"upload\",\"required\":false,\"pluginOptions\":{}}}}','object',NULL,NULL),(354,'model_def_form-filters.option','{\"uid\":\"form-filters.option\",\"collectionName\":\"components_formulario_options\",\"info\":{\"name\":\"Option\",\"icon\":\"expand-arrows-alt\"},\"options\":{\"timestamps\":false},\"attributes\":{\"value\":{\"type\":\"string\"},\"selected\":{\"type\":\"string\"},\"text\":{\"type\":\"string\"}}}','object',NULL,NULL),(355,'model_def_form-filters.select','{\"uid\":\"form-filters.select\",\"collectionName\":\"components_formulario_selects\",\"info\":{\"name\":\"Select\",\"icon\":\"list\"},\"options\":{\"timestamps\":false},\"attributes\":{\"name\":{\"type\":\"string\"},\"Options\":{\"type\":\"component\",\"repeatable\":true,\"component\":\"form-filters.option\"}}}','object',NULL,NULL),(365,'model_def_cards.product-link-card','{\"uid\":\"cards.product-link-card\",\"collectionName\":\"components_cards_product_link_cards\",\"info\":{\"name\":\"ProductLinkCard\",\"icon\":\"id-card-alt\"},\"options\":{\"timestamps\":false},\"attributes\":{\"link\":{\"type\":\"component\",\"repeatable\":false,\"component\":\"links.basic-link\"},\"title\":{\"type\":\"string\"},\"subtitle\":{\"type\":\"text\"},\"icon\":{\"model\":\"file\",\"via\":\"related\",\"allowedTypes\":[\"images\",\"files\",\"videos\"],\"plugin\":\"upload\",\"required\":false,\"pluginOptions\":{}}}}','object',NULL,NULL),(374,'model_def_cards.card-product','{\"uid\":\"cards.card-product\",\"collectionName\":\"components_cards_card_products\",\"info\":{\"name\":\"ProductCard\",\"icon\":\"border-style\",\"description\":\"\"},\"options\":{\"timestamps\":false},\"attributes\":{\"title\":{\"type\":\"string\"},\"subtitle\":{\"type\":\"text\"},\"icon\":{\"model\":\"file\",\"via\":\"related\",\"allowedTypes\":[\"images\",\"files\",\"videos\"],\"plugin\":\"upload\",\"required\":false,\"pluginOptions\":{}},\"link\":{\"type\":\"component\",\"repeatable\":false,\"component\":\"links.basic-link\"}}}','object',NULL,NULL),(375,'model_def_cards.testcars','{\"uid\":\"cards.testcars\",\"collectionName\":\"components_cards_testcars\",\"info\":{\"name\":\"testcars\",\"icon\":\"blog\"},\"options\":{\"timestamps\":false},\"attributes\":{}}','object',NULL,NULL),(386,'model_def_sections.title-section','{\"uid\":\"sections.title-section\",\"collectionName\":\"components_sections_title_sections\",\"info\":{\"name\":\"TitleSection\",\"icon\":\"grip-lines\",\"description\":\"\"},\"options\":{\"timestamps\":false},\"attributes\":{\"title\":{\"type\":\"string\"},\"subtitle\":{\"type\":\"text\"}}}','object',NULL,NULL),(406,'model_def_formulario.filter-estatus','{\"uid\":\"formulario.filter-estatus\",\"collectionName\":\"components_formulario_filter_estatuses\",\"info\":{\"name\":\"FilterEstatus\",\"icon\":\"air-freshener\"},\"options\":{\"timestamps\":false},\"attributes\":{\"title\":{\"type\":\"string\"},\"checkboxes\":{\"type\":\"component\",\"repeatable\":true,\"component\":\"formulario.checkbox\"}}}','object',NULL,NULL),(418,'model_def_formulario.select-option','{\"uid\":\"formulario.select-option\",\"collectionName\":\"components_formulario_select_options\",\"info\":{\"name\":\"SelectOption\",\"icon\":\"anchor\",\"description\":\"\"},\"options\":{\"timestamps\":false},\"attributes\":{\"name\":{\"type\":\"string\"},\"Option\":{\"type\":\"component\",\"repeatable\":true,\"component\":\"formulario.option\"},\"isRequired\":{\"type\":\"boolean\"},\"errorMessage\":{\"type\":\"string\"},\"type\":{\"type\":\"string\"},\"order\":{\"type\":\"integer\"}}}','object',NULL,NULL),(421,'model_def_formulario.filter-select','{\"uid\":\"formulario.filter-select\",\"collectionName\":\"components_formulario_filter_selects\",\"info\":{\"name\":\"FilterSelect\",\"icon\":\"angle-left\"},\"options\":{\"timestamps\":false},\"attributes\":{\"title\":{\"type\":\"string\"}}}','object',NULL,NULL),(423,'model_def_application::api-filters.api-filters','{\"uid\":\"application::api-filters.api-filters\",\"collectionName\":\"api_filters\",\"kind\":\"collectionType\",\"info\":{\"name\":\"api-filters\",\"description\":\"\"},\"options\":{\"increments\":true,\"timestamps\":[\"created_at\",\"updated_at\"],\"draftAndPublish\":true},\"pluginOptions\":{\"i18n\":{\"localized\":true}},\"attributes\":{\"estatus\":{\"type\":\"dynamiczone\",\"components\":[\"elements.placeholder\"],\"pluginOptions\":{\"i18n\":{\"localized\":true}}},\"project_type\":{\"type\":\"dynamiczone\",\"components\":[\"formulario.select-option\"],\"pluginOptions\":{\"i18n\":{\"localized\":true}}},\"version\":{\"type\":\"dynamiczone\",\"components\":[\"elements.custom-radio\"],\"pluginOptions\":{\"i18n\":{\"localized\":true}}},\"solution\":{\"type\":\"dynamiczone\",\"components\":[\"elements.placeholder\"],\"pluginOptions\":{\"i18n\":{\"localized\":true}}},\"tags\":{\"type\":\"dynamiczone\",\"components\":[\"elements.placeholder\"],\"pluginOptions\":{\"i18n\":{\"localized\":true}}},\"slug\":{\"type\":\"uid\"},\"buttons\":{\"type\":\"component\",\"repeatable\":true,\"component\":\"links.button\",\"pluginOptions\":{\"i18n\":{\"localized\":true}}},\"filters_header\":{\"type\":\"dynamiczone\",\"components\":[\"elements.placeholder\",\"formulario.select-option\"],\"pluginOptions\":{\"i18n\":{\"localized\":true}}},\"localizations\":{\"writable\":true,\"private\":false,\"configurable\":false,\"visible\":false,\"collection\":\"api-filters\",\"populate\":[\"_id\",\"id\",\"locale\",\"published_at\"],\"attribute\":\"api-filter\",\"column\":\"id\",\"isVirtual\":true},\"locale\":{\"writable\":true,\"private\":false,\"configurable\":false,\"visible\":false,\"type\":\"string\"},\"published_at\":{\"type\":\"datetime\",\"configurable\":false,\"writable\":true,\"visible\":false},\"created_by\":{\"model\":\"user\",\"plugin\":\"admin\",\"configurable\":false,\"writable\":false,\"visible\":false,\"private\":true},\"updated_by\":{\"model\":\"user\",\"plugin\":\"admin\",\"configurable\":false,\"writable\":false,\"visible\":false,\"private\":true}}}','object',NULL,NULL),(425,'model_def_elements.custom-radio','{\"uid\":\"elements.custom-radio\",\"collectionName\":\"components_elements_custom_radios\",\"info\":{\"name\":\"customRadio\",\"icon\":\"angle-left\"},\"options\":{\"timestamps\":false},\"attributes\":{\"title\":{\"type\":\"string\"},\"estatus\":{\"type\":\"enumeration\",\"enum\":[\"primary\",\"secondary\"]}}}','object',NULL,NULL),(427,'model_def_elements.filter-versions','{\"uid\":\"elements.filter-versions\",\"collectionName\":\"components_elements_filter_versions\",\"info\":{\"name\":\"GroupRadios\",\"icon\":\"angle-up\",\"description\":\"\"},\"options\":{\"timestamps\":false},\"attributes\":{\"title\":{\"type\":\"string\"},\"version\":{\"type\":\"component\",\"repeatable\":true,\"component\":\"elements.custom-radio\"}}}','object',NULL,NULL),(433,'model_def_sections.fourth-footer-section','{\"uid\":\"sections.fourth-footer-section\",\"collectionName\":\"components_sections_fourth_footer_sections\",\"info\":{\"name\":\"FourthFooterSection\",\"icon\":\"bowling-ball\"},\"options\":{\"timestamps\":false},\"attributes\":{\"IdContentType\":{\"type\":\"string\",\"unique\":true,\"required\":true},\"text\":{\"type\":\"richtext\"},\"buttonAffirmative\":{\"type\":\"component\",\"repeatable\":false,\"component\":\"links.basic-link\"},\"buttonNegative\":{\"type\":\"component\",\"repeatable\":false,\"component\":\"links.basic-link\"}}}','object',NULL,NULL),(435,'model_def_new.share','{\"uid\":\"new.share\",\"collectionName\":\"components_new_shares\",\"info\":{\"name\":\"Share\",\"icon\":\"share\",\"description\":\"\"},\"options\":{\"timestamps\":false},\"attributes\":{\"url\":{\"type\":\"string\"},\"icon\":{\"model\":\"file\",\"via\":\"related\",\"allowedTypes\":[\"images\",\"files\",\"videos\"],\"plugin\":\"upload\",\"required\":false,\"pluginOptions\":{}}}}','object',NULL,NULL),(436,'model_def_new.sharing','{\"uid\":\"new.sharing\",\"collectionName\":\"components_new_sharings\",\"info\":{\"name\":\"Sharing\",\"icon\":\"share-square\"},\"options\":{\"timestamps\":false},\"attributes\":{\"shareList\":{\"type\":\"component\",\"repeatable\":true,\"component\":\"new.share\"},\"shareName\":{\"type\":\"string\"}}}','object',NULL,NULL),(437,'model_def_sections.breadcumb-section','{\"uid\":\"sections.breadcumb-section\",\"collectionName\":\"components_sections_breadcumb_sections\",\"info\":{\"name\":\"BreadcumbSection\",\"icon\":\"code\",\"description\":\"\"},\"options\":{\"timestamps\":false},\"attributes\":{\"DevelopersName\":{\"type\":\"string\"},\"shareName\":{\"type\":\"string\"},\"shareList\":{\"type\":\"component\",\"repeatable\":true,\"component\":\"links.share-list\"},\"ClimatetradeLink\":{\"type\":\"component\",\"repeatable\":true,\"component\":\"links.link\"}}}','object',NULL,NULL),(441,'model_def_sections.questions-list-section','{\"uid\":\"sections.questions-list-section\",\"collectionName\":\"components_sections_questions_list_sections\",\"info\":{\"name\":\"QuestionsListSection\",\"icon\":\"ellipsis-v\",\"description\":\"\"},\"options\":{\"timestamps\":false},\"attributes\":{\"questionsList\":{\"type\":\"component\",\"repeatable\":true,\"component\":\"elements.entry\"}}}','object',NULL,NULL),(443,'model_def_new.cards-list','{\"uid\":\"new.cards-list\",\"collectionName\":\"components_new_cards_lists\",\"info\":{\"name\":\"cardsList\",\"icon\":\"box-open\"},\"options\":{\"timestamps\":false},\"attributes\":{\"url\":{\"type\":\"string\"},\"icon\":{\"model\":\"file\",\"via\":\"related\",\"allowedTypes\":[\"images\",\"files\",\"videos\"],\"plugin\":\"upload\",\"required\":false,\"pluginOptions\":{}}}}','object',NULL,NULL),(445,'model_def_new.card-list','{\"uid\":\"new.card-list\",\"collectionName\":\"components_new_card_lists\",\"info\":{\"name\":\"CardList\",\"icon\":\"barcode\"},\"options\":{\"timestamps\":false},\"attributes\":{\"url\":{\"type\":\"string\"},\"icon\":{\"model\":\"file\",\"via\":\"related\",\"allowedTypes\":[\"images\",\"files\",\"videos\"],\"plugin\":\"upload\",\"required\":false,\"pluginOptions\":{}}}}','object',NULL,NULL),(447,'model_def_new.test','{\"uid\":\"new.test\",\"collectionName\":\"components_new_tests\",\"info\":{\"name\":\"test\",\"icon\":\"ban\"},\"options\":{\"timestamps\":false},\"attributes\":{\"test\":{\"type\":\"string\"}}}','object',NULL,NULL),(452,'model_def_cards.use-case-card','{\"uid\":\"cards.use-case-card\",\"collectionName\":\"components_cards_use_case_cards\",\"info\":{\"name\":\"useCaseCard\",\"icon\":\"arrow-alt-circle-up\",\"description\":\"\"},\"options\":{\"timestamps\":false},\"attributes\":{\"estatus\":{\"type\":\"enumeration\",\"enum\":[\"available\",\"deprecated\",\"comming_soon\"]},\"title\":{\"type\":\"string\"},\"description\":{\"type\":\"text\"},\"picture\":{\"model\":\"file\",\"via\":\"related\",\"allowedTypes\":[\"images\",\"files\",\"videos\"],\"plugin\":\"upload\",\"required\":false,\"pluginOptions\":{}},\"linkUrl\":{\"type\":\"string\"},\"linkText\":{\"type\":\"string\"},\"badge\":{\"type\":\"text\"},\"statusText\":{\"type\":\"string\"}}}','object',NULL,NULL),(455,'model_def_sections.section-use-case','{\"uid\":\"sections.section-use-case\",\"collectionName\":\"components_sections_section_use_cases\",\"info\":{\"name\":\"sectionUseCase\",\"icon\":\"biohazard\",\"description\":\"\"},\"options\":{\"timestamps\":false},\"attributes\":{\"title\":{\"type\":\"string\"},\"subtitle\":{\"type\":\"text\"},\"useCaseList\":{\"type\":\"component\",\"repeatable\":true,\"component\":\"cards.use-case-card\"}}}','object',NULL,NULL),(458,'model_def_use-cases.banner-section','{\"uid\":\"use-cases.banner-section\",\"collectionName\":\"components_use_cases_banner_sections\",\"info\":{\"name\":\"bannerSection\",\"icon\":\"battery-empty\"},\"options\":{\"timestamps\":false},\"attributes\":{\"idContentType\":{\"type\":\"string\",\"required\":true,\"unique\":true},\"image\":{\"model\":\"file\",\"via\":\"related\",\"allowedTypes\":[\"images\",\"files\",\"videos\"],\"plugin\":\"upload\",\"required\":false,\"pluginOptions\":{}},\"title\":{\"type\":\"string\"},\"subtitle\":{\"type\":\"text\"},\"Button\":{\"type\":\"component\",\"repeatable\":true,\"component\":\"use-cases.button\"}}}','object',NULL,NULL),(459,'model_def_use-cases.button','{\"uid\":\"use-cases.button\",\"collectionName\":\"components_use_cases_buttons\",\"info\":{\"name\":\"Button\",\"icon\":\"mouse-pointer\"},\"options\":{\"timestamps\":false},\"attributes\":{\"name\":{\"type\":\"string\"},\"url\":{\"type\":\"string\"}}}','object',NULL,NULL),(460,'model_def_application::use-case.use-case','{\"uid\":\"application::use-case.use-case\",\"collectionName\":\"use_cases\",\"kind\":\"collectionType\",\"info\":{\"name\":\"useCase\",\"description\":\"\"},\"options\":{\"increments\":true,\"timestamps\":[\"created_at\",\"updated_at\"],\"draftAndPublish\":true},\"pluginOptions\":{\"i18n\":{\"localized\":true}},\"attributes\":{\"shortName\":{\"type\":\"string\",\"pluginOptions\":{\"i18n\":{\"localized\":true}}},\"metadata\":{\"type\":\"component\",\"repeatable\":false,\"component\":\"use-cases.metadata\",\"pluginOptions\":{\"i18n\":{\"localized\":true}}},\"contentSections\":{\"type\":\"dynamiczone\",\"components\":[\"sections.section-use-case\",\"use-cases.calculate-use-case\",\"home.banner-section\",\"home.work-section\",\"home.key-section\"],\"pluginOptions\":{\"i18n\":{\"localized\":true}}},\"name\":{\"pluginOptions\":{\"i18n\":{\"localized\":true}},\"type\":\"string\",\"required\":true},\"localizations\":{\"writable\":true,\"private\":false,\"configurable\":false,\"visible\":false,\"collection\":\"use-case\",\"populate\":[\"_id\",\"id\",\"locale\",\"published_at\"],\"attribute\":\"use-case\",\"column\":\"id\",\"isVirtual\":true},\"locale\":{\"writable\":true,\"private\":false,\"configurable\":false,\"visible\":false,\"type\":\"string\"},\"published_at\":{\"type\":\"datetime\",\"configurable\":false,\"writable\":true,\"visible\":false},\"created_by\":{\"model\":\"user\",\"plugin\":\"admin\",\"configurable\":false,\"writable\":false,\"visible\":false,\"private\":true},\"updated_by\":{\"model\":\"user\",\"plugin\":\"admin\",\"configurable\":false,\"writable\":false,\"visible\":false,\"private\":true}}}','object',NULL,NULL),(467,'model_def_use-cases.metadata','{\"uid\":\"use-cases.metadata\",\"collectionName\":\"components_use_cases_metadata\",\"info\":{\"name\":\"metadata\",\"icon\":\"braille\"},\"options\":{\"timestamps\":false},\"attributes\":{\"metaTitle\":{\"type\":\"string\"},\"metaDescription\":{\"type\":\"text\"}}}','object',NULL,NULL),(470,'model_def_use-cases.banner','{\"uid\":\"use-cases.banner\",\"collectionName\":\"components_use_cases_banners\",\"info\":{\"name\":\"banner\",\"icon\":\"window-minimize\"},\"options\":{\"timestamps\":false},\"attributes\":{\"idContentType\":{\"type\":\"string\",\"required\":true,\"unique\":true},\"image\":{\"model\":\"file\",\"via\":\"related\",\"allowedTypes\":[\"images\",\"files\",\"videos\"],\"plugin\":\"upload\",\"required\":false,\"pluginOptions\":{}},\"title\":{\"type\":\"string\"},\"subtitle\":{\"type\":\"text\"},\"buttonList\":{\"type\":\"component\",\"repeatable\":true,\"component\":\"use-cases.button-list\"}}}','object',NULL,NULL),(471,'model_def_use-cases.button-list','{\"uid\":\"use-cases.button-list\",\"collectionName\":\"components_use_cases_button_lists\",\"info\":{\"name\":\"buttonList\",\"icon\":\"bullseye\"},\"options\":{\"timestamps\":false},\"attributes\":{\"title\":{\"type\":\"string\"},\"url\":{\"type\":\"string\"}}}','object',NULL,NULL),(474,'model_def_use-cases.badge-list','{\"uid\":\"use-cases.badge-list\",\"collectionName\":\"components_use_cases_badge_lists\",\"info\":{\"name\":\"badgeList\",\"icon\":\"bacon\"},\"options\":{\"timestamps\":false},\"attributes\":{\"name\":{\"type\":\"string\"}}}','object',NULL,NULL),(475,'model_def_use-cases.labels','{\"uid\":\"use-cases.labels\",\"collectionName\":\"components_use_cases_labels\",\"info\":{\"name\":\"labels\",\"icon\":\"ellipsis-h\"},\"options\":{\"timestamps\":false},\"attributes\":{\"name\":{\"type\":\"string\"}}}','object',NULL,NULL),(476,'model_def_use-cases.use-cases','{\"uid\":\"use-cases.use-cases\",\"collectionName\":\"components_use_cases_use_cases\",\"info\":{\"name\":\"useCases\",\"icon\":\"circle\",\"description\":\"\"},\"options\":{\"timestamps\":false},\"attributes\":{}}','object',NULL,NULL),(480,'model_def_use-cases.calculate-use-case','{\"uid\":\"use-cases.calculate-use-case\",\"collectionName\":\"components_use_cases_calculate_use_cases\",\"info\":{\"name\":\"CalculateUseCase\",\"icon\":\"circle-notch\",\"description\":\"\"},\"options\":{\"timestamps\":false},\"attributes\":{\"title\":{\"type\":\"string\"},\"buttons\":{\"type\":\"component\",\"repeatable\":true,\"component\":\"links.basic-link\"},\"icon\":{\"model\":\"file\",\"via\":\"related\",\"allowedTypes\":[\"images\",\"files\",\"videos\"],\"plugin\":\"upload\",\"required\":false,\"pluginOptions\":{}},\"smallText\":{\"type\":\"string\"},\"Paragraphs\":{\"type\":\"component\",\"repeatable\":true,\"component\":\"use-cases.paragraphs\"},\"Products\":{\"type\":\"component\",\"repeatable\":true,\"component\":\"use-cases.products\"}}}','object',NULL,NULL),(482,'model_def_application::filter-status.filter-status','{\"uid\":\"application::filter-status.filter-status\",\"collectionName\":\"filter_statuses\",\"kind\":\"collectionType\",\"info\":{\"name\":\"FilterStatus\",\"description\":\"\"},\"options\":{\"increments\":true,\"timestamps\":[\"created_at\",\"updated_at\"],\"draftAndPublish\":true},\"pluginOptions\":{\"i18n\":{\"localized\":true}},\"attributes\":{\"estatus\":{\"type\":\"string\",\"pluginOptions\":{\"i18n\":{\"localized\":true}}},\"localizations\":{\"writable\":true,\"private\":false,\"configurable\":false,\"visible\":false,\"collection\":\"filter-status\",\"populate\":[\"_id\",\"id\",\"locale\",\"published_at\"],\"attribute\":\"filter-status\",\"column\":\"id\",\"isVirtual\":true},\"locale\":{\"writable\":true,\"private\":false,\"configurable\":false,\"visible\":false,\"type\":\"string\"},\"published_at\":{\"type\":\"datetime\",\"configurable\":false,\"writable\":true,\"visible\":false},\"created_by\":{\"model\":\"user\",\"plugin\":\"admin\",\"configurable\":false,\"writable\":false,\"visible\":false,\"private\":true},\"updated_by\":{\"model\":\"user\",\"plugin\":\"admin\",\"configurable\":false,\"writable\":false,\"visible\":false,\"private\":true}}}','object',NULL,NULL),(484,'model_def_application::filter-project-type.filter-project-type','{\"uid\":\"application::filter-project-type.filter-project-type\",\"collectionName\":\"filter_project_types\",\"kind\":\"collectionType\",\"info\":{\"name\":\"FilterProjectType\",\"description\":\"\"},\"options\":{\"increments\":true,\"timestamps\":[\"created_at\",\"updated_at\"],\"draftAndPublish\":true},\"pluginOptions\":{\"i18n\":{\"localized\":true}},\"attributes\":{\"title\":{\"type\":\"string\",\"pluginOptions\":{\"i18n\":{\"localized\":true}}},\"apis\":{\"via\":\"filter_project_types\",\"collection\":\"apis\",\"dominant\":true,\"attribute\":\"api\",\"column\":\"id\",\"isVirtual\":true},\"localizations\":{\"writable\":true,\"private\":false,\"configurable\":false,\"visible\":false,\"collection\":\"filter-project-type\",\"populate\":[\"_id\",\"id\",\"locale\",\"published_at\"],\"attribute\":\"filter-project-type\",\"column\":\"id\",\"isVirtual\":true},\"locale\":{\"writable\":true,\"private\":false,\"configurable\":false,\"visible\":false,\"type\":\"string\"},\"published_at\":{\"type\":\"datetime\",\"configurable\":false,\"writable\":true,\"visible\":false},\"created_by\":{\"model\":\"user\",\"plugin\":\"admin\",\"configurable\":false,\"writable\":false,\"visible\":false,\"private\":true},\"updated_by\":{\"model\":\"user\",\"plugin\":\"admin\",\"configurable\":false,\"writable\":false,\"visible\":false,\"private\":true}}}','object',NULL,NULL),(486,'model_def_application::filter-versions.filter-versions','{\"uid\":\"application::filter-versions.filter-versions\",\"collectionName\":\"filter_versions\",\"kind\":\"collectionType\",\"info\":{\"name\":\"FilterVersions\",\"description\":\"\"},\"options\":{\"increments\":true,\"timestamps\":[\"created_at\",\"updated_at\"],\"draftAndPublish\":true},\"pluginOptions\":{\"i18n\":{\"localized\":true}},\"attributes\":{\"title\":{\"type\":\"string\",\"pluginOptions\":{\"i18n\":{\"localized\":true}}},\"apis\":{\"via\":\"filter_versions\",\"collection\":\"apis\",\"dominant\":true,\"attribute\":\"api\",\"column\":\"id\",\"isVirtual\":true},\"localizations\":{\"writable\":true,\"private\":false,\"configurable\":false,\"visible\":false,\"collection\":\"filter-versions\",\"populate\":[\"_id\",\"id\",\"locale\",\"published_at\"],\"attribute\":\"filter-version\",\"column\":\"id\",\"isVirtual\":true},\"locale\":{\"writable\":true,\"private\":false,\"configurable\":false,\"visible\":false,\"type\":\"string\"},\"published_at\":{\"type\":\"datetime\",\"configurable\":false,\"writable\":true,\"visible\":false},\"created_by\":{\"model\":\"user\",\"plugin\":\"admin\",\"configurable\":false,\"writable\":false,\"visible\":false,\"private\":true},\"updated_by\":{\"model\":\"user\",\"plugin\":\"admin\",\"configurable\":false,\"writable\":false,\"visible\":false,\"private\":true}}}','object',NULL,NULL),(488,'model_def_application::filter-solutions.filter-solutions','{\"uid\":\"application::filter-solutions.filter-solutions\",\"collectionName\":\"filter_solutions\",\"kind\":\"collectionType\",\"info\":{\"name\":\"FilterSolutions\",\"description\":\"\"},\"options\":{\"increments\":true,\"timestamps\":[\"created_at\",\"updated_at\"],\"draftAndPublish\":true},\"pluginOptions\":{\"i18n\":{\"localized\":true}},\"attributes\":{\"title\":{\"type\":\"string\",\"pluginOptions\":{\"i18n\":{\"localized\":true}}},\"apis\":{\"via\":\"filter_solutions\",\"collection\":\"apis\",\"dominant\":true,\"attribute\":\"api\",\"column\":\"id\",\"isVirtual\":true},\"localizations\":{\"writable\":true,\"private\":false,\"configurable\":false,\"visible\":false,\"collection\":\"filter-solutions\",\"populate\":[\"_id\",\"id\",\"locale\",\"published_at\"],\"attribute\":\"filter-solution\",\"column\":\"id\",\"isVirtual\":true},\"locale\":{\"writable\":true,\"private\":false,\"configurable\":false,\"visible\":false,\"type\":\"string\"},\"published_at\":{\"type\":\"datetime\",\"configurable\":false,\"writable\":true,\"visible\":false},\"created_by\":{\"model\":\"user\",\"plugin\":\"admin\",\"configurable\":false,\"writable\":false,\"visible\":false,\"private\":true},\"updated_by\":{\"model\":\"user\",\"plugin\":\"admin\",\"configurable\":false,\"writable\":false,\"visible\":false,\"private\":true}}}','object',NULL,NULL),(495,'model_def_sections.content','{\"uid\":\"sections.content\",\"collectionName\":\"components_sections_contents\",\"info\":{\"name\":\"content\",\"icon\":\"backspace\"},\"options\":{\"timestamps\":false},\"attributes\":{}}','object',NULL,NULL),(496,'model_def_application::layouts.layouts','{\"uid\":\"application::layouts.layouts\",\"collectionName\":\"layouts\",\"kind\":\"collectionType\",\"info\":{\"name\":\"Layouts\",\"description\":\"\"},\"options\":{\"increments\":true,\"timestamps\":[\"created_at\",\"updated_at\"],\"draftAndPublish\":true},\"pluginOptions\":{\"i18n\":{\"localized\":true}},\"attributes\":{\"name\":{\"type\":\"string\",\"pluginOptions\":{\"i18n\":{\"localized\":true}}},\"defaultColumns\":{\"type\":\"dynamiczone\",\"components\":[\"links.icon-link\",\"links.drop-big-link\",\"links.link\"],\"pluginOptions\":{\"i18n\":{\"localized\":true}}},\"content\":{\"pluginOptions\":{\"i18n\":{\"localized\":true}},\"type\":\"dynamiczone\",\"components\":[]},\"localizations\":{\"writable\":true,\"private\":false,\"configurable\":false,\"visible\":false,\"collection\":\"layouts\",\"populate\":[\"_id\",\"id\",\"locale\",\"published_at\"],\"attribute\":\"related_layout\",\"column\":\"id\",\"isVirtual\":true},\"locale\":{\"writable\":true,\"private\":false,\"configurable\":false,\"visible\":false,\"type\":\"string\"},\"published_at\":{\"type\":\"datetime\",\"configurable\":false,\"writable\":true,\"visible\":false},\"created_by\":{\"model\":\"user\",\"plugin\":\"admin\",\"configurable\":false,\"writable\":false,\"visible\":false,\"private\":true},\"updated_by\":{\"model\":\"user\",\"plugin\":\"admin\",\"configurable\":false,\"writable\":false,\"visible\":false,\"private\":true}}}','object',NULL,NULL),(499,'model_def_links.big-link','{\"uid\":\"links.big-link\",\"collectionName\":\"components_links_big_links\",\"info\":{\"name\":\"bigLink\",\"icon\":\"asterisk\",\"description\":\"\"},\"options\":{\"timestamps\":false},\"attributes\":{\"link\":{\"type\":\"component\",\"repeatable\":false,\"component\":\"links.link\"},\"icon\":{\"model\":\"file\",\"via\":\"related\",\"allowedTypes\":[\"images\",\"files\",\"videos\"],\"plugin\":\"upload\",\"required\":false,\"pluginOptions\":{}},\"altText\":{\"type\":\"string\"},\"status\":{\"type\":\"enumeration\",\"enum\":[\"enabled\",\"disabled\"]}}}','object',NULL,NULL),(501,'model_def_links.drop-link','{\"uid\":\"links.drop-link\",\"collectionName\":\"components_links_drop_links\",\"info\":{\"name\":\"dropLink\",\"icon\":\"database\"},\"options\":{\"timestamps\":false},\"attributes\":{\"mainLink\":{\"type\":\"component\",\"repeatable\":false,\"component\":\"links.link\"},\"links\":{\"type\":\"component\",\"repeatable\":true,\"component\":\"links.link\"}}}','object',NULL,NULL),(503,'model_def_links.drop-big-link','{\"uid\":\"links.drop-big-link\",\"collectionName\":\"components_links_drop_big_links\",\"info\":{\"name\":\"dropBigLink\",\"icon\":\"boxes\"},\"options\":{\"timestamps\":false},\"attributes\":{\"mainLink\":{\"type\":\"component\",\"repeatable\":false,\"component\":\"links.link\"},\"bigLinks\":{\"type\":\"component\",\"repeatable\":true,\"component\":\"links.big-link\"}}}','object',NULL,NULL),(505,'model_def_links.icon-link','{\"uid\":\"links.icon-link\",\"collectionName\":\"components_links_icon_links\",\"info\":{\"name\":\"iconLink\",\"icon\":\"battery-three-quarters\"},\"options\":{\"timestamps\":false},\"attributes\":{\"link\":{\"type\":\"component\",\"repeatable\":false,\"component\":\"links.link\"},\"icon\":{\"model\":\"file\",\"via\":\"related\",\"allowedTypes\":[\"images\",\"files\",\"videos\"],\"plugin\":\"upload\",\"required\":false,\"pluginOptions\":{}}}}','object',NULL,NULL),(507,'model_def_application::navbar.navbar','{\"uid\":\"application::navbar.navbar\",\"collectionName\":\"navbars\",\"kind\":\"singleType\",\"info\":{\"name\":\"Navbar\",\"description\":\"\"},\"options\":{\"increments\":true,\"timestamps\":[\"created_at\",\"updated_at\"],\"draftAndPublish\":true},\"pluginOptions\":{\"i18n\":{\"localized\":true}},\"attributes\":{\"links\":{\"type\":\"dynamiczone\",\"components\":[\"links.drop-big-link\",\"links.icon-link\",\"links.link\"],\"pluginOptions\":{\"i18n\":{\"localized\":true}}},\"buttonLinks\":{\"type\":\"component\",\"repeatable\":true,\"component\":\"links.button-link\",\"pluginOptions\":{\"i18n\":{\"localized\":true}}},\"icon\":{\"model\":\"file\",\"via\":\"related\",\"allowedTypes\":[\"images\",\"files\",\"videos\"],\"plugin\":\"upload\",\"required\":false,\"pluginOptions\":{\"i18n\":{\"localized\":true}}},\"localizations\":{\"writable\":true,\"private\":false,\"configurable\":false,\"visible\":false,\"collection\":\"navbar\",\"populate\":[\"_id\",\"id\",\"locale\",\"published_at\"],\"attribute\":\"related_navbar\",\"column\":\"id\",\"isVirtual\":true},\"locale\":{\"writable\":true,\"private\":false,\"configurable\":false,\"visible\":false,\"type\":\"string\"},\"published_at\":{\"type\":\"datetime\",\"configurable\":false,\"writable\":true,\"visible\":false},\"created_by\":{\"model\":\"user\",\"plugin\":\"admin\",\"configurable\":false,\"writable\":false,\"visible\":false,\"private\":true},\"updated_by\":{\"model\":\"user\",\"plugin\":\"admin\",\"configurable\":false,\"writable\":false,\"visible\":false,\"private\":true}}}','object',NULL,NULL),(509,'model_def_application::footer.footer','{\"uid\":\"application::footer.footer\",\"collectionName\":\"footers\",\"kind\":\"singleType\",\"info\":{\"name\":\"footer\",\"description\":\"\"},\"options\":{\"increments\":true,\"timestamps\":[\"created_at\",\"updated_at\"],\"draftAndPublish\":true},\"pluginOptions\":{\"i18n\":{\"localized\":true}},\"attributes\":{\"description\":{\"type\":\"string\",\"pluginOptions\":{\"i18n\":{\"localized\":true}}},\"links\":{\"type\":\"component\",\"repeatable\":true,\"component\":\"links.link\",\"pluginOptions\":{\"i18n\":{\"localized\":true}}},\"copyright\":{\"type\":\"component\",\"repeatable\":false,\"component\":\"sections.copyright\"},\"paymentList\":{\"collection\":\"file\",\"via\":\"related\",\"allowedTypes\":[\"images\",\"files\",\"videos\"],\"plugin\":\"upload\",\"required\":false,\"pluginOptions\":{\"i18n\":{\"localized\":true}}},\"icon\":{\"model\":\"file\",\"via\":\"related\",\"allowedTypes\":[\"images\",\"files\",\"videos\"],\"plugin\":\"upload\",\"required\":false,\"pluginOptions\":{\"i18n\":{\"localized\":true}}},\"smallText\":{\"pluginOptions\":{\"i18n\":{\"localized\":true}},\"type\":\"string\"},\"localizations\":{\"writable\":true,\"private\":false,\"configurable\":false,\"visible\":false,\"collection\":\"footer\",\"populate\":[\"_id\",\"id\",\"locale\",\"published_at\"],\"attribute\":\"related_footer\",\"column\":\"id\",\"isVirtual\":true},\"locale\":{\"writable\":true,\"private\":false,\"configurable\":false,\"visible\":false,\"type\":\"string\"},\"published_at\":{\"type\":\"datetime\",\"configurable\":false,\"writable\":true,\"visible\":false},\"created_by\":{\"model\":\"user\",\"plugin\":\"admin\",\"configurable\":false,\"writable\":false,\"visible\":false,\"private\":true},\"updated_by\":{\"model\":\"user\",\"plugin\":\"admin\",\"configurable\":false,\"writable\":false,\"visible\":false,\"private\":true}}}','object',NULL,NULL),(511,'model_def_elements.link-text','{\"uid\":\"elements.link-text\",\"collectionName\":\"components_elements_link_texts\",\"info\":{\"name\":\"linkText\",\"icon\":\"border-none\"},\"options\":{\"timestamps\":false},\"attributes\":{\"link\":{\"type\":\"component\",\"repeatable\":false,\"component\":\"links.link\"},\"text\":{\"type\":\"string\"}}}','object',NULL,NULL),(513,'model_def_application::languages.languages','{\"uid\":\"application::languages.languages\",\"collectionName\":\"languages\",\"kind\":\"collectionType\",\"info\":{\"name\":\"Languages\",\"description\":\"\"},\"options\":{\"increments\":true,\"timestamps\":[\"created_at\",\"updated_at\"],\"draftAndPublish\":true},\"pluginOptions\":{\"i18n\":{\"localized\":true}},\"attributes\":{\"name\":{\"type\":\"string\",\"pluginOptions\":{\"i18n\":{\"localized\":true}}},\"icon\":{\"model\":\"file\",\"via\":\"related\",\"allowedTypes\":[\"images\",\"files\",\"videos\"],\"plugin\":\"upload\",\"required\":false,\"pluginOptions\":{\"i18n\":{\"localized\":true}}},\"code\":{\"type\":\"string\",\"pluginOptions\":{\"i18n\":{\"localized\":true}}},\"localizations\":{\"writable\":true,\"private\":false,\"configurable\":false,\"visible\":false,\"collection\":\"languages\",\"populate\":[\"_id\",\"id\",\"locale\",\"published_at\"],\"attribute\":\"related_language\",\"column\":\"id\",\"isVirtual\":true},\"locale\":{\"writable\":true,\"private\":false,\"configurable\":false,\"visible\":false,\"type\":\"string\"},\"published_at\":{\"type\":\"datetime\",\"configurable\":false,\"writable\":true,\"visible\":false},\"created_by\":{\"model\":\"user\",\"plugin\":\"admin\",\"configurable\":false,\"writable\":false,\"visible\":false,\"private\":true},\"updated_by\":{\"model\":\"user\",\"plugin\":\"admin\",\"configurable\":false,\"writable\":false,\"visible\":false,\"private\":true}}}','object',NULL,NULL),(515,'model_def_texts.link-text','{\"uid\":\"texts.link-text\",\"collectionName\":\"components_texts_link_texts\",\"info\":{\"name\":\"linkText\",\"icon\":\"arrow-alt-circle-right\"},\"options\":{\"timestamps\":false},\"attributes\":{\"text\":{\"type\":\"string\"},\"link\":{\"type\":\"component\",\"repeatable\":true,\"component\":\"links.link\"}}}','object',NULL,NULL),(517,'model_def_texts.icon-text','{\"uid\":\"texts.icon-text\",\"collectionName\":\"components_texts_icon_texts\",\"info\":{\"name\":\"iconText\",\"icon\":\"award\"},\"options\":{\"timestamps\":false},\"attributes\":{\"name\":{\"type\":\"string\"},\"icon\":{\"model\":\"file\",\"via\":\"related\",\"allowedTypes\":[\"images\",\"files\",\"videos\"],\"plugin\":\"upload\",\"required\":false,\"pluginOptions\":{}},\"altText\":{\"type\":\"string\"}}}','object',NULL,NULL),(519,'model_def_sections.logotype','{\"uid\":\"sections.logotype\",\"collectionName\":\"components_sections_logotypes\",\"info\":{\"name\":\"logotype\",\"icon\":\"bong\"},\"options\":{\"timestamps\":false},\"attributes\":{\"mainText\":{\"type\":\"component\",\"repeatable\":false,\"component\":\"texts.icon-text\"},\"altText\":{\"type\":\"string\"}}}','object',NULL,NULL),(521,'model_def_sections.share-options','{\"uid\":\"sections.share-options\",\"collectionName\":\"components_sections_share_options\",\"info\":{\"name\":\"shareOptions\",\"icon\":\"box\"},\"options\":{\"timestamps\":false},\"attributes\":{\"title\":{\"type\":\"string\"},\"links\":{\"type\":\"component\",\"repeatable\":true,\"component\":\"links.icon-link\"}}}','object',NULL,NULL),(523,'model_def_sections.cookies','{\"uid\":\"sections.cookies\",\"collectionName\":\"components_sections_cookies\",\"info\":{\"name\":\"cookies\",\"icon\":\"bold\"},\"options\":{\"timestamps\":false},\"attributes\":{\"actions\":{\"type\":\"component\",\"repeatable\":true,\"component\":\"links.button\"},\"info\":{\"type\":\"component\",\"repeatable\":false,\"component\":\"elements.notification-banner\"}}}','object',NULL,NULL),(525,'model_def_sections.call-action','{\"uid\":\"sections.call-action\",\"collectionName\":\"components_sections_call_actions\",\"info\":{\"name\":\"callAction\",\"icon\":\"battery-empty\",\"description\":\"\"},\"options\":{\"timestamps\":false},\"attributes\":{\"description\":{\"type\":\"string\"},\"backgroundIcon\":{\"collection\":\"file\",\"via\":\"related\",\"allowedTypes\":[\"images\",\"files\",\"videos\"],\"plugin\":\"upload\",\"required\":false,\"pluginOptions\":{}},\"icon\":{\"model\":\"file\",\"via\":\"related\",\"allowedTypes\":[\"images\",\"files\",\"videos\"],\"plugin\":\"upload\",\"required\":false,\"pluginOptions\":{}}}}','object',NULL,NULL),(527,'model_def_formulario.form','{\"uid\":\"formulario.form\",\"collectionName\":\"components_formulario_forms\",\"info\":{\"name\":\"form\",\"icon\":\"ambulance\",\"description\":\"\"},\"options\":{\"timestamps\":false},\"attributes\":{\"title\":{\"type\":\"text\"},\"subtitle\":{\"type\":\"richtext\"},\"inputs\":{\"type\":\"component\",\"repeatable\":true,\"component\":\"formulario.input\"},\"checkboxes\":{\"type\":\"component\",\"repeatable\":true,\"component\":\"formulario.checkbox\"},\"select\":{\"type\":\"component\",\"repeatable\":true,\"component\":\"formulario.select-option\"},\"buttons\":{\"type\":\"component\",\"repeatable\":true,\"component\":\"formulario.button-form\"}}}','object',NULL,NULL),(530,'model_def_sections.section-widget-form','{\"uid\":\"sections.section-widget-form\",\"collectionName\":\"components_sections_section_widget_forms\",\"info\":{\"name\":\"sectionWidgetForm\",\"icon\":\"arrow-circle-up\"},\"options\":{\"timestamps\":false},\"attributes\":{\"description\":{\"type\":\"text\"},\"picture\":{\"model\":\"file\",\"via\":\"related\",\"allowedTypes\":[\"images\",\"files\",\"videos\"],\"plugin\":\"upload\",\"required\":false,\"pluginOptions\":{}},\"form\":{\"type\":\"component\",\"repeatable\":false,\"component\":\"formulario.form\"}}}','object',NULL,NULL),(534,'model_def_sections.copyright','{\"uid\":\"sections.copyright\",\"collectionName\":\"components_sections_copyrights\",\"info\":{\"name\":\"copyright\",\"icon\":\"external-link-alt\"},\"options\":{\"timestamps\":false},\"attributes\":{\"mainText\":{\"type\":\"string\"},\"link\":{\"type\":\"component\",\"repeatable\":false,\"component\":\"texts.link-text\"}}}','object',NULL,NULL),(544,'model_def_home.discover-section','{\"uid\":\"home.discover-section\",\"collectionName\":\"components_home_discover_sections\",\"info\":{\"name\":\"DiscoverSection\",\"icon\":\"at\",\"description\":\"\"},\"options\":{\"timestamps\":false},\"attributes\":{\"title\":{\"type\":\"string\"},\"subtitle\":{\"type\":\"text\"},\"button\":{\"type\":\"component\",\"repeatable\":false,\"component\":\"links.basic-link\"},\"statusApi\":{\"type\":\"component\",\"repeatable\":false,\"component\":\"home.status-api\"},\"icon\":{\"model\":\"file\",\"via\":\"related\",\"allowedTypes\":[\"images\",\"files\",\"videos\"],\"plugin\":\"upload\",\"required\":false,\"pluginOptions\":{}},\"smallText\":{\"type\":\"string\"},\"Products\":{\"type\":\"component\",\"repeatable\":true,\"component\":\"use-cases.products\"},\"iconText\":{\"type\":\"string\"}}}','object',NULL,NULL),(545,'model_def_home.status-api','{\"uid\":\"home.status-api\",\"collectionName\":\"components_home_status_apis\",\"info\":{\"name\":\"StatusApi\",\"icon\":\"burn\"},\"options\":{\"timestamps\":false},\"attributes\":{\"text\":{\"type\":\"string\"},\"status\":{\"type\":\"enumeration\",\"enum\":[\"active\",\"desactive\"]}}}','object',NULL,NULL),(548,'model_def_home.widget-section','{\"uid\":\"home.widget-section\",\"collectionName\":\"components_home_widget_sections\",\"info\":{\"name\":\"WidgetSection\",\"icon\":\"bus\",\"description\":\"\"},\"options\":{\"timestamps\":false},\"attributes\":{\"title\":{\"type\":\"string\"},\"button\":{\"type\":\"component\",\"repeatable\":false,\"component\":\"links.basic-link\"},\"icon\":{\"model\":\"file\",\"via\":\"related\",\"allowedTypes\":[\"images\",\"files\",\"videos\"],\"plugin\":\"upload\",\"required\":false,\"pluginOptions\":{}},\"image\":{\"model\":\"file\",\"via\":\"related\",\"allowedTypes\":[\"images\",\"files\",\"videos\"],\"plugin\":\"upload\",\"required\":false,\"pluginOptions\":{}},\"subtitle\":{\"type\":\"richtext\"}}}','object',NULL,NULL),(550,'model_def_home.benefits-list','{\"uid\":\"home.benefits-list\",\"collectionName\":\"components_home_benefits_lists\",\"info\":{\"name\":\"benefitsList\",\"icon\":\"birthday-cake\"},\"options\":{\"timestamps\":false},\"attributes\":{\"title\":{\"type\":\"string\"},\"subtitle\":{\"type\":\"text\"},\"icon\":{\"model\":\"file\",\"via\":\"related\",\"allowedTypes\":[\"images\",\"files\",\"videos\"],\"plugin\":\"upload\",\"required\":false,\"pluginOptions\":{}}}}','object',NULL,NULL),(551,'model_def_home.key-section','{\"uid\":\"home.key-section\",\"collectionName\":\"components_home_key_sections\",\"info\":{\"name\":\"KeySection\",\"icon\":\"bell\"},\"options\":{\"timestamps\":false},\"attributes\":{\"title\":{\"type\":\"string\"},\"images\":{\"collection\":\"file\",\"via\":\"related\",\"allowedTypes\":[\"images\",\"files\",\"videos\"],\"plugin\":\"upload\",\"required\":false,\"pluginOptions\":{}},\"benefitsList\":{\"type\":\"component\",\"repeatable\":true,\"component\":\"home.benefits-list\"},\"button\":{\"type\":\"component\",\"repeatable\":true,\"component\":\"links.basic-link\"}}}','object',NULL,NULL),(554,'model_def_application::delete.delete','{\"uid\":\"application::delete.delete\",\"collectionName\":\"deletes\",\"kind\":\"collectionType\",\"info\":{\"name\":\"delete\",\"description\":\"\"},\"options\":{\"increments\":true,\"timestamps\":[\"created_at\",\"updated_at\"],\"draftAndPublish\":true},\"pluginOptions\":{\"i18n\":{\"localized\":true}},\"attributes\":{\"delete\":{\"type\":\"string\",\"pluginOptions\":{\"i18n\":{\"localized\":true}}},\"localizations\":{\"writable\":true,\"private\":false,\"configurable\":false,\"visible\":false,\"collection\":\"delete\",\"populate\":[\"_id\",\"id\",\"locale\",\"published_at\"],\"attribute\":\"related_delete\",\"column\":\"id\",\"isVirtual\":true},\"locale\":{\"writable\":true,\"private\":false,\"configurable\":false,\"visible\":false,\"type\":\"string\"},\"published_at\":{\"type\":\"datetime\",\"configurable\":false,\"writable\":true,\"visible\":false},\"created_by\":{\"model\":\"user\",\"plugin\":\"admin\",\"configurable\":false,\"writable\":false,\"visible\":false,\"private\":true},\"updated_by\":{\"model\":\"user\",\"plugin\":\"admin\",\"configurable\":false,\"writable\":false,\"visible\":false,\"private\":true}}}','object',NULL,NULL),(556,'model_def_home.banner-section','{\"uid\":\"home.banner-section\",\"collectionName\":\"components_home_banner_sections\",\"info\":{\"name\":\"BannerSection\",\"icon\":\"arrow-up\",\"description\":\"\"},\"options\":{\"timestamps\":false},\"attributes\":{\"title\":{\"type\":\"string\"},\"subtitle\":{\"type\":\"text\"},\"background\":{\"model\":\"file\",\"via\":\"related\",\"allowedTypes\":[\"images\",\"files\",\"videos\"],\"plugin\":\"upload\",\"required\":false,\"pluginOptions\":{}},\"buttons\":{\"type\":\"component\",\"repeatable\":true,\"component\":\"links.basic-link\"},\"search\":{\"type\":\"string\"}}}','object',NULL,NULL),(558,'model_def_home.steps','{\"uid\":\"home.steps\",\"collectionName\":\"components_home_steps\",\"info\":{\"name\":\"Steps\",\"icon\":\"basketball-ball\"},\"options\":{\"timestamps\":false},\"attributes\":{\"title\":{\"type\":\"string\"},\"subtitle\":{\"type\":\"text\"},\"number\":{\"type\":\"string\"}}}','object',NULL,NULL),(559,'model_def_home.work-section','{\"uid\":\"home.work-section\",\"collectionName\":\"components_home_work_sections\",\"info\":{\"name\":\"WorkSection\",\"icon\":\"book-dead\"},\"options\":{\"timestamps\":false},\"attributes\":{\"title\":{\"type\":\"string\"},\"Steps\":{\"type\":\"component\",\"repeatable\":true,\"component\":\"home.steps\"},\"buttons\":{\"type\":\"component\",\"repeatable\":true,\"component\":\"links.basic-link\"},\"background\":{\"model\":\"file\",\"via\":\"related\",\"allowedTypes\":[\"images\",\"files\",\"videos\"],\"plugin\":\"upload\",\"required\":false,\"pluginOptions\":{}}}}','object',NULL,NULL),(562,'model_def_formulario.button-form','{\"uid\":\"formulario.button-form\",\"collectionName\":\"components_formulario_button_forms\",\"info\":{\"name\":\"ButtonForm\",\"icon\":\"arrow-left\",\"description\":\"\"},\"options\":{\"timestamps\":false},\"attributes\":{\"type\":{\"type\":\"string\"},\"text\":{\"type\":\"string\"},\"name\":{\"type\":\"string\"},\"class\":{\"type\":\"enumeration\",\"enum\":[\"primary\",\"secondary\",\"tertiary\"]},\"order\":{\"type\":\"integer\"},\"link\":{\"type\":\"component\",\"repeatable\":false,\"component\":\"links.link\"}}}','object',NULL,NULL),(589,'plugin_content_manager_configuration_components::cards.card-product','{\"uid\":\"cards.card-product\",\"settings\":{\"bulkable\":true,\"filterable\":true,\"searchable\":true,\"pageSize\":10,\"mainField\":\"title\",\"defaultSortBy\":\"title\",\"defaultSortOrder\":\"ASC\"},\"metadatas\":{\"id\":{\"edit\":{},\"list\":{\"label\":\"Id\",\"searchable\":false,\"sortable\":false}},\"title\":{\"edit\":{\"label\":\"Title\",\"description\":\"\",\"placeholder\":\"\",\"visible\":true,\"editable\":true},\"list\":{\"label\":\"Title\",\"searchable\":true,\"sortable\":true}},\"subtitle\":{\"edit\":{\"label\":\"Subtitle\",\"description\":\"\",\"placeholder\":\"\",\"visible\":true,\"editable\":true},\"list\":{\"label\":\"Subtitle\",\"searchable\":true,\"sortable\":true}},\"icon\":{\"edit\":{\"label\":\"Icon\",\"description\":\"\",\"placeholder\":\"\",\"visible\":true,\"editable\":true},\"list\":{\"label\":\"Icon\",\"searchable\":false,\"sortable\":false}},\"link\":{\"edit\":{\"label\":\"Link\",\"description\":\"\",\"placeholder\":\"\",\"visible\":true,\"editable\":true},\"list\":{\"label\":\"Link\",\"searchable\":false,\"sortable\":false}}},\"layouts\":{\"list\":[\"id\",\"title\",\"subtitle\",\"icon\"],\"edit\":[[{\"name\":\"title\",\"size\":6},{\"name\":\"subtitle\",\"size\":6}],[{\"name\":\"icon\",\"size\":6}],[{\"name\":\"link\",\"size\":12}]],\"editRelations\":[]},\"isComponent\":true}','object','',''),(590,'plugin_content_manager_configuration_components::cards.product-link-card','{\"uid\":\"cards.product-link-card\",\"settings\":{\"bulkable\":true,\"filterable\":true,\"searchable\":true,\"pageSize\":10,\"mainField\":\"title\",\"defaultSortBy\":\"title\",\"defaultSortOrder\":\"ASC\"},\"metadatas\":{\"id\":{\"edit\":{},\"list\":{\"label\":\"Id\",\"searchable\":false,\"sortable\":false}},\"link\":{\"edit\":{\"label\":\"Link\",\"description\":\"\",\"placeholder\":\"\",\"visible\":true,\"editable\":true},\"list\":{\"label\":\"Link\",\"searchable\":false,\"sortable\":false}},\"title\":{\"edit\":{\"label\":\"Title\",\"description\":\"\",\"placeholder\":\"\",\"visible\":true,\"editable\":true},\"list\":{\"label\":\"Title\",\"searchable\":true,\"sortable\":true}},\"subtitle\":{\"edit\":{\"label\":\"Subtitle\",\"description\":\"\",\"placeholder\":\"\",\"visible\":true,\"editable\":true},\"list\":{\"label\":\"Subtitle\",\"searchable\":true,\"sortable\":true}},\"icon\":{\"edit\":{\"label\":\"Icon\",\"description\":\"\",\"placeholder\":\"\",\"visible\":true,\"editable\":true},\"list\":{\"label\":\"Icon\",\"searchable\":false,\"sortable\":false}}},\"layouts\":{\"list\":[\"id\",\"title\",\"subtitle\",\"icon\"],\"edit\":[[{\"name\":\"link\",\"size\":12}],[{\"name\":\"title\",\"size\":6},{\"name\":\"subtitle\",\"size\":6}],[{\"name\":\"icon\",\"size\":6}]],\"editRelations\":[]},\"isComponent\":true}','object','',''),(591,'plugin_content_manager_configuration_components::elements.card','{\"uid\":\"elements.card\",\"settings\":{\"bulkable\":true,\"filterable\":true,\"searchable\":true,\"pageSize\":10,\"mainField\":\"title\",\"defaultSortBy\":\"title\",\"defaultSortOrder\":\"ASC\"},\"metadatas\":{\"id\":{\"edit\":{},\"list\":{\"label\":\"Id\",\"searchable\":false,\"sortable\":false}},\"title\":{\"edit\":{\"label\":\"Title\",\"description\":\"\",\"placeholder\":\"\",\"visible\":true,\"editable\":true},\"list\":{\"label\":\"Title\",\"searchable\":true,\"sortable\":true}},\"subtitle\":{\"edit\":{\"label\":\"Subtitle\",\"description\":\"\",\"placeholder\":\"\",\"visible\":true,\"editable\":true},\"list\":{\"label\":\"Subtitle\",\"searchable\":true,\"sortable\":true}},\"icon\":{\"edit\":{\"label\":\"Icon\",\"description\":\"\",\"placeholder\":\"\",\"visible\":true,\"editable\":true},\"list\":{\"label\":\"Icon\",\"searchable\":false,\"sortable\":false}}},\"layouts\":{\"list\":[\"id\",\"title\",\"subtitle\",\"icon\"],\"edit\":[[{\"name\":\"title\",\"size\":6},{\"name\":\"subtitle\",\"size\":6}],[{\"name\":\"icon\",\"size\":6}]],\"editRelations\":[]},\"isComponent\":true}','object','',''),(592,'plugin_content_manager_configuration_components::elements.filter-versions','{\"uid\":\"elements.filter-versions\",\"settings\":{\"bulkable\":true,\"filterable\":true,\"searchable\":true,\"pageSize\":10,\"mainField\":\"title\",\"defaultSortBy\":\"title\",\"defaultSortOrder\":\"ASC\"},\"metadatas\":{\"id\":{\"edit\":{},\"list\":{\"label\":\"Id\",\"searchable\":false,\"sortable\":false}},\"title\":{\"edit\":{\"label\":\"Title\",\"description\":\"\",\"placeholder\":\"\",\"visible\":true,\"editable\":true},\"list\":{\"label\":\"Title\",\"searchable\":true,\"sortable\":true}},\"version\":{\"edit\":{\"label\":\"Version\",\"description\":\"\",\"placeholder\":\"\",\"visible\":true,\"editable\":true},\"list\":{\"label\":\"Version\",\"searchable\":false,\"sortable\":false}}},\"layouts\":{\"list\":[\"id\",\"title\"],\"edit\":[[{\"name\":\"title\",\"size\":6}],[{\"name\":\"version\",\"size\":12}]],\"editRelations\":[]},\"isComponent\":true}','object','',''),(593,'plugin_content_manager_configuration_components::cards.use-case-card','{\"uid\":\"cards.use-case-card\",\"settings\":{\"bulkable\":true,\"filterable\":true,\"searchable\":true,\"pageSize\":10,\"mainField\":\"title\",\"defaultSortBy\":\"title\",\"defaultSortOrder\":\"ASC\"},\"metadatas\":{\"id\":{\"edit\":{},\"list\":{\"label\":\"Id\",\"searchable\":false,\"sortable\":false}},\"estatus\":{\"edit\":{\"label\":\"Estatus\",\"description\":\"\",\"placeholder\":\"\",\"visible\":true,\"editable\":true},\"list\":{\"label\":\"Estatus\",\"searchable\":true,\"sortable\":true}},\"title\":{\"edit\":{\"label\":\"Title\",\"description\":\"\",\"placeholder\":\"\",\"visible\":true,\"editable\":true},\"list\":{\"label\":\"Title\",\"searchable\":true,\"sortable\":true}},\"description\":{\"edit\":{\"label\":\"Description\",\"description\":\"\",\"placeholder\":\"\",\"visible\":true,\"editable\":true},\"list\":{\"label\":\"Description\",\"searchable\":true,\"sortable\":true}},\"picture\":{\"edit\":{\"label\":\"Picture\",\"description\":\"\",\"placeholder\":\"\",\"visible\":true,\"editable\":true},\"list\":{\"label\":\"Picture\",\"searchable\":false,\"sortable\":false}},\"linkUrl\":{\"edit\":{\"label\":\"LinkUrl\",\"description\":\"\",\"placeholder\":\"\",\"visible\":true,\"editable\":true},\"list\":{\"label\":\"LinkUrl\",\"searchable\":true,\"sortable\":true}},\"linkText\":{\"edit\":{\"label\":\"LinkText\",\"description\":\"\",\"placeholder\":\"\",\"visible\":true,\"editable\":true},\"list\":{\"label\":\"LinkText\",\"searchable\":true,\"sortable\":true}},\"badge\":{\"edit\":{\"label\":\"Badge\",\"description\":\"\",\"placeholder\":\"\",\"visible\":true,\"editable\":true},\"list\":{\"label\":\"Badge\",\"searchable\":true,\"sortable\":true}},\"statusText\":{\"edit\":{\"label\":\"StatusText\",\"description\":\"\",\"placeholder\":\"\",\"visible\":true,\"editable\":true},\"list\":{\"label\":\"StatusText\",\"searchable\":true,\"sortable\":true}}},\"layouts\":{\"list\":[\"id\",\"estatus\",\"title\",\"description\"],\"edit\":[[{\"name\":\"estatus\",\"size\":6},{\"name\":\"title\",\"size\":6}],[{\"name\":\"description\",\"size\":6},{\"name\":\"picture\",\"size\":6}],[{\"name\":\"linkUrl\",\"size\":6},{\"name\":\"linkText\",\"size\":6}],[{\"name\":\"badge\",\"size\":6},{\"name\":\"statusText\",\"size\":6}]],\"editRelations\":[]},\"isComponent\":true}','object','',''),(594,'plugin_content_manager_configuration_components::elements.custom-radio','{\"uid\":\"elements.custom-radio\",\"settings\":{\"bulkable\":true,\"filterable\":true,\"searchable\":true,\"pageSize\":10,\"mainField\":\"title\",\"defaultSortBy\":\"title\",\"defaultSortOrder\":\"ASC\"},\"metadatas\":{\"id\":{\"edit\":{},\"list\":{\"label\":\"Id\",\"searchable\":false,\"sortable\":false}},\"title\":{\"edit\":{\"label\":\"Title\",\"description\":\"\",\"placeholder\":\"\",\"visible\":true,\"editable\":true},\"list\":{\"label\":\"Title\",\"searchable\":true,\"sortable\":true}},\"estatus\":{\"edit\":{\"label\":\"Estatus\",\"description\":\"\",\"placeholder\":\"\",\"visible\":true,\"editable\":true},\"list\":{\"label\":\"Estatus\",\"searchable\":true,\"sortable\":true}}},\"layouts\":{\"list\":[\"id\",\"title\",\"estatus\"],\"edit\":[[{\"name\":\"title\",\"size\":6},{\"name\":\"estatus\",\"size\":6}]],\"editRelations\":[]},\"isComponent\":true}','object','',''),(595,'plugin_content_manager_configuration_components::elements.image-list','{\"uid\":\"elements.image-list\",\"settings\":{\"bulkable\":true,\"filterable\":true,\"searchable\":true,\"pageSize\":10,\"mainField\":\"id\",\"defaultSortBy\":\"id\",\"defaultSortOrder\":\"ASC\"},\"metadatas\":{\"id\":{\"edit\":{},\"list\":{\"label\":\"Id\",\"searchable\":false,\"sortable\":false}},\"image\":{\"edit\":{\"label\":\"Image\",\"description\":\"\",\"placeholder\":\"\",\"visible\":true,\"editable\":true},\"list\":{\"label\":\"Image\",\"searchable\":false,\"sortable\":false}}},\"layouts\":{\"list\":[\"id\",\"image\"],\"edit\":[[{\"name\":\"image\",\"size\":6}]],\"editRelations\":[]},\"isComponent\":true}','object','',''),(596,'plugin_content_manager_configuration_components::elements.select','{\"uid\":\"elements.select\",\"settings\":{\"bulkable\":true,\"filterable\":true,\"searchable\":true,\"pageSize\":10,\"mainField\":\"name\",\"defaultSortBy\":\"name\",\"defaultSortOrder\":\"ASC\"},\"metadatas\":{\"id\":{\"edit\":{},\"list\":{\"label\":\"Id\",\"searchable\":false,\"sortable\":false}},\"tetretert\":{\"edit\":{\"label\":\"Tetretert\",\"description\":\"\",\"placeholder\":\"\",\"visible\":true,\"editable\":true},\"list\":{\"label\":\"Tetretert\",\"searchable\":false,\"sortable\":false}},\"name\":{\"edit\":{\"label\":\"Name\",\"description\":\"\",\"placeholder\":\"\",\"visible\":true,\"editable\":true},\"list\":{\"label\":\"Name\",\"searchable\":true,\"sortable\":true}}},\"layouts\":{\"list\":[\"id\",\"name\"],\"edit\":[[{\"name\":\"tetretert\",\"size\":12}],[{\"name\":\"name\",\"size\":6}]],\"editRelations\":[]},\"isComponent\":true}','object','',''),(597,'plugin_content_manager_configuration_components::elements.status-enumerable','{\"uid\":\"elements.status-enumerable\",\"settings\":{\"bulkable\":true,\"filterable\":true,\"searchable\":true,\"pageSize\":10,\"mainField\":\"id\",\"defaultSortBy\":\"id\",\"defaultSortOrder\":\"ASC\"},\"metadatas\":{\"id\":{\"edit\":{},\"list\":{\"label\":\"Id\",\"searchable\":false,\"sortable\":false}},\"status\":{\"edit\":{\"label\":\"Status\",\"description\":\"\",\"placeholder\":\"\",\"visible\":true,\"editable\":true},\"list\":{\"label\":\"Status\",\"searchable\":true,\"sortable\":true}}},\"layouts\":{\"list\":[\"id\",\"status\"],\"edit\":[[{\"name\":\"status\",\"size\":6}]],\"editRelations\":[]},\"isComponent\":true}','object','',''),(598,'plugin_content_manager_configuration_components::elements.link-text','{\"uid\":\"elements.link-text\",\"settings\":{\"bulkable\":true,\"filterable\":true,\"searchable\":true,\"pageSize\":10,\"mainField\":\"text\",\"defaultSortBy\":\"text\",\"defaultSortOrder\":\"ASC\"},\"metadatas\":{\"id\":{\"edit\":{},\"list\":{\"label\":\"Id\",\"searchable\":false,\"sortable\":false}},\"link\":{\"edit\":{\"label\":\"Link\",\"description\":\"\",\"placeholder\":\"\",\"visible\":true,\"editable\":true},\"list\":{\"label\":\"Link\",\"searchable\":false,\"sortable\":false}},\"text\":{\"edit\":{\"label\":\"Text\",\"description\":\"\",\"placeholder\":\"\",\"visible\":true,\"editable\":true},\"list\":{\"label\":\"Text\",\"searchable\":true,\"sortable\":true}}},\"layouts\":{\"list\":[\"id\",\"text\"],\"edit\":[[{\"name\":\"link\",\"size\":12}],[{\"name\":\"text\",\"size\":6}]],\"editRelations\":[]},\"isComponent\":true}','object','',''),(599,'plugin_content_manager_configuration_components::formulario.button-form','{\"uid\":\"formulario.button-form\",\"settings\":{\"bulkable\":true,\"filterable\":true,\"searchable\":true,\"pageSize\":10,\"mainField\":\"type\",\"defaultSortBy\":\"type\",\"defaultSortOrder\":\"ASC\"},\"metadatas\":{\"id\":{\"edit\":{},\"list\":{\"label\":\"Id\",\"searchable\":false,\"sortable\":false}},\"type\":{\"edit\":{\"label\":\"Type\",\"description\":\"\",\"placeholder\":\"\",\"visible\":true,\"editable\":true},\"list\":{\"label\":\"Type\",\"searchable\":true,\"sortable\":true}},\"text\":{\"edit\":{\"label\":\"Text\",\"description\":\"\",\"placeholder\":\"\",\"visible\":true,\"editable\":true},\"list\":{\"label\":\"Text\",\"searchable\":true,\"sortable\":true}},\"class\":{\"edit\":{\"label\":\"Class\",\"description\":\"\",\"placeholder\":\"\",\"visible\":true,\"editable\":true},\"list\":{\"label\":\"Class\",\"searchable\":true,\"sortable\":true}},\"order\":{\"edit\":{\"label\":\"Order\",\"description\":\"\",\"placeholder\":\"\",\"visible\":true,\"editable\":true},\"list\":{\"label\":\"Order\",\"searchable\":true,\"sortable\":true}},\"link\":{\"edit\":{\"label\":\"Link\",\"description\":\"\",\"placeholder\":\"\",\"visible\":true,\"editable\":true},\"list\":{\"label\":\"Link\",\"searchable\":false,\"sortable\":false}},\"name\":{\"edit\":{\"label\":\"Name\",\"description\":\"\",\"placeholder\":\"\",\"visible\":true,\"editable\":true},\"list\":{\"label\":\"Name\",\"searchable\":true,\"sortable\":true}}},\"layouts\":{\"list\":[\"id\",\"type\",\"text\",\"class\"],\"edit\":[[{\"name\":\"type\",\"size\":6},{\"name\":\"text\",\"size\":6}],[{\"name\":\"class\",\"size\":6},{\"name\":\"order\",\"size\":4}],[{\"name\":\"link\",\"size\":12}],[{\"name\":\"name\",\"size\":6}]],\"editRelations\":[]},\"isComponent\":true}','object','',''),(600,'plugin_content_manager_configuration_components::formulario.checkbox','{\"uid\":\"formulario.checkbox\",\"settings\":{\"bulkable\":true,\"filterable\":true,\"searchable\":true,\"pageSize\":10,\"mainField\":\"type\",\"defaultSortBy\":\"type\",\"defaultSortOrder\":\"ASC\"},\"metadatas\":{\"id\":{\"edit\":{},\"list\":{\"label\":\"Id\",\"searchable\":false,\"sortable\":false}},\"type\":{\"edit\":{\"label\":\"Type\",\"description\":\"\",\"placeholder\":\"\",\"visible\":true,\"editable\":true},\"list\":{\"label\":\"Type\",\"searchable\":true,\"sortable\":true}},\"label\":{\"edit\":{\"label\":\"Label\",\"description\":\"\",\"placeholder\":\"\",\"visible\":true,\"editable\":true},\"list\":{\"label\":\"Label\",\"searchable\":true,\"sortable\":true}},\"value\":{\"edit\":{\"label\":\"Value\",\"description\":\"\",\"placeholder\":\"\",\"visible\":true,\"editable\":true},\"list\":{\"label\":\"Value\",\"searchable\":true,\"sortable\":true}},\"isRequired\":{\"edit\":{\"label\":\"IsRequired\",\"description\":\"\",\"placeholder\":\"\",\"visible\":true,\"editable\":true},\"list\":{\"label\":\"IsRequired\",\"searchable\":true,\"sortable\":true}},\"errorMessage\":{\"edit\":{\"label\":\"ErrorMessage\",\"description\":\"\",\"placeholder\":\"\",\"visible\":true,\"editable\":true},\"list\":{\"label\":\"ErrorMessage\",\"searchable\":true,\"sortable\":true}},\"order\":{\"edit\":{\"label\":\"Order\",\"description\":\"\",\"placeholder\":\"\",\"visible\":true,\"editable\":true},\"list\":{\"label\":\"Order\",\"searchable\":true,\"sortable\":true}},\"name\":{\"edit\":{\"label\":\"Name\",\"description\":\"\",\"placeholder\":\"\",\"visible\":true,\"editable\":true},\"list\":{\"label\":\"Name\",\"searchable\":true,\"sortable\":true}}},\"layouts\":{\"list\":[\"id\",\"type\",\"label\",\"value\"],\"edit\":[[{\"name\":\"type\",\"size\":6},{\"name\":\"label\",\"size\":6}],[{\"name\":\"value\",\"size\":4},{\"name\":\"isRequired\",\"size\":4}],[{\"name\":\"errorMessage\",\"size\":6},{\"name\":\"order\",\"size\":4}],[{\"name\":\"name\",\"size\":6}]],\"editRelations\":[]},\"isComponent\":true}','object','',''),(601,'plugin_content_manager_configuration_components::formulario.form','{\"uid\":\"formulario.form\",\"settings\":{\"bulkable\":true,\"filterable\":true,\"searchable\":true,\"pageSize\":10,\"mainField\":\"id\",\"defaultSortBy\":\"id\",\"defaultSortOrder\":\"ASC\"},\"metadatas\":{\"id\":{\"edit\":{},\"list\":{\"label\":\"Id\",\"searchable\":false,\"sortable\":false}},\"title\":{\"edit\":{\"label\":\"Title\",\"description\":\"\",\"placeholder\":\"\",\"visible\":true,\"editable\":true},\"list\":{\"label\":\"Title\",\"searchable\":true,\"sortable\":true}},\"subtitle\":{\"edit\":{\"label\":\"Subtitle\",\"description\":\"\",\"placeholder\":\"\",\"visible\":true,\"editable\":true},\"list\":{\"label\":\"Subtitle\",\"searchable\":false,\"sortable\":false}},\"inputs\":{\"edit\":{\"label\":\"Inputs\",\"description\":\"\",\"placeholder\":\"\",\"visible\":true,\"editable\":true},\"list\":{\"label\":\"Inputs\",\"searchable\":false,\"sortable\":false}},\"checkboxes\":{\"edit\":{\"label\":\"Checkboxes\",\"description\":\"\",\"placeholder\":\"\",\"visible\":true,\"editable\":true},\"list\":{\"label\":\"Checkboxes\",\"searchable\":false,\"sortable\":false}},\"select\":{\"edit\":{\"label\":\"Select\",\"description\":\"\",\"placeholder\":\"\",\"visible\":true,\"editable\":true},\"list\":{\"label\":\"Select\",\"searchable\":false,\"sortable\":false}},\"buttons\":{\"edit\":{\"label\":\"Buttons\",\"description\":\"\",\"placeholder\":\"\",\"visible\":true,\"editable\":true},\"list\":{\"label\":\"Buttons\",\"searchable\":false,\"sortable\":false}}},\"layouts\":{\"list\":[\"id\",\"title\"],\"edit\":[[{\"name\":\"title\",\"size\":6}],[{\"name\":\"inputs\",\"size\":12}],[{\"name\":\"checkboxes\",\"size\":12}],[{\"name\":\"select\",\"size\":12}],[{\"name\":\"buttons\",\"size\":12}],[{\"name\":\"subtitle\",\"size\":12}]],\"editRelations\":[]},\"isComponent\":true}','object','',''),(602,'plugin_content_manager_configuration_components::formulario.filter-estatus','{\"uid\":\"formulario.filter-estatus\",\"settings\":{\"bulkable\":true,\"filterable\":true,\"searchable\":true,\"pageSize\":10,\"mainField\":\"title\",\"defaultSortBy\":\"title\",\"defaultSortOrder\":\"ASC\"},\"metadatas\":{\"id\":{\"edit\":{},\"list\":{\"label\":\"Id\",\"searchable\":false,\"sortable\":false}},\"title\":{\"edit\":{\"label\":\"Title\",\"description\":\"\",\"placeholder\":\"\",\"visible\":true,\"editable\":true},\"list\":{\"label\":\"Title\",\"searchable\":true,\"sortable\":true}},\"checkboxes\":{\"edit\":{\"label\":\"Checkboxes\",\"description\":\"\",\"placeholder\":\"\",\"visible\":true,\"editable\":true},\"list\":{\"label\":\"Checkboxes\",\"searchable\":false,\"sortable\":false}}},\"layouts\":{\"list\":[\"id\",\"title\"],\"edit\":[[{\"name\":\"title\",\"size\":6}],[{\"name\":\"checkboxes\",\"size\":12}]],\"editRelations\":[]},\"isComponent\":true}','object','',''),(603,'plugin_content_manager_configuration_components::formulario.option','{\"uid\":\"formulario.option\",\"settings\":{\"bulkable\":true,\"filterable\":true,\"searchable\":true,\"pageSize\":10,\"mainField\":\"value\",\"defaultSortBy\":\"value\",\"defaultSortOrder\":\"ASC\"},\"metadatas\":{\"id\":{\"edit\":{},\"list\":{\"label\":\"Id\",\"searchable\":false,\"sortable\":false}},\"value\":{\"edit\":{\"label\":\"Value\",\"description\":\"\",\"placeholder\":\"\",\"visible\":true,\"editable\":true},\"list\":{\"label\":\"Value\",\"searchable\":true,\"sortable\":true}},\"selected\":{\"edit\":{\"label\":\"Selected\",\"description\":\"\",\"placeholder\":\"\",\"visible\":true,\"editable\":true},\"list\":{\"label\":\"Selected\",\"searchable\":true,\"sortable\":true}},\"text\":{\"edit\":{\"label\":\"Text\",\"description\":\"\",\"placeholder\":\"\",\"visible\":true,\"editable\":true},\"list\":{\"label\":\"Text\",\"searchable\":true,\"sortable\":true}}},\"layouts\":{\"list\":[\"id\",\"value\",\"selected\",\"text\"],\"edit\":[[{\"name\":\"value\",\"size\":6},{\"name\":\"selected\",\"size\":6}],[{\"name\":\"text\",\"size\":6}]],\"editRelations\":[]},\"isComponent\":true}','object','',''),(604,'plugin_content_manager_configuration_components::formulario.input','{\"uid\":\"formulario.input\",\"settings\":{\"bulkable\":true,\"filterable\":true,\"searchable\":true,\"pageSize\":10,\"mainField\":\"placeholder\",\"defaultSortBy\":\"placeholder\",\"defaultSortOrder\":\"ASC\"},\"metadatas\":{\"id\":{\"edit\":{},\"list\":{\"label\":\"Id\",\"searchable\":false,\"sortable\":false}},\"placeholder\":{\"edit\":{\"label\":\"Placeholder\",\"description\":\"\",\"placeholder\":\"\",\"visible\":true,\"editable\":true},\"list\":{\"label\":\"Placeholder\",\"searchable\":true,\"sortable\":true}},\"value\":{\"edit\":{\"label\":\"Value\",\"description\":\"\",\"placeholder\":\"\",\"visible\":true,\"editable\":true},\"list\":{\"label\":\"Value\",\"searchable\":true,\"sortable\":true}},\"icon\":{\"edit\":{\"label\":\"Icon\",\"description\":\"\",\"placeholder\":\"\",\"visible\":true,\"editable\":true},\"list\":{\"label\":\"Icon\",\"searchable\":false,\"sortable\":false}},\"isRequired\":{\"edit\":{\"label\":\"IsRequired\",\"description\":\"\",\"placeholder\":\"\",\"visible\":true,\"editable\":true},\"list\":{\"label\":\"IsRequired\",\"searchable\":true,\"sortable\":true}},\"errorMessage\":{\"edit\":{\"label\":\"ErrorMessage\",\"description\":\"\",\"placeholder\":\"\",\"visible\":true,\"editable\":true},\"list\":{\"label\":\"ErrorMessage\",\"searchable\":true,\"sortable\":true}},\"order\":{\"edit\":{\"label\":\"Order\",\"description\":\"\",\"placeholder\":\"\",\"visible\":true,\"editable\":true},\"list\":{\"label\":\"Order\",\"searchable\":true,\"sortable\":true}},\"type\":{\"edit\":{\"label\":\"Type\",\"description\":\"\",\"placeholder\":\"\",\"visible\":true,\"editable\":true},\"list\":{\"label\":\"Type\",\"searchable\":true,\"sortable\":true}},\"name\":{\"edit\":{\"label\":\"Name\",\"description\":\"\",\"placeholder\":\"\",\"visible\":true,\"editable\":true},\"list\":{\"label\":\"Name\",\"searchable\":true,\"sortable\":true}}},\"layouts\":{\"list\":[\"id\",\"placeholder\",\"value\",\"icon\"],\"edit\":[[{\"name\":\"placeholder\",\"size\":6},{\"name\":\"value\",\"size\":6}],[{\"name\":\"icon\",\"size\":6},{\"name\":\"isRequired\",\"size\":4}],[{\"name\":\"errorMessage\",\"size\":6},{\"name\":\"order\",\"size\":4}],[{\"name\":\"type\",\"size\":6},{\"name\":\"name\",\"size\":6}]],\"editRelations\":[]},\"isComponent\":true}','object','',''),(605,'plugin_content_manager_configuration_components::formulario.select-option','{\"uid\":\"formulario.select-option\",\"settings\":{\"bulkable\":true,\"filterable\":true,\"searchable\":true,\"pageSize\":10,\"mainField\":\"name\",\"defaultSortBy\":\"name\",\"defaultSortOrder\":\"ASC\"},\"metadatas\":{\"id\":{\"edit\":{},\"list\":{\"label\":\"Id\",\"searchable\":false,\"sortable\":false}},\"name\":{\"edit\":{\"label\":\"Name\",\"description\":\"\",\"placeholder\":\"\",\"visible\":true,\"editable\":true},\"list\":{\"label\":\"Name\",\"searchable\":true,\"sortable\":true}},\"Option\":{\"edit\":{\"label\":\"Option\",\"description\":\"\",\"placeholder\":\"\",\"visible\":true,\"editable\":true},\"list\":{\"label\":\"Option\",\"searchable\":false,\"sortable\":false}},\"isRequired\":{\"edit\":{\"label\":\"IsRequired\",\"description\":\"\",\"placeholder\":\"\",\"visible\":true,\"editable\":true},\"list\":{\"label\":\"IsRequired\",\"searchable\":true,\"sortable\":true}},\"errorMessage\":{\"edit\":{\"label\":\"ErrorMessage\",\"description\":\"\",\"placeholder\":\"\",\"visible\":true,\"editable\":true},\"list\":{\"label\":\"ErrorMessage\",\"searchable\":true,\"sortable\":true}},\"type\":{\"edit\":{\"label\":\"Type\",\"description\":\"\",\"placeholder\":\"\",\"visible\":true,\"editable\":true},\"list\":{\"label\":\"Type\",\"searchable\":true,\"sortable\":true}},\"order\":{\"edit\":{\"label\":\"Order\",\"description\":\"\",\"placeholder\":\"\",\"visible\":true,\"editable\":true},\"list\":{\"label\":\"Order\",\"searchable\":true,\"sortable\":true}}},\"layouts\":{\"list\":[\"id\",\"name\",\"isRequired\",\"errorMessage\"],\"edit\":[[{\"name\":\"name\",\"size\":6}],[{\"name\":\"Option\",\"size\":12}],[{\"name\":\"isRequired\",\"size\":4},{\"name\":\"errorMessage\",\"size\":6}],[{\"name\":\"type\",\"size\":6},{\"name\":\"order\",\"size\":4}]],\"editRelations\":[]},\"isComponent\":true}','object','',''),(606,'plugin_content_manager_configuration_components::home.banner-section','{\"uid\":\"home.banner-section\",\"settings\":{\"bulkable\":true,\"filterable\":true,\"searchable\":true,\"pageSize\":10,\"mainField\":\"title\",\"defaultSortBy\":\"title\",\"defaultSortOrder\":\"ASC\"},\"metadatas\":{\"id\":{\"edit\":{},\"list\":{\"label\":\"Id\",\"searchable\":false,\"sortable\":false}},\"title\":{\"edit\":{\"label\":\"Title\",\"description\":\"\",\"placeholder\":\"\",\"visible\":true,\"editable\":true},\"list\":{\"label\":\"Title\",\"searchable\":true,\"sortable\":true}},\"subtitle\":{\"edit\":{\"label\":\"Subtitle\",\"description\":\"\",\"placeholder\":\"\",\"visible\":true,\"editable\":true},\"list\":{\"label\":\"Subtitle\",\"searchable\":true,\"sortable\":true}},\"background\":{\"edit\":{\"label\":\"Background\",\"description\":\"\",\"placeholder\":\"\",\"visible\":true,\"editable\":true},\"list\":{\"label\":\"Background\",\"searchable\":false,\"sortable\":false}},\"buttons\":{\"edit\":{\"label\":\"Buttons\",\"description\":\"\",\"placeholder\":\"\",\"visible\":true,\"editable\":true},\"list\":{\"label\":\"Buttons\",\"searchable\":false,\"sortable\":false}},\"search\":{\"edit\":{\"label\":\"Search\",\"description\":\"\",\"placeholder\":\"\",\"visible\":true,\"editable\":true},\"list\":{\"label\":\"Search\",\"searchable\":true,\"sortable\":true}}},\"layouts\":{\"list\":[\"id\",\"title\",\"subtitle\",\"background\"],\"edit\":[[{\"name\":\"title\",\"size\":6},{\"name\":\"subtitle\",\"size\":6}],[{\"name\":\"background\",\"size\":6}],[{\"name\":\"buttons\",\"size\":12}],[{\"name\":\"search\",\"size\":6}]],\"editRelations\":[]},\"isComponent\":true}','object','',''),(607,'plugin_content_manager_configuration_components::home.benefits-list','{\"uid\":\"home.benefits-list\",\"settings\":{\"bulkable\":true,\"filterable\":true,\"searchable\":true,\"pageSize\":10,\"mainField\":\"title\",\"defaultSortBy\":\"title\",\"defaultSortOrder\":\"ASC\"},\"metadatas\":{\"id\":{\"edit\":{},\"list\":{\"label\":\"Id\",\"searchable\":false,\"sortable\":false}},\"title\":{\"edit\":{\"label\":\"Title\",\"description\":\"\",\"placeholder\":\"\",\"visible\":true,\"editable\":true},\"list\":{\"label\":\"Title\",\"searchable\":true,\"sortable\":true}},\"subtitle\":{\"edit\":{\"label\":\"Subtitle\",\"description\":\"\",\"placeholder\":\"\",\"visible\":true,\"editable\":true},\"list\":{\"label\":\"Subtitle\",\"searchable\":true,\"sortable\":true}},\"icon\":{\"edit\":{\"label\":\"Icon\",\"description\":\"\",\"placeholder\":\"\",\"visible\":true,\"editable\":true},\"list\":{\"label\":\"Icon\",\"searchable\":false,\"sortable\":false}}},\"layouts\":{\"list\":[\"id\",\"title\",\"subtitle\",\"icon\"],\"edit\":[[{\"name\":\"title\",\"size\":6},{\"name\":\"subtitle\",\"size\":6}],[{\"name\":\"icon\",\"size\":6}]],\"editRelations\":[]},\"isComponent\":true}','object','',''),(608,'plugin_content_manager_configuration_components::home.key-section','{\"uid\":\"home.key-section\",\"settings\":{\"bulkable\":true,\"filterable\":true,\"searchable\":true,\"pageSize\":10,\"mainField\":\"title\",\"defaultSortBy\":\"title\",\"defaultSortOrder\":\"ASC\"},\"metadatas\":{\"id\":{\"edit\":{},\"list\":{\"label\":\"Id\",\"searchable\":false,\"sortable\":false}},\"title\":{\"edit\":{\"label\":\"Title\",\"description\":\"\",\"placeholder\":\"\",\"visible\":true,\"editable\":true},\"list\":{\"label\":\"Title\",\"searchable\":true,\"sortable\":true}},\"images\":{\"edit\":{\"label\":\"Images\",\"description\":\"\",\"placeholder\":\"\",\"visible\":true,\"editable\":true},\"list\":{\"label\":\"Images\",\"searchable\":false,\"sortable\":false}},\"benefitsList\":{\"edit\":{\"label\":\"BenefitsList\",\"description\":\"\",\"placeholder\":\"\",\"visible\":true,\"editable\":true},\"list\":{\"label\":\"BenefitsList\",\"searchable\":false,\"sortable\":false}},\"button\":{\"edit\":{\"label\":\"Button\",\"description\":\"\",\"placeholder\":\"\",\"visible\":true,\"editable\":true},\"list\":{\"label\":\"Button\",\"searchable\":false,\"sortable\":false}}},\"layouts\":{\"list\":[\"id\",\"title\",\"images\"],\"edit\":[[{\"name\":\"title\",\"size\":6},{\"name\":\"images\",\"size\":6}],[{\"name\":\"benefitsList\",\"size\":12}],[{\"name\":\"button\",\"size\":12}]],\"editRelations\":[]},\"isComponent\":true}','object','',''),(609,'plugin_content_manager_configuration_components::home.status-api','{\"uid\":\"home.status-api\",\"settings\":{\"bulkable\":true,\"filterable\":true,\"searchable\":true,\"pageSize\":10,\"mainField\":\"text\",\"defaultSortBy\":\"text\",\"defaultSortOrder\":\"ASC\"},\"metadatas\":{\"id\":{\"edit\":{},\"list\":{\"label\":\"Id\",\"searchable\":false,\"sortable\":false}},\"text\":{\"edit\":{\"label\":\"Text\",\"description\":\"\",\"placeholder\":\"\",\"visible\":true,\"editable\":true},\"list\":{\"label\":\"Text\",\"searchable\":true,\"sortable\":true}},\"status\":{\"edit\":{\"label\":\"Status\",\"description\":\"\",\"placeholder\":\"\",\"visible\":true,\"editable\":true},\"list\":{\"label\":\"Status\",\"searchable\":true,\"sortable\":true}}},\"layouts\":{\"list\":[\"id\",\"text\",\"status\"],\"edit\":[[{\"name\":\"text\",\"size\":6},{\"name\":\"status\",\"size\":6}]],\"editRelations\":[]},\"isComponent\":true}','object','',''),(610,'plugin_content_manager_configuration_components::home.discover-section','{\"uid\":\"home.discover-section\",\"settings\":{\"bulkable\":true,\"filterable\":true,\"searchable\":true,\"pageSize\":10,\"mainField\":\"title\",\"defaultSortBy\":\"title\",\"defaultSortOrder\":\"ASC\"},\"metadatas\":{\"id\":{\"edit\":{},\"list\":{\"label\":\"Id\",\"searchable\":false,\"sortable\":false}},\"title\":{\"edit\":{\"label\":\"Title\",\"description\":\"\",\"placeholder\":\"\",\"visible\":true,\"editable\":true},\"list\":{\"label\":\"Title\",\"searchable\":true,\"sortable\":true}},\"subtitle\":{\"edit\":{\"label\":\"Subtitle\",\"description\":\"\",\"placeholder\":\"\",\"visible\":true,\"editable\":true},\"list\":{\"label\":\"Subtitle\",\"searchable\":true,\"sortable\":true}},\"button\":{\"edit\":{\"label\":\"Button\",\"description\":\"\",\"placeholder\":\"\",\"visible\":true,\"editable\":true},\"list\":{\"label\":\"Button\",\"searchable\":false,\"sortable\":false}},\"statusApi\":{\"edit\":{\"label\":\"StatusApi\",\"description\":\"\",\"placeholder\":\"\",\"visible\":true,\"editable\":true},\"list\":{\"label\":\"StatusApi\",\"searchable\":false,\"sortable\":false}},\"icon\":{\"edit\":{\"label\":\"Icon\",\"description\":\"\",\"placeholder\":\"\",\"visible\":true,\"editable\":true},\"list\":{\"label\":\"Icon\",\"searchable\":false,\"sortable\":false}},\"smallText\":{\"edit\":{\"label\":\"SmallText\",\"description\":\"\",\"placeholder\":\"\",\"visible\":true,\"editable\":true},\"list\":{\"label\":\"SmallText\",\"searchable\":true,\"sortable\":true}},\"Products\":{\"edit\":{\"label\":\"Products\",\"description\":\"\",\"placeholder\":\"\",\"visible\":true,\"editable\":true},\"list\":{\"label\":\"Products\",\"searchable\":false,\"sortable\":false}},\"iconText\":{\"edit\":{\"label\":\"IconText\",\"description\":\"\",\"placeholder\":\"\",\"visible\":true,\"editable\":true},\"list\":{\"label\":\"IconText\",\"searchable\":true,\"sortable\":true}}},\"layouts\":{\"list\":[\"id\",\"title\",\"subtitle\",\"icon\"],\"edit\":[[{\"name\":\"title\",\"size\":6},{\"name\":\"subtitle\",\"size\":6}],[{\"name\":\"button\",\"size\":12}],[{\"name\":\"statusApi\",\"size\":12}],[{\"name\":\"icon\",\"size\":6}],[{\"name\":\"smallText\",\"size\":6}],[{\"name\":\"Products\",\"size\":12}],[{\"name\":\"iconText\",\"size\":6}]],\"editRelations\":[]},\"isComponent\":true}','object','',''),(611,'plugin_content_manager_configuration_components::home.widget-section','{\"uid\":\"home.widget-section\",\"settings\":{\"bulkable\":true,\"filterable\":true,\"searchable\":true,\"pageSize\":10,\"mainField\":\"title\",\"defaultSortBy\":\"title\",\"defaultSortOrder\":\"ASC\"},\"metadatas\":{\"id\":{\"edit\":{},\"list\":{\"label\":\"Id\",\"searchable\":false,\"sortable\":false}},\"title\":{\"edit\":{\"label\":\"Title\",\"description\":\"\",\"placeholder\":\"\",\"visible\":true,\"editable\":true},\"list\":{\"label\":\"Title\",\"searchable\":true,\"sortable\":true}},\"button\":{\"edit\":{\"label\":\"Button\",\"description\":\"\",\"placeholder\":\"\",\"visible\":true,\"editable\":true},\"list\":{\"label\":\"Button\",\"searchable\":false,\"sortable\":false}},\"icon\":{\"edit\":{\"label\":\"Icon\",\"description\":\"\",\"placeholder\":\"\",\"visible\":true,\"editable\":true},\"list\":{\"label\":\"Icon\",\"searchable\":false,\"sortable\":false}},\"image\":{\"edit\":{\"label\":\"Image\",\"description\":\"\",\"placeholder\":\"\",\"visible\":true,\"editable\":true},\"list\":{\"label\":\"Image\",\"searchable\":false,\"sortable\":false}},\"subtitle\":{\"edit\":{\"label\":\"Subtitle\",\"description\":\"\",\"placeholder\":\"\",\"visible\":true,\"editable\":true},\"list\":{\"label\":\"Subtitle\",\"searchable\":false,\"sortable\":false}}},\"layouts\":{\"list\":[\"id\",\"title\",\"icon\",\"image\"],\"edit\":[[{\"name\":\"title\",\"size\":6}],[{\"name\":\"button\",\"size\":12}],[{\"name\":\"icon\",\"size\":6},{\"name\":\"image\",\"size\":6}],[{\"name\":\"subtitle\",\"size\":12}]],\"editRelations\":[]},\"isComponent\":true}','object','',''),(612,'plugin_content_manager_configuration_components::home.steps','{\"uid\":\"home.steps\",\"settings\":{\"bulkable\":true,\"filterable\":true,\"searchable\":true,\"pageSize\":10,\"mainField\":\"title\",\"defaultSortBy\":\"title\",\"defaultSortOrder\":\"ASC\"},\"metadatas\":{\"id\":{\"edit\":{},\"list\":{\"label\":\"Id\",\"searchable\":false,\"sortable\":false}},\"title\":{\"edit\":{\"label\":\"Title\",\"description\":\"\",\"placeholder\":\"\",\"visible\":true,\"editable\":true},\"list\":{\"label\":\"Title\",\"searchable\":true,\"sortable\":true}},\"subtitle\":{\"edit\":{\"label\":\"Subtitle\",\"description\":\"\",\"placeholder\":\"\",\"visible\":true,\"editable\":true},\"list\":{\"label\":\"Subtitle\",\"searchable\":true,\"sortable\":true}},\"number\":{\"edit\":{\"label\":\"Number\",\"description\":\"\",\"placeholder\":\"\",\"visible\":true,\"editable\":true},\"list\":{\"label\":\"Number\",\"searchable\":true,\"sortable\":true}}},\"layouts\":{\"list\":[\"id\",\"title\",\"subtitle\",\"number\"],\"edit\":[[{\"name\":\"title\",\"size\":6},{\"name\":\"subtitle\",\"size\":6}],[{\"name\":\"number\",\"size\":6}]],\"editRelations\":[]},\"isComponent\":true}','object','',''),(613,'plugin_content_manager_configuration_components::links.big-link','{\"uid\":\"links.big-link\",\"settings\":{\"bulkable\":true,\"filterable\":true,\"searchable\":true,\"pageSize\":10,\"mainField\":\"altText\",\"defaultSortBy\":\"altText\",\"defaultSortOrder\":\"ASC\"},\"metadatas\":{\"id\":{\"edit\":{},\"list\":{\"label\":\"Id\",\"searchable\":false,\"sortable\":false}},\"link\":{\"edit\":{\"label\":\"Link\",\"description\":\"\",\"placeholder\":\"\",\"visible\":true,\"editable\":true},\"list\":{\"label\":\"Link\",\"searchable\":false,\"sortable\":false}},\"icon\":{\"edit\":{\"label\":\"Icon\",\"description\":\"\",\"placeholder\":\"\",\"visible\":true,\"editable\":true},\"list\":{\"label\":\"Icon\",\"searchable\":false,\"sortable\":false}},\"altText\":{\"edit\":{\"label\":\"AltText\",\"description\":\"\",\"placeholder\":\"\",\"visible\":true,\"editable\":true},\"list\":{\"label\":\"AltText\",\"searchable\":true,\"sortable\":true}},\"status\":{\"edit\":{\"label\":\"Status\",\"description\":\"\",\"placeholder\":\"\",\"visible\":true,\"editable\":true},\"list\":{\"label\":\"Status\",\"searchable\":true,\"sortable\":true}}},\"layouts\":{\"list\":[\"id\",\"icon\",\"altText\",\"status\"],\"edit\":[[{\"name\":\"link\",\"size\":12}],[{\"name\":\"icon\",\"size\":6},{\"name\":\"altText\",\"size\":6}],[{\"name\":\"status\",\"size\":6}]],\"editRelations\":[]},\"isComponent\":true}','object','',''),(614,'plugin_content_manager_configuration_components::links.drop-big-link','{\"uid\":\"links.drop-big-link\",\"settings\":{\"bulkable\":true,\"filterable\":true,\"searchable\":true,\"pageSize\":10,\"mainField\":\"id\",\"defaultSortBy\":\"id\",\"defaultSortOrder\":\"ASC\"},\"metadatas\":{\"id\":{\"edit\":{},\"list\":{\"label\":\"Id\",\"searchable\":false,\"sortable\":false}},\"mainLink\":{\"edit\":{\"label\":\"MainLink\",\"description\":\"\",\"placeholder\":\"\",\"visible\":true,\"editable\":true},\"list\":{\"label\":\"MainLink\",\"searchable\":false,\"sortable\":false}},\"bigLinks\":{\"edit\":{\"label\":\"BigLinks\",\"description\":\"\",\"placeholder\":\"\",\"visible\":true,\"editable\":true},\"list\":{\"label\":\"BigLinks\",\"searchable\":false,\"sortable\":false}}},\"layouts\":{\"list\":[\"id\"],\"edit\":[[{\"name\":\"mainLink\",\"size\":12}],[{\"name\":\"bigLinks\",\"size\":12}]],\"editRelations\":[]},\"isComponent\":true}','object','',''),(615,'plugin_content_manager_configuration_components::home.work-section','{\"uid\":\"home.work-section\",\"settings\":{\"bulkable\":true,\"filterable\":true,\"searchable\":true,\"pageSize\":10,\"mainField\":\"title\",\"defaultSortBy\":\"title\",\"defaultSortOrder\":\"ASC\"},\"metadatas\":{\"id\":{\"edit\":{},\"list\":{\"label\":\"Id\",\"searchable\":false,\"sortable\":false}},\"title\":{\"edit\":{\"label\":\"Title\",\"description\":\"\",\"placeholder\":\"\",\"visible\":true,\"editable\":true},\"list\":{\"label\":\"Title\",\"searchable\":true,\"sortable\":true}},\"Steps\":{\"edit\":{\"label\":\"Steps\",\"description\":\"\",\"placeholder\":\"\",\"visible\":true,\"editable\":true},\"list\":{\"label\":\"Steps\",\"searchable\":false,\"sortable\":false}},\"buttons\":{\"edit\":{\"label\":\"Buttons\",\"description\":\"\",\"placeholder\":\"\",\"visible\":true,\"editable\":true},\"list\":{\"label\":\"Buttons\",\"searchable\":false,\"sortable\":false}},\"background\":{\"edit\":{\"label\":\"Background\",\"description\":\"\",\"placeholder\":\"\",\"visible\":true,\"editable\":true},\"list\":{\"label\":\"Background\",\"searchable\":false,\"sortable\":false}}},\"layouts\":{\"list\":[\"id\",\"title\",\"background\"],\"edit\":[[{\"name\":\"title\",\"size\":6}],[{\"name\":\"Steps\",\"size\":12}],[{\"name\":\"buttons\",\"size\":12}],[{\"name\":\"background\",\"size\":6}]],\"editRelations\":[]},\"isComponent\":true}','object','',''),(616,'plugin_content_manager_configuration_components::new.sharing','{\"uid\":\"new.sharing\",\"settings\":{\"bulkable\":true,\"filterable\":true,\"searchable\":true,\"pageSize\":10,\"mainField\":\"shareName\",\"defaultSortBy\":\"shareName\",\"defaultSortOrder\":\"ASC\"},\"metadatas\":{\"id\":{\"edit\":{},\"list\":{\"label\":\"Id\",\"searchable\":false,\"sortable\":false}},\"shareList\":{\"edit\":{\"label\":\"ShareList\",\"description\":\"\",\"placeholder\":\"\",\"visible\":true,\"editable\":true},\"list\":{\"label\":\"ShareList\",\"searchable\":false,\"sortable\":false}},\"shareName\":{\"edit\":{\"label\":\"ShareName\",\"description\":\"\",\"placeholder\":\"\",\"visible\":true,\"editable\":true},\"list\":{\"label\":\"ShareName\",\"searchable\":true,\"sortable\":true}}},\"layouts\":{\"list\":[\"id\",\"shareName\"],\"edit\":[[{\"name\":\"shareList\",\"size\":12}],[{\"name\":\"shareName\",\"size\":6}]],\"editRelations\":[]},\"isComponent\":true}','object','',''),(617,'plugin_content_manager_configuration_components::links.icon-link','{\"uid\":\"links.icon-link\",\"settings\":{\"bulkable\":true,\"filterable\":true,\"searchable\":true,\"pageSize\":10,\"mainField\":\"id\",\"defaultSortBy\":\"id\",\"defaultSortOrder\":\"ASC\"},\"metadatas\":{\"id\":{\"edit\":{},\"list\":{\"label\":\"Id\",\"searchable\":false,\"sortable\":false}},\"link\":{\"edit\":{\"label\":\"Link\",\"description\":\"\",\"placeholder\":\"\",\"visible\":true,\"editable\":true},\"list\":{\"label\":\"Link\",\"searchable\":false,\"sortable\":false}},\"icon\":{\"edit\":{\"label\":\"Icon\",\"description\":\"\",\"placeholder\":\"\",\"visible\":true,\"editable\":true},\"list\":{\"label\":\"Icon\",\"searchable\":false,\"sortable\":false}}},\"layouts\":{\"list\":[\"id\",\"icon\"],\"edit\":[[{\"name\":\"link\",\"size\":12}],[{\"name\":\"icon\",\"size\":6}]],\"editRelations\":[]},\"isComponent\":true}','object','',''),(618,'plugin_content_manager_configuration_components::new.share','{\"uid\":\"new.share\",\"settings\":{\"bulkable\":true,\"filterable\":true,\"searchable\":true,\"pageSize\":10,\"mainField\":\"url\",\"defaultSortBy\":\"url\",\"defaultSortOrder\":\"ASC\"},\"metadatas\":{\"id\":{\"edit\":{},\"list\":{\"label\":\"Id\",\"searchable\":false,\"sortable\":false}},\"url\":{\"edit\":{\"label\":\"Url\",\"description\":\"\",\"placeholder\":\"\",\"visible\":true,\"editable\":true},\"list\":{\"label\":\"Url\",\"searchable\":true,\"sortable\":true}},\"icon\":{\"edit\":{\"label\":\"Icon\",\"description\":\"\",\"placeholder\":\"\",\"visible\":true,\"editable\":true},\"list\":{\"label\":\"Icon\",\"searchable\":false,\"sortable\":false}}},\"layouts\":{\"list\":[\"id\",\"url\",\"icon\"],\"edit\":[[{\"name\":\"url\",\"size\":6},{\"name\":\"icon\",\"size\":6}]],\"editRelations\":[]},\"isComponent\":true}','object','',''),(619,'plugin_content_manager_configuration_components::new.cards-list','{\"uid\":\"new.cards-list\",\"settings\":{\"bulkable\":true,\"filterable\":true,\"searchable\":true,\"pageSize\":10,\"mainField\":\"url\",\"defaultSortBy\":\"url\",\"defaultSortOrder\":\"ASC\"},\"metadatas\":{\"id\":{\"edit\":{},\"list\":{\"label\":\"Id\",\"searchable\":false,\"sortable\":false}},\"url\":{\"edit\":{\"label\":\"Url\",\"description\":\"\",\"placeholder\":\"\",\"visible\":true,\"editable\":true},\"list\":{\"label\":\"Url\",\"searchable\":true,\"sortable\":true}},\"icon\":{\"edit\":{\"label\":\"Icon\",\"description\":\"\",\"placeholder\":\"\",\"visible\":true,\"editable\":true},\"list\":{\"label\":\"Icon\",\"searchable\":false,\"sortable\":false}}},\"layouts\":{\"list\":[\"id\",\"url\",\"icon\"],\"edit\":[[{\"name\":\"url\",\"size\":6},{\"name\":\"icon\",\"size\":6}]],\"editRelations\":[]},\"isComponent\":true}','object','',''),(620,'plugin_content_manager_configuration_components::new.card-list','{\"uid\":\"new.card-list\",\"settings\":{\"bulkable\":true,\"filterable\":true,\"searchable\":true,\"pageSize\":10,\"mainField\":\"url\",\"defaultSortBy\":\"url\",\"defaultSortOrder\":\"ASC\"},\"metadatas\":{\"id\":{\"edit\":{},\"list\":{\"label\":\"Id\",\"searchable\":false,\"sortable\":false}},\"url\":{\"edit\":{\"label\":\"Url\",\"description\":\"\",\"placeholder\":\"\",\"visible\":true,\"editable\":true},\"list\":{\"label\":\"Url\",\"searchable\":true,\"sortable\":true}},\"icon\":{\"edit\":{\"label\":\"Icon\",\"description\":\"\",\"placeholder\":\"\",\"visible\":true,\"editable\":true},\"list\":{\"label\":\"Icon\",\"searchable\":false,\"sortable\":false}}},\"layouts\":{\"list\":[\"id\",\"url\",\"icon\"],\"edit\":[[{\"name\":\"url\",\"size\":6},{\"name\":\"icon\",\"size\":6}]],\"editRelations\":[]},\"isComponent\":true}','object','',''),(621,'plugin_content_manager_configuration_components::new.test','{\"uid\":\"new.test\",\"settings\":{\"bulkable\":true,\"filterable\":true,\"searchable\":true,\"pageSize\":10,\"mainField\":\"test\",\"defaultSortBy\":\"test\",\"defaultSortOrder\":\"ASC\"},\"metadatas\":{\"id\":{\"edit\":{},\"list\":{\"label\":\"Id\",\"searchable\":false,\"sortable\":false}},\"test\":{\"edit\":{\"label\":\"Test\",\"description\":\"\",\"placeholder\":\"\",\"visible\":true,\"editable\":true},\"list\":{\"label\":\"Test\",\"searchable\":true,\"sortable\":true}}},\"layouts\":{\"list\":[\"id\",\"test\"],\"edit\":[[{\"name\":\"test\",\"size\":6}]],\"editRelations\":[]},\"isComponent\":true}','object','',''),(622,'plugin_content_manager_configuration_components::sections.breadcumb-section','{\"uid\":\"sections.breadcumb-section\",\"settings\":{\"bulkable\":true,\"filterable\":true,\"searchable\":true,\"pageSize\":10,\"mainField\":\"DevelopersName\",\"defaultSortBy\":\"DevelopersName\",\"defaultSortOrder\":\"ASC\"},\"metadatas\":{\"id\":{\"edit\":{},\"list\":{\"label\":\"Id\",\"searchable\":false,\"sortable\":false}},\"DevelopersName\":{\"edit\":{\"label\":\"DevelopersName\",\"description\":\"\",\"placeholder\":\"\",\"visible\":true,\"editable\":true},\"list\":{\"label\":\"DevelopersName\",\"searchable\":true,\"sortable\":true}},\"shareName\":{\"edit\":{\"label\":\"ShareName\",\"description\":\"\",\"placeholder\":\"\",\"visible\":true,\"editable\":true},\"list\":{\"label\":\"ShareName\",\"searchable\":true,\"sortable\":true}},\"shareList\":{\"edit\":{\"label\":\"ShareList\",\"description\":\"\",\"placeholder\":\"\",\"visible\":true,\"editable\":true},\"list\":{\"label\":\"ShareList\",\"searchable\":false,\"sortable\":false}},\"ClimatetradeLink\":{\"edit\":{\"label\":\"ClimatetradeLink\",\"description\":\"\",\"placeholder\":\"\",\"visible\":true,\"editable\":true},\"list\":{\"label\":\"ClimatetradeLink\",\"searchable\":false,\"sortable\":false}}},\"layouts\":{\"list\":[\"id\",\"DevelopersName\",\"shareName\"],\"edit\":[[{\"name\":\"DevelopersName\",\"size\":6},{\"name\":\"shareName\",\"size\":6}],[{\"name\":\"shareList\",\"size\":12}],[{\"name\":\"ClimatetradeLink\",\"size\":12}]],\"editRelations\":[]},\"isComponent\":true}','object','',''),(623,'plugin_content_manager_configuration_components::links.drop-link','{\"uid\":\"links.drop-link\",\"settings\":{\"bulkable\":true,\"filterable\":true,\"searchable\":true,\"pageSize\":10,\"mainField\":\"id\",\"defaultSortBy\":\"id\",\"defaultSortOrder\":\"ASC\"},\"metadatas\":{\"id\":{\"edit\":{},\"list\":{\"label\":\"Id\",\"searchable\":false,\"sortable\":false}},\"mainLink\":{\"edit\":{\"label\":\"MainLink\",\"description\":\"\",\"placeholder\":\"\",\"visible\":true,\"editable\":true},\"list\":{\"label\":\"MainLink\",\"searchable\":false,\"sortable\":false}},\"links\":{\"edit\":{\"label\":\"Links\",\"description\":\"\",\"placeholder\":\"\",\"visible\":true,\"editable\":true},\"list\":{\"label\":\"Links\",\"searchable\":false,\"sortable\":false}}},\"layouts\":{\"list\":[\"id\"],\"edit\":[[{\"name\":\"mainLink\",\"size\":12}],[{\"name\":\"links\",\"size\":12}]],\"editRelations\":[]},\"isComponent\":true}','object','',''),(624,'plugin_content_manager_configuration_components::sections.calculate-section','{\"uid\":\"sections.calculate-section\",\"settings\":{\"bulkable\":true,\"filterable\":true,\"searchable\":true,\"pageSize\":10,\"mainField\":\"title\",\"defaultSortBy\":\"title\",\"defaultSortOrder\":\"ASC\"},\"metadatas\":{\"id\":{\"edit\":{},\"list\":{\"label\":\"Id\",\"searchable\":false,\"sortable\":false}},\"title\":{\"edit\":{\"label\":\"Title\",\"description\":\"\",\"placeholder\":\"\",\"visible\":true,\"editable\":true},\"list\":{\"label\":\"Title\",\"searchable\":true,\"sortable\":true}},\"subtitle\":{\"edit\":{\"label\":\"Subtitle\",\"description\":\"\",\"placeholder\":\"\",\"visible\":true,\"editable\":true},\"list\":{\"label\":\"Subtitle\",\"searchable\":true,\"sortable\":true}},\"image\":{\"edit\":{\"label\":\"Image\",\"description\":\"\",\"placeholder\":\"\",\"visible\":true,\"editable\":true},\"list\":{\"label\":\"Image\",\"searchable\":false,\"sortable\":false}},\"button\":{\"edit\":{\"label\":\"Button\",\"description\":\"\",\"placeholder\":\"\",\"visible\":true,\"editable\":true},\"list\":{\"label\":\"Button\",\"searchable\":false,\"sortable\":false}}},\"layouts\":{\"list\":[\"id\",\"title\",\"subtitle\",\"image\"],\"edit\":[[{\"name\":\"title\",\"size\":6},{\"name\":\"subtitle\",\"size\":6}],[{\"name\":\"image\",\"size\":6}],[{\"name\":\"button\",\"size\":12}]],\"editRelations\":[]},\"isComponent\":true}','object','',''),(625,'plugin_content_manager_configuration_components::sections.call-action','{\"uid\":\"sections.call-action\",\"settings\":{\"bulkable\":true,\"filterable\":true,\"searchable\":true,\"pageSize\":10,\"mainField\":\"description\",\"defaultSortBy\":\"description\",\"defaultSortOrder\":\"ASC\"},\"metadatas\":{\"id\":{\"edit\":{},\"list\":{\"label\":\"Id\",\"searchable\":false,\"sortable\":false}},\"description\":{\"edit\":{\"label\":\"Description\",\"description\":\"\",\"placeholder\":\"\",\"visible\":true,\"editable\":true},\"list\":{\"label\":\"Description\",\"searchable\":true,\"sortable\":true}},\"backgroundIcon\":{\"edit\":{\"label\":\"BackgroundIcon\",\"description\":\"\",\"placeholder\":\"\",\"visible\":true,\"editable\":true},\"list\":{\"label\":\"BackgroundIcon\",\"searchable\":false,\"sortable\":false}},\"icon\":{\"edit\":{\"label\":\"Icon\",\"description\":\"\",\"placeholder\":\"\",\"visible\":true,\"editable\":true},\"list\":{\"label\":\"Icon\",\"searchable\":false,\"sortable\":false}}},\"layouts\":{\"list\":[\"id\",\"description\",\"backgroundIcon\",\"icon\"],\"edit\":[[{\"name\":\"description\",\"size\":6},{\"name\":\"backgroundIcon\",\"size\":6}],[{\"name\":\"icon\",\"size\":6}]],\"editRelations\":[]},\"isComponent\":true}','object','',''),(626,'plugin_content_manager_configuration_components::sections.content-section','{\"uid\":\"sections.content-section\",\"settings\":{\"bulkable\":true,\"filterable\":true,\"searchable\":true,\"pageSize\":10,\"mainField\":\"title\",\"defaultSortBy\":\"title\",\"defaultSortOrder\":\"ASC\"},\"metadatas\":{\"id\":{\"edit\":{},\"list\":{\"label\":\"Id\",\"searchable\":false,\"sortable\":false}},\"title\":{\"edit\":{\"label\":\"Title\",\"description\":\"\",\"placeholder\":\"\",\"visible\":true,\"editable\":true},\"list\":{\"label\":\"Title\",\"searchable\":true,\"sortable\":true}}},\"layouts\":{\"list\":[\"id\",\"title\"],\"edit\":[[{\"name\":\"title\",\"size\":6}]],\"editRelations\":[]},\"isComponent\":true}','object','',''),(628,'plugin_content_manager_configuration_components::sections.cookies','{\"uid\":\"sections.cookies\",\"settings\":{\"bulkable\":true,\"filterable\":true,\"searchable\":true,\"pageSize\":10,\"mainField\":\"id\",\"defaultSortBy\":\"id\",\"defaultSortOrder\":\"ASC\"},\"metadatas\":{\"id\":{\"edit\":{},\"list\":{\"label\":\"Id\",\"searchable\":false,\"sortable\":false}},\"actions\":{\"edit\":{\"label\":\"Actions\",\"description\":\"\",\"placeholder\":\"\",\"visible\":true,\"editable\":true},\"list\":{\"label\":\"Actions\",\"searchable\":false,\"sortable\":false}},\"info\":{\"edit\":{\"label\":\"Info\",\"description\":\"\",\"placeholder\":\"\",\"visible\":true,\"editable\":true},\"list\":{\"label\":\"Info\",\"searchable\":false,\"sortable\":false}}},\"layouts\":{\"list\":[\"id\"],\"edit\":[[{\"name\":\"actions\",\"size\":12}],[{\"name\":\"info\",\"size\":12}]],\"editRelations\":[]},\"isComponent\":true}','object','',''),(629,'plugin_content_manager_configuration_components::sections.copyright','{\"uid\":\"sections.copyright\",\"settings\":{\"bulkable\":true,\"filterable\":true,\"searchable\":true,\"pageSize\":10,\"mainField\":\"mainText\",\"defaultSortBy\":\"mainText\",\"defaultSortOrder\":\"ASC\"},\"metadatas\":{\"id\":{\"edit\":{},\"list\":{\"label\":\"Id\",\"searchable\":false,\"sortable\":false}},\"mainText\":{\"edit\":{\"label\":\"MainText\",\"description\":\"\",\"placeholder\":\"\",\"visible\":true,\"editable\":true},\"list\":{\"label\":\"MainText\",\"searchable\":true,\"sortable\":true}},\"link\":{\"edit\":{\"label\":\"Link\",\"description\":\"\",\"placeholder\":\"\",\"visible\":true,\"editable\":true},\"list\":{\"label\":\"Link\",\"searchable\":false,\"sortable\":false}}},\"layouts\":{\"list\":[\"id\",\"mainText\"],\"edit\":[[{\"name\":\"mainText\",\"size\":6}],[{\"name\":\"link\",\"size\":12}]],\"editRelations\":[]},\"isComponent\":true}','object','',''),(630,'plugin_content_manager_configuration_components::sections.for-all-section','{\"uid\":\"sections.for-all-section\",\"settings\":{\"bulkable\":true,\"filterable\":true,\"searchable\":true,\"pageSize\":10,\"mainField\":\"title\",\"defaultSortBy\":\"title\",\"defaultSortOrder\":\"ASC\"},\"metadatas\":{\"id\":{\"edit\":{},\"list\":{\"label\":\"Id\",\"searchable\":false,\"sortable\":false}},\"title\":{\"edit\":{\"label\":\"Title\",\"description\":\"\",\"placeholder\":\"\",\"visible\":true,\"editable\":true},\"list\":{\"label\":\"Title\",\"searchable\":true,\"sortable\":true}},\"subtitle\":{\"edit\":{\"label\":\"Subtitle\",\"description\":\"\",\"placeholder\":\"\",\"visible\":true,\"editable\":true},\"list\":{\"label\":\"Subtitle\",\"searchable\":true,\"sortable\":true}},\"button\":{\"edit\":{\"label\":\"Button\",\"description\":\"\",\"placeholder\":\"\",\"visible\":true,\"editable\":true},\"list\":{\"label\":\"Button\",\"searchable\":false,\"sortable\":false}},\"icon\":{\"edit\":{\"label\":\"Icon\",\"description\":\"\",\"placeholder\":\"\",\"visible\":true,\"editable\":true},\"list\":{\"label\":\"Icon\",\"searchable\":false,\"sortable\":false}},\"cards\":{\"edit\":{\"label\":\"Cards\",\"description\":\"\",\"placeholder\":\"\",\"visible\":true,\"editable\":true},\"list\":{\"label\":\"Cards\",\"searchable\":false,\"sortable\":false}},\"content\":{\"edit\":{\"label\":\"Content\",\"description\":\"\",\"placeholder\":\"\",\"visible\":true,\"editable\":true},\"list\":{\"label\":\"Content\",\"searchable\":true,\"sortable\":true}}},\"layouts\":{\"list\":[\"id\",\"title\",\"subtitle\",\"icon\"],\"edit\":[[{\"name\":\"title\",\"size\":6},{\"name\":\"subtitle\",\"size\":6}],[{\"name\":\"button\",\"size\":12}],[{\"name\":\"icon\",\"size\":6}],[{\"name\":\"cards\",\"size\":12}],[{\"name\":\"content\",\"size\":6}]],\"editRelations\":[]},\"isComponent\":true}','object','',''),(631,'plugin_content_manager_configuration_components::sections.fourth-footer-section','{\"uid\":\"sections.fourth-footer-section\",\"settings\":{\"bulkable\":true,\"filterable\":true,\"searchable\":true,\"pageSize\":10,\"mainField\":\"IdContentType\",\"defaultSortBy\":\"IdContentType\",\"defaultSortOrder\":\"ASC\"},\"metadatas\":{\"id\":{\"edit\":{},\"list\":{\"label\":\"Id\",\"searchable\":false,\"sortable\":false}},\"IdContentType\":{\"edit\":{\"label\":\"IdContentType\",\"description\":\"\",\"placeholder\":\"\",\"visible\":true,\"editable\":true},\"list\":{\"label\":\"IdContentType\",\"searchable\":true,\"sortable\":true}},\"text\":{\"edit\":{\"label\":\"Text\",\"description\":\"\",\"placeholder\":\"\",\"visible\":true,\"editable\":true},\"list\":{\"label\":\"Text\",\"searchable\":false,\"sortable\":false}},\"buttonAffirmative\":{\"edit\":{\"label\":\"ButtonAffirmative\",\"description\":\"\",\"placeholder\":\"\",\"visible\":true,\"editable\":true},\"list\":{\"label\":\"ButtonAffirmative\",\"searchable\":false,\"sortable\":false}},\"buttonNegative\":{\"edit\":{\"label\":\"ButtonNegative\",\"description\":\"\",\"placeholder\":\"\",\"visible\":true,\"editable\":true},\"list\":{\"label\":\"ButtonNegative\",\"searchable\":false,\"sortable\":false}}},\"layouts\":{\"list\":[\"id\",\"IdContentType\"],\"edit\":[[{\"name\":\"IdContentType\",\"size\":6}],[{\"name\":\"text\",\"size\":12}],[{\"name\":\"buttonAffirmative\",\"size\":12}],[{\"name\":\"buttonNegative\",\"size\":12}]],\"editRelations\":[]},\"isComponent\":true}','object','',''),(632,'plugin_content_manager_configuration_components::sections.logotype','{\"uid\":\"sections.logotype\",\"settings\":{\"bulkable\":true,\"filterable\":true,\"searchable\":true,\"pageSize\":10,\"mainField\":\"altText\",\"defaultSortBy\":\"altText\",\"defaultSortOrder\":\"ASC\"},\"metadatas\":{\"id\":{\"edit\":{},\"list\":{\"label\":\"Id\",\"searchable\":false,\"sortable\":false}},\"mainText\":{\"edit\":{\"label\":\"MainText\",\"description\":\"\",\"placeholder\":\"\",\"visible\":true,\"editable\":true},\"list\":{\"label\":\"MainText\",\"searchable\":false,\"sortable\":false}},\"altText\":{\"edit\":{\"label\":\"AltText\",\"description\":\"\",\"placeholder\":\"\",\"visible\":true,\"editable\":true},\"list\":{\"label\":\"AltText\",\"searchable\":true,\"sortable\":true}}},\"layouts\":{\"list\":[\"id\",\"altText\"],\"edit\":[[{\"name\":\"mainText\",\"size\":12}],[{\"name\":\"altText\",\"size\":6}]],\"editRelations\":[]},\"isComponent\":true}','object','',''),(633,'plugin_content_manager_configuration_components::sections.our-products-section','{\"uid\":\"sections.our-products-section\",\"settings\":{\"bulkable\":true,\"filterable\":true,\"searchable\":true,\"pageSize\":10,\"mainField\":\"title\",\"defaultSortBy\":\"title\",\"defaultSortOrder\":\"ASC\"},\"metadatas\":{\"id\":{\"edit\":{},\"list\":{\"label\":\"Id\",\"searchable\":false,\"sortable\":false}},\"title\":{\"edit\":{\"label\":\"Title\",\"description\":\"\",\"placeholder\":\"\",\"visible\":true,\"editable\":true},\"list\":{\"label\":\"Title\",\"searchable\":true,\"sortable\":true}},\"subtitle\":{\"edit\":{\"label\":\"Subtitle\",\"description\":\"\",\"placeholder\":\"\",\"visible\":true,\"editable\":true},\"list\":{\"label\":\"Subtitle\",\"searchable\":true,\"sortable\":true}},\"CardProduct\":{\"edit\":{\"label\":\"CardProduct\",\"description\":\"\",\"placeholder\":\"\",\"visible\":true,\"editable\":true},\"list\":{\"label\":\"CardProduct\",\"searchable\":false,\"sortable\":false}}},\"layouts\":{\"list\":[\"id\",\"title\",\"subtitle\"],\"edit\":[[{\"name\":\"title\",\"size\":6},{\"name\":\"subtitle\",\"size\":6}],[{\"name\":\"CardProduct\",\"size\":12}]],\"editRelations\":[]},\"isComponent\":true}','object','',''),(634,'plugin_content_manager_configuration_components::sections.questions-list-section','{\"uid\":\"sections.questions-list-section\",\"settings\":{\"bulkable\":true,\"filterable\":true,\"searchable\":true,\"pageSize\":10,\"mainField\":\"id\",\"defaultSortBy\":\"id\",\"defaultSortOrder\":\"ASC\"},\"metadatas\":{\"id\":{\"edit\":{},\"list\":{\"label\":\"Id\",\"searchable\":false,\"sortable\":false}},\"questionsList\":{\"edit\":{\"label\":\"QuestionsList\",\"description\":\"\",\"placeholder\":\"\",\"visible\":true,\"editable\":true},\"list\":{\"label\":\"QuestionsList\",\"searchable\":false,\"sortable\":false}}},\"layouts\":{\"list\":[\"id\"],\"edit\":[[{\"name\":\"questionsList\",\"size\":12}]],\"editRelations\":[]},\"isComponent\":true}','object','',''),(635,'plugin_content_manager_configuration_components::sections.section-use-case','{\"uid\":\"sections.section-use-case\",\"settings\":{\"bulkable\":true,\"filterable\":true,\"searchable\":true,\"pageSize\":10,\"mainField\":\"title\",\"defaultSortBy\":\"title\",\"defaultSortOrder\":\"ASC\"},\"metadatas\":{\"id\":{\"edit\":{},\"list\":{\"label\":\"Id\",\"searchable\":false,\"sortable\":false}},\"title\":{\"edit\":{\"label\":\"Title\",\"description\":\"\",\"placeholder\":\"\",\"visible\":true,\"editable\":true},\"list\":{\"label\":\"Title\",\"searchable\":true,\"sortable\":true}},\"subtitle\":{\"edit\":{\"label\":\"Subtitle\",\"description\":\"\",\"placeholder\":\"\",\"visible\":true,\"editable\":true},\"list\":{\"label\":\"Subtitle\",\"searchable\":true,\"sortable\":true}},\"useCaseList\":{\"edit\":{\"label\":\"UseCaseList\",\"description\":\"\",\"placeholder\":\"\",\"visible\":true,\"editable\":true},\"list\":{\"label\":\"UseCaseList\",\"searchable\":false,\"sortable\":false}}},\"layouts\":{\"list\":[\"id\",\"title\",\"subtitle\"],\"edit\":[[{\"name\":\"title\",\"size\":6},{\"name\":\"subtitle\",\"size\":6}],[{\"name\":\"useCaseList\",\"size\":12}]],\"editRelations\":[]},\"isComponent\":true}','object','',''),(636,'plugin_content_manager_configuration_components::sections.section-widget-form','{\"uid\":\"sections.section-widget-form\",\"settings\":{\"bulkable\":true,\"filterable\":true,\"searchable\":true,\"pageSize\":10,\"mainField\":\"id\",\"defaultSortBy\":\"id\",\"defaultSortOrder\":\"ASC\"},\"metadatas\":{\"id\":{\"edit\":{},\"list\":{\"label\":\"Id\",\"searchable\":false,\"sortable\":false}},\"description\":{\"edit\":{\"label\":\"Description\",\"description\":\"\",\"placeholder\":\"\",\"visible\":true,\"editable\":true},\"list\":{\"label\":\"Description\",\"searchable\":true,\"sortable\":true}},\"picture\":{\"edit\":{\"label\":\"Picture\",\"description\":\"\",\"placeholder\":\"\",\"visible\":true,\"editable\":true},\"list\":{\"label\":\"Picture\",\"searchable\":false,\"sortable\":false}},\"form\":{\"edit\":{\"label\":\"Form\",\"description\":\"\",\"placeholder\":\"\",\"visible\":true,\"editable\":true},\"list\":{\"label\":\"Form\",\"searchable\":false,\"sortable\":false}}},\"layouts\":{\"list\":[\"id\",\"description\",\"picture\"],\"edit\":[[{\"name\":\"description\",\"size\":6},{\"name\":\"picture\",\"size\":6}],[{\"name\":\"form\",\"size\":12}]],\"editRelations\":[]},\"isComponent\":true}','object','',''),(637,'plugin_content_manager_configuration_components::sections.share-options','{\"uid\":\"sections.share-options\",\"settings\":{\"bulkable\":true,\"filterable\":true,\"searchable\":true,\"pageSize\":10,\"mainField\":\"title\",\"defaultSortBy\":\"title\",\"defaultSortOrder\":\"ASC\"},\"metadatas\":{\"id\":{\"edit\":{},\"list\":{\"label\":\"Id\",\"searchable\":false,\"sortable\":false}},\"title\":{\"edit\":{\"label\":\"Title\",\"description\":\"\",\"placeholder\":\"\",\"visible\":true,\"editable\":true},\"list\":{\"label\":\"Title\",\"searchable\":true,\"sortable\":true}},\"links\":{\"edit\":{\"label\":\"Links\",\"description\":\"\",\"placeholder\":\"\",\"visible\":true,\"editable\":true},\"list\":{\"label\":\"Links\",\"searchable\":false,\"sortable\":false}}},\"layouts\":{\"list\":[\"id\",\"title\"],\"edit\":[[{\"name\":\"title\",\"size\":6}],[{\"name\":\"links\",\"size\":12}]],\"editRelations\":[]},\"isComponent\":true}','object','',''),(638,'plugin_content_manager_configuration_components::sections.time-section','{\"uid\":\"sections.time-section\",\"settings\":{\"bulkable\":true,\"filterable\":true,\"searchable\":true,\"pageSize\":10,\"mainField\":\"title\",\"defaultSortBy\":\"title\",\"defaultSortOrder\":\"ASC\"},\"metadatas\":{\"id\":{\"edit\":{},\"list\":{\"label\":\"Id\",\"searchable\":false,\"sortable\":false}},\"title\":{\"edit\":{\"label\":\"Title\",\"description\":\"\",\"placeholder\":\"\",\"visible\":true,\"editable\":true},\"list\":{\"label\":\"Title\",\"searchable\":true,\"sortable\":true}},\"subtitle\":{\"edit\":{\"label\":\"Subtitle\",\"description\":\"\",\"placeholder\":\"\",\"visible\":true,\"editable\":true},\"list\":{\"label\":\"Subtitle\",\"searchable\":true,\"sortable\":true}},\"button\":{\"edit\":{\"label\":\"Button\",\"description\":\"\",\"placeholder\":\"\",\"visible\":true,\"editable\":true},\"list\":{\"label\":\"Button\",\"searchable\":false,\"sortable\":false}},\"images\":{\"edit\":{\"label\":\"Images\",\"description\":\"\",\"placeholder\":\"\",\"visible\":true,\"editable\":true},\"list\":{\"label\":\"Images\",\"searchable\":false,\"sortable\":false}}},\"layouts\":{\"list\":[\"id\",\"title\",\"subtitle\",\"images\"],\"edit\":[[{\"name\":\"title\",\"size\":6},{\"name\":\"subtitle\",\"size\":6}],[{\"name\":\"button\",\"size\":12}],[{\"name\":\"images\",\"size\":6}]],\"editRelations\":[]},\"isComponent\":true}','object','',''),(639,'plugin_content_manager_configuration_components::sections.title-section','{\"uid\":\"sections.title-section\",\"settings\":{\"bulkable\":true,\"filterable\":true,\"searchable\":true,\"pageSize\":10,\"mainField\":\"title\",\"defaultSortBy\":\"title\",\"defaultSortOrder\":\"ASC\"},\"metadatas\":{\"id\":{\"edit\":{},\"list\":{\"label\":\"Id\",\"searchable\":false,\"sortable\":false}},\"title\":{\"edit\":{\"label\":\"Title\",\"description\":\"\",\"placeholder\":\"\",\"visible\":true,\"editable\":true},\"list\":{\"label\":\"Title\",\"searchable\":true,\"sortable\":true}},\"subtitle\":{\"edit\":{\"label\":\"Subtitle\",\"description\":\"\",\"placeholder\":\"\",\"visible\":true,\"editable\":true},\"list\":{\"label\":\"Subtitle\",\"searchable\":true,\"sortable\":true}}},\"layouts\":{\"list\":[\"id\",\"title\",\"subtitle\"],\"edit\":[[{\"name\":\"title\",\"size\":6},{\"name\":\"subtitle\",\"size\":6}]],\"editRelations\":[]},\"isComponent\":true}','object','',''),(640,'plugin_content_manager_configuration_components::texts.icon-text','{\"uid\":\"texts.icon-text\",\"settings\":{\"bulkable\":true,\"filterable\":true,\"searchable\":true,\"pageSize\":10,\"mainField\":\"name\",\"defaultSortBy\":\"name\",\"defaultSortOrder\":\"ASC\"},\"metadatas\":{\"id\":{\"edit\":{},\"list\":{\"label\":\"Id\",\"searchable\":false,\"sortable\":false}},\"name\":{\"edit\":{\"label\":\"Name\",\"description\":\"\",\"placeholder\":\"\",\"visible\":true,\"editable\":true},\"list\":{\"label\":\"Name\",\"searchable\":true,\"sortable\":true}},\"icon\":{\"edit\":{\"label\":\"Icon\",\"description\":\"\",\"placeholder\":\"\",\"visible\":true,\"editable\":true},\"list\":{\"label\":\"Icon\",\"searchable\":false,\"sortable\":false}},\"altText\":{\"edit\":{\"label\":\"AltText\",\"description\":\"\",\"placeholder\":\"\",\"visible\":true,\"editable\":true},\"list\":{\"label\":\"AltText\",\"searchable\":true,\"sortable\":true}}},\"layouts\":{\"list\":[\"id\",\"name\",\"icon\",\"altText\"],\"edit\":[[{\"name\":\"name\",\"size\":6},{\"name\":\"icon\",\"size\":6}],[{\"name\":\"altText\",\"size\":6}]],\"editRelations\":[]},\"isComponent\":true}','object','',''),(641,'plugin_content_manager_configuration_components::texts.link-text','{\"uid\":\"texts.link-text\",\"settings\":{\"bulkable\":true,\"filterable\":true,\"searchable\":true,\"pageSize\":10,\"mainField\":\"text\",\"defaultSortBy\":\"text\",\"defaultSortOrder\":\"ASC\"},\"metadatas\":{\"id\":{\"edit\":{},\"list\":{\"label\":\"Id\",\"searchable\":false,\"sortable\":false}},\"text\":{\"edit\":{\"label\":\"Text\",\"description\":\"\",\"placeholder\":\"\",\"visible\":true,\"editable\":true},\"list\":{\"label\":\"Text\",\"searchable\":true,\"sortable\":true}},\"link\":{\"edit\":{\"label\":\"Link\",\"description\":\"\",\"placeholder\":\"\",\"visible\":true,\"editable\":true},\"list\":{\"label\":\"Link\",\"searchable\":false,\"sortable\":false}}},\"layouts\":{\"list\":[\"id\",\"text\"],\"edit\":[[{\"name\":\"text\",\"size\":6}],[{\"name\":\"link\",\"size\":12}]],\"editRelations\":[]},\"isComponent\":true}','object','',''),(642,'plugin_content_manager_configuration_components::use-cases.badge-list','{\"uid\":\"use-cases.badge-list\",\"settings\":{\"bulkable\":true,\"filterable\":true,\"searchable\":true,\"pageSize\":10,\"mainField\":\"name\",\"defaultSortBy\":\"name\",\"defaultSortOrder\":\"ASC\"},\"metadatas\":{\"id\":{\"edit\":{},\"list\":{\"label\":\"Id\",\"searchable\":false,\"sortable\":false}},\"name\":{\"edit\":{\"label\":\"Name\",\"description\":\"\",\"placeholder\":\"\",\"visible\":true,\"editable\":true},\"list\":{\"label\":\"Name\",\"searchable\":true,\"sortable\":true}}},\"layouts\":{\"list\":[\"id\",\"name\"],\"edit\":[[{\"name\":\"name\",\"size\":6}]],\"editRelations\":[]},\"isComponent\":true}','object','',''),(643,'plugin_content_manager_configuration_components::use-cases.button-list','{\"uid\":\"use-cases.button-list\",\"settings\":{\"bulkable\":true,\"filterable\":true,\"searchable\":true,\"pageSize\":10,\"mainField\":\"title\",\"defaultSortBy\":\"title\",\"defaultSortOrder\":\"ASC\"},\"metadatas\":{\"id\":{\"edit\":{},\"list\":{\"label\":\"Id\",\"searchable\":false,\"sortable\":false}},\"title\":{\"edit\":{\"label\":\"Title\",\"description\":\"\",\"placeholder\":\"\",\"visible\":true,\"editable\":true},\"list\":{\"label\":\"Title\",\"searchable\":true,\"sortable\":true}},\"url\":{\"edit\":{\"label\":\"Url\",\"description\":\"\",\"placeholder\":\"\",\"visible\":true,\"editable\":true},\"list\":{\"label\":\"Url\",\"searchable\":true,\"sortable\":true}}},\"layouts\":{\"list\":[\"id\",\"title\",\"url\"],\"edit\":[[{\"name\":\"title\",\"size\":6},{\"name\":\"url\",\"size\":6}]],\"editRelations\":[]},\"isComponent\":true}','object','',''),(644,'plugin_content_manager_configuration_components::use-cases.banner','{\"uid\":\"use-cases.banner\",\"settings\":{\"bulkable\":true,\"filterable\":true,\"searchable\":true,\"pageSize\":10,\"mainField\":\"title\",\"defaultSortBy\":\"title\",\"defaultSortOrder\":\"ASC\"},\"metadatas\":{\"id\":{\"edit\":{},\"list\":{\"label\":\"Id\",\"searchable\":false,\"sortable\":false}},\"idContentType\":{\"edit\":{\"label\":\"IdContentType\",\"description\":\"\",\"placeholder\":\"\",\"visible\":true,\"editable\":true},\"list\":{\"label\":\"IdContentType\",\"searchable\":true,\"sortable\":true}},\"image\":{\"edit\":{\"label\":\"Image\",\"description\":\"\",\"placeholder\":\"\",\"visible\":true,\"editable\":true},\"list\":{\"label\":\"Image\",\"searchable\":false,\"sortable\":false}},\"title\":{\"edit\":{\"label\":\"Title\",\"description\":\"\",\"placeholder\":\"\",\"visible\":true,\"editable\":true},\"list\":{\"label\":\"Title\",\"searchable\":true,\"sortable\":true}},\"subtitle\":{\"edit\":{\"label\":\"Subtitle\",\"description\":\"\",\"placeholder\":\"\",\"visible\":true,\"editable\":true},\"list\":{\"label\":\"Subtitle\",\"searchable\":true,\"sortable\":true}},\"buttonList\":{\"edit\":{\"label\":\"ButtonList\",\"description\":\"\",\"placeholder\":\"\",\"visible\":true,\"editable\":true},\"list\":{\"label\":\"ButtonList\",\"searchable\":false,\"sortable\":false}}},\"layouts\":{\"list\":[\"id\",\"image\",\"title\",\"idContentType\"],\"edit\":[[{\"name\":\"image\",\"size\":6}],[{\"name\":\"title\",\"size\":6},{\"name\":\"subtitle\",\"size\":6}],[{\"name\":\"idContentType\",\"size\":6}],[{\"name\":\"buttonList\",\"size\":12}]],\"editRelations\":[]},\"isComponent\":true}','object','',''),(645,'plugin_content_manager_configuration_components::use-cases.calculate-use-case','{\"uid\":\"use-cases.calculate-use-case\",\"settings\":{\"bulkable\":true,\"filterable\":true,\"searchable\":true,\"pageSize\":10,\"mainField\":\"title\",\"defaultSortBy\":\"title\",\"defaultSortOrder\":\"ASC\"},\"metadatas\":{\"id\":{\"edit\":{},\"list\":{\"label\":\"Id\",\"searchable\":false,\"sortable\":false}},\"title\":{\"edit\":{\"label\":\"Title\",\"description\":\"\",\"placeholder\":\"\",\"visible\":true,\"editable\":true},\"list\":{\"label\":\"Title\",\"searchable\":true,\"sortable\":true}},\"buttons\":{\"edit\":{\"label\":\"Buttons\",\"description\":\"\",\"placeholder\":\"\",\"visible\":true,\"editable\":true},\"list\":{\"label\":\"Buttons\",\"searchable\":false,\"sortable\":false}},\"icon\":{\"edit\":{\"label\":\"Icon\",\"description\":\"\",\"placeholder\":\"\",\"visible\":true,\"editable\":true},\"list\":{\"label\":\"Icon\",\"searchable\":false,\"sortable\":false}},\"smallText\":{\"edit\":{\"label\":\"SmallText\",\"description\":\"\",\"placeholder\":\"\",\"visible\":true,\"editable\":true},\"list\":{\"label\":\"SmallText\",\"searchable\":true,\"sortable\":true}},\"Paragraphs\":{\"edit\":{\"label\":\"Paragraphs\",\"description\":\"\",\"placeholder\":\"\",\"visible\":true,\"editable\":true},\"list\":{\"label\":\"Paragraphs\",\"searchable\":false,\"sortable\":false}},\"Products\":{\"edit\":{\"label\":\"Products\",\"description\":\"\",\"placeholder\":\"\",\"visible\":true,\"editable\":true},\"list\":{\"label\":\"Products\",\"searchable\":false,\"sortable\":false}}},\"layouts\":{\"list\":[\"id\",\"title\"],\"edit\":[[{\"name\":\"title\",\"size\":6}],[{\"name\":\"buttons\",\"size\":12}],[{\"name\":\"icon\",\"size\":6},{\"name\":\"smallText\",\"size\":6}],[{\"name\":\"Paragraphs\",\"size\":12}],[{\"name\":\"Products\",\"size\":12}]],\"editRelations\":[]},\"isComponent\":true}','object','',''),(646,'plugin_content_manager_configuration_components::use-cases.labels','{\"uid\":\"use-cases.labels\",\"settings\":{\"bulkable\":true,\"filterable\":true,\"searchable\":true,\"pageSize\":10,\"mainField\":\"name\",\"defaultSortBy\":\"name\",\"defaultSortOrder\":\"ASC\"},\"metadatas\":{\"id\":{\"edit\":{},\"list\":{\"label\":\"Id\",\"searchable\":false,\"sortable\":false}},\"name\":{\"edit\":{\"label\":\"Name\",\"description\":\"\",\"placeholder\":\"\",\"visible\":true,\"editable\":true},\"list\":{\"label\":\"Name\",\"searchable\":true,\"sortable\":true}}},\"layouts\":{\"list\":[\"id\",\"name\"],\"edit\":[[{\"name\":\"name\",\"size\":6}]],\"editRelations\":[]},\"isComponent\":true}','object','',''),(647,'plugin_content_manager_configuration_components::use-cases.metadata','{\"uid\":\"use-cases.metadata\",\"settings\":{\"bulkable\":true,\"filterable\":true,\"searchable\":true,\"pageSize\":10,\"mainField\":\"metaTitle\",\"defaultSortBy\":\"metaTitle\",\"defaultSortOrder\":\"ASC\"},\"metadatas\":{\"id\":{\"edit\":{},\"list\":{\"label\":\"Id\",\"searchable\":false,\"sortable\":false}},\"metaTitle\":{\"edit\":{\"label\":\"MetaTitle\",\"description\":\"\",\"placeholder\":\"\",\"visible\":true,\"editable\":true},\"list\":{\"label\":\"MetaTitle\",\"searchable\":true,\"sortable\":true}},\"metaDescription\":{\"edit\":{\"label\":\"MetaDescription\",\"description\":\"\",\"placeholder\":\"\",\"visible\":true,\"editable\":true},\"list\":{\"label\":\"MetaDescription\",\"searchable\":true,\"sortable\":true}}},\"layouts\":{\"list\":[\"id\",\"metaTitle\",\"metaDescription\"],\"edit\":[[{\"name\":\"metaTitle\",\"size\":6},{\"name\":\"metaDescription\",\"size\":6}]],\"editRelations\":[]},\"isComponent\":true}','object','',''),(648,'plugin_content_manager_configuration_components::use-cases.use-cases','{\"uid\":\"use-cases.use-cases\",\"settings\":{\"bulkable\":true,\"filterable\":true,\"searchable\":true,\"pageSize\":10,\"mainField\":\"id\",\"defaultSortBy\":\"id\",\"defaultSortOrder\":\"ASC\"},\"metadatas\":{\"id\":{\"edit\":{},\"list\":{\"label\":\"Id\",\"searchable\":false,\"sortable\":false}}},\"layouts\":{\"list\":[\"id\"],\"edit\":[],\"editRelations\":[]},\"isComponent\":true}','object','',''),(659,'plugin_content_manager_configuration_content_types::plugins::i18n.locale','{\"uid\":\"plugins::i18n.locale\",\"settings\":{\"bulkable\":true,\"filterable\":true,\"searchable\":true,\"pageSize\":10,\"mainField\":\"name\",\"defaultSortBy\":\"name\",\"defaultSortOrder\":\"ASC\"},\"metadatas\":{\"id\":{\"edit\":{},\"list\":{\"label\":\"Id\",\"searchable\":true,\"sortable\":true}},\"name\":{\"edit\":{\"label\":\"Name\",\"description\":\"\",\"placeholder\":\"\",\"visible\":true,\"editable\":true},\"list\":{\"label\":\"Name\",\"searchable\":true,\"sortable\":true}},\"code\":{\"edit\":{\"label\":\"Code\",\"description\":\"\",\"placeholder\":\"\",\"visible\":true,\"editable\":true},\"list\":{\"label\":\"Code\",\"searchable\":true,\"sortable\":true}},\"created_at\":{\"edit\":{\"label\":\"Created_at\",\"description\":\"\",\"placeholder\":\"\",\"visible\":false,\"editable\":true},\"list\":{\"label\":\"Created_at\",\"searchable\":true,\"sortable\":true}},\"updated_at\":{\"edit\":{\"label\":\"Updated_at\",\"description\":\"\",\"placeholder\":\"\",\"visible\":false,\"editable\":true},\"list\":{\"label\":\"Updated_at\",\"searchable\":true,\"sortable\":true}}},\"layouts\":{\"list\":[\"id\",\"name\",\"code\",\"created_at\"],\"editRelations\":[],\"edit\":[[{\"name\":\"name\",\"size\":6},{\"name\":\"code\",\"size\":6}]]}}','object','',''),(660,'model_def_use-cases.paragraphs','{\"uid\":\"use-cases.paragraphs\",\"collectionName\":\"components_use_cases_paragraphs\",\"info\":{\"name\":\"Paragraphs\",\"icon\":\"server\"},\"options\":{\"timestamps\":false},\"attributes\":{\"text\":{\"type\":\"text\"}}}','object',NULL,NULL),(661,'plugin_content_manager_configuration_components::use-cases.paragraphs','{\"uid\":\"use-cases.paragraphs\",\"settings\":{\"bulkable\":true,\"filterable\":true,\"searchable\":true,\"pageSize\":10,\"mainField\":\"id\",\"defaultSortBy\":\"id\",\"defaultSortOrder\":\"ASC\"},\"metadatas\":{\"id\":{\"edit\":{},\"list\":{\"label\":\"Id\",\"searchable\":false,\"sortable\":false}},\"text\":{\"edit\":{\"label\":\"Text\",\"description\":\"\",\"placeholder\":\"\",\"visible\":true,\"editable\":true},\"list\":{\"label\":\"Text\",\"searchable\":true,\"sortable\":true}}},\"layouts\":{\"list\":[\"id\",\"text\"],\"edit\":[[{\"name\":\"text\",\"size\":6}]],\"editRelations\":[]},\"isComponent\":true}','object','',''),(662,'model_def_use-cases.products','{\"uid\":\"use-cases.products\",\"collectionName\":\"components_use_cases_products\",\"info\":{\"name\":\"Products\",\"icon\":\"bolt\",\"description\":\"\"},\"options\":{\"timestamps\":false},\"attributes\":{\"title\":{\"type\":\"string\"},\"subtitle\":{\"type\":\"text\"},\"icon\":{\"model\":\"file\",\"via\":\"related\",\"allowedTypes\":[\"images\",\"files\",\"videos\"],\"plugin\":\"upload\",\"required\":false,\"pluginOptions\":{}},\"url\":{\"type\":\"string\"},\"verbs\":{\"type\":\"enumeration\",\"enum\":[\"get\",\"post\",\"put\",\"patch\",\"delete\"]},\"iconText\":{\"type\":\"string\"},\"num\":{\"type\":\"biginteger\"}}}','object',NULL,NULL),(663,'plugin_content_manager_configuration_components::use-cases.products','{\"uid\":\"use-cases.products\",\"settings\":{\"bulkable\":true,\"filterable\":true,\"searchable\":true,\"pageSize\":10,\"mainField\":\"title\",\"defaultSortBy\":\"title\",\"defaultSortOrder\":\"ASC\"},\"metadatas\":{\"id\":{\"edit\":{},\"list\":{\"label\":\"Id\",\"searchable\":false,\"sortable\":false}},\"title\":{\"edit\":{\"label\":\"Title\",\"description\":\"\",\"placeholder\":\"\",\"visible\":true,\"editable\":true},\"list\":{\"label\":\"Title\",\"searchable\":true,\"sortable\":true}},\"subtitle\":{\"edit\":{\"label\":\"Subtitle\",\"description\":\"\",\"placeholder\":\"\",\"visible\":true,\"editable\":true},\"list\":{\"label\":\"Subtitle\",\"searchable\":true,\"sortable\":true}},\"icon\":{\"edit\":{\"label\":\"Icon\",\"description\":\"\",\"placeholder\":\"\",\"visible\":true,\"editable\":true},\"list\":{\"label\":\"Icon\",\"searchable\":false,\"sortable\":false}},\"url\":{\"edit\":{\"label\":\"Url\",\"description\":\"\",\"placeholder\":\"\",\"visible\":true,\"editable\":true},\"list\":{\"label\":\"Url\",\"searchable\":true,\"sortable\":true}},\"verbs\":{\"edit\":{\"label\":\"Verbs\",\"description\":\"\",\"placeholder\":\"\",\"visible\":true,\"editable\":true},\"list\":{\"label\":\"Verbs\",\"searchable\":true,\"sortable\":true}},\"iconText\":{\"edit\":{\"label\":\"IconText\",\"description\":\"\",\"placeholder\":\"\",\"visible\":true,\"editable\":true},\"list\":{\"label\":\"IconText\",\"searchable\":true,\"sortable\":true}},\"num\":{\"edit\":{\"label\":\"Num\",\"description\":\"\",\"placeholder\":\"\",\"visible\":true,\"editable\":true},\"list\":{\"label\":\"Num\",\"searchable\":true,\"sortable\":true}}},\"layouts\":{\"list\":[\"id\",\"title\",\"subtitle\",\"icon\"],\"edit\":[[{\"name\":\"title\",\"size\":6},{\"name\":\"subtitle\",\"size\":6}],[{\"name\":\"icon\",\"size\":6},{\"name\":\"url\",\"size\":6}],[{\"name\":\"verbs\",\"size\":6},{\"name\":\"iconText\",\"size\":6}],[{\"name\":\"num\",\"size\":4}]],\"editRelations\":[]},\"isComponent\":true}','object','',''),(664,'model_def_apis.filters','{\"uid\":\"apis.filters\",\"collectionName\":\"components_apis_filters\",\"info\":{\"name\":\"Filters\",\"icon\":\"bezier-curve\"},\"options\":{\"timestamps\":false},\"attributes\":{\"statusName\":{\"type\":\"string\"},\"projectTypeName\":{\"type\":\"string\"},\"versionName\":{\"type\":\"string\"},\"solutionName\":{\"type\":\"string\"},\"tagsName\":{\"type\":\"string\"},\"orderByName\":{\"type\":\"string\"},\"pagination\":{\"type\":\"component\",\"repeatable\":false,\"component\":\"apis.pagination\"}}}','object',NULL,NULL),(665,'model_def_apis.pagination','{\"uid\":\"apis.pagination\",\"collectionName\":\"components_apis_paginations\",\"info\":{\"name\":\"Pagination\",\"icon\":\"compress\"},\"options\":{\"timestamps\":false},\"attributes\":{\"firstName\":{\"type\":\"string\"},\"secondName\":{\"type\":\"string\"}}}','object',NULL,NULL),(666,'plugin_content_manager_configuration_components::apis.filters','{\"uid\":\"apis.filters\",\"settings\":{\"bulkable\":true,\"filterable\":true,\"searchable\":true,\"pageSize\":10,\"mainField\":\"statusName\",\"defaultSortBy\":\"statusName\",\"defaultSortOrder\":\"ASC\"},\"metadatas\":{\"id\":{\"edit\":{},\"list\":{\"label\":\"Id\",\"searchable\":false,\"sortable\":false}},\"statusName\":{\"edit\":{\"label\":\"StatusName\",\"description\":\"\",\"placeholder\":\"\",\"visible\":true,\"editable\":true},\"list\":{\"label\":\"StatusName\",\"searchable\":true,\"sortable\":true}},\"projectTypeName\":{\"edit\":{\"label\":\"ProjectTypeName\",\"description\":\"\",\"placeholder\":\"\",\"visible\":true,\"editable\":true},\"list\":{\"label\":\"ProjectTypeName\",\"searchable\":true,\"sortable\":true}},\"versionName\":{\"edit\":{\"label\":\"VersionName\",\"description\":\"\",\"placeholder\":\"\",\"visible\":true,\"editable\":true},\"list\":{\"label\":\"VersionName\",\"searchable\":true,\"sortable\":true}},\"solutionName\":{\"edit\":{\"label\":\"SolutionName\",\"description\":\"\",\"placeholder\":\"\",\"visible\":true,\"editable\":true},\"list\":{\"label\":\"SolutionName\",\"searchable\":true,\"sortable\":true}},\"tagsName\":{\"edit\":{\"label\":\"TagsName\",\"description\":\"\",\"placeholder\":\"\",\"visible\":true,\"editable\":true},\"list\":{\"label\":\"TagsName\",\"searchable\":true,\"sortable\":true}},\"orderByName\":{\"edit\":{\"label\":\"OrderByName\",\"description\":\"\",\"placeholder\":\"\",\"visible\":true,\"editable\":true},\"list\":{\"label\":\"OrderByName\",\"searchable\":true,\"sortable\":true}},\"pagination\":{\"edit\":{\"label\":\"Pagination\",\"description\":\"\",\"placeholder\":\"\",\"visible\":true,\"editable\":true},\"list\":{\"label\":\"Pagination\",\"searchable\":false,\"sortable\":false}}},\"layouts\":{\"list\":[\"id\",\"statusName\",\"projectTypeName\",\"versionName\"],\"edit\":[[{\"name\":\"statusName\",\"size\":6},{\"name\":\"projectTypeName\",\"size\":6}],[{\"name\":\"versionName\",\"size\":6},{\"name\":\"solutionName\",\"size\":6}],[{\"name\":\"tagsName\",\"size\":6},{\"name\":\"orderByName\",\"size\":6}],[{\"name\":\"pagination\",\"size\":12}]],\"editRelations\":[]},\"isComponent\":true}','object','',''),(667,'plugin_content_manager_configuration_components::apis.pagination','{\"uid\":\"apis.pagination\",\"settings\":{\"bulkable\":true,\"filterable\":true,\"searchable\":true,\"pageSize\":10,\"mainField\":\"firstName\",\"defaultSortBy\":\"firstName\",\"defaultSortOrder\":\"ASC\"},\"metadatas\":{\"id\":{\"edit\":{},\"list\":{\"label\":\"Id\",\"searchable\":false,\"sortable\":false}},\"firstName\":{\"edit\":{\"label\":\"FirstName\",\"description\":\"\",\"placeholder\":\"\",\"visible\":true,\"editable\":true},\"list\":{\"label\":\"FirstName\",\"searchable\":true,\"sortable\":true}},\"secondName\":{\"edit\":{\"label\":\"SecondName\",\"description\":\"\",\"placeholder\":\"\",\"visible\":true,\"editable\":true},\"list\":{\"label\":\"SecondName\",\"searchable\":true,\"sortable\":true}}},\"layouts\":{\"list\":[\"id\",\"firstName\",\"secondName\"],\"edit\":[[{\"name\":\"firstName\",\"size\":6},{\"name\":\"secondName\",\"size\":6}]],\"editRelations\":[]},\"isComponent\":true}','object','',''),(668,'model_def_links.share-list','{\"uid\":\"links.share-list\",\"collectionName\":\"components_links_share_lists\",\"info\":{\"name\":\"ShareList\",\"icon\":\"bread-slice\"},\"options\":{\"timestamps\":false},\"attributes\":{\"url\":{\"type\":\"text\"},\"target\":{\"type\":\"enumeration\",\"enum\":[\"_self\",\"_blank\"]},\"icon\":{\"model\":\"file\",\"via\":\"related\",\"allowedTypes\":[\"images\",\"files\",\"videos\"],\"plugin\":\"upload\",\"required\":false,\"pluginOptions\":{}}}}','object',NULL,NULL),(670,'plugin_content_manager_configuration_components::links.share-list','{\"uid\":\"links.share-list\",\"settings\":{\"bulkable\":true,\"filterable\":true,\"searchable\":true,\"pageSize\":10,\"mainField\":\"id\",\"defaultSortBy\":\"id\",\"defaultSortOrder\":\"ASC\"},\"metadatas\":{\"id\":{\"edit\":{},\"list\":{\"label\":\"Id\",\"searchable\":false,\"sortable\":false}},\"url\":{\"edit\":{\"label\":\"Url\",\"description\":\"\",\"placeholder\":\"\",\"visible\":true,\"editable\":true},\"list\":{\"label\":\"Url\",\"searchable\":true,\"sortable\":true}},\"target\":{\"edit\":{\"label\":\"Target\",\"description\":\"\",\"placeholder\":\"\",\"visible\":true,\"editable\":true},\"list\":{\"label\":\"Target\",\"searchable\":true,\"sortable\":true}},\"icon\":{\"edit\":{\"label\":\"Icon\",\"description\":\"\",\"placeholder\":\"\",\"visible\":true,\"editable\":true},\"list\":{\"label\":\"Icon\",\"searchable\":false,\"sortable\":false}}},\"layouts\":{\"list\":[\"id\",\"url\",\"target\",\"icon\"],\"edit\":[[{\"name\":\"url\",\"size\":6},{\"name\":\"target\",\"size\":6}],[{\"name\":\"icon\",\"size\":6}]],\"editRelations\":[]},\"isComponent\":true}','object','',''),(671,'model_def_meta.open-graph','{\"uid\":\"meta.open-graph\",\"collectionName\":\"components_meta_open_graphs\",\"info\":{\"name\":\"openGraph\",\"icon\":\"child\",\"description\":\"\"},\"options\":{\"timestamps\":false},\"attributes\":{\"title\":{\"type\":\"text\"},\"description\":{\"type\":\"text\"},\"image\":{\"type\":\"text\"},\"url\":{\"type\":\"text\"}}}','object',NULL,NULL),(673,'model_def_sections.carousel','{\"uid\":\"sections.carousel\",\"collectionName\":\"components_sections_carousels\",\"info\":{\"name\":\"Carousel\",\"icon\":\"vr-cardboard\"},\"options\":{\"timestamps\":false},\"attributes\":{\"name\":{\"type\":\"string\"},\"lista\":{\"type\":\"component\",\"repeatable\":true,\"component\":\"cards.use-case-card\"}}}','object',NULL,NULL),(675,'model_def_sura.carousel','{\"uid\":\"sura.carousel\",\"collectionName\":\"components_sura_carousels\",\"info\":{\"name\":\"carousel\",\"icon\":\"caret-right\"},\"options\":{\"timestamps\":false},\"attributes\":{\"slider\":{\"type\":\"string\"},\"sliderCarousel\":{\"type\":\"component\",\"repeatable\":true,\"component\":\"elements.slider\"}}}','object',NULL,NULL),(677,'model_def_cards.card-carousel','{\"uid\":\"cards.card-carousel\",\"collectionName\":\"components_cards_card_carousels\",\"info\":{\"name\":\"CardCarousel\",\"icon\":\"book-open\",\"description\":\"\"},\"options\":{\"timestamps\":false},\"attributes\":{\"title\":{\"type\":\"string\"},\"subtitle\":{\"type\":\"string\"},\"banner\":{\"collection\":\"file\",\"via\":\"related\",\"allowedTypes\":[\"images\",\"files\",\"videos\"],\"plugin\":\"upload\",\"required\":false,\"pluginOptions\":{}},\"actionButtons\":{\"type\":\"json\"}}}','object',NULL,NULL),(679,'model_def_sura.tab','{\"uid\":\"sura.tab\",\"collectionName\":\"components_sura_tabs\",\"info\":{\"name\":\"tab\",\"icon\":\"table\",\"description\":\"\"},\"options\":{\"timestamps\":false},\"attributes\":{\"nombre\":{\"type\":\"string\"},\"iconText\":{\"type\":\"string\"},\"lists\":{\"type\":\"component\",\"repeatable\":true,\"component\":\"elements.item-list\"}}}','object',NULL,NULL),(681,'model_def_elements.item-list','{\"uid\":\"elements.item-list\",\"collectionName\":\"components_elements_item_lists\",\"info\":{\"name\":\"itemList\",\"icon\":\"yin-yang\"},\"options\":{\"timestamps\":false},\"attributes\":{\"title\":{\"type\":\"string\"},\"description\":{\"type\":\"richtext\"},\"iconText\":{\"type\":\"string\"},\"number\":{\"type\":\"integer\"}}}','object',NULL,NULL),(683,'model_def_application::footer-su.footer-su','{\"uid\":\"application::footer-su.footer-su\",\"collectionName\":\"footer_sus\",\"kind\":\"singleType\",\"info\":{\"name\":\"FooterSu\",\"description\":\"\"},\"options\":{\"increments\":true,\"timestamps\":[\"created_at\",\"updated_at\"],\"draftAndPublish\":true},\"pluginOptions\":{},\"attributes\":{\"logo\":{\"collection\":\"file\",\"via\":\"related\",\"allowedTypes\":[\"images\",\"files\",\"videos\"],\"plugin\":\"upload\",\"required\":false,\"pluginOptions\":{}},\"Copyright\":{\"type\":\"richtext\"},\"published_at\":{\"type\":\"datetime\",\"configurable\":false,\"writable\":true,\"visible\":false},\"created_by\":{\"model\":\"user\",\"plugin\":\"admin\",\"configurable\":false,\"writable\":false,\"visible\":false,\"private\":true},\"updated_by\":{\"model\":\"user\",\"plugin\":\"admin\",\"configurable\":false,\"writable\":false,\"visible\":false,\"private\":true}}}','object',NULL,NULL),(685,'model_def_sura.list-buttons','{\"uid\":\"sura.list-buttons\",\"collectionName\":\"components_sura_list_buttons\",\"info\":{\"name\":\"ListButtons\",\"icon\":\"list-ul\",\"description\":\"\"},\"options\":{\"timestamps\":false},\"attributes\":{\"Name\":{\"type\":\"string\"},\"list\":{\"type\":\"component\",\"repeatable\":true,\"component\":\"texts.icon-text\"},\"number\":{\"type\":\"integer\"}}}','object',NULL,NULL),(696,'model_def_elements.slider','{\"uid\":\"elements.slider\",\"collectionName\":\"components_elements_sliders\",\"info\":{\"name\":\"slider\",\"icon\":\"book-open\"},\"options\":{\"timestamps\":false},\"attributes\":{\"title\":{\"type\":\"string\"},\"imgSrc\":{\"collection\":\"file\",\"via\":\"related\",\"allowedTypes\":[\"images\",\"files\",\"videos\"],\"plugin\":\"upload\",\"required\":false,\"pluginOptions\":{}},\"actionButtons\":{\"type\":\"json\"}}}','object',NULL,NULL),(699,'model_def_sura.listbuttons','{\"uid\":\"sura.listbuttons\",\"collectionName\":\"components_sura_listbuttons\",\"info\":{\"name\":\"list-buttons\",\"icon\":\"list\",\"description\":\"\"},\"options\":{\"timestamps\":false},\"attributes\":{\"title\":{\"type\":\"string\"},\"questions\":{\"type\":\"component\",\"repeatable\":true,\"component\":\"elements.titles\"}}}','object',NULL,NULL),(701,'model_def_application::sura-blog-item.sura-blog-item','{\"uid\":\"application::sura-blog-item.sura-blog-item\",\"collectionName\":\"sura_blog_items\",\"kind\":\"collectionType\",\"info\":{\"name\":\"SuraBlogItem\",\"description\":\"\"},\"options\":{\"increments\":true,\"timestamps\":[\"created_at\",\"updated_at\"],\"draftAndPublish\":true},\"pluginOptions\":{},\"attributes\":{\"title\":{\"type\":\"string\"},\"slug\":{\"type\":\"uid\",\"required\":true},\"image\":{\"collection\":\"file\",\"via\":\"related\",\"allowedTypes\":[\"images\",\"files\",\"videos\"],\"plugin\":\"upload\",\"required\":false,\"pluginOptions\":{}},\"timeRead\":{\"type\":\"string\"},\"tags\":{\"type\":\"component\",\"repeatable\":true,\"component\":\"elements.titles\"},\"questions\":{\"type\":\"component\",\"repeatable\":true,\"component\":\"sura.questions\"},\"nameUser\":{\"type\":\"string\"},\"photoUser\":{\"collection\":\"file\",\"via\":\"related\",\"allowedTypes\":[\"images\",\"files\",\"videos\"],\"plugin\":\"upload\",\"required\":false,\"pluginOptions\":{}},\"jobUser\":{\"type\":\"string\"},\"date\":{\"type\":\"date\"},\"description\":{\"type\":\"text\",\"required\":true},\"content\":{\"type\":\"richtext\"},\"published_at\":{\"type\":\"datetime\",\"configurable\":false,\"writable\":true,\"visible\":false},\"created_by\":{\"model\":\"user\",\"plugin\":\"admin\",\"configurable\":false,\"writable\":false,\"visible\":false,\"private\":true},\"updated_by\":{\"model\":\"user\",\"plugin\":\"admin\",\"configurable\":false,\"writable\":false,\"visible\":false,\"private\":true}}}','object',NULL,NULL),(703,'model_def_sura.questions','{\"uid\":\"sura.questions\",\"collectionName\":\"components_sura_questions\",\"info\":{\"name\":\"questions\",\"icon\":\"question\",\"description\":\"\"},\"options\":{\"timestamps\":false},\"attributes\":{\"question\":{\"type\":\"string\"},\"description\":{\"type\":\"string\"},\"img\":{\"collection\":\"file\",\"via\":\"related\",\"allowedTypes\":[\"images\",\"files\",\"videos\"],\"plugin\":\"upload\",\"required\":false,\"pluginOptions\":{}},\"seccion\":{\"type\":\"enumeration\",\"enum\":[\"Reverse\",\"Normal\",\"NoImage\"]},\"description_two\":{\"type\":\"richtext\"}}}','object',NULL,NULL),(705,'model_def_sura.list-filter','{\"uid\":\"sura.list-filter\",\"collectionName\":\"components_sura_list_filters\",\"info\":{\"name\":\"ListFilter\",\"icon\":\"list\"},\"options\":{\"timestamps\":false},\"attributes\":{\"Title\":{\"type\":\"string\"},\"items\":{\"type\":\"component\",\"repeatable\":true,\"component\":\"elements.titles\"}}}','object',NULL,NULL),(713,'model_def_sura.tab-card','{\"uid\":\"sura.tab-card\",\"collectionName\":\"components_sura_tab_cards\",\"info\":{\"name\":\"tabCard\",\"icon\":\"sd-card\",\"description\":\"\"},\"options\":{\"timestamps\":false},\"attributes\":{\"name\":{\"type\":\"string\"},\"img\":{\"collection\":\"file\",\"via\":\"related\",\"allowedTypes\":[\"images\",\"files\",\"videos\"],\"plugin\":\"upload\",\"required\":false,\"pluginOptions\":{}},\"cards\":{\"type\":\"component\",\"repeatable\":true,\"component\":\"cards.card\"},\"tab\":{\"type\":\"enumeration\",\"enum\":[\"zero\",\"one\",\"two\",\"three\",\"four\",\"five\"]}}}','object',NULL,NULL),(715,'model_def_cards.card','{\"uid\":\"cards.card\",\"collectionName\":\"components_cards_cards\",\"info\":{\"name\":\"card\",\"icon\":\"sim-card\",\"description\":\"\"},\"options\":{\"timestamps\":false},\"attributes\":{\"title\":{\"type\":\"string\"},\"description\":{\"type\":\"text\"},\"icon\":{\"type\":\"string\"},\"titleFooter\":{\"type\":\"string\"},\"descriptionFooter\":{\"type\":\"string\"},\"image\":{\"collection\":\"file\",\"via\":\"related\",\"allowedTypes\":[\"images\",\"files\",\"videos\"],\"plugin\":\"upload\",\"required\":false,\"pluginOptions\":{}},\"LinkName\":{\"type\":\"string\"},\"LinkUrl\":{\"type\":\"string\"},\"version\":{\"type\":\"string\"},\"steps\":{\"type\":\"json\"},\"descriptionHeader\":{\"type\":\"string\"},\"timeRead\":{\"type\":\"string\"}}}','object',NULL,NULL),(718,'plugin_content_manager_configuration_components::sections.content','{\"uid\":\"sections.content\",\"settings\":{\"bulkable\":true,\"filterable\":true,\"searchable\":true,\"pageSize\":10,\"mainField\":\"id\",\"defaultSortBy\":\"id\",\"defaultSortOrder\":\"ASC\"},\"metadatas\":{\"id\":{\"edit\":{},\"list\":{\"label\":\"Id\",\"searchable\":false,\"sortable\":false}}},\"layouts\":{\"list\":[\"id\"],\"edit\":[],\"editRelations\":[]},\"isComponent\":true}','object','',''),(724,'plugin_content_manager_configuration_components::cards.card','{\"uid\":\"cards.card\",\"settings\":{\"bulkable\":true,\"filterable\":true,\"searchable\":true,\"pageSize\":10,\"mainField\":\"title\",\"defaultSortBy\":\"title\",\"defaultSortOrder\":\"ASC\"},\"metadatas\":{\"id\":{\"edit\":{},\"list\":{\"label\":\"Id\",\"searchable\":false,\"sortable\":false}},\"title\":{\"edit\":{\"label\":\"Title\",\"description\":\"\",\"placeholder\":\"\",\"visible\":true,\"editable\":true},\"list\":{\"label\":\"Title\",\"searchable\":true,\"sortable\":true}},\"description\":{\"edit\":{\"label\":\"Description\",\"description\":\"\",\"placeholder\":\"\",\"visible\":true,\"editable\":true},\"list\":{\"label\":\"Description\",\"searchable\":true,\"sortable\":true}},\"icon\":{\"edit\":{\"label\":\"Icon\",\"description\":\"\",\"placeholder\":\"\",\"visible\":true,\"editable\":true},\"list\":{\"label\":\"Icon\",\"searchable\":true,\"sortable\":true}},\"titleFooter\":{\"edit\":{\"label\":\"TitleFooter\",\"description\":\"\",\"placeholder\":\"\",\"visible\":true,\"editable\":true},\"list\":{\"label\":\"TitleFooter\",\"searchable\":true,\"sortable\":true}},\"descriptionFooter\":{\"edit\":{\"label\":\"DescriptionFooter\",\"description\":\"\",\"placeholder\":\"\",\"visible\":true,\"editable\":true},\"list\":{\"label\":\"DescriptionFooter\",\"searchable\":true,\"sortable\":true}},\"image\":{\"edit\":{\"label\":\"Image\",\"description\":\"\",\"placeholder\":\"\",\"visible\":true,\"editable\":true},\"list\":{\"label\":\"Image\",\"searchable\":false,\"sortable\":false}},\"LinkName\":{\"edit\":{\"label\":\"LinkName\",\"description\":\"\",\"placeholder\":\"\",\"visible\":true,\"editable\":true},\"list\":{\"label\":\"LinkName\",\"searchable\":true,\"sortable\":true}},\"LinkUrl\":{\"edit\":{\"label\":\"LinkUrl\",\"description\":\"\",\"placeholder\":\"\",\"visible\":true,\"editable\":true},\"list\":{\"label\":\"LinkUrl\",\"searchable\":true,\"sortable\":true}},\"version\":{\"edit\":{\"label\":\"Version\",\"description\":\"\",\"placeholder\":\"\",\"visible\":true,\"editable\":true},\"list\":{\"label\":\"Version\",\"searchable\":true,\"sortable\":true}},\"steps\":{\"edit\":{\"label\":\"Steps\",\"description\":\"\",\"placeholder\":\"\",\"visible\":true,\"editable\":true},\"list\":{\"label\":\"Steps\",\"searchable\":false,\"sortable\":false}},\"descriptionHeader\":{\"edit\":{\"label\":\"DescriptionHeader\",\"description\":\"\",\"placeholder\":\"\",\"visible\":true,\"editable\":true},\"list\":{\"label\":\"DescriptionHeader\",\"searchable\":true,\"sortable\":true}},\"timeRead\":{\"edit\":{\"label\":\"TimeRead\",\"description\":\"\",\"placeholder\":\"\",\"visible\":true,\"editable\":true},\"list\":{\"label\":\"TimeRead\",\"searchable\":true,\"sortable\":true}}},\"layouts\":{\"list\":[\"id\",\"title\",\"description\",\"icon\"],\"edit\":[[{\"name\":\"title\",\"size\":6},{\"name\":\"description\",\"size\":6}],[{\"name\":\"icon\",\"size\":6},{\"name\":\"titleFooter\",\"size\":6}],[{\"name\":\"descriptionFooter\",\"size\":6},{\"name\":\"image\",\"size\":6}],[{\"name\":\"LinkName\",\"size\":6},{\"name\":\"LinkUrl\",\"size\":6}],[{\"name\":\"version\",\"size\":6}],[{\"name\":\"steps\",\"size\":12}],[{\"name\":\"descriptionHeader\",\"size\":6},{\"name\":\"timeRead\",\"size\":6}]],\"editRelations\":[]},\"isComponent\":true}','object','',''),(727,'plugin_content_manager_configuration_components::elements.slider','{\"uid\":\"elements.slider\",\"settings\":{\"bulkable\":true,\"filterable\":true,\"searchable\":true,\"pageSize\":10,\"mainField\":\"title\",\"defaultSortBy\":\"title\",\"defaultSortOrder\":\"ASC\"},\"metadatas\":{\"id\":{\"edit\":{},\"list\":{\"label\":\"Id\",\"searchable\":false,\"sortable\":false}},\"title\":{\"edit\":{\"label\":\"Title\",\"description\":\"\",\"placeholder\":\"\",\"visible\":true,\"editable\":true},\"list\":{\"label\":\"Title\",\"searchable\":true,\"sortable\":true}},\"imgSrc\":{\"edit\":{\"label\":\"ImgSrc\",\"description\":\"\",\"placeholder\":\"\",\"visible\":true,\"editable\":true},\"list\":{\"label\":\"ImgSrc\",\"searchable\":false,\"sortable\":false}},\"actionButtons\":{\"edit\":{\"label\":\"ActionButtons\",\"description\":\"\",\"placeholder\":\"\",\"visible\":true,\"editable\":true},\"list\":{\"label\":\"ActionButtons\",\"searchable\":false,\"sortable\":false}}},\"layouts\":{\"list\":[\"id\",\"title\",\"imgSrc\"],\"edit\":[[{\"name\":\"title\",\"size\":6},{\"name\":\"imgSrc\",\"size\":6}],[{\"name\":\"actionButtons\",\"size\":12}]],\"editRelations\":[]},\"isComponent\":true}','object','',''),(731,'model_def_sura.section-card','{\"uid\":\"sura.section-card\",\"collectionName\":\"components_sura_section_cards\",\"info\":{\"name\":\"sectionCard\",\"icon\":\"vr-cardboard\"},\"options\":{\"timestamps\":false},\"attributes\":{\"title\":{\"type\":\"string\"},\"description\":{\"type\":\"text\"}}}','object',NULL,NULL),(733,'model_def_sura.items','{\"uid\":\"sura.items\",\"collectionName\":\"components_sura_items\",\"info\":{\"name\":\"items\",\"icon\":\"th-list\",\"description\":\"\"},\"options\":{\"timestamps\":false},\"attributes\":{\"title\":{\"type\":\"string\"},\"description\":{\"type\":\"text\"},\"image\":{\"collection\":\"file\",\"via\":\"related\",\"allowedTypes\":[\"images\",\"files\",\"videos\"],\"plugin\":\"upload\",\"required\":false,\"pluginOptions\":{}},\"icon\":{\"type\":\"string\"}}}','object',NULL,NULL),(735,'model_def_sura.chips','{\"uid\":\"sura.chips\",\"collectionName\":\"components_sura_chips\",\"info\":{\"name\":\"chips\",\"icon\":\"child\"},\"options\":{\"timestamps\":false},\"attributes\":{\"color\":{\"type\":\"string\"},\"name\":{\"type\":\"string\"}}}','object',NULL,NULL),(737,'model_def_sura.list-recent','{\"uid\":\"sura.list-recent\",\"collectionName\":\"components_sura_list_recents\",\"info\":{\"name\":\"ListRecent\",\"icon\":\"list-ol\",\"description\":\"\"},\"options\":{\"timestamps\":false},\"attributes\":{\"title\":{\"type\":\"string\"},\"items\":{\"type\":\"component\",\"repeatable\":true,\"component\":\"sura.items\"}}}','object',NULL,NULL),(739,'model_def_application::sura-library-api.sura-library-api','{\"uid\":\"application::sura-library-api.sura-library-api\",\"collectionName\":\"sura_library_apis\",\"kind\":\"collectionType\",\"info\":{\"name\":\"SuraLibraryApi\",\"description\":\"\"},\"options\":{\"increments\":true,\"timestamps\":[\"created_at\",\"updated_at\"],\"draftAndPublish\":true},\"pluginOptions\":{},\"attributes\":{\"title\":{\"type\":\"string\"},\"slug\":{\"type\":\"uid\",\"required\":true},\"description\":{\"type\":\"text\"},\"color_status\":{\"type\":\"string\"},\"status\":{\"type\":\"string\"},\"footerText\":{\"type\":\"string\"},\"image\":{\"collection\":\"file\",\"via\":\"related\",\"allowedTypes\":[\"images\",\"files\",\"videos\"],\"plugin\":\"upload\",\"required\":false,\"pluginOptions\":{}},\"version\":{\"type\":\"string\"},\"buttons\":{\"type\":\"component\",\"repeatable\":true,\"component\":\"links.button\"},\"benefits\":{\"type\":\"component\",\"repeatable\":true,\"component\":\"home.work-section\"},\"tags\":{\"type\":\"component\",\"repeatable\":true,\"component\":\"elements.titles\"},\"openDoc\":{\"type\":\"json\"},\"markdown\":{\"type\":\"richtext\"},\"published_at\":{\"type\":\"datetime\",\"configurable\":false,\"writable\":true,\"visible\":false},\"created_by\":{\"model\":\"user\",\"plugin\":\"admin\",\"configurable\":false,\"writable\":false,\"visible\":false,\"private\":true},\"updated_by\":{\"model\":\"user\",\"plugin\":\"admin\",\"configurable\":false,\"writable\":false,\"visible\":false,\"private\":true}}}','object',NULL,NULL),(741,'model_def_application::slides-new.slides-new','{\"uid\":\"application::slides-new.slides-new\",\"collectionName\":\"slides_news\",\"kind\":\"collectionType\",\"info\":{\"name\":\"slidesNew\"},\"options\":{\"increments\":true,\"timestamps\":[\"created_at\",\"updated_at\"],\"draftAndPublish\":true},\"pluginOptions\":{},\"attributes\":{\"title\":{\"type\":\"string\"},\"description\":{\"type\":\"text\"},\"linkText\":{\"type\":\"string\"},\"img\":{\"collection\":\"file\",\"via\":\"related\",\"allowedTypes\":[\"images\",\"files\",\"videos\"],\"plugin\":\"upload\",\"required\":false,\"pluginOptions\":{}},\"published_at\":{\"type\":\"datetime\",\"configurable\":false,\"writable\":true,\"visible\":false},\"created_by\":{\"model\":\"user\",\"plugin\":\"admin\",\"configurable\":false,\"writable\":false,\"visible\":false,\"private\":true},\"updated_by\":{\"model\":\"user\",\"plugin\":\"admin\",\"configurable\":false,\"writable\":false,\"visible\":false,\"private\":true}}}','object',NULL,NULL),(794,'model_def_application::library-api.library-api','{\"uid\":\"application::library-api.library-api\",\"collectionName\":\"library_apis\",\"kind\":\"collectionType\",\"info\":{\"name\":\"LibraryApi\"},\"options\":{\"increments\":true,\"timestamps\":[\"created_at\",\"updated_at\"],\"draftAndPublish\":true},\"pluginOptions\":{},\"attributes\":{\"title\":{\"type\":\"string\"},\"slug\":{\"type\":\"uid\"},\"description\":{\"type\":\"text\"},\"color_status\":{\"type\":\"string\"},\"status\":{\"type\":\"string\"},\"footerText\":{\"type\":\"string\"},\"image\":{\"collection\":\"file\",\"via\":\"related\",\"allowedTypes\":[\"images\",\"files\",\"videos\"],\"plugin\":\"upload\",\"required\":false,\"pluginOptions\":{}},\"version\":{\"type\":\"string\"},\"buttons\":{\"type\":\"component\",\"repeatable\":true,\"component\":\"links.button\"},\"benefits\":{\"type\":\"component\",\"repeatable\":true,\"component\":\"home.work-section\"},\"tags\":{\"type\":\"component\",\"repeatable\":true,\"component\":\"elements.titles\"},\"openDoc\":{\"type\":\"json\"},\"markdown\":{\"type\":\"richtext\"},\"published_at\":{\"type\":\"datetime\",\"configurable\":false,\"writable\":true,\"visible\":false},\"created_by\":{\"model\":\"user\",\"plugin\":\"admin\",\"configurable\":false,\"writable\":false,\"visible\":false,\"private\":true},\"updated_by\":{\"model\":\"user\",\"plugin\":\"admin\",\"configurable\":false,\"writable\":false,\"visible\":false,\"private\":true}}}','object',NULL,NULL),(795,'plugin_content_manager_configuration_content_types::application::library-api.library-api','{\"uid\":\"application::library-api.library-api\",\"settings\":{\"bulkable\":true,\"filterable\":true,\"searchable\":true,\"pageSize\":10,\"mainField\":\"title\",\"defaultSortBy\":\"title\",\"defaultSortOrder\":\"ASC\"},\"metadatas\":{\"id\":{\"edit\":{},\"list\":{\"label\":\"Id\",\"searchable\":true,\"sortable\":true}},\"title\":{\"edit\":{\"label\":\"Title\",\"description\":\"\",\"placeholder\":\"\",\"visible\":true,\"editable\":true},\"list\":{\"label\":\"Title\",\"searchable\":true,\"sortable\":true}},\"slug\":{\"edit\":{\"label\":\"Slug\",\"description\":\"\",\"placeholder\":\"\",\"visible\":true,\"editable\":true},\"list\":{\"label\":\"Slug\",\"searchable\":true,\"sortable\":true}},\"description\":{\"edit\":{\"label\":\"Description\",\"description\":\"\",\"placeholder\":\"\",\"visible\":true,\"editable\":true},\"list\":{\"label\":\"Description\",\"searchable\":true,\"sortable\":true}},\"color_status\":{\"edit\":{\"label\":\"Color_status\",\"description\":\"\",\"placeholder\":\"\",\"visible\":true,\"editable\":true},\"list\":{\"label\":\"Color_status\",\"searchable\":true,\"sortable\":true}},\"status\":{\"edit\":{\"label\":\"Status\",\"description\":\"\",\"placeholder\":\"\",\"visible\":true,\"editable\":true},\"list\":{\"label\":\"Status\",\"searchable\":true,\"sortable\":true}},\"footerText\":{\"edit\":{\"label\":\"FooterText\",\"description\":\"\",\"placeholder\":\"\",\"visible\":true,\"editable\":true},\"list\":{\"label\":\"FooterText\",\"searchable\":true,\"sortable\":true}},\"image\":{\"edit\":{\"label\":\"Image\",\"description\":\"\",\"placeholder\":\"\",\"visible\":true,\"editable\":true},\"list\":{\"label\":\"Image\",\"searchable\":false,\"sortable\":false}},\"version\":{\"edit\":{\"label\":\"Version\",\"description\":\"\",\"placeholder\":\"\",\"visible\":true,\"editable\":true},\"list\":{\"label\":\"Version\",\"searchable\":true,\"sortable\":true}},\"buttons\":{\"edit\":{\"label\":\"Buttons\",\"description\":\"\",\"placeholder\":\"\",\"visible\":true,\"editable\":true},\"list\":{\"label\":\"Buttons\",\"searchable\":false,\"sortable\":false}},\"benefits\":{\"edit\":{\"label\":\"Benefits\",\"description\":\"\",\"placeholder\":\"\",\"visible\":true,\"editable\":true},\"list\":{\"label\":\"Benefits\",\"searchable\":false,\"sortable\":false}},\"tags\":{\"edit\":{\"label\":\"Tags\",\"description\":\"\",\"placeholder\":\"\",\"visible\":true,\"editable\":true},\"list\":{\"label\":\"Tags\",\"searchable\":false,\"sortable\":false}},\"openDoc\":{\"edit\":{\"label\":\"OpenDoc\",\"description\":\"\",\"placeholder\":\"\",\"visible\":true,\"editable\":true},\"list\":{\"label\":\"OpenDoc\",\"searchable\":false,\"sortable\":false}},\"markdown\":{\"edit\":{\"label\":\"Markdown\",\"description\":\"\",\"placeholder\":\"\",\"visible\":true,\"editable\":true},\"list\":{\"label\":\"Markdown\",\"searchable\":false,\"sortable\":false}},\"created_at\":{\"edit\":{\"label\":\"Created_at\",\"description\":\"\",\"placeholder\":\"\",\"visible\":false,\"editable\":true},\"list\":{\"label\":\"Created_at\",\"searchable\":true,\"sortable\":true}},\"updated_at\":{\"edit\":{\"label\":\"Updated_at\",\"description\":\"\",\"placeholder\":\"\",\"visible\":false,\"editable\":true},\"list\":{\"label\":\"Updated_at\",\"searchable\":true,\"sortable\":true}}},\"layouts\":{\"list\":[\"id\",\"title\",\"slug\",\"description\"],\"editRelations\":[],\"edit\":[[{\"name\":\"title\",\"size\":6},{\"name\":\"slug\",\"size\":6}],[{\"name\":\"description\",\"size\":6},{\"name\":\"color_status\",\"size\":6}],[{\"name\":\"status\",\"size\":6},{\"name\":\"footerText\",\"size\":6}],[{\"name\":\"image\",\"size\":6},{\"name\":\"version\",\"size\":6}],[{\"name\":\"buttons\",\"size\":12}],[{\"name\":\"benefits\",\"size\":12}],[{\"name\":\"tags\",\"size\":12}],[{\"name\":\"openDoc\",\"size\":12}],[{\"name\":\"markdown\",\"size\":12}]]}}','object','',''),(796,'model_def_application::blog-item.blog-item','{\"uid\":\"application::blog-item.blog-item\",\"collectionName\":\"blog_items\",\"kind\":\"collectionType\",\"info\":{\"name\":\"BlogItem\",\"description\":\"\"},\"options\":{\"increments\":true,\"timestamps\":[\"created_at\",\"updated_at\"],\"draftAndPublish\":true},\"pluginOptions\":{},\"attributes\":{\"title\":{\"type\":\"string\"},\"slug\":{\"type\":\"uid\"},\"image\":{\"collection\":\"file\",\"via\":\"related\",\"allowedTypes\":[\"images\",\"files\",\"videos\"],\"plugin\":\"upload\",\"required\":false,\"pluginOptions\":{}},\"timeRead\":{\"type\":\"string\"},\"tags\":{\"type\":\"component\",\"repeatable\":true,\"component\":\"elements.titles\"},\"questions\":{\"type\":\"component\",\"repeatable\":true,\"component\":\"custom.questions\"},\"nameUser\":{\"type\":\"string\"},\"photoUser\":{\"collection\":\"file\",\"via\":\"related\",\"allowedTypes\":[\"images\",\"files\",\"videos\"],\"plugin\":\"upload\",\"required\":false,\"pluginOptions\":{}},\"jobUser\":{\"type\":\"string\"},\"date\":{\"type\":\"date\"},\"description\":{\"type\":\"text\"},\"content\":{\"type\":\"richtext\"},\"published_at\":{\"type\":\"datetime\",\"configurable\":false,\"writable\":true,\"visible\":false},\"created_by\":{\"model\":\"user\",\"plugin\":\"admin\",\"configurable\":false,\"writable\":false,\"visible\":false,\"private\":true},\"updated_by\":{\"model\":\"user\",\"plugin\":\"admin\",\"configurable\":false,\"writable\":false,\"visible\":false,\"private\":true}}}','object',NULL,NULL),(797,'plugin_content_manager_configuration_content_types::application::blog-item.blog-item','{\"uid\":\"application::blog-item.blog-item\",\"settings\":{\"bulkable\":true,\"filterable\":true,\"searchable\":true,\"pageSize\":10,\"mainField\":\"title\",\"defaultSortBy\":\"title\",\"defaultSortOrder\":\"ASC\"},\"metadatas\":{\"id\":{\"edit\":{},\"list\":{\"label\":\"Id\",\"searchable\":true,\"sortable\":true}},\"title\":{\"edit\":{\"label\":\"Title\",\"description\":\"\",\"placeholder\":\"\",\"visible\":true,\"editable\":true},\"list\":{\"label\":\"Title\",\"searchable\":true,\"sortable\":true}},\"slug\":{\"edit\":{\"label\":\"Slug\",\"description\":\"\",\"placeholder\":\"\",\"visible\":true,\"editable\":true},\"list\":{\"label\":\"Slug\",\"searchable\":true,\"sortable\":true}},\"image\":{\"edit\":{\"label\":\"Image\",\"description\":\"\",\"placeholder\":\"\",\"visible\":true,\"editable\":true},\"list\":{\"label\":\"Image\",\"searchable\":false,\"sortable\":false}},\"timeRead\":{\"edit\":{\"label\":\"TimeRead\",\"description\":\"\",\"placeholder\":\"\",\"visible\":true,\"editable\":true},\"list\":{\"label\":\"TimeRead\",\"searchable\":true,\"sortable\":true}},\"tags\":{\"edit\":{\"label\":\"Tags\",\"description\":\"\",\"placeholder\":\"\",\"visible\":true,\"editable\":true},\"list\":{\"label\":\"Tags\",\"searchable\":false,\"sortable\":false}},\"questions\":{\"edit\":{\"label\":\"Questions\",\"description\":\"\",\"placeholder\":\"\",\"visible\":true,\"editable\":true},\"list\":{\"label\":\"Questions\",\"searchable\":false,\"sortable\":false}},\"nameUser\":{\"edit\":{\"label\":\"NameUser\",\"description\":\"\",\"placeholder\":\"\",\"visible\":true,\"editable\":true},\"list\":{\"label\":\"NameUser\",\"searchable\":true,\"sortable\":true}},\"photoUser\":{\"edit\":{\"label\":\"PhotoUser\",\"description\":\"\",\"placeholder\":\"\",\"visible\":true,\"editable\":true},\"list\":{\"label\":\"PhotoUser\",\"searchable\":false,\"sortable\":false}},\"jobUser\":{\"edit\":{\"label\":\"JobUser\",\"description\":\"\",\"placeholder\":\"\",\"visible\":true,\"editable\":true},\"list\":{\"label\":\"JobUser\",\"searchable\":true,\"sortable\":true}},\"date\":{\"edit\":{\"label\":\"Date\",\"description\":\"\",\"placeholder\":\"\",\"visible\":true,\"editable\":true},\"list\":{\"label\":\"Date\",\"searchable\":true,\"sortable\":true}},\"description\":{\"edit\":{\"label\":\"Description\",\"description\":\"\",\"placeholder\":\"\",\"visible\":true,\"editable\":true},\"list\":{\"label\":\"Description\",\"searchable\":true,\"sortable\":true}},\"content\":{\"edit\":{\"label\":\"Content\",\"description\":\"\",\"placeholder\":\"\",\"visible\":true,\"editable\":true},\"list\":{\"label\":\"Content\",\"searchable\":false,\"sortable\":false}},\"created_at\":{\"edit\":{\"label\":\"Created_at\",\"description\":\"\",\"placeholder\":\"\",\"visible\":false,\"editable\":true},\"list\":{\"label\":\"Created_at\",\"searchable\":true,\"sortable\":true}},\"updated_at\":{\"edit\":{\"label\":\"Updated_at\",\"description\":\"\",\"placeholder\":\"\",\"visible\":false,\"editable\":true},\"list\":{\"label\":\"Updated_at\",\"searchable\":true,\"sortable\":true}}},\"layouts\":{\"list\":[\"id\",\"title\",\"slug\",\"image\"],\"edit\":[[{\"name\":\"title\",\"size\":6},{\"name\":\"slug\",\"size\":6}],[{\"name\":\"image\",\"size\":6},{\"name\":\"timeRead\",\"size\":6}],[{\"name\":\"tags\",\"size\":12}],[{\"name\":\"questions\",\"size\":12}],[{\"name\":\"nameUser\",\"size\":6},{\"name\":\"photoUser\",\"size\":6}],[{\"name\":\"jobUser\",\"size\":6},{\"name\":\"date\",\"size\":4}],[{\"name\":\"description\",\"size\":6}],[{\"name\":\"content\",\"size\":12}]],\"editRelations\":[]}}','object','',''),(798,'model_def_custom.carousel','{\"uid\":\"custom.carousel\",\"collectionName\":\"components_sura_carousels\",\"info\":{\"name\":\"carousel\",\"icon\":\"caret-right\"},\"options\":{\"timestamps\":false},\"attributes\":{\"slider\":{\"type\":\"string\"},\"sliderCarousel\":{\"type\":\"component\",\"repeatable\":true,\"component\":\"elements.slider\"}}}','object',NULL,NULL),(799,'model_def_custom.chips','{\"uid\":\"custom.chips\",\"collectionName\":\"components_sura_chips\",\"info\":{\"name\":\"chips\",\"icon\":\"child\"},\"options\":{\"timestamps\":false},\"attributes\":{\"color\":{\"type\":\"string\"},\"name\":{\"type\":\"string\"}}}','object',NULL,NULL),(800,'model_def_custom.items','{\"uid\":\"custom.items\",\"collectionName\":\"components_sura_items\",\"info\":{\"name\":\"items\",\"icon\":\"th-list\",\"description\":\"\"},\"options\":{\"timestamps\":false},\"attributes\":{\"title\":{\"type\":\"string\"},\"description\":{\"type\":\"text\"},\"image\":{\"collection\":\"file\",\"via\":\"related\",\"allowedTypes\":[\"images\",\"files\",\"videos\"],\"plugin\":\"upload\",\"required\":false,\"pluginOptions\":{}},\"icon\":{\"type\":\"string\"}}}','object',NULL,NULL),(801,'model_def_custom.list-filter','{\"uid\":\"custom.list-filter\",\"collectionName\":\"components_sura_list_filters\",\"info\":{\"name\":\"ListFilter\",\"icon\":\"list\"},\"options\":{\"timestamps\":false},\"attributes\":{\"Title\":{\"type\":\"string\"},\"items\":{\"type\":\"component\",\"repeatable\":true,\"component\":\"elements.titles\"}}}','object',NULL,NULL),(802,'model_def_custom.list-recent','{\"uid\":\"custom.list-recent\",\"collectionName\":\"components_sura_list_recents\",\"info\":{\"name\":\"ListRecent\",\"icon\":\"list-ol\",\"description\":\"\"},\"options\":{\"timestamps\":false},\"attributes\":{\"title\":{\"type\":\"string\"},\"items\":{\"type\":\"component\",\"repeatable\":true,\"component\":\"custom.items\"}}}','object',NULL,NULL),(803,'model_def_custom.questions','{\"uid\":\"custom.questions\",\"collectionName\":\"components_sura_questions\",\"info\":{\"name\":\"questions\",\"icon\":\"question\",\"description\":\"\"},\"options\":{\"timestamps\":false},\"attributes\":{\"question\":{\"type\":\"string\"},\"description\":{\"type\":\"string\"},\"img\":{\"collection\":\"file\",\"via\":\"related\",\"allowedTypes\":[\"images\",\"files\",\"videos\"],\"plugin\":\"upload\",\"required\":false,\"pluginOptions\":{}},\"seccion\":{\"type\":\"enumeration\",\"enum\":[\"Reverse\",\"Normal\",\"NoImage\"]},\"description_two\":{\"type\":\"richtext\"}}}','object',NULL,NULL),(804,'model_def_custom.section-card','{\"uid\":\"custom.section-card\",\"collectionName\":\"components_sura_section_cards\",\"info\":{\"name\":\"sectionCard\",\"icon\":\"vr-cardboard\"},\"options\":{\"timestamps\":false},\"attributes\":{\"title\":{\"type\":\"string\"},\"description\":{\"type\":\"text\"}}}','object',NULL,NULL),(805,'model_def_custom.tab-card','{\"uid\":\"custom.tab-card\",\"collectionName\":\"components_sura_tab_cards\",\"info\":{\"name\":\"tabCard\",\"icon\":\"sd-card\",\"description\":\"\"},\"options\":{\"timestamps\":false},\"attributes\":{\"name\":{\"type\":\"string\"},\"img\":{\"collection\":\"file\",\"via\":\"related\",\"allowedTypes\":[\"images\",\"files\",\"videos\"],\"plugin\":\"upload\",\"required\":false,\"pluginOptions\":{}},\"cards\":{\"type\":\"component\",\"repeatable\":true,\"component\":\"cards.card\"},\"tab\":{\"type\":\"enumeration\",\"enum\":[\"zero\",\"one\",\"two\",\"three\",\"four\",\"five\"]}}}','object',NULL,NULL),(806,'plugin_content_manager_configuration_components::custom.chips','{\"uid\":\"custom.chips\",\"settings\":{\"bulkable\":true,\"filterable\":true,\"searchable\":true,\"pageSize\":10,\"mainField\":\"color\",\"defaultSortBy\":\"color\",\"defaultSortOrder\":\"ASC\"},\"metadatas\":{\"id\":{\"edit\":{},\"list\":{\"label\":\"Id\",\"searchable\":false,\"sortable\":false}},\"color\":{\"edit\":{\"label\":\"Color\",\"description\":\"\",\"placeholder\":\"\",\"visible\":true,\"editable\":true},\"list\":{\"label\":\"Color\",\"searchable\":true,\"sortable\":true}},\"name\":{\"edit\":{\"label\":\"Name\",\"description\":\"\",\"placeholder\":\"\",\"visible\":true,\"editable\":true},\"list\":{\"label\":\"Name\",\"searchable\":true,\"sortable\":true}}},\"layouts\":{\"list\":[\"id\",\"color\",\"name\"],\"edit\":[[{\"name\":\"color\",\"size\":6},{\"name\":\"name\",\"size\":6}]],\"editRelations\":[]},\"isComponent\":true}','object','',''),(807,'plugin_content_manager_configuration_components::custom.list-filter','{\"uid\":\"custom.list-filter\",\"settings\":{\"bulkable\":true,\"filterable\":true,\"searchable\":true,\"pageSize\":10,\"mainField\":\"Title\",\"defaultSortBy\":\"Title\",\"defaultSortOrder\":\"ASC\"},\"metadatas\":{\"id\":{\"edit\":{},\"list\":{\"label\":\"Id\",\"searchable\":false,\"sortable\":false}},\"Title\":{\"edit\":{\"label\":\"Title\",\"description\":\"\",\"placeholder\":\"\",\"visible\":true,\"editable\":true},\"list\":{\"label\":\"Title\",\"searchable\":true,\"sortable\":true}},\"items\":{\"edit\":{\"label\":\"Items\",\"description\":\"\",\"placeholder\":\"\",\"visible\":true,\"editable\":true},\"list\":{\"label\":\"Items\",\"searchable\":false,\"sortable\":false}}},\"layouts\":{\"list\":[\"id\",\"Title\"],\"edit\":[[{\"name\":\"Title\",\"size\":6}],[{\"name\":\"items\",\"size\":12}]],\"editRelations\":[]},\"isComponent\":true}','object','',''),(808,'plugin_content_manager_configuration_components::custom.list-recent','{\"uid\":\"custom.list-recent\",\"settings\":{\"bulkable\":true,\"filterable\":true,\"searchable\":true,\"pageSize\":10,\"mainField\":\"title\",\"defaultSortBy\":\"title\",\"defaultSortOrder\":\"ASC\"},\"metadatas\":{\"id\":{\"edit\":{},\"list\":{\"label\":\"Id\",\"searchable\":false,\"sortable\":false}},\"title\":{\"edit\":{\"label\":\"Title\",\"description\":\"\",\"placeholder\":\"\",\"visible\":true,\"editable\":true},\"list\":{\"label\":\"Title\",\"searchable\":true,\"sortable\":true}},\"items\":{\"edit\":{\"label\":\"Items\",\"description\":\"\",\"placeholder\":\"\",\"visible\":true,\"editable\":true},\"list\":{\"label\":\"Items\",\"searchable\":false,\"sortable\":false}}},\"layouts\":{\"list\":[\"id\",\"title\"],\"edit\":[[{\"name\":\"title\",\"size\":6}],[{\"name\":\"items\",\"size\":12}]],\"editRelations\":[]},\"isComponent\":true}','object','',''),(809,'plugin_content_manager_configuration_components::custom.carousel','{\"uid\":\"custom.carousel\",\"settings\":{\"bulkable\":true,\"filterable\":true,\"searchable\":true,\"pageSize\":10,\"mainField\":\"slider\",\"defaultSortBy\":\"slider\",\"defaultSortOrder\":\"ASC\"},\"metadatas\":{\"id\":{\"edit\":{},\"list\":{\"label\":\"Id\",\"searchable\":false,\"sortable\":false}},\"slider\":{\"edit\":{\"label\":\"Slider\",\"description\":\"\",\"placeholder\":\"\",\"visible\":true,\"editable\":true},\"list\":{\"label\":\"Slider\",\"searchable\":true,\"sortable\":true}},\"sliderCarousel\":{\"edit\":{\"label\":\"SliderCarousel\",\"description\":\"\",\"placeholder\":\"\",\"visible\":true,\"editable\":true},\"list\":{\"label\":\"SliderCarousel\",\"searchable\":false,\"sortable\":false}}},\"layouts\":{\"list\":[\"id\",\"slider\"],\"edit\":[[{\"name\":\"slider\",\"size\":6}],[{\"name\":\"sliderCarousel\",\"size\":12}]],\"editRelations\":[]},\"isComponent\":true}','object','',''),(810,'plugin_content_manager_configuration_components::custom.items','{\"uid\":\"custom.items\",\"settings\":{\"bulkable\":true,\"filterable\":true,\"searchable\":true,\"pageSize\":10,\"mainField\":\"title\",\"defaultSortBy\":\"title\",\"defaultSortOrder\":\"ASC\"},\"metadatas\":{\"id\":{\"edit\":{},\"list\":{\"label\":\"Id\",\"searchable\":false,\"sortable\":false}},\"title\":{\"edit\":{\"label\":\"Title\",\"description\":\"\",\"placeholder\":\"\",\"visible\":true,\"editable\":true},\"list\":{\"label\":\"Title\",\"searchable\":true,\"sortable\":true}},\"description\":{\"edit\":{\"label\":\"Description\",\"description\":\"\",\"placeholder\":\"\",\"visible\":true,\"editable\":true},\"list\":{\"label\":\"Description\",\"searchable\":true,\"sortable\":true}},\"image\":{\"edit\":{\"label\":\"Image\",\"description\":\"\",\"placeholder\":\"\",\"visible\":true,\"editable\":true},\"list\":{\"label\":\"Image\",\"searchable\":false,\"sortable\":false}},\"icon\":{\"edit\":{\"label\":\"Icon\",\"description\":\"\",\"placeholder\":\"\",\"visible\":true,\"editable\":true},\"list\":{\"label\":\"Icon\",\"searchable\":true,\"sortable\":true}}},\"layouts\":{\"list\":[\"id\",\"title\",\"description\",\"image\"],\"edit\":[[{\"name\":\"title\",\"size\":6},{\"name\":\"description\",\"size\":6}],[{\"name\":\"image\",\"size\":6},{\"name\":\"icon\",\"size\":6}]],\"editRelations\":[]},\"isComponent\":true}','object','',''),(811,'plugin_content_manager_configuration_components::custom.questions','{\"uid\":\"custom.questions\",\"settings\":{\"bulkable\":true,\"filterable\":true,\"searchable\":true,\"pageSize\":10,\"mainField\":\"question\",\"defaultSortBy\":\"question\",\"defaultSortOrder\":\"ASC\"},\"metadatas\":{\"id\":{\"edit\":{},\"list\":{\"label\":\"Id\",\"searchable\":false,\"sortable\":false}},\"question\":{\"edit\":{\"label\":\"Question\",\"description\":\"\",\"placeholder\":\"\",\"visible\":true,\"editable\":true},\"list\":{\"label\":\"Question\",\"searchable\":true,\"sortable\":true}},\"description\":{\"edit\":{\"label\":\"Description\",\"description\":\"\",\"placeholder\":\"\",\"visible\":true,\"editable\":true},\"list\":{\"label\":\"Description\",\"searchable\":true,\"sortable\":true}},\"img\":{\"edit\":{\"label\":\"Img\",\"description\":\"\",\"placeholder\":\"\",\"visible\":true,\"editable\":true},\"list\":{\"label\":\"Img\",\"searchable\":false,\"sortable\":false}},\"seccion\":{\"edit\":{\"label\":\"Seccion\",\"description\":\"\",\"placeholder\":\"\",\"visible\":true,\"editable\":true},\"list\":{\"label\":\"Seccion\",\"searchable\":true,\"sortable\":true}},\"description_two\":{\"edit\":{\"label\":\"Description_two\",\"description\":\"\",\"placeholder\":\"\",\"visible\":true,\"editable\":true},\"list\":{\"label\":\"Description_two\",\"searchable\":false,\"sortable\":false}}},\"layouts\":{\"list\":[\"id\",\"question\",\"description\",\"img\"],\"edit\":[[{\"name\":\"question\",\"size\":6},{\"name\":\"description\",\"size\":6}],[{\"name\":\"img\",\"size\":6},{\"name\":\"seccion\",\"size\":6}],[{\"name\":\"description_two\",\"size\":12}]],\"editRelations\":[]},\"isComponent\":true}','object','',''),(812,'plugin_content_manager_configuration_components::custom.section-card','{\"uid\":\"custom.section-card\",\"settings\":{\"bulkable\":true,\"filterable\":true,\"searchable\":true,\"pageSize\":10,\"mainField\":\"title\",\"defaultSortBy\":\"title\",\"defaultSortOrder\":\"ASC\"},\"metadatas\":{\"id\":{\"edit\":{},\"list\":{\"label\":\"Id\",\"searchable\":false,\"sortable\":false}},\"title\":{\"edit\":{\"label\":\"Title\",\"description\":\"\",\"placeholder\":\"\",\"visible\":true,\"editable\":true},\"list\":{\"label\":\"Title\",\"searchable\":true,\"sortable\":true}},\"description\":{\"edit\":{\"label\":\"Description\",\"description\":\"\",\"placeholder\":\"\",\"visible\":true,\"editable\":true},\"list\":{\"label\":\"Description\",\"searchable\":true,\"sortable\":true}}},\"layouts\":{\"list\":[\"id\",\"title\",\"description\"],\"edit\":[[{\"name\":\"title\",\"size\":6},{\"name\":\"description\",\"size\":6}]],\"editRelations\":[]},\"isComponent\":true}','object','',''),(813,'plugin_content_manager_configuration_components::custom.tab-card','{\"uid\":\"custom.tab-card\",\"settings\":{\"bulkable\":true,\"filterable\":true,\"searchable\":true,\"pageSize\":10,\"mainField\":\"name\",\"defaultSortBy\":\"name\",\"defaultSortOrder\":\"ASC\"},\"metadatas\":{\"id\":{\"edit\":{},\"list\":{\"label\":\"Id\",\"searchable\":false,\"sortable\":false}},\"name\":{\"edit\":{\"label\":\"Name\",\"description\":\"\",\"placeholder\":\"\",\"visible\":true,\"editable\":true},\"list\":{\"label\":\"Name\",\"searchable\":true,\"sortable\":true}},\"img\":{\"edit\":{\"label\":\"Img\",\"description\":\"\",\"placeholder\":\"\",\"visible\":true,\"editable\":true},\"list\":{\"label\":\"Img\",\"searchable\":false,\"sortable\":false}},\"cards\":{\"edit\":{\"label\":\"Cards\",\"description\":\"\",\"placeholder\":\"\",\"visible\":true,\"editable\":true},\"list\":{\"label\":\"Cards\",\"searchable\":false,\"sortable\":false}},\"tab\":{\"edit\":{\"label\":\"Tab\",\"description\":\"\",\"placeholder\":\"\",\"visible\":true,\"editable\":true},\"list\":{\"label\":\"Tab\",\"searchable\":true,\"sortable\":true}}},\"layouts\":{\"list\":[\"id\",\"name\",\"img\",\"tab\"],\"edit\":[[{\"name\":\"name\",\"size\":6},{\"name\":\"img\",\"size\":6}],[{\"name\":\"cards\",\"size\":12}],[{\"name\":\"tab\",\"size\":6}]],\"editRelations\":[]},\"isComponent\":true}','object','','');
/*!40000 ALTER TABLE `core_store` ENABLE KEYS */;
UNLOCK TABLES;

--
-- Table structure for table `customers`
--

DROP TABLE IF EXISTS `customers`;
/*!40101 SET @saved_cs_client     = @@character_set_client */;
/*!40101 SET character_set_client = utf8 */;
CREATE TABLE `customers` (
  `id` int(10) unsigned NOT NULL AUTO_INCREMENT,
  `name` varchar(255) DEFAULT NULL,
  `company` varchar(255) DEFAULT NULL,
  `published_at` datetime DEFAULT NULL,
  `created_by` int(11) DEFAULT NULL,
  `updated_by` int(11) DEFAULT NULL,
  `created_at` timestamp NULL DEFAULT CURRENT_TIMESTAMP,
  `updated_at` timestamp NULL DEFAULT CURRENT_TIMESTAMP,
  `lastname` varchar(255) DEFAULT NULL,
  `personalInfo` longtext,
  `occupation` varchar(255) DEFAULT NULL,
  `locale` varchar(255) DEFAULT NULL,
  PRIMARY KEY (`id`)
) ENGINE=InnoDB AUTO_INCREMENT=12 DEFAULT CHARSET=utf8;
/*!40101 SET character_set_client = @saved_cs_client */;

--
-- Dumping data for table `customers`
--

LOCK TABLES `customers` WRITE;
/*!40000 ALTER TABLE `customers` DISABLE KEYS */;
INSERT INTO `customers` VALUES (5,'Marina Garc├¡a Aedo','SUSTAINABILITY MANAGER, IBERIA','2021-12-09 08:58:06',9,13,'2021-12-09 08:57:05','2022-03-07 21:01:35',NULL,NULL,NULL,'en'),(6,'Gonzalo Abalo Alvarez','HEAD OF BUSINESS ANALYSIS, TELEF├ôNICA GROUP','2021-12-09 08:57:57',9,13,'2021-12-09 08:57:41','2022-03-07 21:04:26',NULL,NULL,NULL,'en'),(10,'Gonzalo Abalo Alvarez','HEAD OF BUSINESS ANALYSIS, TELEF├ôNICA GROUP','2022-02-18 14:57:27',13,13,'2022-02-18 14:52:39','2022-03-07 21:56:41',NULL,NULL,NULL,'es'),(11,'Marina Garc├¡a Aedo','SUSTAINABILITY MANAGER, IBERIA','2022-02-18 14:57:18',13,13,'2022-02-18 14:53:01','2022-03-07 21:57:09',NULL,NULL,NULL,'es');
/*!40000 ALTER TABLE `customers` ENABLE KEYS */;
UNLOCK TABLES;

--
-- Table structure for table `customers__localizations`
--

DROP TABLE IF EXISTS `customers__localizations`;
/*!40101 SET @saved_cs_client     = @@character_set_client */;
/*!40101 SET character_set_client = utf8 */;
CREATE TABLE `customers__localizations` (
  `id` int(10) unsigned NOT NULL AUTO_INCREMENT,
  `customer_id` int(11) DEFAULT NULL,
  `related_customer_id` int(11) DEFAULT NULL,
  PRIMARY KEY (`id`)
) ENGINE=InnoDB AUTO_INCREMENT=11 DEFAULT CHARSET=utf8;
/*!40101 SET character_set_client = @saved_cs_client */;

--
-- Dumping data for table `customers__localizations`
--

LOCK TABLES `customers__localizations` WRITE;
/*!40000 ALTER TABLE `customers__localizations` DISABLE KEYS */;
INSERT INTO `customers__localizations` VALUES (1,8,7),(5,8,9),(6,7,9),(7,10,6),(8,6,10),(9,11,5),(10,5,11);
/*!40000 ALTER TABLE `customers__localizations` ENABLE KEYS */;
UNLOCK TABLES;

--
-- Table structure for table `deletes`
--

DROP TABLE IF EXISTS `deletes`;
/*!40101 SET @saved_cs_client     = @@character_set_client */;
/*!40101 SET character_set_client = utf8 */;
CREATE TABLE `deletes` (
  `id` int(10) unsigned NOT NULL AUTO_INCREMENT,
  `delete` varchar(255) DEFAULT NULL,
  `published_at` datetime DEFAULT NULL,
  `created_by` int(11) DEFAULT NULL,
  `updated_by` int(11) DEFAULT NULL,
  `created_at` timestamp NULL DEFAULT CURRENT_TIMESTAMP,
  `updated_at` timestamp NULL DEFAULT CURRENT_TIMESTAMP,
  `locale` varchar(255) DEFAULT NULL,
  PRIMARY KEY (`id`)
) ENGINE=InnoDB DEFAULT CHARSET=utf8;
/*!40101 SET character_set_client = @saved_cs_client */;

--
-- Dumping data for table `deletes`
--

LOCK TABLES `deletes` WRITE;
/*!40000 ALTER TABLE `deletes` DISABLE KEYS */;
/*!40000 ALTER TABLE `deletes` ENABLE KEYS */;
UNLOCK TABLES;

--
-- Table structure for table `deletes__localizations`
--

DROP TABLE IF EXISTS `deletes__localizations`;
/*!40101 SET @saved_cs_client     = @@character_set_client */;
/*!40101 SET character_set_client = utf8 */;
CREATE TABLE `deletes__localizations` (
  `id` int(10) unsigned NOT NULL AUTO_INCREMENT,
  `delete_id` int(11) DEFAULT NULL,
  `related_delete_id` int(11) DEFAULT NULL,
  PRIMARY KEY (`id`)
) ENGINE=InnoDB DEFAULT CHARSET=utf8;
/*!40101 SET character_set_client = @saved_cs_client */;

--
-- Dumping data for table `deletes__localizations`
--

LOCK TABLES `deletes__localizations` WRITE;
/*!40000 ALTER TABLE `deletes__localizations` DISABLE KEYS */;
/*!40000 ALTER TABLE `deletes__localizations` ENABLE KEYS */;
UNLOCK TABLES;

--
-- Table structure for table `developer_guides`
--

DROP TABLE IF EXISTS `developer_guides`;
/*!40101 SET @saved_cs_client     = @@character_set_client */;
/*!40101 SET character_set_client = utf8 */;
CREATE TABLE `developer_guides` (
  `id` int(10) unsigned NOT NULL AUTO_INCREMENT,
  `title` varchar(255) DEFAULT NULL,
  `description` longtext,
  `goesCover` tinyint(1) DEFAULT NULL,
  `published_at` datetime DEFAULT NULL,
  `created_by` int(11) DEFAULT NULL,
  `updated_by` int(11) DEFAULT NULL,
  `created_at` timestamp NULL DEFAULT CURRENT_TIMESTAMP,
  `updated_at` timestamp NULL DEFAULT CURRENT_TIMESTAMP,
  `isPublicCoverVisible` tinyint(1) DEFAULT NULL,
  `isPrivateCoverVisible` tinyint(1) DEFAULT NULL,
  `isPrivateGeneralVisible` tinyint(1) DEFAULT NULL,
  `isPublicGeneralVisible` tinyint(1) DEFAULT NULL,
  `uid` varchar(255) DEFAULT NULL,
  `uid2` varchar(255) DEFAULT NULL,
  `shortDescription` varchar(255) DEFAULT NULL,
  `longDescription` longtext,
  `slug` varchar(255) DEFAULT NULL,
  `order` int(11) DEFAULT NULL,
  `locale` varchar(255) DEFAULT NULL,
  PRIMARY KEY (`id`),
  UNIQUE KEY `developer_guides_uid_unique` (`uid`),
  UNIQUE KEY `developer_guides_uid2_unique` (`uid2`),
  UNIQUE KEY `developer_guides_slug_unique` (`slug`)
) ENGINE=InnoDB AUTO_INCREMENT=45 DEFAULT CHARSET=utf8;
/*!40101 SET character_set_client = @saved_cs_client */;

--
-- Dumping data for table `developer_guides`
--

LOCK TABLES `developer_guides` WRITE;
/*!40000 ALTER TABLE `developer_guides` DISABLE KEYS */;
INSERT INTO `developer_guides` VALUES (1,'Manual del usuario','Descubre en esta gu├¡a lo sencillo que es conectarse con Rimac 2.0.',1,'2021-05-05 16:20:31',1,3,'2021-05-04 23:14:16','2021-10-11 20:12:51',NULL,0,NULL,0,NULL,NULL,NULL,NULL,'manual-del-usuario',2,'en'),(2,'Beneficios y requisitos de la interconexi├│n','Conoce los requisitos t├®cnicos para el uso de las APIs de RIMAC',0,'2021-05-05 14:18:13',1,6,'2021-05-04 23:28:36','2021-11-08 15:57:56',NULL,1,NULL,1,NULL,NULL,NULL,NULL,'beneficios-y-requisitos-de-la-interconexion',2,'en'),(3,'┬┐Por qu├® utilizar nuestro sandbox?','Prueba las APIs antes de integrarlas y decide si es la soluci├│n que buscas.',0,'2021-10-18 14:55:52',1,6,'2021-05-05 13:46:06','2021-11-11 13:40:25',NULL,1,NULL,1,NULL,NULL,NULL,NULL,'por-que-utilizar-nuestro-sandbox',3,'en'),(4,'Seguridad en nuestras APIs','Descubre los mecanismos de seguridad que utilizamos en Rimac.',0,'2021-10-18 14:55:55',1,6,'2021-05-05 14:02:41','2021-11-11 14:27:03',NULL,1,NULL,1,NULL,NULL,NULL,NULL,'seguridad-en-nuestras-apis',5,'en'),(6,'Startguide API Market','Explora el API Market f├ícilmente siguiendo estos pasos.',0,'2021-05-05 14:17:15',1,6,'2021-05-05 14:16:06','2021-11-08 15:52:41',NULL,NULL,NULL,1,NULL,NULL,NULL,NULL,'startguide-apimarket',1,'en'),(8,'Herramientas recomendadas para APIs','Te ayudamos a utilizar las mejores API Tools.',0,'2021-10-18 14:55:58',1,6,'2021-05-05 14:24:42','2021-11-08 15:59:48',NULL,1,NULL,1,NULL,NULL,NULL,NULL,'herramientas-recomendadas-para-ap-is',6,'en'),(44,'Buenas pr├ícticas en el dise├▒o de APIs','Aprende r├ípidamente c├│mo aplicar el popular API First.',NULL,'2021-10-18 14:56:01',6,6,'2021-09-22 11:39:39','2021-11-10 13:05:29',NULL,NULL,NULL,1,NULL,NULL,NULL,NULL,'buenas-practicas-en-el-diseno-de-apis',4,'en');
/*!40000 ALTER TABLE `developer_guides` ENABLE KEYS */;
UNLOCK TABLES;

--
-- Table structure for table `developer_guides__localizations`
--

DROP TABLE IF EXISTS `developer_guides__localizations`;
/*!40101 SET @saved_cs_client     = @@character_set_client */;
/*!40101 SET character_set_client = utf8 */;
CREATE TABLE `developer_guides__localizations` (
  `id` int(10) unsigned NOT NULL AUTO_INCREMENT,
  `developer_guide_id` int(11) DEFAULT NULL,
  `developer-guide_id` int(11) DEFAULT NULL,
  PRIMARY KEY (`id`)
) ENGINE=InnoDB DEFAULT CHARSET=utf8;
/*!40101 SET character_set_client = @saved_cs_client */;

--
-- Dumping data for table `developer_guides__localizations`
--

LOCK TABLES `developer_guides__localizations` WRITE;
/*!40000 ALTER TABLE `developer_guides__localizations` DISABLE KEYS */;
/*!40000 ALTER TABLE `developer_guides__localizations` ENABLE KEYS */;
UNLOCK TABLES;

--
-- Table structure for table `developer_guides_components`
--

DROP TABLE IF EXISTS `developer_guides_components`;
/*!40101 SET @saved_cs_client     = @@character_set_client */;
/*!40101 SET character_set_client = utf8 */;
CREATE TABLE `developer_guides_components` (
  `id` int(10) unsigned NOT NULL AUTO_INCREMENT,
  `field` varchar(255) NOT NULL,
  `order` int(10) unsigned NOT NULL,
  `component_type` varchar(255) NOT NULL,
  `component_id` int(11) NOT NULL,
  `developer_guide_id` int(10) unsigned NOT NULL,
  PRIMARY KEY (`id`),
  KEY `developer_guide_id_fk` (`developer_guide_id`),
  CONSTRAINT `developer_guide_id_fk` FOREIGN KEY (`developer_guide_id`) REFERENCES `developer_guides` (`id`) ON DELETE CASCADE
) ENGINE=InnoDB AUTO_INCREMENT=152 DEFAULT CHARSET=utf8;
/*!40101 SET character_set_client = @saved_cs_client */;

--
-- Dumping data for table `developer_guides_components`
--

LOCK TABLES `developer_guides_components` WRITE;
/*!40000 ALTER TABLE `developer_guides_components` DISABLE KEYS */;
INSERT INTO `developer_guides_components` VALUES (1,'summaryMarket',1,'components_elements_containers',5,1),(2,'summaryCover',1,'components_sections_summaries',11,1),(3,'mainHero',1,'components_elements_main_heroes',20,1),(4,'summaryMarket',1,'components_elements_containers',6,2),(5,'summaryCover',1,'components_sections_summaries',12,2),(6,'mainHero',1,'components_elements_main_heroes',21,2),(7,'summaryMarket',1,'components_elements_containers',7,3),(8,'summaryCover',1,'components_sections_summaries',13,3),(9,'mainHero',1,'components_elements_main_heroes',22,3),(10,'summaryMarket',1,'components_elements_containers',8,4),(11,'summaryCover',1,'components_sections_summaries',14,4),(12,'mainHero',1,'components_elements_main_heroes',23,4),(16,'summaryMarket',1,'components_elements_containers',10,6),(17,'summaryCover',1,'components_sections_summaries',16,6),(18,'mainHero',1,'components_elements_main_heroes',25,6),(22,'summaryMarket',1,'components_elements_containers',12,8),(23,'summaryCover',1,'components_sections_summaries',18,8),(24,'mainHero',1,'components_elements_main_heroes',27,8),(37,'contentList',1,'components_sections_entries_lists',2,1),(46,'metadata',1,'components_meta_metadata',24,1),(47,'contentList',1,'components_sections_entries_lists',40,2),(48,'Menu',1,'components_sections_sidebars',1,8),(49,'Menu',1,'components_sections_sidebars',2,1),(50,'Menu',1,'components_sections_sidebars',3,2),(51,'header',1,'components_elements_main_heroes',183,1),(52,'header',1,'components_elements_main_heroes',184,2),(53,'header',1,'components_elements_main_heroes',185,8),(54,'metadata',1,'components_meta_metadata',35,8),(55,'metadata',1,'components_meta_metadata',36,2),(56,'header',1,'components_elements_main_heroes',186,3),(57,'header',1,'components_elements_main_heroes',187,4),(59,'header',1,'components_elements_main_heroes',189,6),(60,'menu',1,'components_sections_sidebars',4,3),(61,'menu',1,'components_sections_sidebars',5,4),(108,'entries',1,'components_elements_entries',127,4),(109,'entries',3,'components_elements_entries',128,4),(110,'entries',1,'components_elements_entries',129,8),(111,'entries',2,'components_elements_entries',130,8),(114,'entries',1,'components_elements_entries',133,2),(115,'entries',2,'components_elements_entries',134,2),(116,'entries',1,'components_elements_entries',135,1),(117,'entries',2,'components_elements_entries',136,1),(118,'entries',1,'components_elements_entries',137,6),(119,'entries',2,'components_elements_entries',138,6),(122,'splitTitle',1,'components_elements_main_heroes',252,1),(123,'splitTitle',1,'components_elements_main_heroes',253,2),(124,'splitTitle',1,'components_elements_main_heroes',254,3),(125,'splitTitle',1,'components_elements_main_heroes',255,4),(127,'splitTitle',1,'components_elements_main_heroes',257,6),(128,'splitTitle',1,'components_elements_main_heroes',258,8),(130,'entries',1,'components_elements_entries',141,3),(131,'entries',3,'components_elements_entries',142,1),(140,'entries',3,'components_elements_entries',151,6),(141,'entries',4,'components_elements_entries',152,6),(142,'metadata',1,'components_meta_metadata',76,44),(143,'metadata',1,'components_meta_metadata',77,6),(144,'metadata',1,'components_meta_metadata',78,4),(145,'metadata',1,'components_meta_metadata',79,3),(146,'entries',1,'components_elements_entries',163,44),(147,'entries',2,'components_elements_entries',164,44),(148,'entries',3,'components_elements_entries',165,44),(149,'entries',4,'components_elements_entries',166,44),(150,'entries',2,'components_elements_entries',167,3),(151,'entries',2,'components_elements_entries',168,4);
/*!40000 ALTER TABLE `developer_guides_components` ENABLE KEYS */;
UNLOCK TABLES;

--
-- Table structure for table `developer_guides_tags__tags_developer_guides`
--

DROP TABLE IF EXISTS `developer_guides_tags__tags_developer_guides`;
/*!40101 SET @saved_cs_client     = @@character_set_client */;
/*!40101 SET character_set_client = utf8 */;
CREATE TABLE `developer_guides_tags__tags_developer_guides` (
  `id` int(10) unsigned NOT NULL AUTO_INCREMENT,
  `developer-guide_id` int(11) DEFAULT NULL,
  `tag_id` int(11) DEFAULT NULL,
  PRIMARY KEY (`id`)
) ENGINE=InnoDB AUTO_INCREMENT=2 DEFAULT CHARSET=utf8;
/*!40101 SET character_set_client = @saved_cs_client */;

--
-- Dumping data for table `developer_guides_tags__tags_developer_guides`
--

LOCK TABLES `developer_guides_tags__tags_developer_guides` WRITE;
/*!40000 ALTER TABLE `developer_guides_tags__tags_developer_guides` DISABLE KEYS */;
INSERT INTO `developer_guides_tags__tags_developer_guides` VALUES (1,6,1);
/*!40000 ALTER TABLE `developer_guides_tags__tags_developer_guides` ENABLE KEYS */;
UNLOCK TABLES;

--
-- Table structure for table `dummy`
--

DROP TABLE IF EXISTS `dummy`;
/*!40101 SET @saved_cs_client     = @@character_set_client */;
/*!40101 SET character_set_client = utf8 */;
CREATE TABLE `dummy` (
  `id` int(11) NOT NULL AUTO_INCREMENT,
  `description` varchar(100) NOT NULL,
  PRIMARY KEY (`id`)
) ENGINE=InnoDB DEFAULT CHARSET=utf8;
/*!40101 SET character_set_client = @saved_cs_client */;

--
-- Dumping data for table `dummy`
--

LOCK TABLES `dummy` WRITE;
/*!40000 ALTER TABLE `dummy` DISABLE KEYS */;
/*!40000 ALTER TABLE `dummy` ENABLE KEYS */;
UNLOCK TABLES;

--
-- Table structure for table `fa_qs`
--

DROP TABLE IF EXISTS `fa_qs`;
/*!40101 SET @saved_cs_client     = @@character_set_client */;
/*!40101 SET character_set_client = utf8 */;
CREATE TABLE `fa_qs` (
  `id` int(10) unsigned NOT NULL AUTO_INCREMENT,
  `title` varchar(255) DEFAULT NULL,
  `description` varchar(255) DEFAULT NULL,
  `published_at` datetime DEFAULT NULL,
  `created_by` int(11) DEFAULT NULL,
  `updated_by` int(11) DEFAULT NULL,
  `created_at` timestamp NULL DEFAULT CURRENT_TIMESTAMP,
  `updated_at` timestamp NULL DEFAULT CURRENT_TIMESTAMP,
  `slug` varchar(255) DEFAULT NULL,
  `order` int(11) DEFAULT NULL,
  PRIMARY KEY (`id`),
  UNIQUE KEY `fa_qs_slug_unique` (`slug`)
) ENGINE=InnoDB AUTO_INCREMENT=16 DEFAULT CHARSET=utf8;
/*!40101 SET character_set_client = @saved_cs_client */;

--
-- Dumping data for table `fa_qs`
--

LOCK TABLES `fa_qs` WRITE;
/*!40000 ALTER TABLE `fa_qs` DISABLE KEYS */;
INSERT INTO `fa_qs` VALUES (1,'Registro y activaci├│n de la cuenta',NULL,'2021-06-25 16:24:39',1,3,'2021-06-25 16:24:22','2021-10-19 03:11:23','registro-y-activacion-de-la-cuenta',1),(2,'Uso de las APIs',NULL,'2021-06-25 16:25:30',1,3,'2021-06-25 16:25:22','2021-10-19 03:10:33','uso-de-las-apis',3),(3,'Integraci├│n de las APIs',NULL,'2021-06-25 16:26:09',1,3,'2021-06-25 16:26:03','2021-10-19 03:12:06','integracion-de-las-apis',5),(4,'Cuenta y ├írea privada',NULL,'2021-06-25 16:26:35',1,6,'2021-06-25 16:26:32','2021-10-06 17:29:58','cuenta-y-area-privada',2),(15,'Probar las APIs',NULL,'2021-08-19 21:37:43',1,3,'2021-08-19 21:37:33','2021-10-19 03:11:35','probar-las-apis',4);
/*!40000 ALTER TABLE `fa_qs` ENABLE KEYS */;
UNLOCK TABLES;

--
-- Table structure for table `fa_qs_components`
--

DROP TABLE IF EXISTS `fa_qs_components`;
/*!40101 SET @saved_cs_client     = @@character_set_client */;
/*!40101 SET character_set_client = utf8 */;
CREATE TABLE `fa_qs_components` (
  `id` int(10) unsigned NOT NULL AUTO_INCREMENT,
  `field` varchar(255) NOT NULL,
  `order` int(10) unsigned NOT NULL,
  `component_type` varchar(255) NOT NULL,
  `component_id` int(11) NOT NULL,
  `fa_q_id` int(10) unsigned NOT NULL,
  PRIMARY KEY (`id`),
  KEY `fa_q_id_fk` (`fa_q_id`),
  CONSTRAINT `fa_q_id_fk` FOREIGN KEY (`fa_q_id`) REFERENCES `fa_qs` (`id`) ON DELETE CASCADE
) ENGINE=InnoDB AUTO_INCREMENT=71 DEFAULT CHARSET=utf8;
/*!40101 SET character_set_client = @saved_cs_client */;

--
-- Dumping data for table `fa_qs_components`
--

LOCK TABLES `fa_qs_components` WRITE;
/*!40000 ALTER TABLE `fa_qs_components` DISABLE KEYS */;
INSERT INTO `fa_qs_components` VALUES (1,'items',1,'components_elements_entries',46,1),(2,'items',2,'components_elements_entries',47,1),(3,'items',4,'components_elements_entries',48,1),(4,'items',3,'components_elements_entries',49,1),(5,'items',7,'components_elements_entries',50,2),(6,'items',6,'components_elements_entries',51,2),(7,'items',4,'components_elements_entries',52,2),(9,'items',2,'components_elements_entries',54,3),(10,'items',1,'components_elements_entries',55,3),(13,'items',1,'components_elements_entries',58,4),(17,'metadata',1,'components_meta_metadata',25,1),(18,'metadata',1,'components_meta_metadata',26,2),(19,'metadata',1,'components_meta_metadata',27,3),(20,'metadata',1,'components_meta_metadata',28,4),(24,'items',2,'components_elements_entries',76,4),(60,'items',1,'components_elements_entries',153,15),(61,'items',2,'components_elements_entries',154,15),(63,'items',1,'components_elements_entries',156,2),(64,'items',3,'components_elements_entries',157,2),(65,'items',5,'components_elements_entries',158,2),(66,'items',9,'components_elements_entries',159,2),(67,'items',8,'components_elements_entries',160,2),(68,'items',2,'components_elements_entries',161,2),(69,'items',3,'components_elements_entries',162,3),(70,'metadata',1,'components_meta_metadata',72,15);
/*!40000 ALTER TABLE `fa_qs_components` ENABLE KEYS */;
UNLOCK TABLES;

--
-- Table structure for table `filter_project_types`
--

DROP TABLE IF EXISTS `filter_project_types`;
/*!40101 SET @saved_cs_client     = @@character_set_client */;
/*!40101 SET character_set_client = utf8 */;
CREATE TABLE `filter_project_types` (
  `id` int(10) unsigned NOT NULL AUTO_INCREMENT,
  `title` varchar(255) DEFAULT NULL,
  `published_at` datetime DEFAULT NULL,
  `created_by` int(11) DEFAULT NULL,
  `updated_by` int(11) DEFAULT NULL,
  `created_at` timestamp NULL DEFAULT CURRENT_TIMESTAMP,
  `updated_at` timestamp NULL DEFAULT CURRENT_TIMESTAMP,
  `locale` varchar(255) DEFAULT NULL,
  PRIMARY KEY (`id`)
) ENGINE=InnoDB DEFAULT CHARSET=utf8;
/*!40101 SET character_set_client = @saved_cs_client */;

--
-- Dumping data for table `filter_project_types`
--

LOCK TABLES `filter_project_types` WRITE;
/*!40000 ALTER TABLE `filter_project_types` DISABLE KEYS */;
/*!40000 ALTER TABLE `filter_project_types` ENABLE KEYS */;
UNLOCK TABLES;

--
-- Table structure for table `filter_project_types__localizations`
--

DROP TABLE IF EXISTS `filter_project_types__localizations`;
/*!40101 SET @saved_cs_client     = @@character_set_client */;
/*!40101 SET character_set_client = utf8 */;
CREATE TABLE `filter_project_types__localizations` (
  `id` int(10) unsigned NOT NULL AUTO_INCREMENT,
  `filter_project_type_id` int(11) DEFAULT NULL,
  `filter-project-type_id` int(11) DEFAULT NULL,
  PRIMARY KEY (`id`)
) ENGINE=InnoDB AUTO_INCREMENT=5 DEFAULT CHARSET=utf8;
/*!40101 SET character_set_client = @saved_cs_client */;

--
-- Dumping data for table `filter_project_types__localizations`
--

LOCK TABLES `filter_project_types__localizations` WRITE;
/*!40000 ALTER TABLE `filter_project_types__localizations` DISABLE KEYS */;
INSERT INTO `filter_project_types__localizations` VALUES (1,3,1),(4,2,4);
/*!40000 ALTER TABLE `filter_project_types__localizations` ENABLE KEYS */;
UNLOCK TABLES;

--
-- Table structure for table `filter_solutions`
--

DROP TABLE IF EXISTS `filter_solutions`;
/*!40101 SET @saved_cs_client     = @@character_set_client */;
/*!40101 SET character_set_client = utf8 */;
CREATE TABLE `filter_solutions` (
  `id` int(10) unsigned NOT NULL AUTO_INCREMENT,
  `title` varchar(255) DEFAULT NULL,
  `published_at` datetime DEFAULT NULL,
  `created_by` int(11) DEFAULT NULL,
  `updated_by` int(11) DEFAULT NULL,
  `created_at` timestamp NULL DEFAULT CURRENT_TIMESTAMP,
  `updated_at` timestamp NULL DEFAULT CURRENT_TIMESTAMP,
  `locale` varchar(255) DEFAULT NULL,
  PRIMARY KEY (`id`)
) ENGINE=InnoDB AUTO_INCREMENT=23 DEFAULT CHARSET=utf8;
/*!40101 SET character_set_client = @saved_cs_client */;

--
-- Dumping data for table `filter_solutions`
--

LOCK TABLES `filter_solutions` WRITE;
/*!40000 ALTER TABLE `filter_solutions` DISABLE KEYS */;
INSERT INTO `filter_solutions` VALUES (11,'API to calculate','2022-02-24 00:11:31',12,13,'2022-02-24 00:11:03','2022-03-14 03:43:36','en'),(16,'API para calcular','2022-02-24 19:31:48',13,13,'2022-02-24 19:31:45','2022-03-14 03:43:56','es'),(21,'API to offset','2022-03-14 03:45:05',13,13,'2022-03-14 03:44:28','2022-03-14 03:45:06','en'),(22,'API para compensar','2022-03-14 03:45:02',13,13,'2022-03-14 03:44:41','2022-03-14 03:45:02','es');
/*!40000 ALTER TABLE `filter_solutions` ENABLE KEYS */;
UNLOCK TABLES;

--
-- Table structure for table `filter_solutions__localizations`
--

DROP TABLE IF EXISTS `filter_solutions__localizations`;
/*!40101 SET @saved_cs_client     = @@character_set_client */;
/*!40101 SET character_set_client = utf8 */;
CREATE TABLE `filter_solutions__localizations` (
  `id` int(10) unsigned NOT NULL AUTO_INCREMENT,
  `filter_solution_id` int(11) DEFAULT NULL,
  `filter-solution_id` int(11) DEFAULT NULL,
  PRIMARY KEY (`id`)
) ENGINE=InnoDB AUTO_INCREMENT=23 DEFAULT CHARSET=utf8;
/*!40101 SET character_set_client = @saved_cs_client */;

--
-- Dumping data for table `filter_solutions__localizations`
--

LOCK TABLES `filter_solutions__localizations` WRITE;
/*!40000 ALTER TABLE `filter_solutions__localizations` DISABLE KEYS */;
INSERT INTO `filter_solutions__localizations` VALUES (1,6,4),(3,7,1),(5,8,2),(7,9,3),(9,10,5),(11,16,11),(12,11,16),(13,17,12),(15,18,13),(17,19,15),(19,20,14),(21,22,21),(22,21,22);
/*!40000 ALTER TABLE `filter_solutions__localizations` ENABLE KEYS */;
UNLOCK TABLES;

--
-- Table structure for table `filter_statuses`
--

DROP TABLE IF EXISTS `filter_statuses`;
/*!40101 SET @saved_cs_client     = @@character_set_client */;
/*!40101 SET character_set_client = utf8 */;
CREATE TABLE `filter_statuses` (
  `id` int(10) unsigned NOT NULL AUTO_INCREMENT,
  `estatus` varchar(255) DEFAULT NULL,
  `published_at` datetime DEFAULT NULL,
  `created_by` int(11) DEFAULT NULL,
  `updated_by` int(11) DEFAULT NULL,
  `created_at` timestamp NULL DEFAULT CURRENT_TIMESTAMP,
  `updated_at` timestamp NULL DEFAULT CURRENT_TIMESTAMP,
  `api` int(11) DEFAULT NULL,
  `locale` varchar(255) DEFAULT NULL,
  PRIMARY KEY (`id`)
) ENGINE=InnoDB DEFAULT CHARSET=utf8;
/*!40101 SET character_set_client = @saved_cs_client */;

--
-- Dumping data for table `filter_statuses`
--

LOCK TABLES `filter_statuses` WRITE;
/*!40000 ALTER TABLE `filter_statuses` DISABLE KEYS */;
/*!40000 ALTER TABLE `filter_statuses` ENABLE KEYS */;
UNLOCK TABLES;

--
-- Table structure for table `filter_statuses__localizations`
--

DROP TABLE IF EXISTS `filter_statuses__localizations`;
/*!40101 SET @saved_cs_client     = @@character_set_client */;
/*!40101 SET character_set_client = utf8 */;
CREATE TABLE `filter_statuses__localizations` (
  `id` int(10) unsigned NOT NULL AUTO_INCREMENT,
  `filter_status_id` int(11) DEFAULT NULL,
  `filter-status_id` int(11) DEFAULT NULL,
  PRIMARY KEY (`id`)
) ENGINE=InnoDB AUTO_INCREMENT=6 DEFAULT CHARSET=utf8;
/*!40101 SET character_set_client = @saved_cs_client */;

--
-- Dumping data for table `filter_statuses__localizations`
--

LOCK TABLES `filter_statuses__localizations` WRITE;
/*!40000 ALTER TABLE `filter_statuses__localizations` DISABLE KEYS */;
INSERT INTO `filter_statuses__localizations` VALUES (1,4,1),(3,5,2),(5,6,3);
/*!40000 ALTER TABLE `filter_statuses__localizations` ENABLE KEYS */;
UNLOCK TABLES;

--
-- Table structure for table `filter_versions`
--

DROP TABLE IF EXISTS `filter_versions`;
/*!40101 SET @saved_cs_client     = @@character_set_client */;
/*!40101 SET character_set_client = utf8 */;
CREATE TABLE `filter_versions` (
  `id` int(10) unsigned NOT NULL AUTO_INCREMENT,
  `title` varchar(255) DEFAULT NULL,
  `published_at` datetime DEFAULT NULL,
  `created_by` int(11) DEFAULT NULL,
  `updated_by` int(11) DEFAULT NULL,
  `created_at` timestamp NULL DEFAULT CURRENT_TIMESTAMP,
  `updated_at` timestamp NULL DEFAULT CURRENT_TIMESTAMP,
  `locale` varchar(255) DEFAULT NULL,
  PRIMARY KEY (`id`)
) ENGINE=InnoDB AUTO_INCREMENT=5 DEFAULT CHARSET=utf8;
/*!40101 SET character_set_client = @saved_cs_client */;

--
-- Dumping data for table `filter_versions`
--

LOCK TABLES `filter_versions` WRITE;
/*!40000 ALTER TABLE `filter_versions` DISABLE KEYS */;
INSERT INTO `filter_versions` VALUES (1,'v1.0','2022-01-27 01:25:53',12,12,'2022-01-27 01:25:49','2022-01-27 20:33:09','en'),(4,'v1.0','2022-02-22 03:36:51',13,13,'2022-02-22 03:36:47','2022-02-22 03:36:51','es');
/*!40000 ALTER TABLE `filter_versions` ENABLE KEYS */;
UNLOCK TABLES;

--
-- Table structure for table `filter_versions__localizations`
--

DROP TABLE IF EXISTS `filter_versions__localizations`;
/*!40101 SET @saved_cs_client     = @@character_set_client */;
/*!40101 SET character_set_client = utf8 */;
CREATE TABLE `filter_versions__localizations` (
  `id` int(10) unsigned NOT NULL AUTO_INCREMENT,
  `filter_version_id` int(11) DEFAULT NULL,
  `filter-version_id` int(11) DEFAULT NULL,
  PRIMARY KEY (`id`)
) ENGINE=InnoDB AUTO_INCREMENT=6 DEFAULT CHARSET=utf8;
/*!40101 SET character_set_client = @saved_cs_client */;

--
-- Dumping data for table `filter_versions__localizations`
--

LOCK TABLES `filter_versions__localizations` WRITE;
/*!40000 ALTER TABLE `filter_versions__localizations` DISABLE KEYS */;
INSERT INTO `filter_versions__localizations` VALUES (1,4,1),(2,1,4),(3,5,2),(5,6,3);
/*!40000 ALTER TABLE `filter_versions__localizations` ENABLE KEYS */;
UNLOCK TABLES;

--
-- Table structure for table `footer_sus`
--

DROP TABLE IF EXISTS `footer_sus`;
/*!40101 SET @saved_cs_client     = @@character_set_client */;
/*!40101 SET character_set_client = utf8 */;
CREATE TABLE `footer_sus` (
  `id` int(10) unsigned NOT NULL AUTO_INCREMENT,
  `published_at` datetime DEFAULT NULL,
  `created_by` int(11) DEFAULT NULL,
  `updated_by` int(11) DEFAULT NULL,
  `created_at` timestamp NULL DEFAULT CURRENT_TIMESTAMP,
  `updated_at` timestamp NULL DEFAULT CURRENT_TIMESTAMP,
  `Copyright` longtext,
  PRIMARY KEY (`id`)
) ENGINE=InnoDB DEFAULT CHARSET=utf8;
/*!40101 SET character_set_client = @saved_cs_client */;

--
-- Dumping data for table `footer_sus`
--

LOCK TABLES `footer_sus` WRITE;
/*!40000 ALTER TABLE `footer_sus` DISABLE KEYS */;
/*!40000 ALTER TABLE `footer_sus` ENABLE KEYS */;
UNLOCK TABLES;

--
-- Table structure for table `footers`
--

DROP TABLE IF EXISTS `footers`;
/*!40101 SET @saved_cs_client     = @@character_set_client */;
/*!40101 SET character_set_client = utf8 */;
CREATE TABLE `footers` (
  `id` int(10) unsigned NOT NULL AUTO_INCREMENT,
  `description` varchar(255) DEFAULT NULL,
  `published_at` datetime DEFAULT NULL,
  `created_by` int(11) DEFAULT NULL,
  `updated_by` int(11) DEFAULT NULL,
  `created_at` timestamp NULL DEFAULT CURRENT_TIMESTAMP,
  `updated_at` timestamp NULL DEFAULT CURRENT_TIMESTAMP,
  `locale` varchar(255) DEFAULT NULL,
  `smallText` varchar(255) DEFAULT NULL,
  PRIMARY KEY (`id`)
) ENGINE=InnoDB AUTO_INCREMENT=3 DEFAULT CHARSET=utf8;
/*!40101 SET character_set_client = @saved_cs_client */;

--
-- Dumping data for table `footers`
--

LOCK TABLES `footers` WRITE;
/*!40000 ALTER TABLE `footers` DISABLE KEYS */;
INSERT INTO `footers` VALUES (1,'The blockchain marketplace where you can offset your carbon emissions without intermediaries and with total transparency.','2022-02-03 12:46:06',1,18,'2022-02-03 12:46:04','2022-04-04 22:47:36','en','Secure page'),(2,'El mercado blockchain donde puedes compensar tus emisiones de carbono sin intermediarios y con total transparencia.','2022-02-17 20:52:27',13,1,'2022-02-17 20:52:25','2022-07-22 01:44:01','es','Pagina Segura');
/*!40000 ALTER TABLE `footers` ENABLE KEYS */;
UNLOCK TABLES;

--
-- Table structure for table `footers__localizations`
--

DROP TABLE IF EXISTS `footers__localizations`;
/*!40101 SET @saved_cs_client     = @@character_set_client */;
/*!40101 SET character_set_client = utf8 */;
CREATE TABLE `footers__localizations` (
  `id` int(10) unsigned NOT NULL AUTO_INCREMENT,
  `footer_id` int(11) DEFAULT NULL,
  `related_footer_id` int(11) DEFAULT NULL,
  PRIMARY KEY (`id`)
) ENGINE=InnoDB AUTO_INCREMENT=3 DEFAULT CHARSET=utf8;
/*!40101 SET character_set_client = @saved_cs_client */;

--
-- Dumping data for table `footers__localizations`
--

LOCK TABLES `footers__localizations` WRITE;
/*!40000 ALTER TABLE `footers__localizations` DISABLE KEYS */;
INSERT INTO `footers__localizations` VALUES (1,2,1),(2,1,2);
/*!40000 ALTER TABLE `footers__localizations` ENABLE KEYS */;
UNLOCK TABLES;

--
-- Table structure for table `footers_components`
--

DROP TABLE IF EXISTS `footers_components`;
/*!40101 SET @saved_cs_client     = @@character_set_client */;
/*!40101 SET character_set_client = utf8 */;
CREATE TABLE `footers_components` (
  `id` int(10) unsigned NOT NULL AUTO_INCREMENT,
  `field` varchar(255) NOT NULL,
  `order` int(10) unsigned NOT NULL,
  `component_type` varchar(255) NOT NULL,
  `component_id` int(11) NOT NULL,
  `footer_id` int(10) unsigned NOT NULL,
  PRIMARY KEY (`id`),
  KEY `footer_id_fk` (`footer_id`),
  CONSTRAINT `footer_id_fk` FOREIGN KEY (`footer_id`) REFERENCES `footers` (`id`) ON DELETE CASCADE
) ENGINE=InnoDB AUTO_INCREMENT=60 DEFAULT CHARSET=utf8;
/*!40101 SET character_set_client = @saved_cs_client */;

--
-- Dumping data for table `footers_components`
--

LOCK TABLES `footers_components` WRITE;
/*!40000 ALTER TABLE `footers_components` DISABLE KEYS */;
INSERT INTO `footers_components` VALUES (1,'links',1,'components_links_links',241,1),(2,'links',2,'components_links_links',242,1),(3,'links',3,'components_links_links',243,1),(4,'links',4,'components_links_links',244,1),(5,'links',5,'components_links_links',245,1),(12,'links',6,'components_links_links',251,1),(13,'links',7,'components_links_links',252,1),(14,'links',8,'components_links_links',282,1),(15,'links',9,'components_links_links',283,1),(36,'links',1,'components_links_links',340,2),(57,'copyright',1,'components_sections_copyrights',32,2),(59,'copyright',1,'components_sections_copyrights',34,1);
/*!40000 ALTER TABLE `footers_components` ENABLE KEYS */;
UNLOCK TABLES;

--
-- Table structure for table `globals`
--

DROP TABLE IF EXISTS `globals`;
/*!40101 SET @saved_cs_client     = @@character_set_client */;
/*!40101 SET character_set_client = utf8 */;
CREATE TABLE `globals` (
  `id` int(10) unsigned NOT NULL AUTO_INCREMENT,
  `metaTitleSuffix` varchar(255) NOT NULL,
  `created_by` int(11) DEFAULT NULL,
  `updated_by` int(11) DEFAULT NULL,
  `created_at` timestamp NULL DEFAULT CURRENT_TIMESTAMP,
  `updated_at` timestamp NULL DEFAULT CURRENT_TIMESTAMP,
  `locale` varchar(255) DEFAULT NULL,
  PRIMARY KEY (`id`)
) ENGINE=InnoDB AUTO_INCREMENT=3 DEFAULT CHARSET=utf8;
/*!40101 SET character_set_client = @saved_cs_client */;

--
-- Dumping data for table `globals`
--

LOCK TABLES `globals` WRITE;
/*!40000 ALTER TABLE `globals` DISABLE KEYS */;
INSERT INTO `globals` VALUES (1,'Climatetrade',NULL,13,'2021-04-15 07:21:46','2022-03-15 15:45:12','en'),(2,'',13,13,'2022-02-17 20:53:10','2022-03-15 15:46:40','es');
/*!40000 ALTER TABLE `globals` ENABLE KEYS */;
UNLOCK TABLES;

--
-- Table structure for table `globals__localizations`
--

DROP TABLE IF EXISTS `globals__localizations`;
/*!40101 SET @saved_cs_client     = @@character_set_client */;
/*!40101 SET character_set_client = utf8 */;
CREATE TABLE `globals__localizations` (
  `id` int(10) unsigned NOT NULL AUTO_INCREMENT,
  `global_id` int(11) DEFAULT NULL,
  `related_global_id` int(11) DEFAULT NULL,
  PRIMARY KEY (`id`)
) ENGINE=InnoDB AUTO_INCREMENT=3 DEFAULT CHARSET=utf8;
/*!40101 SET character_set_client = @saved_cs_client */;

--
-- Dumping data for table `globals__localizations`
--

LOCK TABLES `globals__localizations` WRITE;
/*!40000 ALTER TABLE `globals__localizations` DISABLE KEYS */;
INSERT INTO `globals__localizations` VALUES (1,2,1),(2,1,2);
/*!40000 ALTER TABLE `globals__localizations` ENABLE KEYS */;
UNLOCK TABLES;

--
-- Table structure for table `globals_components`
--

DROP TABLE IF EXISTS `globals_components`;
/*!40101 SET @saved_cs_client     = @@character_set_client */;
/*!40101 SET character_set_client = utf8 */;
CREATE TABLE `globals_components` (
  `id` int(10) unsigned NOT NULL AUTO_INCREMENT,
  `field` varchar(255) NOT NULL,
  `order` int(10) unsigned NOT NULL,
  `component_type` varchar(255) NOT NULL,
  `component_id` int(11) NOT NULL,
  `global_id` int(10) unsigned NOT NULL,
  PRIMARY KEY (`id`),
  KEY `global_id_fk` (`global_id`),
  CONSTRAINT `global_id_fk` FOREIGN KEY (`global_id`) REFERENCES `globals` (`id`) ON DELETE CASCADE
) ENGINE=InnoDB AUTO_INCREMENT=28 DEFAULT CHARSET=utf8;
/*!40101 SET character_set_client = @saved_cs_client */;

--
-- Dumping data for table `globals_components`
--

LOCK TABLES `globals_components` WRITE;
/*!40000 ALTER TABLE `globals_components` DISABLE KEYS */;
INSERT INTO `globals_components` VALUES (1,'metadata',1,'components_meta_metadata',1,1),(3,'navbar',1,'components_layout_navbars',1,1),(4,'footer',1,'components_layout_footers',1,1),(9,'fourthFooterSection',1,'components_sections_fourth_footer_sections',1,1),(11,'CardsList',1,'components_new_shares',4,1),(12,'CardsList',2,'components_new_shares',5,1),(13,'CardsList',3,'components_new_shares',6,1),(14,'CardsList',4,'components_new_shares',7,1),(15,'CardsList',5,'components_new_shares',8,1),(16,'sharing',1,'components_sections_share_options',1,1),(17,'logo',1,'components_sections_logotypes',1,1),(18,'cookies',1,'components_sections_cookies',1,1),(19,'callToAction',1,'components_sections_call_actions',1,1),(20,'callToAction',1,'components_sections_call_actions',2,2),(21,'metadata',1,'components_meta_metadata',125,2),(22,'logo',1,'components_sections_logotypes',2,2),(23,'cookies',1,'components_sections_cookies',2,2),(24,'sharing',1,'components_sections_share_options',2,2),(26,'breadcumbSection',1,'components_sections_breadcumb_sections',3,2),(27,'breadcumbSection',1,'components_sections_breadcumb_sections',4,1);
/*!40000 ALTER TABLE `globals_components` ENABLE KEYS */;
UNLOCK TABLES;

--
-- Table structure for table `headers`
--

DROP TABLE IF EXISTS `headers`;
/*!40101 SET @saved_cs_client     = @@character_set_client */;
/*!40101 SET character_set_client = utf8 */;
CREATE TABLE `headers` (
  `id` int(10) unsigned NOT NULL AUTO_INCREMENT,
  `item` varchar(255) DEFAULT NULL,
  `published_at` datetime DEFAULT NULL,
  `created_by` int(11) DEFAULT NULL,
  `updated_by` int(11) DEFAULT NULL,
  `created_at` timestamp NULL DEFAULT CURRENT_TIMESTAMP,
  `updated_at` timestamp NULL DEFAULT CURRENT_TIMESTAMP,
  PRIMARY KEY (`id`)
) ENGINE=InnoDB AUTO_INCREMENT=3 DEFAULT CHARSET=utf8;
/*!40101 SET character_set_client = @saved_cs_client */;

--
-- Dumping data for table `headers`
--

LOCK TABLES `headers` WRITE;
/*!40000 ALTER TABLE `headers` DISABLE KEYS */;
INSERT INTO `headers` VALUES (1,'Soluciones','2021-04-21 16:08:16',1,1,'2021-04-21 21:08:13','2021-04-21 21:08:16'),(2,'APIS','2021-04-21 16:08:26',1,1,'2021-04-21 21:08:24','2021-04-21 21:08:26');
/*!40000 ALTER TABLE `headers` ENABLE KEYS */;
UNLOCK TABLES;

--
-- Table structure for table `i18n_locales`
--

DROP TABLE IF EXISTS `i18n_locales`;
/*!40101 SET @saved_cs_client     = @@character_set_client */;
/*!40101 SET character_set_client = utf8 */;
CREATE TABLE `i18n_locales` (
  `id` int(10) unsigned NOT NULL AUTO_INCREMENT,
  `name` varchar(255) DEFAULT NULL,
  `code` varchar(255) DEFAULT NULL,
  `created_by` int(11) DEFAULT NULL,
  `updated_by` int(11) DEFAULT NULL,
  `created_at` timestamp NULL DEFAULT CURRENT_TIMESTAMP,
  `updated_at` timestamp NULL DEFAULT CURRENT_TIMESTAMP,
  PRIMARY KEY (`id`),
  UNIQUE KEY `i18n_locales_code_unique` (`code`)
) ENGINE=InnoDB AUTO_INCREMENT=10 DEFAULT CHARSET=utf8;
/*!40101 SET character_set_client = @saved_cs_client */;

--
-- Dumping data for table `i18n_locales`
--

LOCK TABLES `i18n_locales` WRITE;
/*!40000 ALTER TABLE `i18n_locales` DISABLE KEYS */;
INSERT INTO `i18n_locales` VALUES (1,'English (en)','en',NULL,12,'2021-11-24 09:18:30','2022-01-19 23:49:24'),(6,'Spanish (es)','es',12,8,'2022-01-19 22:43:33','2022-07-02 23:30:43'),(9,'French (France) (fr-FR)','fr-FR',12,12,'2022-07-05 22:54:29','2022-07-05 22:54:29');
/*!40000 ALTER TABLE `i18n_locales` ENABLE KEYS */;
UNLOCK TABLES;

--
-- Table structure for table `languages`
--

DROP TABLE IF EXISTS `languages`;
/*!40101 SET @saved_cs_client     = @@character_set_client */;
/*!40101 SET character_set_client = utf8 */;
CREATE TABLE `languages` (
  `id` int(10) unsigned NOT NULL AUTO_INCREMENT,
  `name` varchar(255) DEFAULT NULL,
  `code` varchar(255) DEFAULT NULL,
  `published_at` datetime DEFAULT NULL,
  `created_by` int(11) DEFAULT NULL,
  `updated_by` int(11) DEFAULT NULL,
  `created_at` timestamp NULL DEFAULT CURRENT_TIMESTAMP,
  `updated_at` timestamp NULL DEFAULT CURRENT_TIMESTAMP,
  `locale` varchar(255) DEFAULT NULL,
  PRIMARY KEY (`id`)
) ENGINE=InnoDB AUTO_INCREMENT=5 DEFAULT CHARSET=utf8;
/*!40101 SET character_set_client = @saved_cs_client */;

--
-- Dumping data for table `languages`
--

LOCK TABLES `languages` WRITE;
/*!40000 ALTER TABLE `languages` DISABLE KEYS */;
INSERT INTO `languages` VALUES (1,'English','en','2022-02-02 11:16:31',1,13,'2022-02-02 11:16:25','2022-02-12 21:47:19','en'),(2,'Spanish','es','2022-02-02 11:17:43',1,13,'2022-02-02 11:17:34','2022-02-12 21:47:41','en'),(3,'Espa├▒ol','es','2022-02-17 21:12:54',13,13,'2022-02-12 21:45:51','2022-02-17 21:12:54','es'),(4,'Ingles','en','2022-02-12 21:47:26',13,13,'2022-02-12 21:47:05','2022-02-12 21:47:26','es');
/*!40000 ALTER TABLE `languages` ENABLE KEYS */;
UNLOCK TABLES;

--
-- Table structure for table `languages__localizations`
--

DROP TABLE IF EXISTS `languages__localizations`;
/*!40101 SET @saved_cs_client     = @@character_set_client */;
/*!40101 SET character_set_client = utf8 */;
CREATE TABLE `languages__localizations` (
  `id` int(10) unsigned NOT NULL AUTO_INCREMENT,
  `language_id` int(11) DEFAULT NULL,
  `related_language_id` int(11) DEFAULT NULL,
  PRIMARY KEY (`id`)
) ENGINE=InnoDB AUTO_INCREMENT=5 DEFAULT CHARSET=utf8;
/*!40101 SET character_set_client = @saved_cs_client */;

--
-- Dumping data for table `languages__localizations`
--

LOCK TABLES `languages__localizations` WRITE;
/*!40000 ALTER TABLE `languages__localizations` DISABLE KEYS */;
INSERT INTO `languages__localizations` VALUES (1,3,2),(2,2,3),(3,4,1),(4,1,4);
/*!40000 ALTER TABLE `languages__localizations` ENABLE KEYS */;
UNLOCK TABLES;

--
-- Table structure for table `layouts`
--

DROP TABLE IF EXISTS `layouts`;
/*!40101 SET @saved_cs_client     = @@character_set_client */;
/*!40101 SET character_set_client = utf8 */;
CREATE TABLE `layouts` (
  `id` int(10) unsigned NOT NULL AUTO_INCREMENT,
  `name` varchar(255) DEFAULT NULL,
  `published_at` datetime DEFAULT NULL,
  `created_by` int(11) DEFAULT NULL,
  `updated_by` int(11) DEFAULT NULL,
  `created_at` timestamp NULL DEFAULT CURRENT_TIMESTAMP,
  `updated_at` timestamp NULL DEFAULT CURRENT_TIMESTAMP,
  `locale` varchar(255) DEFAULT NULL,
  PRIMARY KEY (`id`)
) ENGINE=InnoDB AUTO_INCREMENT=2 DEFAULT CHARSET=utf8;
/*!40101 SET character_set_client = @saved_cs_client */;

--
-- Dumping data for table `layouts`
--

LOCK TABLES `layouts` WRITE;
/*!40000 ALTER TABLE `layouts` DISABLE KEYS */;
INSERT INTO `layouts` VALUES (1,'navbar','2022-02-01 18:05:54',1,1,'2022-02-01 18:02:58','2022-02-01 18:08:16','en');
/*!40000 ALTER TABLE `layouts` ENABLE KEYS */;
UNLOCK TABLES;

--
-- Table structure for table `layouts__localizations`
--

DROP TABLE IF EXISTS `layouts__localizations`;
/*!40101 SET @saved_cs_client     = @@character_set_client */;
/*!40101 SET character_set_client = utf8 */;
CREATE TABLE `layouts__localizations` (
  `id` int(10) unsigned NOT NULL AUTO_INCREMENT,
  `layout_id` int(11) DEFAULT NULL,
  `related_layout_id` int(11) DEFAULT NULL,
  PRIMARY KEY (`id`)
) ENGINE=InnoDB DEFAULT CHARSET=utf8;
/*!40101 SET character_set_client = @saved_cs_client */;

--
-- Dumping data for table `layouts__localizations`
--

LOCK TABLES `layouts__localizations` WRITE;
/*!40000 ALTER TABLE `layouts__localizations` DISABLE KEYS */;
/*!40000 ALTER TABLE `layouts__localizations` ENABLE KEYS */;
UNLOCK TABLES;

--
-- Table structure for table `layouts_components`
--

DROP TABLE IF EXISTS `layouts_components`;
/*!40101 SET @saved_cs_client     = @@character_set_client */;
/*!40101 SET character_set_client = utf8 */;
CREATE TABLE `layouts_components` (
  `id` int(10) unsigned NOT NULL AUTO_INCREMENT,
  `field` varchar(255) NOT NULL,
  `order` int(10) unsigned NOT NULL,
  `component_type` varchar(255) NOT NULL,
  `component_id` int(11) NOT NULL,
  `layout_id` int(10) unsigned NOT NULL,
  PRIMARY KEY (`id`),
  KEY `layout_id_fk` (`layout_id`),
  CONSTRAINT `layout_id_fk` FOREIGN KEY (`layout_id`) REFERENCES `layouts` (`id`) ON DELETE CASCADE
) ENGINE=InnoDB AUTO_INCREMENT=7 DEFAULT CHARSET=utf8;
/*!40101 SET character_set_client = @saved_cs_client */;

--
-- Dumping data for table `layouts_components`
--

LOCK TABLES `layouts_components` WRITE;
/*!40000 ALTER TABLE `layouts_components` DISABLE KEYS */;
INSERT INTO `layouts_components` VALUES (1,'content',2,'components_links_basic_links',51,1),(2,'content',1,'components_links_buttons',205,1),(3,'columns',2,'components_links_basic_links',52,1),(4,'columns',1,'components_links_buttons',206,1),(5,'buttons',1,'components_links_simple_buttons',9,1),(6,'buttons',2,'components_links_simple_buttons',10,1);
/*!40000 ALTER TABLE `layouts_components` ENABLE KEYS */;
UNLOCK TABLES;

--
-- Table structure for table `lead_form_submissions`
--

DROP TABLE IF EXISTS `lead_form_submissions`;
/*!40101 SET @saved_cs_client     = @@character_set_client */;
/*!40101 SET character_set_client = utf8 */;
CREATE TABLE `lead_form_submissions` (
  `id` int(10) unsigned NOT NULL AUTO_INCREMENT,
  `email` varchar(255) DEFAULT NULL,
  `status` varchar(255) DEFAULT NULL,
  `location` varchar(255) DEFAULT NULL,
  `created_by` int(11) DEFAULT NULL,
  `updated_by` int(11) DEFAULT NULL,
  `created_at` timestamp NULL DEFAULT CURRENT_TIMESTAMP,
  `updated_at` timestamp NULL DEFAULT CURRENT_TIMESTAMP,
  PRIMARY KEY (`id`)
) ENGINE=InnoDB AUTO_INCREMENT=7 DEFAULT CHARSET=utf8;
/*!40101 SET character_set_client = @saved_cs_client */;

--
-- Dumping data for table `lead_form_submissions`
--

LOCK TABLES `lead_form_submissions` WRITE;
/*!40000 ALTER TABLE `lead_form_submissions` DISABLE KEYS */;
INSERT INTO `lead_form_submissions` VALUES (1,'paul@thebeatles.com','contacted','Home Page Bottom',NULL,NULL,'2021-04-15 07:21:51','2021-04-15 07:21:51'),(2,'george@thebeatles.com','ignored','Home Page Bottom',NULL,NULL,'2021-04-15 07:21:51','2021-04-15 07:21:51'),(3,'johne@thebeatles.com','seen','Home Page Bottom',NULL,NULL,'2021-04-15 07:21:51','2021-04-15 07:21:51'),(4,'johne@thebeatles.com','seen','Home Page Bottom',NULL,NULL,'2021-04-26 15:59:30','2021-04-26 15:59:30'),(5,'paul@thebeatles.com','contacted','Home Page Bottom',NULL,NULL,'2021-04-26 15:59:30','2021-04-26 15:59:30'),(6,'george@thebeatles.com','ignored','Home Page Bottom',NULL,NULL,'2021-04-26 15:59:30','2021-04-26 15:59:30');
/*!40000 ALTER TABLE `lead_form_submissions` ENABLE KEYS */;
UNLOCK TABLES;

--
-- Table structure for table `legal_affairs`
--

DROP TABLE IF EXISTS `legal_affairs`;
/*!40101 SET @saved_cs_client     = @@character_set_client */;
/*!40101 SET character_set_client = utf8 */;
CREATE TABLE `legal_affairs` (
  `id` int(10) unsigned NOT NULL AUTO_INCREMENT,
  `title` varchar(255) DEFAULT NULL,
  `content` longtext,
  `published_at` datetime DEFAULT NULL,
  `created_by` int(11) DEFAULT NULL,
  `updated_by` int(11) DEFAULT NULL,
  `created_at` timestamp NULL DEFAULT CURRENT_TIMESTAMP,
  `updated_at` timestamp NULL DEFAULT CURRENT_TIMESTAMP,
  `slug` varchar(255) DEFAULT NULL,
  PRIMARY KEY (`id`),
  UNIQUE KEY `legal_affairs_slug_unique` (`slug`)
) ENGINE=InnoDB AUTO_INCREMENT=6 DEFAULT CHARSET=utf8;
/*!40101 SET character_set_client = @saved_cs_client */;

--
-- Dumping data for table `legal_affairs`
--

LOCK TABLES `legal_affairs` WRITE;
/*!40000 ALTER TABLE `legal_affairs` DISABLE KEYS */;
INSERT INTO `legal_affairs` VALUES (1,'T├®rminos y condiciones para el uso de RIMAC API Market','### 1. INTRODUCCI├ôN\n\nBienvenido a RIMAC API Market, (en adelante, \"**API Market**\") la plataforma de desarrollo de **RIMAC Seguros y Reaseguros** (en adelante, \"**RIMAC**\") a trav├®s de la cual puede acceder a determinados productos del API Market.\n \nDentro del alcance de la Plataforma, le otorgamos acceso a ciertas APIs (Application Program Interface). Las API le permiten acceder a determinados puntos de datos, productos de datos u otros datos. El acceso y el uso de las API y el Contenido de la API est├ín sujetos a los siguientes t├®rminos y condiciones (en adelante \"TyC\")\n \n\n\n### 2. CAPACIDAD\n \nEl usuario declara y garantiza que: (i) toda la informaci├│n que ha proporcionado y proporcionar├í a **RIMAC** es verdadera, correcta y completa en todos los aspectos; (ii) Actualizar├í **RIMAC** por correo electr├│nico u otro m├®todo designado por **RIMAC** con cualquier cambio en la informaci├│n que haya proporcionado anteriormente; (iii) No se requiere autorizaci├│n o aprobaci├│n de ning├║n tercero en relaci├│n con su ejecuci├│n, entrega o cumplimiento de este Acuerdo, (iv) Usted tiene el derecho legal, el poder y la autoridad para aceptar los TyC de este Acuerdo por su cuenta en nombre y en nombre de cualquier empresa que lo emplee o que represente; (v) este Acuerdo constituye una obligaci├│n legal, v├ílida y vinculante, exigible contra Usted (incluida cualquier empresa que lo emplee o que represente) de acuerdo con sus t├®rminos; (vi) Sus obligaciones en virtud de este Acuerdo no violan ninguna ley ni ninguna Regla de **RIMAC**, en la medida que sea aplicable, ni violan ning├║n otro acuerdo al que est├® vinculado; y (vii) cualquier material que proporcione, cree o desarrolle que est├® relacionado de alguna manera con este Acuerdo, o el uso del mismo, no infringe ni infringir├í ning├║n derecho de propiedad intelectual de ning├║n tercero.\n\n\n\n \n### 3. ALCANCE GENERAL\n\nEstos TyC son aplicables al uso de los servicios ofrecidos por **RIMAC Seguros y Reaseguros** dentro del sitio **LINK DEL DEVELOPERPORTALxxxxxxxxxx** (\"**RIMAC**\" o el \"sitio\"). Cualquier usuario del API Market que desee acceder y/o usar el sitio o los servicios podr├í hacerlo sujet├índose a los TyC, junto con todas las dem├ís pol├¡ticas y principios que rigen **RIMAC** y que son incorporados al presente por referencia.\n\n**CUALQUIER PERSONA QUE NO ACEPTE ESTOS T├ëRMINOS Y CONDICIONES GENERALES, LOS CUALES TIENEN UN CAR├üCTER OBLIGATORIO Y VINCULANTE, DEBER├ü ABSTENERSE DE UTILIZAR EL SITIO Y/O LOS SERVICIOS.**\n\nEl Usuario debe leer, entender y aceptar todas las condiciones establecidas en los TyC y en las Pol├¡ticas de Privacidad as├¡ como en los dem├ís documentos incorporados a los mismos por referencia, previo a su inscripci├│n como Usuario de **RIMAC**.\nTenga en cuenta que para ciertas API, los usos espec├¡ficos de las API o los datos obtenidos a trav├®s de su uso, pueden aplicarse con precedencia t├®rminos o regulaciones adicionales (en adelante, \"Acuerdos espec├¡ficos\"). Si se concluyen acuerdos adicionales entre usted y **RIMAC** (por ejemplo, acuerdos relacionados con la entrega y uso de ciertos datos y / o suplementos asociados), los t├®rminos de dichos acuerdos espec├¡ficos reemplazan todo o parte de este acuerdo.\n\n \n\n\n### 4. MODIFICACIONES\n \n**RIMAC** puede, en cualquier momento, modificar los TyC o introducir nuevos. Se informar├í al usuario sobre los TyC nuevos o modificados por correo electr├│nico cuatro semanas antes de que los TyC sean v├ílidos. Cuando los t├®rminos y condiciones modificados o nuevos se vuelven v├ílidos, el usuario debe iniciar sesi├│n nuevamente y aceptar la nueva versi├│n. Sin el nuevo inicio de sesi├│n y la aceptaci├│n, el Usuario ya no puede utilizar la Plataforma.\n \nEl registro, acceso y uso de la Plataforma y las API relacionadas deben llevarse a cabo de conformidad con los TyC y cualquier Acuerdo Espec├¡fico entre las partes.\n \n**RIMAC** tiene derecho a modificar o interrumpir la Plataforma y todos los Contenidos de la API en cualquier momento, y puede limitar el acceso a la Plataforma o los Contenidos de la API sin previo aviso.\n \nEn el caso de una violaci├│n de una disposici├│n de los TyC, al Usuario se le puede negar el acceso y el uso de la Plataforma y / o las API mientras contin├║e la violaci├│n.\n\n \n\n \n### 5. REGISTRO DE LA CUENTA\n\nPara utilizar el API Market, debe registrarse y obtener una cuenta de desarrollador. Para ello, debe rellenar el formulario para de registro y una vez validado por el equipo de **RIMAC** tendr├í acceso para ver las APIs y probarlas. El registro debe incluir el nombre de cualquier empresa que lo emplee o que represente y en cuyo nombre tambi├®n celebre este acuerdo.  El administrador de la organizaci├│n puede crear otros usuarios y acepta no compartir sus credenciales de inicio de sesi├│n con ninguna otra persona. \n \nEl Usuario puede registrarse para acceder a la Plataforma a trav├®s de la web **LINK DEVELOPER PORTAL**. **RIMAC** se reserva el derecho de aprobar las solicitudes de registro y puede rechazar las solicitudes de registro del Usuario a su entera discreci├│n.\n \nToda la informaci├│n proporcionada por el usuario en relaci├│n con el registro debe ser correcta y completa. El Usuario es responsable de mantener esta informaci├│n actualizada de forma continua. \n \nUsted acepta notificar a **RIMAC** de inmediato sobre cualquier uso no autorizado de su contrase├▒a o cuenta de desarrollador o cualquier otra violaci├│n de seguridad. \n \n**RIMAC** puede solicitarle que cambie la contrase├▒a de su cuenta de desarrollador de vez en cuando a su entera discreci├│n. Si no cambia su contrase├▒a dentro del per├¡odo de tiempo respectivo proporcionado por **RIMAC**, es posible que se bloquee su cuenta de desarrollador. \n \nDespu├®s del registro exitoso, los usuarios pueden acceder a la Plataforma. La informaci├│n de registro debe tratarse de manera confidencial y no puede venderse, transferirse, sublicenciarse o compartirse de otra manera con otras personas para ning├║n otro prop├│sito. Si el Usuario tuviera alg├║n conocimiento o raz├│n para creer que la confidencialidad de la informaci├│n de registro se ha visto afectada, el Usuario tiene la obligaci├│n de notificar a **RIMAC** por el formulario de contacto. Todos los mecanismos de seguridad que se utilizan en relaci├│n con la Plataforma, no deben ser eludidos o modificados por el Usuario.\n \n\n \n### 6. PROPIEDAD INTELECTUAL\n \nLa Plataforma y todos los productos API y los contenidos API son y siguen siendo propiedad de **RIMAC** de acuerdo con los derechos aplicables para la protecci├│n de la propiedad intelectual. En caso de una infracci├│n de los derechos de **RIMAC** sobre productos, servicios, contenido y software, se har├ín cumplir dichos derechos con el uso completo de todos los medios legales disponibles.\n \nTras el registro y la aceptaci├│n exitosos de estos TyC, **RIMAC** otorgar├í al Usuario un derecho limitado, no exclusivo, intransferible, revocable y no sublicenciable para el Uso de la Plataforma, las API y los Contenidos de la API como se establece a continuaci├│n.\n\n \n\n \n### 7. RESTRICCIONES DEL USO DE LA PLATAFORMA\n \nEl Usuario est├í obligado a cumplir con todas las disposiciones legales y a abstenerse de desarrollar cualquier contenido que sea ilegal u objetable de cualquier otra forma. A menos que se acuerde expresamente lo contrario entre ambas partes,\nEl Usuario no copiar├í, sublicenciar├í, transferir├í, modificar├í, arrendar├í, vender├í, transformar├í, descompilar├í o redise├▒ar├í las API o el Contenido de la API ni en su totalidad ni en parte.\n \nLos derechos otorgados en este documento se limitan a la duraci├│n del registro del Usuario en la Plataforma.\n \nEl Usuario no utilizar├í las API y los Contenidos de la API de forma ilegal, poco ├®tica o nociva, en particular para aplicaciones con contenidos racistas, xen├│fobos, violentos, sediciosos, pornogr├íficos, inmorales o inhumanos o que puedan incitar a otros a cometer actos delictivos o inmorales. y no distribuir├í dichos contenidos.\n \nEl Usuario puede utilizar la Plataforma, la API y los Contenidos de la API solo para garantizar la usabilidad t├®cnica de la Plataforma, la API y los Contenidos de la API para sus prop├│sitos mediante pruebas internas (\"Fines de prueba\"), a menos que se estipule expresamente en un Acuerdo Espec├¡fico.\n \nCualquier uso de la Plataforma, la API y los Contenidos de la API que no sean para fines de prueba est├í expresamente prohibido, a menos que el Usuario haya celebrado un Acuerdo Espec├¡fico con **RIMAC**.\n \nEl usuario utilizar├í medidas de seguridad de TI de ├║ltima generaci├│n cuando utilice la Plataforma. En particular, el Usuario siempre deber├í cumplir con los requisitos de seguridad establecidos en los Acuerdos Espec├¡ficos. El usuario declara que cumple con los est├índares en el momento del registro para el uso de la Plataforma. En caso de que el Usuario no cumpla con los est├índares en un momento posterior, el Usuario deber├í reportar tal falla a **RIMAC** por escrito sin demora junto con una descripci├│n de los efectos de la falla.\n \nEl Usuario es responsable de todas las actividades asociadas con el uso de su informaci├│n de registro, independientemente de si dichas actividades se originan con el usuario o con otra parte.\n\n \n\n### 8. RESTRICCIONES T├ëCNICAS\n\nEl Usuario tiene prohibido el ejercicio de alguna de las siguientes actividades:\n \n- Falsificar encabezados o manipular identificadores de otro modo para disfrazar el origen de cualquier contenido transmitido a trav├®s del sitio,\n\n- Evitar o exceder los l├¡mites de consultas y uso de los Contenidos de la API especificados en la documentaci├│n de la API,\n  \n- Actividades que da├▒en, perturben o impidan el funcionamiento de los sistemas de RIMAC.\n  \n- Actividades que causan tr├ífico de datos agregados que no son necesarios para el uso normal y descargas excesivas que perjudican la estabilidad de los sistemas RIMAC,\n  \n- Actividades destinadas a obtener acceso no autorizado a sistemas RIMAC o actividades en las que los sistemas RIMAC se utilizan sin autorizaci├│n previa,\n  \n- Actividades que impiden que otros usuarios utilicen recursos de la Plataforma,\n  \n- Implementaci├│n de virus u otros c├│digos maliciosos.\n\n\n\n### 9. ACTUALIZACI├ôN DE VERSIONES\n \n**RIMAC** tiene derecho a publicar versiones revisadas de las API con licencia y los Contenidos de API. Por tanto, el Usuario de la Plataforma en coordinaci├│n con RIMAC deber├í actualizar sus sistemas para adquirir la nueva versi├│n seg├║n lo acordado.\n \n\n\n### 10. TARIFAS\n\nLas tarifas por el uso de la Plataforma, las API y el Contenido de la API para usos que no sean para fines de prueba se proporcionan de acuerdo con el Acuerdo Espec├¡fico entre las partes.\n \n\n \n### 11. FINALIZACI├ôN \n \nEl Acuerdo puede ser rescindido sin previo aviso por RIMAC sin proporcionar ninguna raz├│n. **La rescisi├│n debe realizarse por escrito** (por correo electr├│nico es suficiente). Cualquier otro acuerdo entre ambas partes no se ver├í afectado por la terminaci├│n de los TyC.\n \n**RIMAC** almacenar├í y, si es necesario, eliminar├í la informaci├│n personal de acuerdo con la ley de protecci├│n de datos. Aparte de eso, el Usuario puede exigir que su informaci├│n de registro sea eliminada enviando una declaraci├│n solicitando por el formulario de contacto.\n \nTras la terminaci├│n, ya sea por la expiraci├│n del derecho de uso o una terminaci├│n formal, todas las API y los Contenidos de API obtenidos a trav├®s de la Plataforma deben eliminarse de inmediato de las aplicaciones del Usuario.\n\n \n\n \n### 12. LIMITACI├ôN DE RESPONSABILIDAD E INDEMNIZACI├ôN\n \nPara los Usuarios que son empresas o califican como comerciantes, se aplica lo siguiente: El Usuario acuerda indemnizar a **RIMAC** y sus representantes, empleados y agentes indirectos de todas las responsabilidades, obligaciones de pago, reclamos, costos, disputas legales o reclamos de responsabilidad, que surjan debido a o en relaci├│n con (a) el comportamiento del Usuario dentro de la Plataforma y el uso de API y Contenidos de API, en particular, por la violaci├│n de los TyC, (b) las violaciones por parte del Usuario de los derechos de propiedad industrial u otros derechos o especificaciones de protecci├│n de datos de terceros terceros, o (c) uso indebido de API y Contenidos de API por parte de terceros, si el uso indebido fue facilitado por el hecho de que el Usuario no tom├│ las medidas adecuadas para proteger el nombre de usuario y la contrase├▒a contra dicho uso indebido.\n\n\n \n### 13. JURISDICCI├ôN\n \nSi alguna disposici├│n de estos TyC se considera inv├ílida, ilegal o inaplicable en su totalidad o en parte, la validez, legalidad y aplicabilidad de las disposiciones o acuerdos restantes no se ver├ín afectadas ni perjudicadas de ninguna manera. La disposici├│n inv├ílida, ilegal o inaplicable ser├í reemplazada por otra disposici├│n v├ílida, legal y ejecutable, que corresponda m├ís cercanamente al prop├│sito previsto del acuerdo. Lo mismo se aplica a las lagunas que puedan requerir modificaciones complementarias.\n \nLa relaci├│n entre **RIMAC** y el Usuario con respecto al acceso y uso de las API y el Contenido de la API se rige por la ley peruana. Los tribunales de la Rep├║blica Peruana tendr├ín jurisdicci├│n exclusiva para resolver cualquier disputa que surja en relaci├│n con el uso de la Plataforma.\n',NULL,1,6,'2021-07-09 20:47:48','2022-01-07 00:26:11','terminos-y-condiciones-para-el-uso-de-rimac-api-market'),(2,'Protecci├│n de datos','# Et plura\n\n## Vox quid suis stabunt\n\nLorem markdownum honorem, et Troia potuit: hoc umeros **ille**, umectat.\nRependatur huius, nec locus animos!\n\nPelion ipse Cythereia vero Phaethontis tota. Sui tumulis partim quod habet suam\nmonitis rupem inmensos Musae.\n\n## Timuit prius eminus\n\n*Dignare lapsa inculpata* ossibus; effervescere viscera voce luctibus praelata?\n[Fetum](http://omne.org/) partitas, palato tactu, suem monstro coeptis,\nperdiderat. Dixit peti rosaria, ne deus natura erroribus anguis duro dextra,\nfacinus! Quam est gaudetque nostra una rapimur aestu?\n\n```py\npum += sdkSyntax;\nsourceSoftware = mpegMemory;\naddressBarebonesDonationware.uat_hexadecimal_cable(bitmap(2,\n        seo_winsock_printer, bar) + window, bitrate);\ncontrollerSoft = megapixelSdkRtf + on(systemIbm);\nvar jspNorthbridge = 5;\n```\n\n## Tum pia albis pro\n\nAb Cephisias **ultra** incerta descendunt nubibus caput nostroque tritumque\nhastae, adspergine mihi, lucida? Blandita adiit miseranda deflent monte, aureus,\ntabe? Dat aut relinquit et Nesseo, in quoque fallere extremos atque resolutis in\nLernaei cibos nam frequens di. Hostibus res procul iuvenis aspera nate *Danaam*\noffensa Thoona fide tremensque, frustra Iuventae et **regnum** matris penetralia\naere? Telum [quaerere](http://www.et-e.com/tecumpremebat.aspx), tulit eget\namnis, de circueunt *amans*, iram vocat.\n\n```\ndos = microphoneDriveBasic.ntfsProcess(framework_server_processor.mms(\n        microcomputer_ctr_dlc), linkInteractiveWave / ethernet_mount_ultra);\nif (point(statusMetafile, -2, saasLionClipboard) + textPageFlops(standalone,\n        blog_southbridge_affiliate(meme))) {\n    utfRt(-1, sli_unfriend_artificial(boxCharacter, node,\n            inkjetSoftwareOutput));\n    graymail_compression_computer(4 + nntp, heat);\n    dfsWan += widget_platform_vector(dialog_dcim_clean);\n}\ndomain += -5 + flatbed_net_algorithm.recursion_data(windowsJrePage, 3);\nif (tftp_lcd_click) {\n    clob_kvm += addressDelete + iteration(linkedin);\n    slashdot.shift += dlc(storage + sql_volume);\n}\n```\n\nTibi nos Cnosiaco movit hoc, nactusque adcubuere sentit, veteris temerasse\nPhryges. Caput [petit amor](http://diomedis.com/altorequid) atque equo; non\nartes ambigui margine. Umbra cinxit accipitrem tulero **aut falsi** locum\ngravatos quis ramo sim grani.\n\n*Saniem ambiguus* nomine in ignotae senis: ibat rictus herbis qui quo quondam\nquae, patuit fugiunt duos. Ignibus est vulnera peteret tuos natalis **crimina\nfulserunt difficili** coniecit enutrivere *scopulum muris missi* reposco et dari\nille in in. Hanc terra aris patuit squalidus relevasse fuit quoque crinita ille\nexsangues, tuus, nec etiam recens, donec viro. Tantumque poterisne. Alii mundi\nloco ferens Achivi, ipsa sonat supposita aetas patrumque, non coegit revulsum!','2021-07-09 20:48:30',1,1,'2021-07-09 20:48:22','2021-08-17 17:27:28','proteccion-de-datos'),(3,'Pol├¡tica de cookies','# Et plura\n\n## Vox quid suis stabunt\n\nLorem markdownum honorem, et Troia potuit: hoc umeros **ille**, umectat.\nRependatur huius, nec locus animos!\n\nPelion ipse Cythereia vero Phaethontis tota. Sui tumulis partim quod habet suam\nmonitis rupem inmensos Musae.\n\n## Timuit prius eminus\n\n*Dignare lapsa inculpata* ossibus; effervescere viscera voce luctibus praelata?\n[Fetum](http://omne.org/) partitas, palato tactu, suem monstro coeptis,\nperdiderat. Dixit peti rosaria, ne deus natura erroribus anguis duro dextra,\nfacinus! Quam est gaudetque nostra una rapimur aestu?\n\n```\npum += sdkSyntax;\nsourceSoftware = mpegMemory;\naddressBarebonesDonationware.uat_hexadecimal_cable(bitmap(2,\n        seo_winsock_printer, bar) + window, bitrate);\ncontrollerSoft = megapixelSdkRtf + on(systemIbm);\nvar jspNorthbridge = 5;\n```\n\n## Tum pia albis pro\n\nAb Cephisias **ultra** incerta descendunt nubibus caput nostroque tritumque\nhastae, adspergine mihi, lucida? Blandita adiit miseranda deflent monte, aureus,\ntabe? Dat aut relinquit et Nesseo, in quoque fallere extremos atque resolutis in\nLernaei cibos nam frequens di. Hostibus res procul iuvenis aspera nate *Danaam*\noffensa Thoona fide tremensque, frustra Iuventae et **regnum** matris penetralia\naere? Telum [quaerere](http://www.et-e.com/tecumpremebat.aspx), tulit eget\namnis, de circueunt *amans*, iram vocat.\n\n```\ndos = microphoneDriveBasic.ntfsProcess(framework_server_processor.mms(\n        microcomputer_ctr_dlc), linkInteractiveWave / ethernet_mount_ultra);\nif (point(statusMetafile, -2, saasLionClipboard) + textPageFlops(standalone,\n        blog_southbridge_affiliate(meme))) {\n    utfRt(-1, sli_unfriend_artificial(boxCharacter, node,\n            inkjetSoftwareOutput));\n    graymail_compression_computer(4 + nntp, heat);\n    dfsWan += widget_platform_vector(dialog_dcim_clean);\n}\ndomain += -5 + flatbed_net_algorithm.recursion_data(windowsJrePage, 3);\nif (tftp_lcd_click) {\n    clob_kvm += addressDelete + iteration(linkedin);\n    slashdot.shift += dlc(storage + sql_volume);\n}\n```\n\nTibi nos Cnosiaco movit hoc, nactusque adcubuere sentit, veteris temerasse\nPhryges. Caput [petit amor](http://diomedis.com/altorequid) atque equo; non\nartes ambigui margine. Umbra cinxit accipitrem tulero **aut falsi** locum\ngravatos quis ramo sim grani.\n\n*Saniem ambiguus* nomine in ignotae senis: ibat rictus herbis qui quo quondam\nquae, patuit fugiunt duos. Ignibus est vulnera peteret tuos natalis **crimina\nfulserunt difficili** coniecit enutrivere *scopulum muris missi* reposco et dari\nille in in. Hanc terra aris patuit squalidus relevasse fuit quoque crinita ille\nexsangues, tuus, nec etiam recens, donec viro. Tantumque poterisne. Alii mundi\nloco ferens Achivi, ipsa sonat supposita aetas patrumque, non coegit revulsum!','2021-07-09 20:48:58',1,1,'2021-07-09 20:48:48','2021-07-15 22:17:14','politica-de-cookies'),(5,'Terms and conditions','These Terms of Use regulate the access and free use of the website hosted under the domain names -www.climatetrade.com and www.climatetrade.net ÔÇô (hereinafter, the ÔÇ£WebsiteÔÇØ).\n\nAny natural person or legal entity that accesses the Website will have the generic consideration of ÔÇ£UserÔÇØ for the purposes of these Conditions of Use. Access or use of the Website implies acceptance by the User of these Conditions of Use. By accepting these Conditions of Use, the User declares to have read and understood what is set forth herein and assumes all the obligations. The User must carefully read these Conditions of Use each time they access the Website, as they may suffer modifications.\n\nCLIMATETRADE, S.L. may establish particular conditions for the hiring or use of certain services or products offered through the Website.\n\n1. CORPORATE INFORMATION\n\nThe Website is owned by CLIMATETRADE, S.L. (hereinafter, CLIMATETRADE), a company of Spanish nationality, with C.I.F. B-87550646, with address at Gran Via Marqu├®s del Turia, 49-5┬║-4, 46005 Valencia and e-mail info@climatetrade.com, duly registered in the Mercantile Registry of Valencia, Volume 10498, folio 205, Page 181940.\n\n2. ACCESS TO THE WEBSITE AND REGISTRATION\n\nAccess to the Website is free except for the cost of the connection through the telecommunications network provided by the access provider contracted by the User.\n\nIn general, for the access to the contents of the Website, the User registration will not be necessary. However, the use of certain services is subject to the prior registration of the User, as well as the contribution made of certain personal data.\n\nUsers can also register through the Facebook and LinkedIn remote registration service, so that the user gives CLIMATETRADE S.L. access to the registration database of their Facebook or LinkedIn page, as appropriate, and allowing them to obtain some personal information. By registering through Facebook or LinkedIn, the User agrees to be bound by the conditions of use of the websites and may cancel their registration on the page and modify the privacy permissions only through Facebook or LinkedIn, as appropriate.\n\nUsers can also register through the Facebook and LinkedIn remote registration service, so that the user gives CLIMATETRADE S.L. access to the registration database of their Facebook or LinkedIn page, as appropriate, and allowing them to obtain some personal information. By registering through Facebook or LinkedIn, the User agrees to be bound by the conditions of use of the websites and may cancel their registration on the page and modify the privacy permissions only through Facebook or LinkedIn, as appropriate.\n\nThe services offered at CLIMATETRADE are aimed exclusively at people over 18 years. The User declares and guarantees that he is of legal age. The owner of the Website reserves the right to cancel the account of users whose legal age is doubtful.\n\nThe data entered by the User must be accurate, current and truthful at all times. Otherwise, it will be considered a violation of these Conditions of Use and this may result in the immediate termination of the User account. In no case, the User may register another person without the proper authorization and express permission thereof.\n\nThe User guarantees the veracity of the data provided at the time of registration and holds the Website harmless in the event of a possible claim.\n\nThe registered User will be responsible at all times for the custody of his password, assuming consequently the damages that could be derived from its improper use, as well as the assignment, disclosure or loss of it, committing to diligently guard it as an element of User authentication and change it periodically at least annually.\n\nFor these purposes, access to restricted areas and / or the use of the services and contents under the password of a registered User will be deemed to be made by the Registered User, who will respond in any case to such access and use.\n\n3. USE OF THE WEBSITE: LIABILITY\n\nThe User is entirely responsible for the access and correct use of the Website in accordance with the provisions of these Conditions of Use and subject to the law in force in Spain, as well as the principles of good faith, morality and public order.\n\nThe User is obliged to make reasonable and adequate use of the Website and its contents, as well as the services offered through the Website, according to the possibilities and purposes for which they are designed, without prejudice to specific obligations and conditions attached to the services that the User contracts through the Website.\n\nThe User is solely responsible for the information, opinions, allusions or contents of any kind that he can communicate through the Website, as well as for his breach of the policies and conditions contained in the Website and of the specific obligations and conditions attached to the services that the User contracts through the Website.\n\n4. UNAUTHORIZED USES\n\nMake use of the Website illegally, or in any other way by which the site itself may be damaged, overloaded or harmed.\nIntroduce computer viruses, defective files, or host, store, distribute or share any other material or computer program that may cause damage or alterations to the contents, programs or systems of the Website.\nUse or resell for unauthorized commercial purposes the contents included in the Website without the prior authorization of CLIMATETRADE.\nPublish, distribute or disseminate any information through the Website, except that specifically authorized by CLIMATETRADE, in accordance with the provisions of the Website.\nTransmit, deposit or download through the Website files of any kind, except those specifically authorized by CLIMATETRADE in accordance with the provisions of the Website.\nTransmit, introduce, disseminate and make available to third parties any type of material and information (data, content, messages, drawings, sound and image files, photographs, software, etc.) that are contrary to the law, morality or public order, or that infringes fundamental rights and public liberties recognized constitutionally and in international treaties.\nIntroduce or disseminate content or propaganda of a racist, xenophobic, pornographic nature, of apology of terrorism or that threaten human rights.\nDisseminate, transmit or make available to third parties any type of information, element or content that constitutes unlawful or unfair advertising.\nTransmit unsolicited or authorized advertising, advertising material, ÔÇ£junk mailÔÇØ, ÔÇ£chain lettersÔÇØ, ÔÇ£pyramid structuresÔÇØ, or any other form of solicitation, except in those areas (such as commercial spaces) that have been exclusively designed for it.\nEnter or disseminate any false, ambiguous or inaccurate information and content in a way that misleads the recipients of the information.\nDisseminate, transmit or make available to third parties any information, element or content that involves a violation of intellectual and industrial property rights, patents, trademarks or copyright that correspond to the owners of the Website or to third parties.\nDisseminate, transmit or make available to third parties any type of information, element or content that involves a violation of the secrecy of communications and personal data legislation.\nCLIMATETRADE will be entitled to adopt the necessary measures in case of non-compliance with the provisions of this clause, whether at its sole discretion, and at the request of an affected third party or competent authority. The adoption of such measures will not entitle any compensation.\n\nThe User is obliged to hold the owner of the Website harmless against any possible claim, fine or penalty that may be forced to bear as a result of the UserÔÇÖs failure to comply with any of the aforementioned rules of use.\n\n5. PERSONAL DATA PROTECTION\n\nThe collection and processing of personal data provided by the User as well as the exercise of its rights over that data, will be governed by the WebsiteÔÇÖs Privacy and Cookies Policy.\n\n6. DISCLAIMER\n\n6.1. For the contents provided through the Website.\n\nCLIMATETRADE is not responsible for the contents, files, information, advertising, opinions, concepts and images that do not depend on the Website or that are generated, supplied or managed by Users (such as, for example, information about projects and investments in them).\n\nCLIMATETRADE does not guarantee the correctness, accuracy, timeliness, completeness, reliability, authenticity, reliability, veracity or suitability of the information contained in the Website. The User is solely responsible for deciding whether or not to trust the information contained in the Website.\n\nCLIMATETRADE is a mere intermediary between the users of this Website without being responsible for the actions of the organizations that develop the projects. The organizations promoting the projects are solely responsible for fulfilling the commitments assumed in their projects. CLIMATETRADE reserves the right to cancel projects promoted through the Website without prior notice and for any reason.\n\nCLIMATETRADE will not assume any responsibility, whether direct or indirect, derived from the misuse of the Website or its contents by the User assuming this, in any case, under its sole responsibility, the consequences, damages or actions that could derive from its access or use of the Website or the content hosted, as well as its reproduction or communication.\n\nCLIMATETRADE does not assume any responsibility for the ownership of intellectual property rights over the projects presented by the different organizations, as well as the correct fulfilment of the acquired commitment.\n\nIf any of the contents, files, information, advertising, opinions, concepts and images hosted on the Website provided by Users were contrary to law, morality, good faith and public order or contain any type of computer virus or routine Similar software will be removed.','2022-01-07 00:30:18',13,13,'2022-01-07 00:28:11','2022-01-12 22:14:23','terms-and-conds-climatetrade');
/*!40000 ALTER TABLE `legal_affairs` ENABLE KEYS */;
UNLOCK TABLES;

--
-- Table structure for table `legal_affairs_components`
--

DROP TABLE IF EXISTS `legal_affairs_components`;
/*!40101 SET @saved_cs_client     = @@character_set_client */;
/*!40101 SET character_set_client = utf8 */;
CREATE TABLE `legal_affairs_components` (
  `id` int(10) unsigned NOT NULL AUTO_INCREMENT,
  `field` varchar(255) NOT NULL,
  `order` int(10) unsigned NOT NULL,
  `component_type` varchar(255) NOT NULL,
  `component_id` int(11) NOT NULL,
  `legal_affair_id` int(10) unsigned NOT NULL,
  PRIMARY KEY (`id`),
  KEY `legal_affair_id_fk` (`legal_affair_id`),
  CONSTRAINT `legal_affair_id_fk` FOREIGN KEY (`legal_affair_id`) REFERENCES `legal_affairs` (`id`) ON DELETE CASCADE
) ENGINE=InnoDB AUTO_INCREMENT=6 DEFAULT CHARSET=utf8;
/*!40101 SET character_set_client = @saved_cs_client */;

--
-- Dumping data for table `legal_affairs_components`
--

LOCK TABLES `legal_affairs_components` WRITE;
/*!40000 ALTER TABLE `legal_affairs_components` DISABLE KEYS */;
INSERT INTO `legal_affairs_components` VALUES (1,'metadata',1,'components_meta_metadata',20,1),(2,'metadata',1,'components_meta_metadata',21,2),(3,'metadata',1,'components_meta_metadata',22,3),(5,'metadata',1,'components_meta_metadata',95,5);
/*!40000 ALTER TABLE `legal_affairs_components` ENABLE KEYS */;
UNLOCK TABLES;

--
-- Table structure for table `library_apis`
--

DROP TABLE IF EXISTS `library_apis`;
/*!40101 SET @saved_cs_client     = @@character_set_client */;
/*!40101 SET character_set_client = utf8 */;
CREATE TABLE `library_apis` (
  `id` int(10) unsigned NOT NULL AUTO_INCREMENT,
  `title` varchar(255) DEFAULT NULL,
  `slug` varchar(255) DEFAULT NULL,
  `description` longtext,
  `color_status` varchar(255) DEFAULT NULL,
  `status` varchar(255) DEFAULT NULL,
  `footerText` varchar(255) DEFAULT NULL,
  `version` varchar(255) DEFAULT NULL,
  `openDoc` longtext,
  `markdown` longtext,
  `published_at` datetime DEFAULT NULL,
  `created_by` int(11) DEFAULT NULL,
  `updated_by` int(11) DEFAULT NULL,
  `created_at` timestamp NULL DEFAULT CURRENT_TIMESTAMP,
  `updated_at` timestamp NULL DEFAULT CURRENT_TIMESTAMP,
  PRIMARY KEY (`id`),
  UNIQUE KEY `library_apis_slug_unique` (`slug`)
) ENGINE=InnoDB AUTO_INCREMENT=115 DEFAULT CHARSET=utf8;
/*!40101 SET character_set_client = @saved_cs_client */;

--
-- Dumping data for table `library_apis`
--

LOCK TABLES `library_apis` WRITE;
/*!40000 ALTER TABLE `library_apis` DISABLE KEYS */;
INSERT INTO `library_apis` VALUES (107,'a3equipo - Seguridad','a3equipo-seguridad','Servicios de Seguridad A3','green','Publicado','Ver documentación','v1',NULL,NULL,'2023-01-05 02:21:35',8,8,'2023-01-05 02:21:34','2023-01-05 02:21:35'),(108,'a3equipo - Trabajador','a3equipo-trabajador','','green','Publicado','Ver documentación','v1',NULL,NULL,'2023-01-05 02:21:37',8,8,'2023-01-05 02:21:36','2023-01-05 02:21:37'),(109,'a3factura API','a3factura-api-2-0','a3factura API','green','Publicado','Ver documentación','2.0',NULL,NULL,'2023-01-05 02:21:39',8,8,'2023-01-05 02:21:38','2023-01-05 02:21:39'),(110,'a3innuva ','a3innuva-contabilidad',' contabilidad','green','Publicado','Ver documentación','v1',NULL,NULL,'2023-01-05 02:21:41',8,8,'2023-01-05 02:21:40','2023-01-05 02:21:41'),(111,'a3innuva ','a3innuva-contabilidad-core',' contabilidad core','green','Publicado','Ver documentación','v1',NULL,NULL,'2023-01-05 02:21:43',8,8,'2023-01-05 02:21:42','2023-01-05 02:21:43'),(112,'a3innuva ','a3innuva-contabilidad-importia',' contabilidad importia','green','Publicado','Ver documentación','v1',NULL,NULL,'2023-01-05 02:21:45',8,8,'2023-01-05 02:21:44','2023-01-05 02:21:45'),(113,'A3Laboral Services API','a3laboral-services-api','Estas son las API de a3Laboral...','green','Publicado','Ver documentación','v1',NULL,NULL,'2023-01-05 02:21:47',8,8,'2023-01-05 02:21:46','2023-01-05 02:21:47'),(114,'a3doc','a3doc','<br/><h4>Documentación Adicional</h4><p>Accede a través del <a href=https://wkeapipre.portal.azure-api.net/a3doc/extrainfo-toc>siguiente link</a> a la página de enlaces con información adicional de la WebAPI de A3DOC </p>','green','Publicado','Ver documentación','v1',NULL,'# Titulo 1\n\n- Contenido...','2023-01-05 02:25:08',8,8,'2023-01-05 02:24:50','2023-01-05 14:29:51');
/*!40000 ALTER TABLE `library_apis` ENABLE KEYS */;
UNLOCK TABLES;

--
-- Table structure for table `library_apis_components`
--

DROP TABLE IF EXISTS `library_apis_components`;
/*!40101 SET @saved_cs_client     = @@character_set_client */;
/*!40101 SET character_set_client = utf8 */;
CREATE TABLE `library_apis_components` (
  `id` int(10) unsigned NOT NULL AUTO_INCREMENT,
  `field` varchar(255) NOT NULL,
  `order` int(10) unsigned NOT NULL,
  `component_type` varchar(255) NOT NULL,
  `component_id` int(11) NOT NULL,
  `library_api_id` int(10) unsigned NOT NULL,
  PRIMARY KEY (`id`),
  KEY `library_api_id_fk` (`library_api_id`),
  CONSTRAINT `library_api_id_fk` FOREIGN KEY (`library_api_id`) REFERENCES `library_apis` (`id`) ON DELETE CASCADE
) ENGINE=InnoDB AUTO_INCREMENT=142 DEFAULT CHARSET=utf8;
/*!40101 SET character_set_client = @saved_cs_client */;

--
-- Dumping data for table `library_apis_components`
--

LOCK TABLES `library_apis_components` WRITE;
/*!40000 ALTER TABLE `library_apis_components` DISABLE KEYS */;
INSERT INTO `library_apis_components` VALUES (126,'buttons',1,'components_links_simple_buttons',154,107),(127,'buttons',2,'components_links_simple_buttons',155,107),(128,'buttons',1,'components_links_simple_buttons',156,108),(129,'buttons',2,'components_links_simple_buttons',157,108),(130,'buttons',1,'components_links_simple_buttons',158,109),(131,'buttons',2,'components_links_simple_buttons',159,109),(132,'buttons',1,'components_links_simple_buttons',160,110),(133,'buttons',2,'components_links_simple_buttons',161,110),(134,'buttons',1,'components_links_simple_buttons',162,111),(135,'buttons',2,'components_links_simple_buttons',163,111),(136,'buttons',1,'components_links_simple_buttons',164,112),(137,'buttons',2,'components_links_simple_buttons',165,112),(138,'buttons',1,'components_links_simple_buttons',166,113),(139,'buttons',2,'components_links_simple_buttons',167,113),(140,'buttons',1,'components_links_simple_buttons',168,114),(141,'buttons',2,'components_links_simple_buttons',169,114);
/*!40000 ALTER TABLE `library_apis_components` ENABLE KEYS */;
UNLOCK TABLES;

--
-- Table structure for table `navbars`
--

DROP TABLE IF EXISTS `navbars`;
/*!40101 SET @saved_cs_client     = @@character_set_client */;
/*!40101 SET character_set_client = utf8 */;
CREATE TABLE `navbars` (
  `id` int(10) unsigned NOT NULL AUTO_INCREMENT,
  `published_at` datetime DEFAULT NULL,
  `created_by` int(11) DEFAULT NULL,
  `updated_by` int(11) DEFAULT NULL,
  `created_at` timestamp NULL DEFAULT CURRENT_TIMESTAMP,
  `updated_at` timestamp NULL DEFAULT CURRENT_TIMESTAMP,
  `locale` varchar(255) DEFAULT NULL,
  PRIMARY KEY (`id`)
) ENGINE=InnoDB AUTO_INCREMENT=3 DEFAULT CHARSET=utf8;
/*!40101 SET character_set_client = @saved_cs_client */;

--
-- Dumping data for table `navbars`
--

LOCK TABLES `navbars` WRITE;
/*!40000 ALTER TABLE `navbars` DISABLE KEYS */;
INSERT INTO `navbars` VALUES (1,'2022-02-03 12:45:53',1,13,'2022-02-02 10:26:10','2022-03-14 21:06:50','en'),(2,'2022-02-17 21:09:43',13,13,'2022-02-17 21:09:25','2022-03-14 21:12:08','es');
/*!40000 ALTER TABLE `navbars` ENABLE KEYS */;
UNLOCK TABLES;

--
-- Table structure for table `navbars__localizations`
--

DROP TABLE IF EXISTS `navbars__localizations`;
/*!40101 SET @saved_cs_client     = @@character_set_client */;
/*!40101 SET character_set_client = utf8 */;
CREATE TABLE `navbars__localizations` (
  `id` int(10) unsigned NOT NULL AUTO_INCREMENT,
  `navbar_id` int(11) DEFAULT NULL,
  `related_navbar_id` int(11) DEFAULT NULL,
  PRIMARY KEY (`id`)
) ENGINE=InnoDB AUTO_INCREMENT=3 DEFAULT CHARSET=utf8;
/*!40101 SET character_set_client = @saved_cs_client */;

--
-- Dumping data for table `navbars__localizations`
--

LOCK TABLES `navbars__localizations` WRITE;
/*!40000 ALTER TABLE `navbars__localizations` DISABLE KEYS */;
INSERT INTO `navbars__localizations` VALUES (1,2,1),(2,1,2);
/*!40000 ALTER TABLE `navbars__localizations` ENABLE KEYS */;
UNLOCK TABLES;

--
-- Table structure for table `navbars_components`
--

DROP TABLE IF EXISTS `navbars_components`;
/*!40101 SET @saved_cs_client     = @@character_set_client */;
/*!40101 SET character_set_client = utf8 */;
CREATE TABLE `navbars_components` (
  `id` int(10) unsigned NOT NULL AUTO_INCREMENT,
  `field` varchar(255) NOT NULL,
  `order` int(10) unsigned NOT NULL,
  `component_type` varchar(255) NOT NULL,
  `component_id` int(11) NOT NULL,
  `navbar_id` int(10) unsigned NOT NULL,
  PRIMARY KEY (`id`),
  KEY `navbar_id_fk` (`navbar_id`),
  CONSTRAINT `navbar_id_fk` FOREIGN KEY (`navbar_id`) REFERENCES `navbars` (`id`) ON DELETE CASCADE
) ENGINE=InnoDB AUTO_INCREMENT=38 DEFAULT CHARSET=utf8;
/*!40101 SET character_set_client = @saved_cs_client */;

--
-- Dumping data for table `navbars_components`
--

LOCK TABLES `navbars_components` WRITE;
/*!40000 ALTER TABLE `navbars_components` DISABLE KEYS */;
INSERT INTO `navbars_components` VALUES (2,'links',2,'components_links_drop_big_links',1,1),(9,'links',4,'components_links_links',236,1),(11,'buttonLinks',1,'components_links_buttons',218,1),(12,'buttonLinks',2,'components_links_buttons',219,1),(14,'links',1,'components_links_drop_big_links',2,1),(15,'links',3,'components_links_links',289,1),(23,'links',3,'components_links_links',356,2),(24,'links',4,'components_links_links',357,2),(25,'links',1,'components_links_drop_big_links',5,2),(26,'links',2,'components_links_drop_big_links',6,2),(27,'buttonLinks',1,'components_links_buttons',243,2),(28,'buttonLinks',2,'components_links_buttons',244,2),(30,'buttonLinks',3,'components_links_buttons',246,1),(31,'buttonLinks',3,'components_links_buttons',247,2),(34,'buttonLinks',4,'components_links_buttons',250,1),(35,'buttonLinks',4,'components_links_buttons',251,2),(36,'links',5,'components_links_links',386,1),(37,'links',5,'components_links_links',387,2);
/*!40000 ALTER TABLE `navbars_components` ENABLE KEYS */;
UNLOCK TABLES;

--
-- Table structure for table `newsletters`
--

DROP TABLE IF EXISTS `newsletters`;
/*!40101 SET @saved_cs_client     = @@character_set_client */;
/*!40101 SET character_set_client = utf8 */;
CREATE TABLE `newsletters` (
  `id` int(10) unsigned NOT NULL AUTO_INCREMENT,
  `created_by` int(11) DEFAULT NULL,
  `updated_by` int(11) DEFAULT NULL,
  `created_at` timestamp NULL DEFAULT CURRENT_TIMESTAMP,
  `updated_at` timestamp NULL DEFAULT CURRENT_TIMESTAMP,
  `name` varchar(255) DEFAULT NULL,
  `published_at` datetime DEFAULT NULL,
  PRIMARY KEY (`id`)
) ENGINE=InnoDB AUTO_INCREMENT=3 DEFAULT CHARSET=utf8;
/*!40101 SET character_set_client = @saved_cs_client */;

--
-- Dumping data for table `newsletters`
--

LOCK TABLES `newsletters` WRITE;
/*!40000 ALTER TABLE `newsletters` DISABLE KEYS */;
INSERT INTO `newsletters` VALUES (2,1,1,'2021-08-17 14:27:49','2021-08-17 14:29:34','Vida','2021-08-17 14:28:01');
/*!40000 ALTER TABLE `newsletters` ENABLE KEYS */;
UNLOCK TABLES;

--
-- Table structure for table `newsletters_components`
--

DROP TABLE IF EXISTS `newsletters_components`;
/*!40101 SET @saved_cs_client     = @@character_set_client */;
/*!40101 SET character_set_client = utf8 */;
CREATE TABLE `newsletters_components` (
  `id` int(10) unsigned NOT NULL AUTO_INCREMENT,
  `field` varchar(255) NOT NULL,
  `order` int(10) unsigned NOT NULL,
  `component_type` varchar(255) NOT NULL,
  `component_id` int(11) NOT NULL,
  `newsletter_id` int(10) unsigned NOT NULL,
  PRIMARY KEY (`id`),
  KEY `newsletter_id_fk` (`newsletter_id`),
  CONSTRAINT `newsletter_id_fk` FOREIGN KEY (`newsletter_id`) REFERENCES `newsletters` (`id`) ON DELETE CASCADE
) ENGINE=InnoDB AUTO_INCREMENT=5 DEFAULT CHARSET=utf8;
/*!40101 SET character_set_client = @saved_cs_client */;

--
-- Dumping data for table `newsletters_components`
--

LOCK TABLES `newsletters_components` WRITE;
/*!40000 ALTER TABLE `newsletters_components` DISABLE KEYS */;
INSERT INTO `newsletters_components` VALUES (2,'inputs',1,'components_elements_placeholders',12,2),(3,'inputs',2,'components_elements_form_checkboxes',4,2),(4,'inputs',3,'components_elements_placeholders',13,2);
/*!40000 ALTER TABLE `newsletters_components` ENABLE KEYS */;
UNLOCK TABLES;

--
-- Table structure for table `pages`
--

DROP TABLE IF EXISTS `pages`;
/*!40101 SET @saved_cs_client     = @@character_set_client */;
/*!40101 SET character_set_client = utf8 */;
CREATE TABLE `pages` (
  `id` int(10) unsigned NOT NULL AUTO_INCREMENT,
  `slug` varchar(255) NOT NULL,
  `shortName` varchar(255) NOT NULL,
  `status` varchar(255) NOT NULL,
  `created_by` int(11) DEFAULT NULL,
  `updated_by` int(11) DEFAULT NULL,
  `created_at` timestamp NULL DEFAULT CURRENT_TIMESTAMP,
  `updated_at` timestamp NULL DEFAULT CURRENT_TIMESTAMP,
  `idContentType` varchar(255) DEFAULT NULL,
  `locale` varchar(255) DEFAULT NULL,
  PRIMARY KEY (`id`),
  UNIQUE KEY `pages_slug_unique` (`slug`),
  UNIQUE KEY `pages_idcontenttype_unique` (`idContentType`)
) ENGINE=InnoDB AUTO_INCREMENT=91 DEFAULT CHARSET=utf8;
/*!40101 SET character_set_client = @saved_cs_client */;

--
-- Dumping data for table `pages`
--

LOCK TABLES `pages` WRITE;
/*!40000 ALTER TABLE `pages` DISABLE KEYS */;
INSERT INTO `pages` VALUES (84,'faq','faq','',18,12,'2022-04-13 23:48:00','2022-10-31 15:28:09',NULL,'es'),(85,'home','home','',18,12,'2022-04-14 00:05:59','2023-02-07 21:54:14',NULL,'es'),(87,'apis','apis','',18,12,'2022-05-04 16:04:40','2022-10-18 23:04:16',NULL,'es'),(88,'blog','blog','',8,8,'2022-07-02 19:01:01','2022-11-17 00:05:59',NULL,'es'),(89,'policy-privacy','policy-privacy','',8,8,'2022-11-18 09:53:54','2022-11-18 09:53:54',NULL,'es'),(90,'terms','terms','',8,8,'2022-11-18 09:54:48','2022-11-18 09:54:49',NULL,'es');
/*!40000 ALTER TABLE `pages` ENABLE KEYS */;
UNLOCK TABLES;

--
-- Table structure for table `pages__localizations`
--

DROP TABLE IF EXISTS `pages__localizations`;
/*!40101 SET @saved_cs_client     = @@character_set_client */;
/*!40101 SET character_set_client = utf8 */;
CREATE TABLE `pages__localizations` (
  `id` int(10) unsigned NOT NULL AUTO_INCREMENT,
  `page_id` int(11) DEFAULT NULL,
  `related_page_id` int(11) DEFAULT NULL,
  PRIMARY KEY (`id`)
) ENGINE=InnoDB AUTO_INCREMENT=30 DEFAULT CHARSET=utf8;
/*!40101 SET character_set_client = @saved_cs_client */;

--
-- Dumping data for table `pages__localizations`
--

LOCK TABLES `pages__localizations` WRITE;
/*!40000 ALTER TABLE `pages__localizations` DISABLE KEYS */;
INSERT INTO `pages__localizations` VALUES (2,34,36),(4,43,44),(6,1,64),(8,43,65),(10,63,69),(12,45,70),(14,47,71),(16,46,72),(18,41,73),(20,27,74),(22,68,75),(24,66,76),(26,62,77),(28,79,81),(29,88,86);
/*!40000 ALTER TABLE `pages__localizations` ENABLE KEYS */;
UNLOCK TABLES;

--
-- Table structure for table `pages_components`
--

DROP TABLE IF EXISTS `pages_components`;
/*!40101 SET @saved_cs_client     = @@character_set_client */;
/*!40101 SET character_set_client = utf8 */;
CREATE TABLE `pages_components` (
  `id` int(10) unsigned NOT NULL AUTO_INCREMENT,
  `field` varchar(255) NOT NULL,
  `order` int(10) unsigned NOT NULL,
  `component_type` varchar(255) NOT NULL,
  `component_id` int(11) NOT NULL,
  `page_id` int(10) unsigned NOT NULL,
  PRIMARY KEY (`id`),
  KEY `page_id_fk` (`page_id`),
  CONSTRAINT `page_id_fk` FOREIGN KEY (`page_id`) REFERENCES `pages` (`id`) ON DELETE CASCADE
) ENGINE=InnoDB AUTO_INCREMENT=415 DEFAULT CHARSET=utf8;
/*!40101 SET character_set_client = @saved_cs_client */;

--
-- Dumping data for table `pages_components`
--

LOCK TABLES `pages_components` WRITE;
/*!40000 ALTER TABLE `pages_components` DISABLE KEYS */;
INSERT INTO `pages_components` VALUES (367,'metadata',1,'components_meta_metadata',148,84),(368,'contentSections',1,'components_home_banner_sections',72,84),(369,'contentSections',2,'components_sura_list_filters',1,84),(374,'contentSections',3,'components_elements_entries',216,84),(376,'contentSections',4,'components_elements_entries',218,84),(377,'contentSections',5,'components_elements_entries',219,84),(378,'metadata',1,'components_meta_metadata',149,85),(379,'contentSections',1,'components_sura_carousels',2,85),(380,'contentSections',2,'components_home_work_sections',70,85),(381,'contentSections',3,'components_sections_title_sections',21,85),(383,'contentSections',4,'components_home_discover_sections',16,85),(384,'contentSections',5,'components_sections_button_heroes',35,85),(385,'contentSections',6,'components_sections_section_use_cases',66,85),(386,'contentSections',7,'components_sections_title_sections',22,85),(387,'contentSections',8,'components_sura_tab_cards',1,85),(388,'contentSections',9,'components_sura_tab_cards',2,85),(389,'contentSections',10,'components_sura_tab_cards',3,85),(391,'contentSections',13,'components_home_banner_sections',74,85),(392,'contentSections',14,'components_sections_title_sections',23,85),(400,'metadata',1,'components_meta_metadata',151,87),(401,'contentSections',1,'components_home_banner_sections',76,87),(402,'contentSections',11,'components_sura_tab_cards',9,85),(403,'contentSections',12,'components_sura_tab_cards',10,85),(404,'metadata',1,'components_meta_metadata',152,88),(405,'contentSections',1,'components_home_banner_sections',77,88),(406,'contentSections',2,'components_sura_tab_cards',11,88),(407,'contentSections',3,'components_sura_tab_cards',12,88),(408,'contentSections',4,'components_sura_tab_cards',13,88),(409,'contentSections',5,'components_sura_tab_cards',14,88),(410,'contentSections',6,'components_sura_tab_cards',15,88),(411,'metadata',1,'components_meta_metadata',153,89),(412,'contentSections',1,'components_elements_entries',220,89),(413,'metadata',1,'components_meta_metadata',154,90),(414,'contentSections',1,'components_elements_entries',221,90);
/*!40000 ALTER TABLE `pages_components` ENABLE KEYS */;
UNLOCK TABLES;

--
-- Table structure for table `posts`
--

DROP TABLE IF EXISTS `posts`;
/*!40101 SET @saved_cs_client     = @@character_set_client */;
/*!40101 SET character_set_client = utf8 */;
CREATE TABLE `posts` (
  `id` int(10) unsigned NOT NULL AUTO_INCREMENT,
  `title` varchar(255) DEFAULT NULL,
  `subtitle` varchar(255) DEFAULT NULL,
  `published_at` datetime DEFAULT NULL,
  `created_by` int(11) DEFAULT NULL,
  `updated_by` int(11) DEFAULT NULL,
  `created_at` timestamp NULL DEFAULT CURRENT_TIMESTAMP,
  `updated_at` timestamp NULL DEFAULT CURRENT_TIMESTAMP,
  PRIMARY KEY (`id`)
) ENGINE=InnoDB DEFAULT CHARSET=utf8;
/*!40101 SET character_set_client = @saved_cs_client */;

--
-- Dumping data for table `posts`
--

LOCK TABLES `posts` WRITE;
/*!40000 ALTER TABLE `posts` DISABLE KEYS */;
/*!40000 ALTER TABLE `posts` ENABLE KEYS */;
UNLOCK TABLES;

--
-- Table structure for table `posts_components`
--

DROP TABLE IF EXISTS `posts_components`;
/*!40101 SET @saved_cs_client     = @@character_set_client */;
/*!40101 SET character_set_client = utf8 */;
CREATE TABLE `posts_components` (
  `id` int(10) unsigned NOT NULL AUTO_INCREMENT,
  `field` varchar(255) NOT NULL,
  `order` int(10) unsigned NOT NULL,
  `component_type` varchar(255) NOT NULL,
  `component_id` int(11) NOT NULL,
  `post_id` int(10) unsigned NOT NULL,
  PRIMARY KEY (`id`),
  KEY `post_id_fk` (`post_id`),
  CONSTRAINT `post_id_fk` FOREIGN KEY (`post_id`) REFERENCES `posts` (`id`) ON DELETE CASCADE
) ENGINE=InnoDB DEFAULT CHARSET=utf8;
/*!40101 SET character_set_client = @saved_cs_client */;

--
-- Dumping data for table `posts_components`
--

LOCK TABLES `posts_components` WRITE;
/*!40000 ALTER TABLE `posts_components` DISABLE KEYS */;
/*!40000 ALTER TABLE `posts_components` ENABLE KEYS */;
UNLOCK TABLES;

--
-- Table structure for table `slides_news`
--

DROP TABLE IF EXISTS `slides_news`;
/*!40101 SET @saved_cs_client     = @@character_set_client */;
/*!40101 SET character_set_client = utf8 */;
CREATE TABLE `slides_news` (
  `id` int(10) unsigned NOT NULL AUTO_INCREMENT,
  `title` varchar(255) DEFAULT NULL,
  `description` longtext,
  `linkText` varchar(255) DEFAULT NULL,
  `published_at` datetime DEFAULT NULL,
  `created_by` int(11) DEFAULT NULL,
  `updated_by` int(11) DEFAULT NULL,
  `created_at` timestamp NULL DEFAULT CURRENT_TIMESTAMP,
  `updated_at` timestamp NULL DEFAULT CURRENT_TIMESTAMP,
  PRIMARY KEY (`id`)
) ENGINE=InnoDB AUTO_INCREMENT=2 DEFAULT CHARSET=latin1;
/*!40101 SET character_set_client = @saved_cs_client */;

--
-- Dumping data for table `slides_news`
--

LOCK TABLES `slides_news` WRITE;
/*!40000 ALTER TABLE `slides_news` DISABLE KEYS */;
INSERT INTO `slides_news` VALUES (1,'New',NULL,NULL,'2022-07-05 21:33:20',8,8,'2022-07-05 21:33:04','2022-07-05 21:33:20');
/*!40000 ALTER TABLE `slides_news` ENABLE KEYS */;
UNLOCK TABLES;

--
-- Table structure for table `solutions`
--

DROP TABLE IF EXISTS `solutions`;
/*!40101 SET @saved_cs_client     = @@character_set_client */;
/*!40101 SET character_set_client = utf8 */;
CREATE TABLE `solutions` (
  `id` int(10) unsigned NOT NULL AUTO_INCREMENT,
  `title` varchar(255) DEFAULT NULL,
  `subtitle` varchar(255) DEFAULT NULL,
  `published_at` datetime DEFAULT NULL,
  `created_by` int(11) DEFAULT NULL,
  `updated_by` int(11) DEFAULT NULL,
  `created_at` timestamp NULL DEFAULT CURRENT_TIMESTAMP,
  `updated_at` timestamp NULL DEFAULT CURRENT_TIMESTAMP,
  `Badgets` varchar(255) DEFAULT NULL,
  `description` longtext,
  `IsPublicGeneralVisible` tinyint(1) DEFAULT NULL,
  `IsPrivateGeneralVisible` tinyint(1) DEFAULT NULL,
  `IsPublicCoverVisible` tinyint(1) DEFAULT NULL,
  `IsPrivateCoverVisible` tinyint(1) DEFAULT NULL,
  `isHighlighted` tinyint(1) DEFAULT NULL,
  `shortDescription` longtext,
  `longDescription` longtext,
  `slug` varchar(255) DEFAULT NULL,
  `order` int(11) DEFAULT NULL,
  `availability` varchar(255) DEFAULT NULL,
  `IsAvailable` tinyint(1) DEFAULT NULL,
  `locale` varchar(255) DEFAULT NULL,
  PRIMARY KEY (`id`),
  UNIQUE KEY `solutions_slug_unique` (`slug`)
) ENGINE=InnoDB AUTO_INCREMENT=7 DEFAULT CHARSET=utf8;
/*!40101 SET character_set_client = @saved_cs_client */;

--
-- Dumping data for table `solutions`
--

LOCK TABLES `solutions` WRITE;
/*!40000 ALTER TABLE `solutions` DISABLE KEYS */;
INSERT INTO `solutions` VALUES (1,'Airlines','Donec pharetra massa a feugiat viverra.','2021-04-20 18:44:39',1,12,'2021-04-20 23:29:10','2022-01-21 17:02:15',NULL,'row',1,NULL,1,NULL,NULL,'Calculate emissions automatically and allow your clients to offset them upon ticket purchase.','Calculate emissions automatically and allow your clients to offset them upon ticket purchase.Calculate emissions automatically and allow your clients to offset them upon ticket purchase.Calculate emissions automatically and allow your clients to offset them upon ticket purchase.','brokers',NULL,NULL,NULL,'en'),(2,'Hotels','Donec pharetra massa a feugiat viverra.','2021-04-20 19:05:17',1,12,'2021-04-21 00:05:00','2022-01-21 17:39:02',NULL,'hello',1,NULL,1,NULL,NULL,'Our bespoke calculator can be added to your API or Widget to make it even easier to offer carbon-neutral stays.','Our bespoke calculator can be added to your API or Widget to make it even easier to offer carbon-neutral stays.Our bespoke calculator can be added to your API or Widget to make it even easier to offer carbon-neutral stays.Our bespoke calculator can be added to your API or Widget to make it even easier to offer carbon-neutral stays.','banca',NULL,NULL,NULL,'en'),(4,'Mobility','Donec pharetra massa a feugiat viverra.','2021-04-20 19:15:33',1,13,'2021-04-21 00:15:30','2022-01-18 17:33:08',NULL,NULL,1,NULL,1,NULL,NULL,'Automatically calculate and compensate emissions for each ride. ','Automatically calculate and compensate emissions for each ride. Automatically calculate and compensate emissions for each ride. Automatically calculate and compensate emissions for each ride. Automatically calculate and compensate emissions for each ride. Automatically calculate and compensate emissions for each ride. ','retail',NULL,NULL,1,'en'),(5,'Aerolineas',NULL,'2022-01-21 18:35:05',12,12,'2022-01-21 17:02:10','2022-01-21 18:35:05',NULL,NULL,1,NULL,1,NULL,NULL,'Calcule las emisiones autom├íticamente y permita que sus clientes las compensen al comprar el boleto.','Calcule las emisiones autom├íticamente y permita que sus clientes las compensen con la compra del boleto.Calcule las emisiones autom├íticamente y permita que sus clientes las compensen con la compra del boleto.Calcule las emisiones autom├íticamente y permita que sus clientes las compensen con la compra del boleto.\n\n','brokersES',NULL,NULL,NULL,'es'),(6,'Hoteles',NULL,'2022-01-21 18:36:40',12,12,'2022-01-21 17:39:07','2022-01-21 18:36:40',NULL,NULL,1,NULL,1,NULL,NULL,'Nuestra calculadora personalizada se puede agregar a su API o Widget para que sea a├║n m├ís f├ícil ofrecer estad├¡as neutrales en carbono.','Nuestra calculadora personalizada se puede agregar a su API o widget para que sea a├║n m├ís f├ícil ofrecer estad├¡as neutras en carbono. Nuestra calculadora personalizada se puede agregar a su API o widget para que sea a├║n m├ís f├ícil ofrecer estad├¡as neutras en carbono. agregarse a su API o Widget para que sea a├║n m├ís f├ícil ofrecer estad├¡as neutrales en carbono.','bancaES',NULL,NULL,NULL,'es');
/*!40000 ALTER TABLE `solutions` ENABLE KEYS */;
UNLOCK TABLES;

--
-- Table structure for table `solutions__localizations`
--

DROP TABLE IF EXISTS `solutions__localizations`;
/*!40101 SET @saved_cs_client     = @@character_set_client */;
/*!40101 SET character_set_client = utf8 */;
CREATE TABLE `solutions__localizations` (
  `id` int(10) unsigned NOT NULL AUTO_INCREMENT,
  `solution_id` int(11) DEFAULT NULL,
  `related_solution_id` int(11) DEFAULT NULL,
  PRIMARY KEY (`id`)
) ENGINE=InnoDB DEFAULT CHARSET=utf8;
/*!40101 SET character_set_client = @saved_cs_client */;

--
-- Dumping data for table `solutions__localizations`
--

LOCK TABLES `solutions__localizations` WRITE;
/*!40000 ALTER TABLE `solutions__localizations` DISABLE KEYS */;
/*!40000 ALTER TABLE `solutions__localizations` ENABLE KEYS */;
UNLOCK TABLES;

--
-- Table structure for table `solutions_components`
--

DROP TABLE IF EXISTS `solutions_components`;
/*!40101 SET @saved_cs_client     = @@character_set_client */;
/*!40101 SET character_set_client = utf8 */;
CREATE TABLE `solutions_components` (
  `id` int(10) unsigned NOT NULL AUTO_INCREMENT,
  `field` varchar(255) NOT NULL,
  `order` int(10) unsigned NOT NULL,
  `component_type` varchar(255) NOT NULL,
  `component_id` int(11) NOT NULL,
  `solution_id` int(10) unsigned NOT NULL,
  PRIMARY KEY (`id`),
  KEY `solution_id_fk` (`solution_id`),
  CONSTRAINT `solution_id_fk` FOREIGN KEY (`solution_id`) REFERENCES `solutions` (`id`) ON DELETE CASCADE
) ENGINE=InnoDB AUTO_INCREMENT=116 DEFAULT CHARSET=utf8;
/*!40101 SET character_set_client = @saved_cs_client */;

--
-- Dumping data for table `solutions_components`
--

LOCK TABLES `solutions_components` WRITE;
/*!40000 ALTER TABLE `solutions_components` DISABLE KEYS */;
INSERT INTO `solutions_components` VALUES (1,'Badgetsolution',1,'components_elements_badgets',1,1),(2,'Badgetsolution',2,'components_elements_badgets',2,1),(3,'Badgetsolution',3,'components_elements_badgets',3,1),(4,'Badgetsolution',1,'components_elements_badgets',4,2),(8,'Badgetsolution',1,'components_elements_badgets',8,4),(12,'badgeSolution',1,'components_elements_badgets',12,1),(13,'badgeSolution',2,'components_elements_badgets',13,1),(15,'badgeSolution',1,'components_elements_badgets',15,2),(17,'badgeSolution',1,'components_elements_badgets',17,4),(18,'mainFeatures',1,'components_slices_feature_columns_groups',3,1),(19,'link',1,'components_links_links',33,1),(20,'APIstore',1,'components_slices_feature_rows_groups',3,1),(21,'summary',1,'components_slices_feature_columns',12,1),(22,'summaryCover',1,'components_elements_containers',1,1),(23,'summaryIndividual',1,'components_sections_summaries',1,1),(24,'summaryGeneral',1,'components_sections_summaries',2,1),(38,'summaryCover',1,'components_elements_containers',4,2),(43,'summaryGeneral',1,'components_sections_summaries',9,2),(44,'mainFeatures',1,'components_slices_feature_columns_groups',9,2),(45,'summaryIndividual',1,'components_sections_summaries',10,2),(46,'APIstore',1,'components_slices_feature_rows_groups',8,2),(48,'summaryCover',1,'components_elements_containers',18,4),(63,'summaryIndividual',1,'components_sections_summaries',35,4),(64,'summaryGeneral',1,'components_sections_summaries',36,4),(69,'metadata',1,'components_meta_metadata',19,1),(70,'featuresGroup',2,'components_elements_features',25,1),(71,'featuresGroup',4,'components_elements_features',26,1),(72,'featuresGroup',3,'components_elements_features',27,1),(74,'featuresGroup',2,'components_elements_features',29,2),(75,'featuresGroup',1,'components_elements_features',30,2),(76,'featuresGroup',4,'components_elements_features',31,2),(77,'featuresGroup',3,'components_elements_features',32,2),(81,'featuresGroup',1,'components_elements_features',36,4),(82,'featuresGroup',2,'components_elements_features',37,4),(83,'featuresGroup',3,'components_elements_features',38,4),(93,'featuresGroup',1,'components_elements_features',65,1),(102,'featuresGroup',4,'components_elements_features',80,4),(103,'metadata',1,'components_meta_metadata',73,2),(105,'metadata',1,'components_meta_metadata',75,4),(106,'metadata',1,'components_meta_metadata',118,5),(107,'featuresGroup',2,'components_elements_features',124,5),(108,'featuresGroup',1,'components_elements_features',123,5),(109,'featuresGroup',3,'components_elements_features',125,5),(110,'featuresGroup',4,'components_elements_features',126,5),(111,'metadata',1,'components_meta_metadata',119,6),(112,'featuresGroup',1,'components_elements_features',127,6),(113,'featuresGroup',2,'components_elements_features',128,6),(114,'featuresGroup',3,'components_elements_features',129,6),(115,'featuresGroup',4,'components_elements_features',130,6);
/*!40000 ALTER TABLE `solutions_components` ENABLE KEYS */;
UNLOCK TABLES;

--
-- Table structure for table `solutions_tags__tags_solutions`
--

DROP TABLE IF EXISTS `solutions_tags__tags_solutions`;
/*!40101 SET @saved_cs_client     = @@character_set_client */;
/*!40101 SET character_set_client = utf8 */;
CREATE TABLE `solutions_tags__tags_solutions` (
  `id` int(10) unsigned NOT NULL AUTO_INCREMENT,
  `solution_id` int(11) DEFAULT NULL,
  `tag_id` int(11) DEFAULT NULL,
  PRIMARY KEY (`id`)
) ENGINE=InnoDB DEFAULT CHARSET=utf8;
/*!40101 SET character_set_client = @saved_cs_client */;

--
-- Dumping data for table `solutions_tags__tags_solutions`
--

LOCK TABLES `solutions_tags__tags_solutions` WRITE;
/*!40000 ALTER TABLE `solutions_tags__tags_solutions` DISABLE KEYS */;
/*!40000 ALTER TABLE `solutions_tags__tags_solutions` ENABLE KEYS */;
UNLOCK TABLES;

--
-- Table structure for table `strapi_administrator`
--

DROP TABLE IF EXISTS `strapi_administrator`;
/*!40101 SET @saved_cs_client     = @@character_set_client */;
/*!40101 SET character_set_client = utf8 */;
CREATE TABLE `strapi_administrator` (
  `id` int(10) unsigned NOT NULL AUTO_INCREMENT,
  `firstname` varchar(255) DEFAULT NULL,
  `lastname` varchar(255) DEFAULT NULL,
  `username` varchar(255) DEFAULT NULL,
  `email` varchar(255) NOT NULL,
  `password` varchar(255) DEFAULT NULL,
  `resetPasswordToken` varchar(255) DEFAULT NULL,
  `registrationToken` varchar(255) DEFAULT NULL,
  `isActive` tinyint(1) DEFAULT NULL,
  `blocked` tinyint(1) DEFAULT NULL,
  `preferedLanguage` varchar(255) DEFAULT NULL,
  PRIMARY KEY (`id`),
  UNIQUE KEY `strapi_administrator_email_unique` (`email`)
) ENGINE=InnoDB AUTO_INCREMENT=23 DEFAULT CHARSET=utf8;
/*!40101 SET character_set_client = @saved_cs_client */;

--
-- Dumping data for table `strapi_administrator`
--

LOCK TABLES `strapi_administrator` WRITE;
/*!40000 ALTER TABLE `strapi_administrator` DISABLE KEYS */;
INSERT INTO `strapi_administrator` VALUES (1,'Sharon','Quispe',NULL,'sharon.quispe.pe@cloudappi.net','$2a$10$DbCxvM3ChidEZ0YesHcmu.GJ1.rNEqaeItkuPt0kWMORP9fBYoqqm','0e41adadf5deb6c36d0cae1fe2d52bc62dd94469',NULL,1,NULL,NULL),(6,'Raquel','Del Rio',NULL,'raquel.delrio@cloudappi.net','$2a$10$W5TsdqhhC9pl4yXe05ZQBepJ7m6KLGldRARTG6rZsnqpJXIUiTgma',NULL,NULL,0,NULL,NULL),(8,'Madeley','Hurtado',NULL,'madeley.hurtado.pe@cloudappi.net','$2a$10$RGlvsalu6BfCEEb3B2n8IeGF6atXHW2gIwc8qyiHVvaolPcx9S8p6','f657e8b251f22443b70c9fef00419b82783130fa','168c75c6db67d007911f562d0208a2d5b6014760',1,NULL,NULL),(11,'Mikel','Landa',NULL,'mikel.landa@cloudappi.net','$2a$10$9a0UxbSP1oOf7YBGdTuc5e/hNrSYkCAf4LjHdeWDCqo8V114G24jG',NULL,NULL,1,NULL,NULL),(12,'Uziel','Trujillo',NULL,'uziel.trujillo.ext@cloudappi.net','$2a$10$pvxVloW97L5cwmgGJB72CuLEG2vRpZYHllvvUXOtbyoSNzy68nlFW',NULL,NULL,1,NULL,'es'),(13,'Osti','Katriel',NULL,'osti.barrozo.pe@cloudappi.net','$2a$10$H4hCMAA2lisfSfdRQCxD.e/c.5EYMfxiALnkuyPmqtz5Q3hH7v/22','57a1eb7dafdc4899e2eb20aa120d45fa268ff446','c43afcc486f41ca5259a83380aa2f51bf61f06a2',1,NULL,'es'),(14,'test1','test1',NULL,'test1@gmail.com','$2a$10$.vpF8wLRrrx5zmbC6Yfgx.qdXr8yZQp3Re0Y46sgyUWsNNsM6o4L6',NULL,NULL,1,NULL,NULL),(15,'test2','test2',NULL,'test2@gmail.com','$2a$10$FBXsuDP48pzkLYext4n51.WV1k6BGkJvVsq5tcz816oCsOa4vaRVa',NULL,NULL,1,NULL,NULL),(16,'qa','qa',NULL,'qa@gmail.com','$2a$10$rge3leUjsZuLh4paMrLDNOjRalEuZSFZ8wpBjOeKrWHxrfHRFam6u',NULL,NULL,1,NULL,NULL),(19,'Rafael ','Nava Cruz',NULL,'jesus.nava.mx@cloudappi.net','$2a$10$CG5GQRuevuUMEI/JY6t8xOTDowUMs9B00CWXlRUn1NeKxMcz15bti',NULL,NULL,1,NULL,NULL),(20,'Alexandra','Bartolo',NULL,'lorena.bartolo.pe@cloudappi.net','$2a$10$WBeYAuv5Gh0EfyrEhhiDMOBFdAzhd9/ke6mYLnJXCHMsmylipsfuu',NULL,NULL,1,NULL,NULL),(21,'Leonardo',' Marco',NULL,'leonardo.marcos@segurossura.com.mx',NULL,NULL,'2610fa63afb9d58e8112567d9779f458544400ac',0,NULL,NULL),(22,'Julio','Gallaga',NULL,'julio.gallaga@segurossura.com.mx',NULL,NULL,'3fd2eccf0e0ce9d4c112713d04ac217f704d628a',0,NULL,NULL);
/*!40000 ALTER TABLE `strapi_administrator` ENABLE KEYS */;
UNLOCK TABLES;

--
-- Table structure for table `strapi_permission`
--

DROP TABLE IF EXISTS `strapi_permission`;
/*!40101 SET @saved_cs_client     = @@character_set_client */;
/*!40101 SET character_set_client = utf8 */;
CREATE TABLE `strapi_permission` (
  `id` int(10) unsigned NOT NULL AUTO_INCREMENT,
  `action` varchar(255) NOT NULL,
  `subject` varchar(255) DEFAULT NULL,
  `fields` longtext,
  `conditions` longtext,
  `role` int(11) DEFAULT NULL,
  `created_at` timestamp NULL DEFAULT CURRENT_TIMESTAMP,
  `updated_at` timestamp NULL DEFAULT CURRENT_TIMESTAMP,
  `properties` longtext,
  PRIMARY KEY (`id`)
) ENGINE=InnoDB AUTO_INCREMENT=39488 DEFAULT CHARSET=utf8;
/*!40101 SET character_set_client = @saved_cs_client */;

--
-- Dumping data for table `strapi_permission`
--

LOCK TABLES `strapi_permission` WRITE;
/*!40000 ALTER TABLE `strapi_permission` DISABLE KEYS */;
INSERT INTO `strapi_permission` VALUES (22,'plugins::content-manager.explorer.read','application::page.page','[\"slug\",\"shortName\",\"metadata.metaTitle\",\"metadata.metaDescription\",\"metadata.shareImage\",\"metadata.twitterCardType\",\"metadata.twitterUsername\",\"contentSections\",\"status\"]','[\"admin::is-creator\"]',3,'2021-04-15 07:21:54','2022-02-23 04:13:55','{\"fields\":[\"slug\",\"shortName\",\"metadata.metaTitle\",\"metadata.metaDescription\",\"contentSections\"]}'),(23,'plugins::content-manager.explorer.create','application::page.page','[\"slug\",\"shortName\",\"metadata.metaTitle\",\"metadata.metaDescription\",\"metadata.shareImage\",\"metadata.twitterCardType\",\"metadata.twitterUsername\",\"contentSections\",\"status\"]','[\"admin::is-creator\"]',3,'2021-04-15 07:21:54','2022-02-23 04:13:55','{\"fields\":[\"slug\",\"shortName\",\"metadata.metaTitle\",\"metadata.metaDescription\",\"contentSections\"]}'),(26,'plugins::content-manager.explorer.update','application::page.page','[\"slug\",\"shortName\",\"metadata.metaTitle\",\"metadata.metaDescription\",\"metadata.shareImage\",\"metadata.twitterCardType\",\"metadata.twitterUsername\",\"contentSections\",\"status\"]','[\"admin::is-creator\"]',3,'2021-04-15 07:21:55','2022-02-23 04:13:55','{\"fields\":[\"slug\",\"shortName\",\"metadata.metaTitle\",\"metadata.metaDescription\",\"contentSections\"]}'),(40,'plugins::content-manager.explorer.create','plugins::users-permissions.user','[\"username\",\"email\",\"provider\",\"password\",\"resetPasswordToken\",\"confirmationToken\",\"confirmed\",\"blocked\",\"role\"]','[]',1,'2021-04-15 07:21:56','2021-10-15 17:50:39','{\"fields\":[\"username\",\"email\",\"provider\",\"password\",\"resetPasswordToken\",\"confirmationToken\",\"confirmed\",\"blocked\",\"role\"]}'),(42,'plugins::content-manager.explorer.read','plugins::users-permissions.user','[\"username\",\"email\",\"provider\",\"password\",\"resetPasswordToken\",\"confirmationToken\",\"confirmed\",\"blocked\",\"role\"]','[]',1,'2021-04-15 07:21:57','2021-10-15 17:50:40','{\"fields\":[\"username\",\"email\",\"provider\",\"password\",\"resetPasswordToken\",\"confirmationToken\",\"confirmed\",\"blocked\",\"role\"]}'),(47,'plugins::content-manager.explorer.update','plugins::users-permissions.user','[\"username\",\"email\",\"provider\",\"password\",\"resetPasswordToken\",\"confirmationToken\",\"confirmed\",\"blocked\",\"role\"]','[]',1,'2021-04-15 07:21:57','2021-10-15 17:50:41','{\"fields\":[\"username\",\"email\",\"provider\",\"password\",\"resetPasswordToken\",\"confirmationToken\",\"confirmed\",\"blocked\",\"role\"]}'),(10951,'plugins::upload.read',NULL,NULL,'[\"admin::is-creator\"]',3,'2021-08-17 13:48:27','2021-10-15 17:51:13','{\"fields\":null}'),(10952,'plugins::upload.assets.create',NULL,NULL,'[]',3,'2021-08-17 13:48:27','2021-10-15 17:51:13','{\"fields\":null}'),(10953,'plugins::upload.assets.update',NULL,NULL,'[\"admin::is-creator\"]',3,'2021-08-17 13:48:27','2021-10-15 17:51:14','{\"fields\":null}'),(10954,'plugins::upload.assets.download',NULL,NULL,'[]',3,'2021-08-17 13:48:27','2021-10-15 17:51:15','{\"fields\":null}'),(10955,'plugins::upload.assets.copy-link',NULL,NULL,'[]',3,'2021-08-17 13:48:27','2021-10-15 17:51:15','{\"fields\":null}'),(13697,'plugins::content-type-builder.read',NULL,NULL,'[]',1,'2021-10-15 17:54:07','2021-10-15 17:54:08','{}'),(13698,'plugins::email.settings.read',NULL,NULL,'[]',1,'2021-10-15 17:54:07','2021-10-15 17:54:08','{}'),(13699,'plugins::upload.read',NULL,NULL,'[]',1,'2021-10-15 17:54:08','2021-10-15 17:54:08','{}'),(13700,'plugins::upload.assets.create',NULL,NULL,'[]',1,'2021-10-15 17:54:08','2021-10-15 17:54:08','{}'),(13701,'plugins::upload.assets.update',NULL,NULL,'[]',1,'2021-10-15 17:54:08','2021-10-15 17:54:08','{}'),(13702,'plugins::upload.assets.download',NULL,NULL,'[]',1,'2021-10-15 17:54:08','2021-10-15 17:54:09','{}'),(13703,'plugins::upload.assets.copy-link',NULL,NULL,'[]',1,'2021-10-15 17:54:08','2021-10-15 17:54:09','{}'),(13704,'plugins::upload.settings.read',NULL,NULL,'[]',1,'2021-10-15 17:54:08','2021-10-15 17:54:09','{}'),(13705,'plugins::documentation.read',NULL,NULL,'[]',1,'2021-10-15 17:54:09','2021-10-15 17:54:09','{}'),(13706,'plugins::documentation.settings.update',NULL,NULL,'[]',1,'2021-10-15 17:54:09','2021-10-15 17:54:09','{}'),(13707,'plugins::documentation.settings.regenerate',NULL,NULL,'[]',1,'2021-10-15 17:54:09','2021-10-15 17:54:09','{}'),(13708,'plugins::users-permissions.roles.create',NULL,NULL,'[]',1,'2021-10-15 17:54:09','2021-10-15 17:54:10','{}'),(13709,'plugins::users-permissions.roles.read',NULL,NULL,'[]',1,'2021-10-15 17:54:09','2021-10-15 17:54:10','{}'),(13710,'plugins::users-permissions.roles.update',NULL,NULL,'[]',1,'2021-10-15 17:54:10','2021-10-15 17:54:10','{}'),(13711,'plugins::users-permissions.roles.delete',NULL,NULL,'[]',1,'2021-10-15 17:54:10','2021-10-15 17:54:10','{}'),(13712,'plugins::users-permissions.providers.read',NULL,NULL,'[]',1,'2021-10-15 17:54:10','2021-10-15 17:54:10','{}'),(13713,'plugins::users-permissions.providers.update',NULL,NULL,'[]',1,'2021-10-15 17:54:10','2021-10-15 17:54:11','{}'),(13714,'plugins::users-permissions.email-templates.read',NULL,NULL,'[]',1,'2021-10-15 17:54:10','2021-10-15 17:54:11','{}'),(13715,'plugins::users-permissions.email-templates.update',NULL,NULL,'[]',1,'2021-10-15 17:54:10','2021-10-15 17:54:11','{}'),(13716,'plugins::users-permissions.advanced-settings.read',NULL,NULL,'[]',1,'2021-10-15 17:54:11','2021-10-15 17:54:11','{}'),(13717,'plugins::users-permissions.advanced-settings.update',NULL,NULL,'[]',1,'2021-10-15 17:54:11','2021-10-15 17:54:11','{}'),(13718,'plugins::content-manager.single-types.configure-view',NULL,NULL,'[]',1,'2021-10-15 17:54:11','2021-10-15 17:54:12','{}'),(13719,'plugins::content-manager.collection-types.configure-view',NULL,NULL,'[]',1,'2021-10-15 17:54:11','2021-10-15 17:54:12','{}'),(13720,'plugins::content-manager.components.configure-layout',NULL,NULL,'[]',1,'2021-10-15 17:54:11','2021-10-15 17:54:12','{}'),(13721,'admin::marketplace.read',NULL,NULL,'[]',1,'2021-10-15 17:54:12','2021-10-15 17:54:12','{}'),(13722,'admin::marketplace.plugins.install',NULL,NULL,'[]',1,'2021-10-15 17:54:12','2021-10-15 17:54:12','{}'),(13723,'admin::marketplace.plugins.uninstall',NULL,NULL,'[]',1,'2021-10-15 17:54:12','2021-10-15 17:54:13','{}'),(13724,'admin::webhooks.create',NULL,NULL,'[]',1,'2021-10-15 17:54:12','2021-10-15 17:54:13','{}'),(13725,'admin::webhooks.read',NULL,NULL,'[]',1,'2021-10-15 17:54:12','2021-10-15 17:54:13','{}'),(13726,'admin::webhooks.update',NULL,NULL,'[]',1,'2021-10-15 17:54:12','2021-10-15 17:54:13','{}'),(13727,'admin::webhooks.delete',NULL,NULL,'[]',1,'2021-10-15 17:54:13','2021-10-15 17:54:13','{}'),(13728,'admin::users.create',NULL,NULL,'[]',1,'2021-10-15 17:54:13','2021-10-15 17:54:14','{}'),(13729,'admin::users.read',NULL,NULL,'[]',1,'2021-10-15 17:54:13','2021-10-15 17:54:14','{}'),(13730,'admin::users.update',NULL,NULL,'[]',1,'2021-10-15 17:54:13','2021-10-15 17:54:14','{}'),(13731,'admin::users.delete',NULL,NULL,'[]',1,'2021-10-15 17:54:14','2021-10-15 17:54:14','{}'),(13732,'admin::roles.create',NULL,NULL,'[]',1,'2021-10-15 17:54:14','2021-10-15 17:54:14','{}'),(13733,'admin::roles.update',NULL,NULL,'[]',1,'2021-10-15 17:54:14','2021-10-15 17:54:14','{}'),(13734,'admin::roles.read',NULL,NULL,'[]',1,'2021-10-15 17:54:14','2021-10-15 17:54:15','{}'),(13735,'admin::roles.delete',NULL,NULL,'[]',1,'2021-10-15 17:54:14','2021-10-15 17:54:15','{}'),(13746,'plugins::upload.read',NULL,NULL,'[]',2,'2021-10-18 13:34:28','2021-10-18 13:34:28','{}'),(13747,'plugins::upload.assets.update',NULL,NULL,'[]',2,'2021-10-18 13:34:28','2021-10-18 13:34:28','{}'),(13748,'plugins::upload.assets.create',NULL,NULL,'[]',2,'2021-10-18 13:34:28','2021-10-18 13:34:28','{}'),(13749,'plugins::upload.assets.download',NULL,NULL,'[]',2,'2021-10-18 13:34:28','2021-10-18 13:34:28','{}'),(13750,'plugins::upload.assets.copy-link',NULL,NULL,'[]',2,'2021-10-18 13:34:28','2021-10-18 13:34:28','{}'),(30793,'plugins::i18n.locale.create',NULL,NULL,'[]',1,'2022-02-09 00:29:38','2022-02-09 00:29:38','{}'),(30794,'plugins::i18n.locale.read',NULL,NULL,'[]',1,'2022-02-09 00:29:38','2022-02-09 00:29:39','{}'),(30795,'plugins::i18n.locale.update',NULL,NULL,'[]',1,'2022-02-09 00:29:38','2022-02-09 00:29:39','{}'),(30796,'plugins::i18n.locale.delete',NULL,NULL,'[]',1,'2022-02-09 00:29:38','2022-02-09 00:29:39','{}'),(32202,'plugins::content-manager.explorer.create','application::page.page',NULL,'[]',2,'2022-02-24 21:29:08','2022-02-24 21:29:08','{\"fields\":[\"contentSections\",\"metadata.metaDescription\",\"metadata.metaTitle\",\"shortName\",\"slug\"],\"locales\":[\"en\",\"es\"]}'),(32203,'plugins::content-manager.explorer.read','application::page.page',NULL,'[]',2,'2022-02-24 21:29:08','2022-02-24 21:29:08','{\"fields\":[\"contentSections\",\"metadata.metaDescription\",\"metadata.metaTitle\",\"shortName\",\"slug\"],\"locales\":[\"en\",\"es\"]}'),(32204,'plugins::content-manager.explorer.update','application::page.page',NULL,'[]',2,'2022-02-24 21:29:08','2022-02-24 21:29:08','{\"fields\":[\"contentSections\",\"metadata.metaDescription\",\"metadata.metaTitle\",\"shortName\",\"slug\"],\"locales\":[\"en\",\"es\"]}'),(32205,'plugins::content-manager.explorer.delete','application::page.page',NULL,'[]',2,'2022-02-24 21:29:08','2022-02-24 21:29:08','{\"locales\":[\"en\",\"es\"]}'),(39170,'plugins::content-manager.explorer.read','application::page.page',NULL,'[]',1,'2022-07-05 22:54:39','2022-07-05 22:54:40','{\"fields\":[\"slug\",\"shortName\",\"metadata.metaTitle\",\"metadata.metaDescription\",\"contentSections\"],\"locales\":[\"en\",\"es\",\"fr-FR\"]}'),(39174,'plugins::content-manager.explorer.update','application::page.page',NULL,'[]',1,'2022-07-05 22:54:39','2022-07-05 22:54:40','{\"fields\":[\"slug\",\"shortName\",\"metadata.metaTitle\",\"metadata.metaDescription\",\"contentSections\"],\"locales\":[\"en\",\"es\",\"fr-FR\"]}'),(39175,'plugins::content-manager.explorer.create','application::page.page',NULL,'[]',1,'2022-07-05 22:54:39','2022-07-05 22:54:40','{\"fields\":[\"slug\",\"shortName\",\"metadata.metaTitle\",\"metadata.metaDescription\",\"contentSections\"],\"locales\":[\"en\",\"es\",\"fr-FR\"]}'),(39391,'plugins::content-manager.explorer.create','application::library-api.library-api',NULL,'[]',1,'2022-10-17 23:12:44','2022-10-17 23:12:44','{\"fields\":[\"title\",\"slug\",\"description\",\"color_status\",\"status\",\"footerText\",\"image\",\"version\",\"buttons.name\",\"buttons.type\",\"buttons.order\",\"buttons.class\",\"buttons.link\",\"benefits.title\",\"benefits.Steps.title\",\"benefits.Steps.subtitle\",\"benefits.Steps.number\",\"benefits.buttons.url\",\"benefits.buttons.name\",\"benefits.buttons.target\",\"benefits.background\",\"tags.title\",\"tags.label\",\"tags.class\",\"tags.tab\",\"openDoc\",\"markdown\"]}'),(39392,'plugins::content-manager.explorer.read','application::library-api.library-api',NULL,'[]',1,'2022-10-17 23:12:44','2022-10-17 23:12:44','{\"fields\":[\"title\",\"slug\",\"description\",\"color_status\",\"status\",\"footerText\",\"image\",\"version\",\"buttons.name\",\"buttons.type\",\"buttons.order\",\"buttons.class\",\"buttons.link\",\"benefits.title\",\"benefits.Steps.title\",\"benefits.Steps.subtitle\",\"benefits.Steps.number\",\"benefits.buttons.url\",\"benefits.buttons.name\",\"benefits.buttons.target\",\"benefits.background\",\"tags.title\",\"tags.label\",\"tags.class\",\"tags.tab\",\"openDoc\",\"markdown\"]}'),(39393,'plugins::content-manager.explorer.update','application::library-api.library-api',NULL,'[]',1,'2022-10-17 23:12:44','2022-10-17 23:12:44','{\"fields\":[\"title\",\"slug\",\"description\",\"color_status\",\"status\",\"footerText\",\"image\",\"version\",\"buttons.name\",\"buttons.type\",\"buttons.order\",\"buttons.class\",\"buttons.link\",\"benefits.title\",\"benefits.Steps.title\",\"benefits.Steps.subtitle\",\"benefits.Steps.number\",\"benefits.buttons.url\",\"benefits.buttons.name\",\"benefits.buttons.target\",\"benefits.background\",\"tags.title\",\"tags.label\",\"tags.class\",\"tags.tab\",\"openDoc\",\"markdown\"]}'),(39413,'plugins::content-manager.explorer.create','application::blog-item.blog-item',NULL,'[]',1,'2022-10-17 23:24:09','2022-10-17 23:24:09','{\"fields\":[\"title\",\"slug\",\"image\",\"timeRead\",\"tags.title\",\"tags.label\",\"tags.class\",\"tags.tab\",\"questions.question\",\"questions.description\",\"questions.img\",\"questions.seccion\",\"questions.description_two\",\"nameUser\",\"photoUser\",\"jobUser\",\"date\",\"description\",\"content\"]}'),(39414,'plugins::content-manager.explorer.read','application::blog-item.blog-item',NULL,'[]',1,'2022-10-17 23:24:09','2022-10-17 23:24:09','{\"fields\":[\"title\",\"slug\",\"image\",\"timeRead\",\"tags.title\",\"tags.label\",\"tags.class\",\"tags.tab\",\"questions.question\",\"questions.description\",\"questions.img\",\"questions.seccion\",\"questions.description_two\",\"nameUser\",\"photoUser\",\"jobUser\",\"date\",\"description\",\"content\"]}'),(39415,'plugins::content-manager.explorer.update','application::blog-item.blog-item',NULL,'[]',1,'2022-10-17 23:24:09','2022-10-17 23:24:09','{\"fields\":[\"title\",\"slug\",\"image\",\"timeRead\",\"tags.title\",\"tags.label\",\"tags.class\",\"tags.tab\",\"questions.question\",\"questions.description\",\"questions.img\",\"questions.seccion\",\"questions.description_two\",\"nameUser\",\"photoUser\",\"jobUser\",\"date\",\"description\",\"content\"]}'),(39482,'plugins::content-manager.explorer.delete','application::library-api.library-api',NULL,'[]',1,'2023-02-06 17:53:21','2023-02-06 17:53:21','{}'),(39483,'plugins::content-manager.explorer.delete','application::blog-item.blog-item',NULL,'[]',1,'2023-02-06 17:53:21','2023-02-06 17:53:21','{}'),(39484,'plugins::content-manager.explorer.delete','application::page.page',NULL,'[]',1,'2023-02-06 17:53:21','2023-02-06 17:53:21','{\"locales\":[\"en\",\"es\",\"fr-FR\"]}'),(39485,'plugins::content-manager.explorer.delete','plugins::users-permissions.user',NULL,'[]',1,'2023-02-06 17:53:21','2023-02-06 17:53:21','{}'),(39486,'plugins::content-manager.explorer.publish','application::blog-item.blog-item',NULL,'[]',1,'2023-02-06 17:53:21','2023-02-06 17:53:21','{}'),(39487,'plugins::content-manager.explorer.publish','application::library-api.library-api',NULL,'[]',1,'2023-02-06 17:53:21','2023-02-06 17:53:21','{}');
/*!40000 ALTER TABLE `strapi_permission` ENABLE KEYS */;
UNLOCK TABLES;

--
-- Table structure for table `strapi_role`
--

DROP TABLE IF EXISTS `strapi_role`;
/*!40101 SET @saved_cs_client     = @@character_set_client */;
/*!40101 SET character_set_client = utf8 */;
CREATE TABLE `strapi_role` (
  `id` int(10) unsigned NOT NULL AUTO_INCREMENT,
  `name` varchar(255) NOT NULL,
  `code` varchar(255) NOT NULL,
  `description` varchar(255) DEFAULT NULL,
  `created_at` timestamp NULL DEFAULT CURRENT_TIMESTAMP,
  `updated_at` timestamp NULL DEFAULT CURRENT_TIMESTAMP,
  PRIMARY KEY (`id`),
  UNIQUE KEY `strapi_role_name_unique` (`name`),
  UNIQUE KEY `strapi_role_code_unique` (`code`)
) ENGINE=InnoDB AUTO_INCREMENT=4 DEFAULT CHARSET=utf8;
/*!40101 SET character_set_client = @saved_cs_client */;

--
-- Dumping data for table `strapi_role`
--

LOCK TABLES `strapi_role` WRITE;
/*!40000 ALTER TABLE `strapi_role` DISABLE KEYS */;
INSERT INTO `strapi_role` VALUES (1,'Super Admin','strapi-super-admin','Super Admins can access and manage all features and settings.','2021-04-15 07:21:51','2021-04-15 07:21:51'),(2,'Editor','strapi-editor','Editors can manage and publish contents including those of other users.','2021-04-15 07:21:51','2021-04-15 07:21:51'),(3,'Author','strapi-author','Authors can manage the content they have created.','2021-04-15 07:21:52','2021-04-15 07:21:52');
/*!40000 ALTER TABLE `strapi_role` ENABLE KEYS */;
UNLOCK TABLES;

--
-- Table structure for table `strapi_users_roles`
--

DROP TABLE IF EXISTS `strapi_users_roles`;
/*!40101 SET @saved_cs_client     = @@character_set_client */;
/*!40101 SET character_set_client = utf8 */;
CREATE TABLE `strapi_users_roles` (
  `id` int(10) unsigned NOT NULL AUTO_INCREMENT,
  `user_id` int(11) DEFAULT NULL,
  `role_id` int(11) DEFAULT NULL,
  PRIMARY KEY (`id`)
) ENGINE=InnoDB AUTO_INCREMENT=31 DEFAULT CHARSET=utf8;
/*!40101 SET character_set_client = @saved_cs_client */;

--
-- Dumping data for table `strapi_users_roles`
--

LOCK TABLES `strapi_users_roles` WRITE;
/*!40000 ALTER TABLE `strapi_users_roles` DISABLE KEYS */;
INSERT INTO `strapi_users_roles` VALUES (6,6,2),(8,8,1),(11,11,1),(12,12,1),(13,13,1),(14,13,2),(15,13,3),(16,14,2),(17,15,3),(18,16,1),(21,19,1),(22,20,1),(23,21,2),(24,21,3),(25,22,2),(26,22,3),(30,1,1);
/*!40000 ALTER TABLE `strapi_users_roles` ENABLE KEYS */;
UNLOCK TABLES;

--
-- Table structure for table `strapi_webhooks`
--

DROP TABLE IF EXISTS `strapi_webhooks`;
/*!40101 SET @saved_cs_client     = @@character_set_client */;
/*!40101 SET character_set_client = utf8 */;
CREATE TABLE `strapi_webhooks` (
  `id` int(10) unsigned NOT NULL AUTO_INCREMENT,
  `name` varchar(255) DEFAULT NULL,
  `url` longtext,
  `headers` longtext,
  `events` longtext,
  `enabled` tinyint(1) DEFAULT NULL,
  PRIMARY KEY (`id`)
) ENGINE=InnoDB DEFAULT CHARSET=utf8;
/*!40101 SET character_set_client = @saved_cs_client */;

--
-- Dumping data for table `strapi_webhooks`
--

LOCK TABLES `strapi_webhooks` WRITE;
/*!40000 ALTER TABLE `strapi_webhooks` DISABLE KEYS */;
/*!40000 ALTER TABLE `strapi_webhooks` ENABLE KEYS */;
UNLOCK TABLES;

--
-- Table structure for table `success-stories`
--

DROP TABLE IF EXISTS `success-stories`;
/*!40101 SET @saved_cs_client     = @@character_set_client */;
/*!40101 SET character_set_client = utf8 */;
CREATE TABLE `success-stories` (
  `id` int(10) unsigned NOT NULL AUTO_INCREMENT,
  `title` varchar(255) DEFAULT NULL,
  `description` longtext,
  `customer` int(11) DEFAULT NULL,
  `isPublicCoverVisible` tinyint(1) DEFAULT NULL,
  `locale` varchar(255) DEFAULT NULL,
  `published_at` datetime DEFAULT NULL,
  `created_by` int(11) DEFAULT NULL,
  `updated_by` int(11) DEFAULT NULL,
  `created_at` timestamp NULL DEFAULT CURRENT_TIMESTAMP,
  `updated_at` timestamp NULL DEFAULT CURRENT_TIMESTAMP,
  PRIMARY KEY (`id`)
) ENGINE=InnoDB AUTO_INCREMENT=2 DEFAULT CHARSET=utf8;
/*!40101 SET character_set_client = @saved_cs_client */;

--
-- Dumping data for table `success-stories`
--

LOCK TABLES `success-stories` WRITE;
/*!40000 ALTER TABLE `success-stories` DISABLE KEYS */;
INSERT INTO `success-stories` VALUES (1,'rrr',NULL,NULL,NULL,'en','2022-01-13 18:19:29',13,13,'2022-01-13 18:18:58','2022-01-13 18:19:30');
/*!40000 ALTER TABLE `success-stories` ENABLE KEYS */;
UNLOCK TABLES;

--
-- Table structure for table `success-stories__localizations`
--

DROP TABLE IF EXISTS `success-stories__localizations`;
/*!40101 SET @saved_cs_client     = @@character_set_client */;
/*!40101 SET character_set_client = utf8 */;
CREATE TABLE `success-stories__localizations` (
  `id` int(10) unsigned NOT NULL AUTO_INCREMENT,
  `success-story_id` int(11) DEFAULT NULL,
  `related_success-story_id` int(11) DEFAULT NULL,
  PRIMARY KEY (`id`)
) ENGINE=InnoDB DEFAULT CHARSET=utf8;
/*!40101 SET character_set_client = @saved_cs_client */;

--
-- Dumping data for table `success-stories__localizations`
--

LOCK TABLES `success-stories__localizations` WRITE;
/*!40000 ALTER TABLE `success-stories__localizations` DISABLE KEYS */;
/*!40000 ALTER TABLE `success-stories__localizations` ENABLE KEYS */;
UNLOCK TABLES;

--
-- Table structure for table `success_stories`
--

DROP TABLE IF EXISTS `success_stories`;
/*!40101 SET @saved_cs_client     = @@character_set_client */;
/*!40101 SET character_set_client = utf8 */;
CREATE TABLE `success_stories` (
  `id` int(10) unsigned NOT NULL AUTO_INCREMENT,
  `title` varchar(255) DEFAULT NULL,
  `description` longtext,
  `published_at` datetime DEFAULT NULL,
  `created_by` int(11) DEFAULT NULL,
  `updated_by` int(11) DEFAULT NULL,
  `created_at` timestamp NULL DEFAULT CURRENT_TIMESTAMP,
  `updated_at` timestamp NULL DEFAULT CURRENT_TIMESTAMP,
  `customer` int(11) DEFAULT NULL,
  `isPublicCoverVisible` tinyint(1) DEFAULT NULL,
  `locale` varchar(255) DEFAULT NULL,
  PRIMARY KEY (`id`)
) ENGINE=InnoDB AUTO_INCREMENT=8 DEFAULT CHARSET=utf8;
/*!40101 SET character_set_client = @saved_cs_client */;

--
-- Dumping data for table `success_stories`
--

LOCK TABLES `success_stories` WRITE;
/*!40000 ALTER TABLE `success_stories` DISABLE KEYS */;
INSERT INTO `success_stories` VALUES (1,'Titulo2 ','ÔÇ£Within the ÔÇ£Hangar 51ÔÇØ start-up acceleration program promoted by our IAG group, we \ndeveloped a carbon footprint offset project for IberiaÔÇÖs clients. ClimateTradeÔÇÖs \nprofessionalism and dedication were key to carrying out this initiative in just 10 weeks.ÔÇØ','2021-07-09 15:35:19',1,18,'2021-07-09 15:35:13','2022-03-30 19:17:14',5,1,'en'),(4,'Titulo','ÔÇ£Companies not only have to offer the best products and services to their customers, we \nhave to do it while taking care of the ecosystem that surrounds us. ClimateTrade allows us \nto make it happen: thanks to them, we can be an active part of the change, combining our \ncommitment to our customers and to our planet through the most innovative technology.ÔÇØ','2021-07-09 17:01:46',1,18,'2021-07-09 17:01:13','2022-03-30 19:15:49',6,1,'en'),(6,'','ÔÇ£Dentro del programa de aceleraci├│n de start-ups ÔÇ£Hangar 51ÔÇØ impulsado por nuestro grupo IAG, desarrollamos un proyecto de compensaci├│n de huella de carbono para los clientes de Iberia. El profesionalismo y dedicaci├│n de ClimateTrade fueron clave para llevar a cabo esta iniciativa en tan solo 10 semanas.ÔÇØ','2022-02-18 14:55:21',13,13,'2022-02-18 14:54:19','2022-03-10 15:34:42',11,1,'es'),(7,'','ÔÇ£Las empresas no solo tenemos que ofrecer los mejores productos y servicios a sus clientes, tenemos que hacerlo cuidando el ecosistema que nos rodea. ClimateTrade nos permite hacerlo realidad: gracias a ellos, podemos ser parte activa del cambio, aunando nuestro compromiso con nuestros clientes y con nuestro planeta a trav├®s de la tecnolog├¡a m├ís innovadoraÔÇØ.','2022-02-18 14:55:14',13,13,'2022-02-18 14:54:51','2022-03-10 15:37:30',10,1,'es');
/*!40000 ALTER TABLE `success_stories` ENABLE KEYS */;
UNLOCK TABLES;

--
-- Table structure for table `success_stories__localizations`
--

DROP TABLE IF EXISTS `success_stories__localizations`;
/*!40101 SET @saved_cs_client     = @@character_set_client */;
/*!40101 SET character_set_client = utf8 */;
CREATE TABLE `success_stories__localizations` (
  `id` int(10) unsigned NOT NULL AUTO_INCREMENT,
  `success_story_id` int(11) DEFAULT NULL,
  `success-story_id` int(11) DEFAULT NULL,
  PRIMARY KEY (`id`)
) ENGINE=InnoDB AUTO_INCREMENT=5 DEFAULT CHARSET=utf8;
/*!40101 SET character_set_client = @saved_cs_client */;

--
-- Dumping data for table `success_stories__localizations`
--

LOCK TABLES `success_stories__localizations` WRITE;
/*!40000 ALTER TABLE `success_stories__localizations` DISABLE KEYS */;
INSERT INTO `success_stories__localizations` VALUES (1,6,1),(2,1,6),(3,7,4),(4,4,7);
/*!40000 ALTER TABLE `success_stories__localizations` ENABLE KEYS */;
UNLOCK TABLES;

--
-- Table structure for table `sura_blog_items`
--

DROP TABLE IF EXISTS `sura_blog_items`;
/*!40101 SET @saved_cs_client     = @@character_set_client */;
/*!40101 SET character_set_client = utf8 */;
CREATE TABLE `sura_blog_items` (
  `id` int(10) unsigned NOT NULL AUTO_INCREMENT,
  `title` varchar(255) DEFAULT NULL,
  `timeRead` varchar(255) DEFAULT NULL,
  `date` date DEFAULT NULL,
  `published_at` datetime DEFAULT NULL,
  `created_by` int(11) DEFAULT NULL,
  `updated_by` int(11) DEFAULT NULL,
  `created_at` timestamp NULL DEFAULT CURRENT_TIMESTAMP,
  `updated_at` timestamp NULL DEFAULT CURRENT_TIMESTAMP,
  `nameUser` varchar(255) DEFAULT NULL,
  `jobUser` varchar(255) DEFAULT NULL,
  `description` longtext,
  `seccion` varchar(255) DEFAULT NULL,
  `content` longtext,
  `slug` varchar(255) DEFAULT NULL,
  PRIMARY KEY (`id`),
  UNIQUE KEY `sura_blog_items_slug_unique` (`slug`)
) ENGINE=InnoDB AUTO_INCREMENT=9 DEFAULT CHARSET=utf8;
/*!40101 SET character_set_client = @saved_cs_client */;

--
-- Dumping data for table `sura_blog_items`
--

LOCK TABLES `sura_blog_items` WRITE;
/*!40000 ALTER TABLE `sura_blog_items` DISABLE KEYS */;
INSERT INTO `sura_blog_items` VALUES (1,'Conoce nuestras APIs de auto flexible','Lectura de 5 Min.','2022-04-06','2022-04-13 21:06:12',18,12,'2022-04-13 20:19:56','2022-10-12 17:53:28','Mar├¡a Mercedes Barrera','Directora Ejecutiva Fundaci├│n Towertech','Lorem Ipsum is simply dummy text of the printing and typesetting industry.  standard dummy text.',NULL,'# Implementando formato de texto enriquecido \n\nIn a hole in the ground there lived a hobbit. Not a nasty, dirty, wet hole, filled with the ends\nof worms and an oozy smell, nor yet a dry, bare, sandy hole with nothing in it to sit down on or to\neat: it was a [hobbit-hole][1], and that means comfort.\n\n[1]: <https://en.wikipedia.org/wiki/Hobbit#Lifestyle> \"Hobbit lifestyles\"\n\nTry to put a blank line before...\n\n# Heading\n\n...and after a heading. \n\n','conoce-nuestras-apis-de-auto-flexible'),(2,'Lorem ipsum 2','Lectura de 5 min.','2022-03-07','2022-04-13 21:08:48',18,12,'2022-04-13 21:08:23','2022-10-12 17:58:18','Mar├¡a Mercedes Barrera','Directora Ejecutiva Fundaci├│n Towertech','Lorem Ipsum is simply dummy text of the printing and typesetting industry.  standard dummy text.',NULL,NULL,'lorem-ipsum-2'),(3,'Lorem ipsum 3','Lectura de 5 Min.','2022-04-20','2022-04-25 18:15:56',18,18,'2022-04-21 23:18:45','2022-05-23 19:33:58','Enrique','Programador','Lorem Ipsum is simply dummy text of the printing and typesetting industry.  standard dummy text.',NULL,NULL,NULL),(4,'Lorem ipsum 4','Lectura de 5 Min.','2022-04-20','2022-05-21 20:11:55',19,18,'2022-05-21 20:11:25','2022-05-23 19:34:23','Enrique','Programador','Lorem Ipsum is simply dummy text of the printing and typesetting industry.  standard dummy text.',NULL,NULL,NULL),(5,'Lorem ipsum 5','Lectura de 5 Min.','2022-04-20','2022-05-21 20:13:31',19,19,'2022-05-21 20:13:25','2022-05-21 20:13:31','Enrique','Programador','Quisque rutrum. Sed augue ipsum, egestas nec, vestibulum et, malesuada adipi cing, dui. Vestibulum volutpat pretium libero. Praesent blandit laoreet nibh. Nam at totor in tellus interdum sai.Suspendisse potenti. Integer tincidunt. Aenean commodo ligula eget dolor. Nulla consequat massa quis enimQui',NULL,NULL,NULL),(6,'Lorem ipsum 6','Lectura de 5 Min.','2022-04-20','2022-05-21 20:14:52',19,18,'2022-05-21 20:14:50','2022-05-23 19:34:29','Enrique','Programador','Lorem Ipsum is simply dummy text of the printing and typesetting industry.  standard dummy text.',NULL,NULL,NULL),(7,'Blog nuevo Junio','Lectura de 5 Min.','2022-06-03','2022-06-03 17:37:23',18,18,'2022-06-03 17:37:20','2022-06-03 17:37:23','Mar├¡a Mercedes Barrera','Directora Ejecutiva Fundaci├│n Sura','Lorem Ipsum is simply dummy text of the printing and typesetting industry.  standard dummy text.',NULL,NULL,NULL),(8,'Blog junio principios','Lectura de 5 Min.','2022-06-02','2022-06-03 17:41:09',18,12,'2022-06-03 17:40:39','2022-10-12 17:56:39','Mar├¡a Mercedes Barrera','Directora Ejecutiva Fundaci├│n Towertech','Lorem Ipsum is simply dummy text of the printing and typesetting industry.  standard dummy text.',NULL,NULL,'blog-junio-principios');
/*!40000 ALTER TABLE `sura_blog_items` ENABLE KEYS */;
UNLOCK TABLES;

--
-- Table structure for table `sura_blog_items_components`
--

DROP TABLE IF EXISTS `sura_blog_items_components`;
/*!40101 SET @saved_cs_client     = @@character_set_client */;
/*!40101 SET character_set_client = utf8 */;
CREATE TABLE `sura_blog_items_components` (
  `id` int(10) unsigned NOT NULL AUTO_INCREMENT,
  `field` varchar(255) NOT NULL,
  `order` int(10) unsigned NOT NULL,
  `component_type` varchar(255) NOT NULL,
  `component_id` int(11) NOT NULL,
  `sura_blog_item_id` int(10) unsigned NOT NULL,
  PRIMARY KEY (`id`),
  KEY `sura_blog_item_id_fk` (`sura_blog_item_id`),
  CONSTRAINT `sura_blog_item_id_fk` FOREIGN KEY (`sura_blog_item_id`) REFERENCES `sura_blog_items` (`id`) ON DELETE CASCADE
) ENGINE=InnoDB AUTO_INCREMENT=33 DEFAULT CHARSET=utf8;
/*!40101 SET character_set_client = @saved_cs_client */;

--
-- Dumping data for table `sura_blog_items_components`
--

LOCK TABLES `sura_blog_items_components` WRITE;
/*!40000 ALTER TABLE `sura_blog_items_components` DISABLE KEYS */;
INSERT INTO `sura_blog_items_components` VALUES (1,'tags',1,'components_elements_titles',5,1),(2,'tags',2,'components_elements_titles',6,1),(3,'tags',3,'components_elements_titles',7,1),(4,'questions',3,'components_sura_questions',3,1),(5,'questions',1,'components_sura_questions',1,1),(6,'questions',2,'components_sura_questions',2,1),(7,'tags',1,'components_elements_titles',8,2),(8,'tags',2,'components_elements_titles',9,2),(9,'questions',3,'components_sura_questions',6,2),(10,'questions',1,'components_sura_questions',4,2),(11,'questions',2,'components_sura_questions',5,2),(12,'tags',1,'components_elements_titles',21,3),(13,'tags',2,'components_elements_titles',22,3),(14,'questions',1,'components_sura_questions',7,3),(16,'tags',1,'components_elements_titles',47,4),(17,'tags',2,'components_elements_titles',48,4),(18,'questions',1,'components_sura_questions',8,4),(19,'tags',1,'components_elements_titles',49,5),(20,'tags',2,'components_elements_titles',50,5),(21,'questions',1,'components_sura_questions',9,5),(22,'tags',1,'components_elements_titles',51,6),(23,'questions',1,'components_sura_questions',10,6),(24,'tags',1,'components_elements_titles',52,7),(25,'tags',2,'components_elements_titles',53,7),(26,'questions',1,'components_sura_questions',11,7),(27,'questions',2,'components_sura_questions',12,7),(28,'tags',1,'components_elements_titles',54,8),(29,'tags',2,'components_elements_titles',55,8),(30,'questions',3,'components_sura_questions',15,8),(31,'questions',1,'components_sura_questions',13,8),(32,'questions',2,'components_sura_questions',14,8);
/*!40000 ALTER TABLE `sura_blog_items_components` ENABLE KEYS */;
UNLOCK TABLES;

--
-- Table structure for table `sura_library_apis`
--

DROP TABLE IF EXISTS `sura_library_apis`;
/*!40101 SET @saved_cs_client     = @@character_set_client */;
/*!40101 SET character_set_client = utf8 */;
CREATE TABLE `sura_library_apis` (
  `id` int(10) unsigned NOT NULL AUTO_INCREMENT,
  `published_at` datetime DEFAULT NULL,
  `created_by` int(11) DEFAULT NULL,
  `updated_by` int(11) DEFAULT NULL,
  `created_at` timestamp NULL DEFAULT CURRENT_TIMESTAMP,
  `updated_at` timestamp NULL DEFAULT CURRENT_TIMESTAMP,
  `title` varchar(255) DEFAULT NULL,
  `description` longtext,
  `color_status` varchar(255) DEFAULT NULL,
  `status` varchar(255) DEFAULT NULL,
  `footerText` varchar(255) DEFAULT NULL,
  `version` varchar(255) DEFAULT NULL,
  `openDoc` longtext,
  `markdown` longtext,
  `slug` varchar(255) DEFAULT NULL,
  PRIMARY KEY (`id`),
  UNIQUE KEY `sura_library_apis_slug_unique` (`slug`)
) ENGINE=InnoDB AUTO_INCREMENT=11 DEFAULT CHARSET=latin1;
/*!40101 SET character_set_client = @saved_cs_client */;

--
-- Dumping data for table `sura_library_apis`
--

LOCK TABLES `sura_library_apis` WRITE;
/*!40000 ALTER TABLE `sura_library_apis` DISABLE KEYS */;
INSERT INTO `sura_library_apis` VALUES (1,NULL,18,12,'2022-05-02 19:46:04','2022-07-03 00:54:59','Api de salud colectiva','Lorem Ipsum is simply dummy text of the printing  standard dummy text.','green','Publicado','Ver documentaci??n','v 1.0','{\"definitions\":{\"ProjectImage\":{\"description\":\"List of project_pictures objects.\",\"required\":[\"project\"],\"type\":\"object\",\"properties\":{\"id\":{\"title\":\"ID\",\"type\":\"integer\",\"readOnly\":true},\"project\":{\"title\":\"Project\",\"type\":\"string\",\"format\":\"uri\"},\"image\":{\"title\":\"Image\",\"type\":\"string\",\"readOnly\":true,\"format\":\"uri\"}}},\"ReadProject\":{\"required\":[\"name\",\"description\",\"code\",\"country\",\"region\",\"sdg_compliances\"],\"type\":\"object\",\"properties\":{\"postal_code\":{\"title\":\"Postal code\",\"type\":\"string\",\"maxLength\":100,\"x-nullable\":true},\"street\":{\"title\":\"Street\",\"type\":\"string\",\"maxLength\":100,\"x-nullable\":true},\"co2_balance\":{\"title\":\"Co2 balance\",\"type\":\"string\",\"readOnly\":true},\"billing_vat_number\":{\"title\":\"Billing_vat_number\",\"type\":\"string\",\"maxLength\":255,\"x-nullable\":true},\"methodology\":{\"title\":\"Methodology\",\"type\":\"string\",\"maxLength\":100,\"x-nullable\":true},\"is_featured\":{\"title\":\"Is featured\",\"type\":\"boolean\",\"readOnly\":true},\"registry_depositing_name\":{\"title\":\"Registry_depositing_name\",\"type\":\"string\",\"maxLength\":100,\"x-nullable\":true},\"first_verifier\":{\"title\":\"First Verifier\",\"type\":\"string\",\"maxLength\":100,\"x-nullable\":true},\"compensated_credits\":{\"title\":\"Compensated credits\",\"type\":\"string\",\"readOnly\":true},\"integration_registry\":{\"title\":\"Integration registry\",\"type\":\"string\",\"enum\":[\"ECOREGISTRY\",\"BME\"],\"x-nullable\":true},\"created\":{\"title\":\"Created\",\"type\":\"string\",\"format\":\"date-time\",\"readOnly\":true},\"price\":{\"title\":\"Define Price\",\"type\":\"number\",\"x-nullable\":true},\"date_registration\":{\"title\":\"Date of Registration\",\"type\":\"string\",\"format\":\"date-time\",\"x-nullable\":true},\"currency_token\":{\"title\":\"Currency token\",\"type\":\"integer\"},\"available_volume_credits\":{\"title\":\"Available volume credits\",\"type\":\"string\",\"readOnly\":true},\"monitoring_report\":{\"title\":\"Monitoring report\",\"type\":\"string\",\"readOnly\":true,\"x-nullable\":true,\"format\":\"uri\"},\"city\":{\"title\":\"City\",\"type\":\"string\",\"maxLength\":100,\"x-nullable\":true},\"name\":{\"title\":\"Project Title\",\"type\":\"string\",\"maxLength\":100,\"minLength\":1},\"latitude\":{\"title\":\"Latitude\",\"type\":\"string\",\"maxLength\":25,\"x-nullable\":true},\"thumbnail\":{\"title\":\"Thumbnail\",\"type\":\"string\",\"readOnly\":true,\"x-nullable\":true,\"format\":\"uri\"},\"billing_state\":{\"title\":\"Billing_state\",\"type\":\"string\",\"maxLength\":255,\"x-nullable\":true},\"code\":{\"title\":\"Project CODE\",\"type\":\"string\",\"maxLength\":100,\"minLength\":1,\"x-nullable\":true},\"rating_count\":{\"title\":\"Rating count\",\"type\":\"integer\",\"maximum\":2147483647,\"minimum\":-2147483648},\"recent_purchases\":{\"title\":\"Recent purchases\",\"type\":\"string\",\"readOnly\":true},\"billing_city\":{\"title\":\"Billing_city\",\"type\":\"string\",\"maxLength\":255,\"x-nullable\":true},\"sdg_compliances\":{\"type\":\"array\",\"items\":{\"$ref\":\"#/definitions/SDGCompliance\"}},\"url\":{\"title\":\"Url\",\"type\":\"string\",\"maxLength\":200,\"x-nullable\":true},\"longitude\":{\"title\":\"Longitude\",\"type\":\"string\",\"maxLength\":25,\"x-nullable\":true},\"pdd\":{\"title\":\"Pdd\",\"type\":\"string\",\"readOnly\":true,\"x-nullable\":true,\"format\":\"uri\"},\"vat_percentage\":{\"title\":\"Vat percentage\",\"type\":\"string\",\"readOnly\":true},\"billing_address\":{\"title\":\"Billing_address\",\"type\":\"string\",\"maxLength\":255,\"x-nullable\":true},\"billing_company_name\":{\"title\":\"Billing_company_name\",\"type\":\"string\",\"maxLength\":255,\"x-nullable\":true},\"state\":{\"title\":\"State\",\"type\":\"string\",\"maxLength\":100,\"x-nullable\":true},\"is_upcoming\":{\"title\":\"Is upcoming\",\"type\":\"boolean\",\"readOnly\":true},\"external_fee\":{\"title\":\"External fee\",\"type\":\"integer\",\"x-nullable\":true},\"credits_certificate\":{\"title\":\"Credits certificate\",\"type\":\"string\",\"readOnly\":true,\"x-nullable\":true,\"format\":\"uri\"},\"billing_country\":{\"title\":\"Billing country\",\"type\":\"integer\",\"x-nullable\":true},\"validator\":{\"title\":\"Validator\",\"type\":\"string\",\"maxLength\":100,\"x-nullable\":true},\"status\":{\"title\":\"Status\",\"type\":\"string\",\"maxLength\":100,\"x-nullable\":true},\"region\":{\"$ref\":\"#/definitions/Region\"},\"kind\":{\"title\":\"Kind\",\"type\":\"string\",\"enum\":[\"contribution\",\"compensation\"]},\"volume_credits\":{\"title\":\"Total Available tCO2e\",\"type\":\"number\"},\"pictures\":{\"description\":\"List of project_pictures objects.\",\"type\":\"array\",\"items\":{\"$ref\":\"#/definitions/ProjectImage\"},\"readOnly\":true},\"bc_address\":{\"title\":\"Bc address\",\"type\":\"string\",\"readOnly\":true},\"registry_depositing_url\":{\"title\":\"Registry_depositing_url\",\"type\":\"string\",\"x-nullable\":true},\"country\":{\"$ref\":\"#/definitions/Country\"},\"is_visible_in_climatetrade\":{\"title\":\"Is visible in ClimateTrade\",\"type\":\"boolean\"},\"cover\":{\"title\":\"Cover\",\"type\":\"string\",\"readOnly\":true,\"x-nullable\":true,\"format\":\"uri\"},\"integration_registry_project_id\":{\"title\":\"Integration registry project ID\",\"type\":\"string\",\"maxLength\":100,\"x-nullable\":true},\"verification_report\":{\"title\":\"Verification report\",\"type\":\"string\",\"readOnly\":true,\"x-nullable\":true,\"format\":\"uri\"},\"sub_type\":{\"title\":\"Type\",\"type\":\"string\",\"maxLength\":100,\"x-nullable\":true},\"token\":{\"title\":\"Token\",\"type\":\"integer\",\"readOnly\":true},\"type\":{\"title\":\"Type\",\"type\":\"string\",\"maxLength\":100,\"x-nullable\":true},\"validation_report\":{\"title\":\"Validation report\",\"type\":\"string\",\"readOnly\":true,\"x-nullable\":true,\"format\":\"uri\"},\"video\":{\"title\":\"Project video\",\"type\":\"string\",\"format\":\"uri\",\"maxLength\":200,\"x-nullable\":true},\"id\":{\"title\":\"ID\",\"type\":\"integer\",\"readOnly\":true},\"credit_start\":{\"title\":\"Credit Start\",\"type\":\"string\",\"format\":\"date-time\",\"x-nullable\":true},\"description\":{\"title\":\"Project Description\",\"type\":\"string\",\"minLength\":1},\"company\":{\"title\":\"Company\",\"type\":\"integer\",\"readOnly\":true},\"billing_postal_code\":{\"title\":\"Billing_postal_code\",\"type\":\"string\",\"maxLength\":255,\"x-nullable\":true},\"rating\":{\"title\":\"Rating\",\"type\":\"integer\",\"maximum\":2147483647,\"minimum\":-2147483648},\"standard\":{\"title\":\"Standard Project Type\",\"type\":\"string\",\"maxLength\":100,\"x-nullable\":true},\"registered_since\":{\"title\":\"Registered since\",\"type\":\"string\",\"format\":\"date-time\",\"x-nullable\":true}}},\"VerifyJSONWebToken\":{\"required\":[\"token\"],\"type\":\"object\",\"properties\":{\"token\":{\"title\":\"Token\",\"type\":\"string\",\"minLength\":1}}},\"RefreshJSONWebToken\":{\"required\":[\"token\"],\"type\":\"object\",\"properties\":{\"token\":{\"title\":\"Token\",\"type\":\"string\",\"minLength\":1}}},\"SDGCompliance\":{\"required\":[\"name\"],\"type\":\"object\",\"properties\":{\"id\":{\"title\":\"ID\",\"type\":\"integer\",\"readOnly\":true},\"name\":{\"title\":\"Name\",\"type\":\"string\",\"maxLength\":100,\"minLength\":1},\"code\":{\"title\":\"Code\",\"type\":\"integer\",\"maximum\":2147483647,\"minimum\":0,\"x-nullable\":true},\"icon\":{\"title\":\"Icon\",\"type\":\"string\",\"readOnly\":true,\"x-nullable\":true,\"format\":\"uri\"},\"image\":{\"title\":\"Image\",\"type\":\"string\",\"readOnly\":true,\"x-nullable\":true,\"format\":\"uri\"}}},\"Offset\":{\"required\":[\"offsets\",\"ticket_data\"],\"type\":\"object\",\"properties\":{\"offsets\":{\"title\":\"Offsets\",\"type\":\"object\"},\"ticket_data\":{\"title\":\"Ticket data\",\"type\":\"object\"}}},\"Region\":{\"required\":[\"name\"],\"type\":\"object\",\"properties\":{\"id\":{\"title\":\"ID\",\"type\":\"integer\",\"readOnly\":true},\"name\":{\"title\":\"Name\",\"type\":\"string\",\"maxLength\":100,\"minLength\":1}}},\"Country\":{\"required\":[\"name\"],\"type\":\"object\",\"properties\":{\"id\":{\"title\":\"ID\",\"type\":\"integer\",\"readOnly\":true},\"name\":{\"title\":\"Name\",\"type\":\"string\",\"maxLength\":100,\"minLength\":1},\"flag\":{\"title\":\"Flag\",\"type\":\"string\",\"readOnly\":true,\"format\":\"uri\"},\"is_in_eu\":{\"title\":\"Is in EU\",\"type\":\"boolean\"},\"vat_percentage\":{\"title\":\"VAT percentage\",\"type\":\"number\",\"maximum\":100,\"minimum\":0},\"code2\":{\"title\":\"Code2\",\"type\":\"string\",\"maxLength\":2,\"x-nullable\":true},\"longitude\":{\"title\":\"Longitude\",\"type\":\"string\",\"readOnly\":true},\"latitude\":{\"title\":\"Latitude\",\"type\":\"string\",\"readOnly\":true}}},\"Project\":{\"required\":[\"name\",\"description\",\"code\"],\"type\":\"object\",\"properties\":{\"postal_code\":{\"title\":\"Postal code\",\"type\":\"string\",\"maxLength\":100,\"x-nullable\":true},\"street\":{\"title\":\"Street\",\"type\":\"string\",\"maxLength\":100,\"x-nullable\":true},\"co2_balance\":{\"title\":\"Co2 balance\",\"type\":\"string\",\"readOnly\":true},\"billing_vat_number\":{\"title\":\"Billing_vat_number\",\"type\":\"string\",\"maxLength\":255,\"x-nullable\":true},\"methodology\":{\"title\":\"Methodology\",\"type\":\"string\",\"maxLength\":100,\"x-nullable\":true},\"is_featured\":{\"title\":\"Is featured\",\"type\":\"boolean\",\"readOnly\":true},\"registry_depositing_name\":{\"title\":\"Registry_depositing_name\",\"type\":\"string\",\"maxLength\":100,\"x-nullable\":true},\"first_verifier\":{\"title\":\"First Verifier\",\"type\":\"string\",\"maxLength\":100,\"x-nullable\":true},\"compensated_credits\":{\"title\":\"Compensated credits\",\"type\":\"string\",\"readOnly\":true},\"integration_registry\":{\"title\":\"Integration registry\",\"type\":\"string\",\"enum\":[\"ECOREGISTRY\",\"BME\"],\"x-nullable\":true},\"created\":{\"title\":\"Created\",\"type\":\"string\",\"format\":\"date-time\",\"readOnly\":true},\"price\":{\"title\":\"Define Price\",\"type\":\"number\",\"x-nullable\":true},\"date_registration\":{\"title\":\"Date of Registration\",\"type\":\"string\",\"format\":\"date-time\",\"x-nullable\":true},\"currency_token\":{\"title\":\"Currency token\",\"type\":\"integer\"},\"available_volume_credits\":{\"title\":\"Available volume credits\",\"type\":\"string\",\"readOnly\":true},\"monitoring_report\":{\"title\":\"Monitoring report\",\"type\":\"string\",\"readOnly\":true,\"x-nullable\":true,\"format\":\"uri\"},\"city\":{\"title\":\"City\",\"type\":\"string\",\"maxLength\":100,\"x-nullable\":true},\"name\":{\"title\":\"Project Title\",\"type\":\"string\",\"maxLength\":100,\"minLength\":1},\"latitude\":{\"title\":\"Latitude\",\"type\":\"string\",\"maxLength\":25,\"x-nullable\":true},\"thumbnail\":{\"title\":\"Thumbnail\",\"type\":\"string\",\"readOnly\":true,\"x-nullable\":true,\"format\":\"uri\"},\"billing_state\":{\"title\":\"Billing_state\",\"type\":\"string\",\"maxLength\":255,\"x-nullable\":true},\"code\":{\"title\":\"Project CODE\",\"type\":\"string\",\"maxLength\":100,\"minLength\":1,\"x-nullable\":true},\"rating_count\":{\"title\":\"Rating count\",\"type\":\"integer\",\"maximum\":2147483647,\"minimum\":-2147483648},\"recent_purchases\":{\"title\":\"Recent purchases\",\"type\":\"string\",\"readOnly\":true},\"billing_city\":{\"title\":\"Billing_city\",\"type\":\"string\",\"maxLength\":255,\"x-nullable\":true},\"sdg_compliances\":{\"type\":\"array\",\"items\":{\"type\":\"integer\"},\"uniqueItems\":true},\"url\":{\"title\":\"Url\",\"type\":\"string\",\"maxLength\":200,\"x-nullable\":true},\"longitude\":{\"title\":\"Longitude\",\"type\":\"string\",\"maxLength\":25,\"x-nullable\":true},\"pdd\":{\"title\":\"Pdd\",\"type\":\"string\",\"readOnly\":true,\"x-nullable\":true,\"format\":\"uri\"},\"vat_percentage\":{\"title\":\"Vat percentage\",\"type\":\"string\",\"readOnly\":true},\"billing_address\":{\"title\":\"Billing_address\",\"type\":\"string\",\"maxLength\":255,\"x-nullable\":true},\"billing_company_name\":{\"title\":\"Billing_company_name\",\"type\":\"string\",\"maxLength\":255,\"x-nullable\":true},\"state\":{\"title\":\"State\",\"type\":\"string\",\"maxLength\":100,\"x-nullable\":true},\"is_upcoming\":{\"title\":\"Is upcoming\",\"type\":\"boolean\",\"readOnly\":true},\"external_fee\":{\"title\":\"External fee\",\"type\":\"integer\",\"x-nullable\":true},\"credits_certificate\":{\"title\":\"Credits certificate\",\"type\":\"string\",\"readOnly\":true,\"x-nullable\":true,\"format\":\"uri\"},\"billing_country\":{\"title\":\"Billing country\",\"type\":\"integer\",\"x-nullable\":true},\"validator\":{\"title\":\"Validator\",\"type\":\"string\",\"maxLength\":100,\"x-nullable\":true},\"status\":{\"title\":\"Status\",\"type\":\"string\",\"maxLength\":100,\"x-nullable\":true},\"region\":{\"title\":\"Region\",\"type\":\"integer\",\"x-nullable\":true},\"kind\":{\"title\":\"Kind\",\"type\":\"string\",\"enum\":[\"contribution\",\"compensation\"]},\"volume_credits\":{\"title\":\"Total Available tCO2e\",\"type\":\"number\"},\"pictures\":{\"description\":\"List of project_pictures objects.\",\"type\":\"array\",\"items\":{\"$ref\":\"#/definitions/ProjectImage\"},\"readOnly\":true},\"bc_address\":{\"title\":\"Bc address\",\"type\":\"string\",\"readOnly\":true},\"registry_depositing_url\":{\"title\":\"Registry_depositing_url\",\"type\":\"string\",\"x-nullable\":true},\"country\":{\"title\":\"Host country\",\"type\":\"integer\",\"x-nullable\":true},\"is_visible_in_climatetrade\":{\"title\":\"Is visible in ClimateTrade\",\"type\":\"boolean\"},\"cover\":{\"title\":\"Cover\",\"type\":\"string\",\"readOnly\":true,\"x-nullable\":true,\"format\":\"uri\"},\"integration_registry_project_id\":{\"title\":\"Integration registry project ID\",\"type\":\"string\",\"maxLength\":100,\"x-nullable\":true},\"verification_report\":{\"title\":\"Verification report\",\"type\":\"string\",\"readOnly\":true,\"x-nullable\":true,\"format\":\"uri\"},\"sub_type\":{\"title\":\"Type\",\"type\":\"string\",\"maxLength\":100,\"x-nullable\":true},\"token\":{\"title\":\"Token\",\"type\":\"integer\",\"readOnly\":true},\"type\":{\"title\":\"Type\",\"type\":\"string\",\"maxLength\":100,\"x-nullable\":true},\"validation_report\":{\"title\":\"Validation report\",\"type\":\"string\",\"readOnly\":true,\"x-nullable\":true,\"format\":\"uri\"},\"video\":{\"title\":\"Project video\",\"type\":\"string\",\"format\":\"uri\",\"maxLength\":200,\"x-nullable\":true},\"id\":{\"title\":\"ID\",\"type\":\"integer\",\"readOnly\":true},\"credit_start\":{\"title\":\"Credit Start\",\"type\":\"string\",\"format\":\"date-time\",\"x-nullable\":true},\"description\":{\"title\":\"Project Description\",\"type\":\"string\",\"minLength\":1},\"company\":{\"title\":\"Company\",\"type\":\"integer\",\"readOnly\":true},\"billing_postal_code\":{\"title\":\"Billing_postal_code\",\"type\":\"string\",\"maxLength\":255,\"x-nullable\":true},\"rating\":{\"title\":\"Rating\",\"type\":\"integer\",\"maximum\":2147483647,\"minimum\":-2147483648},\"standard\":{\"title\":\"Standard Project Type\",\"type\":\"string\",\"maxLength\":100,\"x-nullable\":true},\"registered_since\":{\"title\":\"Registered since\",\"type\":\"string\",\"format\":\"date-time\",\"x-nullable\":true}}}},\"securityDefinitions\":{\"basic\":{\"type\":\"basic\"}},\"security\":[{\"basic\":[]}],\"host\":[\"https://dev.backend.climatetrade.net\",\"https://pre.backend.climatetrade.net\"],\"swagger\":\"2.0\",\"info\":{\"title\":\"ClimateTrade API\",\"description\":\"Computers have their own language called Machine Code which tells them what to do. As you can see, it doesnÔÇÖt make a lot of sense to humans!\\n\\n  Each number or letter is telling the computer to change something in its memory. This could be a number or word, or a little part of a picture or video. By themselves, computers donÔÇÖt know how to do anything. It is the job of the programmer to give them instructions.\",\"termsOfService\":\"https://www.climatetrade.com/terms/\",\"contact\":{\"email\":\"info@climatetrade.com\"},\"version\":\"v1\"},\"paths\":{\"/token-refresh/\":{\"post\":{\"operationId\":\"token-refresh_create\",\"summary\":\"API View that returns a refreshed token (with new expiration) based on\\nexisting token\",\"description\":\"If \'orig_iat\' field (original issued-at-time) is found, will first check\\nif it\'s within expiration window, then copy it to the new token\",\"parameters\":[{\"name\":\"data\",\"in\":\"body\",\"required\":true,\"schema\":{\"$ref\":\"#/definitions/RefreshJSONWebToken\"}}],\"responses\":{\"201\":{\"description\":\"\",\"schema\":{\"$ref\":\"#/definitions/RefreshJSONWebToken\"}}},\"tags\":[\"token-refresh\"]},\"parameters\":[]},\"/token-verify/\":{\"post\":{\"operationId\":\"token-verify_create\",\"description\":\"API View that checks the veracity of a token, returning the token if it\\nis valid.\",\"parameters\":[{\"name\":\"data\",\"in\":\"body\",\"required\":true,\"schema\":{\"$ref\":\"#/definitions/VerifyJSONWebToken\"}}],\"responses\":{\"201\":{\"description\":\"\",\"schema\":{\"$ref\":\"#/definitions/VerifyJSONWebToken\"}}},\"tags\":[\"token-verify\"]},\"parameters\":[]},\"/v1/offsets/\":{\"post\":{\"operationId\":\"v1_offsets_create\",\"description\":\"\",\"parameters\":[{\"name\":\"data\",\"in\":\"body\",\"required\":true,\"schema\":{\"$ref\":\"#/definitions/Offset\"}}],\"responses\":{\"201\":{\"description\":\"\",\"schema\":{\"$ref\":\"#/definitions/Offset\"}}},\"tags\":[\"v1\"]},\"parameters\":[]},\"/v1/projects/\":{\"get\":{\"operationId\":\"v1_projects_list\",\"description\":\"\",\"parameters\":[{\"name\":\"user_id\",\"in\":\"query\",\"description\":\"Filter using the user internal ID.\",\"required\":false,\"type\":\"number\"},{\"name\":\"country_id\",\"in\":\"query\",\"description\":\"Filter using country internal ID.\",\"required\":false,\"type\":\"number\"},{\"name\":\"country_name\",\"in\":\"query\",\"description\":\"Filter using country name.\",\"required\":false,\"type\":\"string\"},{\"name\":\"purchase_by\",\"in\":\"query\",\"description\":\"Filter projects where the given user ID has invested.\",\"required\":false,\"type\":\"number\"},{\"name\":\"kind\",\"in\":\"query\",\"description\":\"Filter projects by kind\",\"required\":false,\"type\":\"string\"},{\"name\":\"is_visible_in_climatetrade\",\"in\":\"query\",\"description\":\"Filter projects visible in ClimateTrade\",\"required\":false,\"type\":\"string\"},{\"name\":\"is_featured\",\"in\":\"query\",\"description\":\"Filter featured projects\",\"required\":false,\"type\":\"string\"},{\"name\":\"ordering\",\"in\":\"query\",\"description\":\"Use to ordering the results, with: \'name\', \'created\' and \'volume_credits\' as possible values.\",\"required\":false,\"type\":\"string\"},{\"name\":\"is_upcoming\",\"in\":\"query\",\"description\":\"Filter upcoming projects\",\"required\":false,\"type\":\"string\"},{\"name\":\"sdg_compliance\",\"in\":\"query\",\"description\":\"Filter projects by SDG Compliance\",\"required\":false,\"type\":\"number\"},{\"name\":\"search\",\"in\":\"query\",\"description\":\"A search term.\",\"required\":false,\"type\":\"string\"},{\"name\":\"page\",\"in\":\"query\",\"description\":\"A page number within the paginated result set.\",\"required\":false,\"type\":\"integer\"},{\"name\":\"page_size\",\"in\":\"query\",\"description\":\"Number of results to return per page.\",\"required\":false,\"type\":\"integer\"}],\"responses\":{\"200\":{\"description\":\"\",\"schema\":{\"required\":[\"count\",\"results\"],\"type\":\"object\",\"properties\":{\"count\":{\"type\":\"integer\"},\"next\":{\"type\":\"string\",\"format\":\"uri\",\"x-nullable\":true},\"previous\":{\"type\":\"string\",\"format\":\"uri\",\"x-nullable\":true},\"results\":{\"type\":\"array\",\"items\":{\"$ref\":\"#/definitions/ReadProject\"}}}}}},\"tags\":[\"v1\"]},\"post\":{\"operationId\":\"v1_projects_create\",\"description\":\"\",\"parameters\":[{\"name\":\"data\",\"in\":\"body\",\"required\":true,\"schema\":{\"$ref\":\"#/definitions/Project\"}}],\"responses\":{\"201\":{\"description\":\"\",\"schema\":{\"$ref\":\"#/definitions/Project\"}}},\"tags\":[\"v1\"]},\"parameters\":[]},\"/v1/projects/business/\":{\"get\":{\"operationId\":\"v1_projects_business\",\"description\":\"\",\"parameters\":[{\"name\":\"user_id\",\"in\":\"query\",\"description\":\"Filter using the user internal ID.\",\"required\":false,\"type\":\"number\"},{\"name\":\"country_id\",\"in\":\"query\",\"description\":\"Filter using country internal ID.\",\"required\":false,\"type\":\"number\"},{\"name\":\"country_name\",\"in\":\"query\",\"description\":\"Filter using country name.\",\"required\":false,\"type\":\"string\"},{\"name\":\"purchase_by\",\"in\":\"query\",\"description\":\"Filter projects where the given user ID has invested.\",\"required\":false,\"type\":\"number\"},{\"name\":\"kind\",\"in\":\"query\",\"description\":\"Filter projects by kind\",\"required\":false,\"type\":\"string\"},{\"name\":\"is_visible_in_climatetrade\",\"in\":\"query\",\"description\":\"Filter projects visible in ClimateTrade\",\"required\":false,\"type\":\"string\"},{\"name\":\"is_featured\",\"in\":\"query\",\"description\":\"Filter featured projects\",\"required\":false,\"type\":\"string\"},{\"name\":\"ordering\",\"in\":\"query\",\"description\":\"Use to ordering the results, with: \'name\', \'created\' and \'volume_credits\' as possible values.\",\"required\":false,\"type\":\"string\"},{\"name\":\"is_upcoming\",\"in\":\"query\",\"description\":\"Filter upcoming projects\",\"required\":false,\"type\":\"string\"},{\"name\":\"sdg_compliance\",\"in\":\"query\",\"description\":\"Filter projects by SDG Compliance\",\"required\":false,\"type\":\"number\"},{\"name\":\"search\",\"in\":\"query\",\"description\":\"A search term.\",\"required\":false,\"type\":\"string\"},{\"name\":\"page\",\"in\":\"query\",\"description\":\"A page number within the paginated result set.\",\"required\":false,\"type\":\"integer\"},{\"name\":\"page_size\",\"in\":\"query\",\"description\":\"Number of results to return per page.\",\"required\":false,\"type\":\"integer\"}],\"responses\":{\"200\":{\"description\":\"\",\"schema\":{\"required\":[\"count\",\"results\"],\"type\":\"object\",\"properties\":{\"count\":{\"type\":\"integer\"},\"next\":{\"type\":\"string\",\"format\":\"uri\",\"x-nullable\":true},\"previous\":{\"type\":\"string\",\"format\":\"uri\",\"x-nullable\":true},\"results\":{\"type\":\"array\",\"items\":{\"$ref\":\"#/definitions/ReadProject\"}}}}}},\"tags\":[\"v1\"]},\"parameters\":[]},\"/v1/projects/validate/\":{\"post\":{\"operationId\":\"v1_projects_validate\",\"description\":\"\",\"parameters\":[{\"name\":\"data\",\"in\":\"body\",\"required\":true,\"schema\":{\"$ref\":\"#/definitions/Project\"}}],\"responses\":{\"201\":{\"description\":\"\",\"schema\":{\"$ref\":\"#/definitions/Project\"}}},\"tags\":[\"v1\"]},\"parameters\":[]},\"/v1/projects/{id}/\":{\"get\":{\"operationId\":\"v1_projects_read\",\"description\":\"\",\"parameters\":[],\"responses\":{\"200\":{\"description\":\"\",\"schema\":{\"$ref\":\"#/definitions/ReadProject\"}}},\"tags\":[\"v1\"]},\"put\":{\"operationId\":\"v1_projects_update\",\"description\":\"\",\"parameters\":[{\"name\":\"data\",\"in\":\"body\",\"required\":true,\"schema\":{\"$ref\":\"#/definitions/Project\"}}],\"responses\":{\"200\":{\"description\":\"\",\"schema\":{\"$ref\":\"#/definitions/Project\"}}},\"tags\":[\"v1\"]},\"patch\":{\"operationId\":\"v1_projects_partial_update\",\"description\":\"\",\"parameters\":[{\"name\":\"data\",\"in\":\"body\",\"required\":true,\"schema\":{\"$ref\":\"#/definitions/Project\"}}],\"responses\":{\"200\":{\"description\":\"\",\"schema\":{\"$ref\":\"#/definitions/Project\"}}},\"tags\":[\"v1\"]},\"delete\":{\"operationId\":\"v1_projects_delete\",\"description\":\"\",\"parameters\":[],\"responses\":{\"204\":{\"description\":\"\"}},\"tags\":[\"v1\"]},\"parameters\":[{\"name\":\"id\",\"in\":\"path\",\"description\":\"A unique integer value identifying this project.\",\"required\":true,\"type\":\"integer\"}]}},\"schemes\":[\"https\"],\"produces\":[\"application/json\"],\"basePath\":\"/api\",\"consumes\":[\"application/json\"]}',NULL,'apis-salud-colectiva'),(2,'2022-05-02 20:17:09',18,18,'2022-05-02 20:17:06','2022-06-03 21:38:12','Lorem Ipsum','Lorem Ipsum is simply dummy text of the printing  standard dummy text.','warning','Deprecado','Ver documentaci??n','v 1.0',NULL,NULL,NULL),(3,'2022-05-03 23:06:20',18,18,'2022-05-03 22:58:23','2022-06-03 21:38:20','Lorem Ipsum','Lorem Ipsum is simply dummy text of the printing  standard dummy text.','warning','Deprecado','Ver documentaci??n','v 2.0',NULL,NULL,NULL),(4,'2022-05-03 23:12:34',18,18,'2022-05-03 23:12:32','2022-06-03 21:38:28','APi Hotel','Lorem Ipsum is simply dummy text of the printing  standard dummy text.','green','Publicado','Ver documentaci??n','v 3.0',NULL,NULL,NULL),(5,'2022-05-11 15:06:23',19,18,'2022-05-11 15:06:13','2022-06-03 21:38:34','Iberia','Lorem Ipsum is simply dummy text of the printing  standard dummy text.','warning','Deprecado','Ver documentaci??n','v 1.0',NULL,NULL,NULL),(6,'2022-05-11 15:09:01',19,18,'2022-05-11 15:08:44','2022-06-03 21:38:41','Apis publicas','Lorem Ipsum is simply dummy text of the printing  standard dummy text.','warning','Deprecado','Ver documentaci??n','v 3.0',NULL,NULL,NULL),(7,'2022-05-11 15:10:17',19,18,'2022-05-11 15:10:14','2022-06-03 21:38:52','Lorem Ipsum','Lorem Ipsum is simply dummy text of the printing  standard dummy text.','green','Publicado','Ver documentaci??n','v 3.0',NULL,NULL,NULL),(8,'2022-05-11 15:11:06',19,18,'2022-05-11 15:11:03','2022-06-03 22:49:06','Apis publicas','Lorem Ipsum is simply dummy text of the printing  standard dummy text.','green','Publicado','Ver documentaci??n','v 3.0',NULL,NULL,NULL),(9,'2022-05-11 20:23:30',19,18,'2022-05-11 20:23:28','2022-06-03 22:49:12','Lorem Ipsum','Lorem Ipsum is simply dummy text of the printing  standard dummy text.','green','Publicado','Ver documentaci??n','v 1.0',NULL,NULL,NULL),(10,'2022-05-11 20:23:50',19,12,'2022-05-11 20:23:47','2022-10-12 23:16:33','API QR Payments','Lorem Ipsum is simply dummy text of the printing  standard dummy text.','warning','Publicado','Ver documentaci??n','v 1.0','{\"openapi\":\"3.0.0\",\"x-stoplight\":{\"id\":\"ecy7uwt9w2mgp\"},\"info\":{\"title\":\"Api-Template-Towertech\",\"version\":\"v1\",\"contact\":{\"name\":\"CloudAppi\",\"url\":\"https://cloudappi.net/\",\"email\":\"contacta@cloudappi.net\"},\"termsOfService\":\"https://cloudappi.net/terminos-de-uso/\"},\"servers\":[{\"url\":\"https://dev.example.net/api-example/v1\",\"description\":\"dev\"}],\"paths\":{\"/status\":{\"get\":{\"responses\":{\"200\":{\"description\":\"Ok\",\"headers\":{\"X-Trace-ID\":{\"schema\":{\"type\":\"string\"},\"description\":\"Trace ID to track the request through the system\"},\"X-Request-ID\":{\"schema\":{\"type\":\"string\"},\"description\":\"Request ID to track the request through the system\"}}},\"500\":{\"description\":\"The server encountered an unexpected condition which prevented it from fulfilling the request\"},\"default\":{\"$ref\":\"#/components/responses/response_500\"}},\"tags\":[\"status_server\"],\"summary\":\"Retrieve status server\"}},\"/users/me/settings\":{\"get\":{\"summary\":\"Retrieve parameters of config\",\"tags\":[\"users\"],\"responses\":{\"200\":{\"description\":\"OK\",\"content\":{\"application/json\":{\"schema\":{\"type\":\"object\",\"properties\":{\"data\":{\"$ref\":\"#/components/schemas/users_setting\"}}},\"examples\":{\"example-1\":{\"value\":{\"data\":{\"config\":\"string\"}}}}}},\"headers\":{\"X-Trace-ID\":{\"schema\":{\"type\":\"string\"},\"description\":\"Trace ID to track the request through the system\"},\"X-Request-ID\":{\"schema\":{\"type\":\"string\"},\"description\":\"Request ID to track the request through the system\"}}},\"204\":{\"$ref\":\"#/components/responses/standard_response_no_content\"},\"400\":{\"$ref\":\"#/components/responses/response_400\"},\"401\":{\"$ref\":\"#/components/responses/response_401\"},\"403\":{\"$ref\":\"#/components/responses/response_403\"},\"404\":{\"$ref\":\"#/components/responses/response_404\"},\"405\":{\"$ref\":\"#/components/responses/response_405\"},\"500\":{\"$ref\":\"#/components/responses/response_500\"},\"503\":{\"$ref\":\"#/components/responses/response_503\"},\"default\":{\"$ref\":\"#/components/responses/response_500\"}},\"operationId\":\"get-users-me-settings\",\"parameters\":[{\"$ref\":\"#/components/parameters/Oauth\"}]},\"post\":{\"summary\":\"Create parameters of config\",\"operationId\":\"post-users-me-settings\",\"responses\":{\"201\":{\"$ref\":\"#/components/responses/standard_response_created\"},\"400\":{\"$ref\":\"#/components/responses/response_400\"},\"401\":{\"$ref\":\"#/components/responses/response_401\"},\"403\":{\"$ref\":\"#/components/responses/response_403\"},\"405\":{\"$ref\":\"#/components/responses/response_405\"},\"415\":{\"$ref\":\"#/components/responses/response_415\"},\"500\":{\"$ref\":\"#/components/responses/response_500\"},\"503\":{\"$ref\":\"#/components/responses/response_503\"},\"default\":{\"$ref\":\"#/components/responses/response_500\"}},\"parameters\":[{\"$ref\":\"#/components/parameters/Oauth\"}],\"requestBody\":{\"content\":{\"application/json\":{\"schema\":{\"$ref\":\"#/components/schemas/users_setting\"}}}},\"tags\":[\"users\"]},\"patch\":{\"summary\":\"Update parameters of config\",\"operationId\":\"patch-users-me-settings\",\"responses\":{\"200\":{\"description\":\"OK\",\"content\":{\"application/json\":{\"schema\":{\"type\":\"object\",\"properties\":{\"data\":{\"$ref\":\"#/components/schemas/users_setting\"}}},\"examples\":{\"example-1\":{\"value\":{\"data\":{\"config\":\"string\"}}}}}}},\"400\":{\"$ref\":\"#/components/responses/response_400\"},\"401\":{\"$ref\":\"#/components/responses/response_401\"},\"403\":{\"$ref\":\"#/components/responses/response_403\"},\"404\":{\"$ref\":\"#/components/responses/response_404\"},\"405\":{\"$ref\":\"#/components/responses/response_405\"},\"415\":{\"$ref\":\"#/components/responses/response_415\"},\"500\":{\"$ref\":\"#/components/responses/response_500\"},\"503\":{\"$ref\":\"#/components/responses/response_503\"},\"default\":{\"$ref\":\"#/components/responses/response_500\"}},\"tags\":[\"users\"],\"requestBody\":{\"content\":{\"application/json\":{\"schema\":{\"$ref\":\"#/components/schemas/users_setting\"},\"examples\":{\"example-1\":{\"value\":{\"config\":\"string\"}}}}}}}},\"/legal/{legal_id}\":{\"parameters\":[{\"schema\":{\"type\":\"string\"},\"name\":\"legal_id\",\"in\":\"path\",\"required\":true}],\"patch\":{\"summary\":\"Update legal aspects\",\"operationId\":\"patch-legal-legal_id\",\"responses\":{\"200\":{\"description\":\"OK\",\"content\":{\"application/json\":{\"schema\":{\"type\":\"object\",\"properties\":{\"data\":{\"$ref\":\"#/components/schemas/legal\"}}},\"examples\":{\"example-1\":{\"value\":{\"data\":{\"id\":\"550e8400-e29b-41d4-a716-446655441234\",\"name\":\"terms and conditions\",\"text\":\"text of example\"}}}}}}},\"400\":{\"$ref\":\"#/components/responses/response_400\"},\"401\":{\"$ref\":\"#/components/responses/response_401\"},\"403\":{\"$ref\":\"#/components/responses/response_403\"},\"404\":{\"$ref\":\"#/components/responses/response_404\"},\"405\":{\"$ref\":\"#/components/responses/response_405\"},\"415\":{\"$ref\":\"#/components/responses/response_415\"},\"500\":{\"$ref\":\"#/components/responses/response_500\"},\"503\":{\"$ref\":\"#/components/responses/response_503\"},\"default\":{\"$ref\":\"#/components/responses/response_500\"}},\"parameters\":[{\"$ref\":\"#/components/parameters/Oauth\"}],\"requestBody\":{\"content\":{\"application/json\":{\"schema\":{\"$ref\":\"#/components/schemas/legal\"},\"examples\":{\"example-1\":{\"value\":{\"name\":\"terms and conditions\",\"text\":\"text of example...\"}}}}}},\"tags\":[\"legal\"],\"description\":\"\"},\"delete\":{\"summary\":\"Remove legal aspects\",\"operationId\":\"delete-legal-legal_id\",\"responses\":{\"200\":{\"description\":\"OK\",\"content\":{\"application/json\":{\"schema\":{\"type\":\"object\",\"properties\":{\"data\":{\"$ref\":\"#/components/schemas/legal\"}}},\"examples\":{\"example-1\":{\"value\":{\"data\":{\"id\":\"550e8400-e29b-41d4-a716-446655441234\",\"name\":\"terms and conditions\",\"text\":\"text of example\"}}}}}}},\"400\":{\"$ref\":\"#/components/responses/response_400\"},\"401\":{\"$ref\":\"#/components/responses/response_401\"},\"403\":{\"$ref\":\"#/components/responses/response_403\"},\"404\":{\"$ref\":\"#/components/responses/response_404\"},\"405\":{\"$ref\":\"#/components/responses/response_405\"},\"500\":{\"$ref\":\"#/components/responses/response_500\"},\"503\":{\"$ref\":\"#/components/responses/response_503\"},\"default\":{\"$ref\":\"#/components/responses/response_500\"}},\"parameters\":[{\"$ref\":\"#/components/parameters/Oauth\"}],\"tags\":[\"legal\"]}},\"/users/me/tickets\":{\"get\":{\"summary\":\"Retrieve list of tickets\",\"tags\":[\"users\"],\"responses\":{\"204\":{\"$ref\":\"#/components/responses/standard_response_no_content\"},\"206\":{\"description\":\"Partial Content\",\"content\":{\"application/json\":{\"schema\":{\"type\":\"object\",\"properties\":{\"paging\":{\"$ref\":\"#/components/schemas/standard_paging\"},\"data\":{\"type\":\"array\",\"items\":{\"$ref\":\"#/components/schemas/tickets\"}}}},\"examples\":{\"example-1\":{\"value\":{\"paging\":{\"start\":0,\"limit\":5,\"total\":20,\"numPages\":1,\"totalPages\":4,\"links\":{\"self\":{\"href\":\"https://dev.example.net/api-example/v1\"},\"first\":{\"href\":\"https://dev.example.net/api-example/v1\"},\"previous\":{\"href\":\"https://dev.example.net/api-example/v1\"},\"next\":{\"href\":\"https://dev.example.net/api-example/v1\"},\"last\":{\"href\":\"https://dev.example.net/api-example/v1\"}}},\"data\":[{\"id\":\"550e8400-e29b-41d4-a716-446655441234\",\"timestamp\":\"1665507518\",\"price\":30000}]}}}}},\"headers\":{\"X-Trace-ID\":{\"schema\":{\"type\":\"string\"},\"description\":\"Trace ID to track the request through the system\"},\"X-Request-ID\":{\"schema\":{\"type\":\"string\"},\"description\":\"Request ID to track the request through the system\"}}},\"400\":{\"$ref\":\"#/components/responses/response_400\"},\"401\":{\"$ref\":\"#/components/responses/response_401\"},\"403\":{\"$ref\":\"#/components/responses/response_403\"},\"405\":{\"$ref\":\"#/components/responses/response_405\"},\"500\":{\"$ref\":\"#/components/responses/response_500\"},\"503\":{\"$ref\":\"#/components/responses/response_503\"},\"default\":{\"$ref\":\"#/components/responses/response_500\"}},\"operationId\":\"get-users-me-tickets\",\"parameters\":[{\"$ref\":\"#/components/parameters/Oauth\"},{\"$ref\":\"#/components/parameters/init\"},{\"$ref\":\"#/components/parameters/limit\"},{\"$ref\":\"#/components/parameters/total\"}]}},\"/validations/settings\":{\"get\":{\"summary\":\"Retrieve parameters of config of the validations\",\"tags\":[\"validations\"],\"responses\":{\"200\":{\"description\":\"OK\",\"content\":{\"application/json\":{\"schema\":{\"type\":\"object\",\"properties\":{\"data\":{\"$ref\":\"#/components/schemas/validations_setting\"}}},\"examples\":{\"example-1\":{\"value\":{\"data\":{\"max_offline\":506,\"max_users_available\":30,\"max_time_offline\":8,\"time_change_qr\":\"2019-08-24T14:15:22Z\",\"time_refresh_qr\":\"2019-08-24T14:15:22Z\",\"time_available_key\":\"1day\",\"user_id\":\"550e8400-e29b-41d4-a716-446655441234\",\"wallet_id\":\"550e8400-e29b-41d4-a716-446655441234\"}}}}}},\"headers\":{\"X-Trace-ID\":{\"schema\":{\"type\":\"string\"},\"description\":\"Trace ID to track the request through the system\"},\"X-Request-ID\":{\"schema\":{\"type\":\"string\"},\"description\":\"Request ID to track the request through the system\"}}},\"204\":{\"$ref\":\"#/components/responses/standard_response_no_content\"},\"400\":{\"$ref\":\"#/components/responses/response_400\"},\"401\":{\"$ref\":\"#/components/responses/response_401\"},\"403\":{\"$ref\":\"#/components/responses/response_403\"},\"405\":{\"$ref\":\"#/components/responses/response_405\"},\"500\":{\"$ref\":\"#/components/responses/response_500\"},\"503\":{\"$ref\":\"#/components/responses/response_503\"},\"default\":{\"$ref\":\"#/components/responses/response_500\"}},\"operationId\":\"get-validations-settings\",\"parameters\":[{\"$ref\":\"#/components/parameters/Oauth\"}]},\"parameters\":[]},\"/legal\":{\"get\":{\"summary\":\"Retrieve legal aspects\",\"responses\":{\"200\":{\"description\":\"OK\",\"content\":{\"application/json\":{\"schema\":{\"type\":\"object\",\"properties\":{\"data\":{\"type\":\"array\",\"items\":{\"$ref\":\"#/components/schemas/legal\"}}}},\"examples\":{\"example-1\":{\"value\":{\"data\":[{\"id\":\"550e8400-e29b-41d4-a716-446655441234\",\"name\":\"terms and conditions\",\"text\":\"text of example\"}]}}}}},\"headers\":{\"X-Trace-ID\":{\"schema\":{\"type\":\"string\"},\"description\":\"Trace ID to track the request through the system\"},\"X-Request-ID\":{\"schema\":{\"type\":\"string\"},\"description\":\"Request ID to track the request through the system\"}}},\"400\":{\"$ref\":\"#/components/responses/response_400\"},\"401\":{\"$ref\":\"#/components/responses/response_401\"},\"403\":{\"$ref\":\"#/components/responses/response_403\"},\"405\":{\"$ref\":\"#/components/responses/response_405\"},\"500\":{\"$ref\":\"#/components/responses/response_500\"},\"503\":{\"$ref\":\"#/components/responses/response_503\"},\"default\":{\"$ref\":\"#/components/responses/response_500\"}},\"operationId\":\"get-legal\",\"parameters\":[{\"$ref\":\"#/components/parameters/Oauth\"}],\"tags\":[\"legal\"]},\"post\":{\"summary\":\"Create legal aspects\",\"operationId\":\"post-legal\",\"responses\":{\"201\":{\"$ref\":\"#/components/responses/standard_response_created\"},\"400\":{\"$ref\":\"#/components/responses/response_400\"},\"401\":{\"$ref\":\"#/components/responses/response_401\"},\"403\":{\"$ref\":\"#/components/responses/response_403\"},\"405\":{\"$ref\":\"#/components/responses/response_405\"},\"415\":{\"$ref\":\"#/components/responses/response_415\"},\"500\":{\"$ref\":\"#/components/responses/response_500\"},\"503\":{\"$ref\":\"#/components/responses/response_503\"},\"default\":{\"$ref\":\"#/components/responses/response_500\"}},\"parameters\":[{\"$ref\":\"#/components/parameters/Oauth\"}],\"requestBody\":{\"content\":{\"application/json\":{\"schema\":{\"$ref\":\"#/components/schemas/legal\"},\"examples\":{\"example-1\":{\"value\":{\"name\":\"terms and conditions\",\"text\":\"text of example\"}}}}}},\"tags\":[\"legal\"]},\"parameters\":[]},\"/users/me/pasword\":{\"patch\":{\"summary\":\"Update password\",\"operationId\":\"patch-users-me-pasword\",\"responses\":{\"200\":{\"description\":\"OK\",\"content\":{\"application/json\":{\"schema\":{\"type\":\"object\",\"properties\":{\"data\":{\"$ref\":\"#/components/schemas/uuid\"}}},\"examples\":{\"example-1\":{\"value\":{\"data\":\"550e8400-e29b-41d4-a716-446655441234\"}}}}},\"headers\":{\"X-Trace-ID\":{\"schema\":{\"type\":\"string\"},\"description\":\"Trace ID to track the request through the system\"},\"X-Request-ID\":{\"schema\":{\"type\":\"string\"},\"description\":\"Request ID to track the request through the system\"}}},\"400\":{\"$ref\":\"#/components/responses/response_400\"},\"401\":{\"$ref\":\"#/components/responses/response_401\"},\"403\":{\"$ref\":\"#/components/responses/response_403\"},\"404\":{\"$ref\":\"#/components/responses/response_404\"},\"405\":{\"$ref\":\"#/components/responses/response_405\"},\"415\":{\"$ref\":\"#/components/responses/response_415\"},\"500\":{\"$ref\":\"#/components/responses/response_500\"},\"503\":{\"$ref\":\"#/components/responses/response_503\"},\"default\":{\"$ref\":\"#/components/responses/response_500\"}},\"tags\":[\"users\"],\"requestBody\":{\"content\":{\"application/json\":{\"schema\":{\"type\":\"object\",\"properties\":{\"passowrd\":{\"type\":\"string\",\"example\":\"example password\"},\"repeat_password\":{\"type\":\"string\",\"example\":\"example password\"}},\"required\":[\"passowrd\",\"repeat_password\"]},\"examples\":{\"example-1\":{\"value\":{\"passowrd\":\"example password\",\"repeat_password\":\"example password\"}}}}}},\"parameters\":[{\"$ref\":\"#/components/parameters/Oauth\"}]}},\"/validations\":{\"post\":{\"summary\":\"Validate tickets\",\"operationId\":\"post-validations\",\"responses\":{\"201\":{\"$ref\":\"#/components/responses/standard_response_created\"},\"400\":{\"$ref\":\"#/components/responses/response_400\"},\"401\":{\"$ref\":\"#/components/responses/response_401\"},\"403\":{\"$ref\":\"#/components/responses/response_403\"},\"405\":{\"$ref\":\"#/components/responses/response_405\"},\"415\":{\"$ref\":\"#/components/responses/response_415\"},\"500\":{\"$ref\":\"#/components/responses/response_500\"},\"503\":{\"$ref\":\"#/components/responses/response_503\"},\"default\":{\"$ref\":\"#/components/responses/response_500\"}},\"parameters\":[{\"$ref\":\"#/components/parameters/Oauth\"}],\"tags\":[\"validations\"],\"requestBody\":{\"content\":{\"application/json\":{\"schema\":{\"$ref\":\"#/components/schemas/validate_tickets\"},\"examples\":{\"example-1\":{\"value\":{\"status\":\"success\",\"qr\":{\"id\":\"550e8400-e29b-41d4-a716-446655441234\",\"data\":\"string\"}}}}}}}}},\"/faqs\":{\"get\":{\"summary\":\"Retrieve questions and answers common\",\"tags\":[\"faqs\"],\"responses\":{\"200\":{\"description\":\"OK\",\"content\":{\"application/json\":{\"schema\":{\"type\":\"object\",\"properties\":{\"data\":{\"type\":\"array\",\"items\":{\"$ref\":\"#/components/schemas/faqs\"}}}},\"examples\":{\"example-1\":{\"value\":{\"data\":[{\"id\":\"550e8400-e29b-41d4-a716-446655441234\",\"question\":\"fisrt question?\",\"answer\":\"response\"}]}}}}},\"headers\":{\"X-Trace-ID\":{\"schema\":{\"type\":\"string\"},\"description\":\"Trace ID to track the request through the system\"},\"X-Request-ID\":{\"schema\":{\"type\":\"string\"},\"description\":\"Request ID to track the request through the system\"}}},\"400\":{\"$ref\":\"#/components/responses/response_400\"},\"401\":{\"$ref\":\"#/components/responses/response_401\"},\"403\":{\"$ref\":\"#/components/responses/response_403\"},\"405\":{\"$ref\":\"#/components/responses/response_405\"},\"500\":{\"$ref\":\"#/components/responses/response_500\"},\"503\":{\"$ref\":\"#/components/responses/response_503\"},\"default\":{\"$ref\":\"#/components/responses/response_500\"}},\"operationId\":\"get-faqs\",\"parameters\":[{\"$ref\":\"#/components/parameters/Oauth\"}]},\"post\":{\"summary\":\"Create question and answer common\",\"operationId\":\"post-faqs\",\"responses\":{\"201\":{\"$ref\":\"#/components/responses/standard_response_created\"},\"400\":{\"$ref\":\"#/components/responses/response_400\"},\"401\":{\"$ref\":\"#/components/responses/response_401\"},\"403\":{\"$ref\":\"#/components/responses/response_403\"},\"405\":{\"$ref\":\"#/components/responses/response_405\"},\"415\":{\"$ref\":\"#/components/responses/response_415\"},\"500\":{\"$ref\":\"#/components/responses/response_500\"},\"503\":{\"$ref\":\"#/components/responses/response_503\"},\"default\":{\"$ref\":\"#/components/responses/response_500\"}},\"parameters\":[{\"$ref\":\"#/components/parameters/Oauth\"}],\"requestBody\":{\"content\":{\"application/json\":{\"schema\":{\"$ref\":\"#/components/schemas/faqs\"},\"examples\":{\"example-1\":{\"value\":{\"question\":\"second question?\",\"answer\":\"response\"}}}}}},\"tags\":[\"faqs\"]}},\"/users/me\":{\"get\":{\"summary\":\"Loggin\",\"tags\":[\"users\"],\"responses\":{\"200\":{\"description\":\"OK\",\"content\":{\"application/json\":{\"schema\":{\"type\":\"object\",\"properties\":{\"data\":{\"$ref\":\"#/components/schemas/users\"}}},\"examples\":{\"example-1\":{\"value\":{\"data\":{\"type_document\":\"CC\",\"treatment_personal_data\":true,\"cel\":3204567463,\"number_document\":1034674321,\"last_name\":\"Per?®z\",\"device\":[\"550e8400-e29b-41d4-a716-446655441234\"],\"terms_and_conditions\":true,\"first_name\":\"Juan\",\"id\":\"550e8400-e29b-41d4-a716-446655441234\",\"email\":\"juanperez@gmail.com\",\"age\":23}}}}}},\"headers\":{\"X-Trace-ID\":{\"schema\":{\"type\":\"string\"},\"description\":\"Trace ID to track the request through the system\"},\"X-Request-ID\":{\"schema\":{\"type\":\"string\"},\"description\":\"Request ID to track the request through the system\"}}},\"404\":{\"$ref\":\"#/components/responses/response_404\"},\"405\":{\"$ref\":\"#/components/responses/response_405\"},\"500\":{\"$ref\":\"#/components/responses/response_500\"},\"503\":{\"$ref\":\"#/components/responses/response_503\"},\"default\":{\"$ref\":\"#/components/responses/response_500\"}},\"operationId\":\"get-users-me\",\"description\":\"\",\"requestBody\":{\"content\":{\"application/json\":{\"schema\":{\"type\":\"object\",\"properties\":{\"type_document\":{\"type\":\"string\",\"example\":\"CC\"},\"number_document\":{\"type\":\"integer\",\"example\":34938428,\"minimum\":0,\"format\":\"int32\"},\"device_id\":{\"$ref\":\"#/components/schemas/uuid\"},\"password\":{\"type\":\"string\",\"example\":\"example\"}},\"required\":[\"type_document\",\"number_document\",\"device_id\",\"password\"]},\"examples\":{\"example login\":{\"value\":{\"type_document\":\"CC\",\"number_document\":34938428,\"device_id\":\"550e8400-e29b-41d4-a716-446655441234\",\"password\":\"example\"}}}}}},\"parameters\":[{\"$ref\":\"#/components/parameters/Oauth\"}]},\"patch\":{\"summary\":\"Update user info\",\"operationId\":\"patch-users-me\",\"responses\":{\"200\":{\"description\":\"OK\",\"content\":{\"application/json\":{\"schema\":{\"type\":\"object\",\"properties\":{\"data\":{\"$ref\":\"#/components/schemas/users\"}}},\"examples\":{\"example-1\":{\"value\":{\"data\":{\"type_document\":\"CC\",\"treatment_personal_data\":true,\"cel\":3204567463,\"number_document\":1034674321,\"last_name\":\"Per?®z\",\"device\":[\"550e8400-e29b-41d4-a716-446655441234\"],\"terms_and_conditions\":true,\"first_name\":\"Juan\",\"id\":\"550e8400-e29b-41d4-a716-446655441234\",\"email\":\"juanperez@gmail.com\",\"age\":23}}}}}},\"headers\":{\"X-Trace-ID\":{\"schema\":{\"type\":\"string\"},\"description\":\"Trace ID to track the request through the system\"},\"X-Request-ID\":{\"schema\":{\"type\":\"string\"},\"description\":\"Request ID to track the request through the system\"}}},\"400\":{\"$ref\":\"#/components/responses/response_400\"},\"401\":{\"$ref\":\"#/components/responses/response_401\"},\"403\":{\"$ref\":\"#/components/responses/response_403\"},\"404\":{\"$ref\":\"#/components/responses/response_404\"},\"405\":{\"$ref\":\"#/components/responses/response_405\"},\"415\":{\"$ref\":\"#/components/responses/response_415\"},\"500\":{\"$ref\":\"#/components/responses/response_500\"},\"503\":{\"$ref\":\"#/components/responses/response_503\"},\"default\":{\"$ref\":\"#/components/responses/response_500\"}},\"requestBody\":{\"content\":{\"application/json\":{\"schema\":{\"$ref\":\"#/components/schemas/users\"},\"examples\":{\"example-1\":{\"value\":{\"first_name\":\"Juan\",\"last_name\":\"Per?®z\",\"age\":23,\"cel\":3204567463}}}}}},\"parameters\":[{\"$ref\":\"#/components/parameters/Oauth\"}],\"tags\":[\"users\"]}},\"/users/me/device\":{\"post\":{\"summary\":\"Register device\",\"operationId\":\"post-users-me-device\",\"responses\":{\"201\":{\"$ref\":\"#/components/responses/standard_response_created\"},\"400\":{\"$ref\":\"#/components/responses/response_400\"},\"405\":{\"$ref\":\"#/components/responses/response_405\"},\"415\":{\"$ref\":\"#/components/responses/response_415\"},\"500\":{\"$ref\":\"#/components/responses/response_500\"},\"503\":{\"$ref\":\"#/components/responses/response_503\"},\"default\":{\"$ref\":\"#/components/responses/response_500\"}},\"description\":\"\",\"tags\":[\"users\"],\"requestBody\":{\"content\":{\"application/json\":{\"schema\":{\"$ref\":\"#/components/schemas/device\"},\"examples\":{\"register device example\":{\"value\":{\"user_id\":\"550e8400-e29b-41d4-a716-446655441234\",\"device_id\":\"550e8400-e29b-41d4-a716-446655441234\"}}}}}}}},\"/faqs/{faqs_id}\":{\"parameters\":[{\"schema\":{\"type\":\"string\"},\"name\":\"faqs_id\",\"in\":\"path\",\"required\":true}],\"patch\":{\"summary\":\"Update question and answer common\",\"operationId\":\"patch-faqs-faqs_id\",\"responses\":{\"200\":{\"description\":\"OK\",\"content\":{\"application/json\":{\"schema\":{\"type\":\"object\",\"properties\":{\"data\":{\"$ref\":\"#/components/schemas/faqs\"}}},\"examples\":{\"example-1\":{\"value\":{\"data\":{\"id\":\"550e8400-e29b-41d4-a716-446655441234\",\"question\":\"fisrt question?\",\"answer\":\"response\"}}}}}}},\"400\":{\"$ref\":\"#/components/responses/response_400\"},\"401\":{\"$ref\":\"#/components/responses/response_401\"},\"403\":{\"$ref\":\"#/components/responses/response_403\"},\"404\":{\"$ref\":\"#/components/responses/response_404\"},\"405\":{\"$ref\":\"#/components/responses/response_405\"},\"415\":{\"$ref\":\"#/components/responses/response_415\"},\"500\":{\"$ref\":\"#/components/responses/response_500\"},\"503\":{\"$ref\":\"#/components/responses/response_503\"},\"default\":{\"$ref\":\"#/components/responses/response_500\"}},\"parameters\":[{\"$ref\":\"#/components/parameters/Oauth\"}],\"requestBody\":{\"content\":{\"application/json\":{\"schema\":{\"$ref\":\"#/components/schemas/faqs\"},\"examples\":{\"example-1\":{\"value\":{\"question\":\"fisrt question?\",\"answer\":\"firt response\"}}}}}},\"tags\":[\"faqs\"]},\"delete\":{\"summary\":\"Remove question and answer common\",\"operationId\":\"delete-faqs-faqs_id\",\"responses\":{\"200\":{\"description\":\"OK\",\"content\":{\"application/json\":{\"schema\":{\"type\":\"object\",\"properties\":{\"data\":{\"$ref\":\"#/components/schemas/faqs\"}}},\"examples\":{\"example-1\":{\"value\":{\"data\":{\"id\":\"550e8400-e29b-41d4-a716-446655441234\",\"question\":\"fisrt question?\",\"answer\":\"response\"}}}}}}},\"400\":{\"$ref\":\"#/components/responses/response_400\"},\"401\":{\"$ref\":\"#/components/responses/response_401\"},\"403\":{\"$ref\":\"#/components/responses/response_403\"},\"404\":{\"$ref\":\"#/components/responses/response_404\"},\"405\":{\"$ref\":\"#/components/responses/response_405\"},\"500\":{\"$ref\":\"#/components/responses/response_500\"},\"503\":{\"$ref\":\"#/components/responses/response_503\"},\"default\":{\"$ref\":\"#/components/responses/response_500\"}},\"parameters\":[{\"$ref\":\"#/components/parameters/Oauth\"}],\"tags\":[\"faqs\"]}},\"/notifications\":{\"get\":{\"summary\":\"Retrieve list of uncollected tickets\",\"tags\":[\"notifications\"],\"responses\":{\"200\":{\"description\":\"OK\",\"content\":{\"application/json\":{\"schema\":{\"type\":\"object\",\"properties\":{\"data\":{\"type\":\"array\",\"items\":{\"$ref\":\"#/components/schemas/tickets\"}}}},\"examples\":{\"example-1\":{\"value\":{\"data\":[{\"id\":\"550e8400-e29b-41d4-a716-446655441234\",\"timestamp\":\"1665507518\",\"price\":30000}]}}}}},\"headers\":{\"X-Trace-ID\":{\"schema\":{\"type\":\"string\"},\"description\":\"Trace ID to track the request through the system\"},\"X-Request-ID\":{\"schema\":{\"type\":\"string\"},\"description\":\"Request ID to track the request through the system\"}}},\"204\":{\"$ref\":\"#/components/responses/standard_response_no_content\"},\"400\":{\"$ref\":\"#/components/responses/response_400\"},\"401\":{\"$ref\":\"#/components/responses/response_401\"},\"403\":{\"$ref\":\"#/components/responses/response_403\"},\"405\":{\"$ref\":\"#/components/responses/response_405\"},\"500\":{\"$ref\":\"#/components/responses/response_500\"},\"503\":{\"$ref\":\"#/components/responses/response_503\"},\"default\":{\"$ref\":\"#/components/responses/response_500\"}},\"operationId\":\"get-notifications\",\"parameters\":[{\"$ref\":\"#/components/parameters/Oauth\"}]}},\"/users\":{\"post\":{\"summary\":\"Register users\",\"operationId\":\"post-users\",\"responses\":{\"201\":{\"$ref\":\"#/components/responses/standard_response_created\"},\"400\":{\"$ref\":\"#/components/responses/response_400\"},\"405\":{\"$ref\":\"#/components/responses/response_405\"},\"415\":{\"$ref\":\"#/components/responses/response_415\"},\"500\":{\"$ref\":\"#/components/responses/response_500\"},\"503\":{\"$ref\":\"#/components/responses/response_503\"},\"default\":{\"$ref\":\"#/components/responses/response_500\"}},\"description\":\"\",\"tags\":[\"users\"],\"requestBody\":{\"content\":{\"application/json\":{\"schema\":{\"$ref\":\"#/components/schemas/users\"},\"examples\":{\"create users example\":{\"value\":{\"type_document\":\"CC\",\"treatment_personal_data\":true,\"cel\":3204567463,\"number_document\":1034674321,\"last_name\":\"Per?®z\",\"terms_and_conditions\":true,\"first_name\":\"Juan\",\"email\":\"juanperez@gmail.com\",\"age\":23}}}}},\"description\":\"\"}}},\"/validations/blacklist\":{\"get\":{\"summary\":\"Retrieve list of users no validated\",\"tags\":[\"validations\"],\"responses\":{\"200\":{\"description\":\"OK\",\"content\":{\"application/json\":{\"schema\":{\"type\":\"object\",\"properties\":{\"data\":{\"type\":\"array\",\"items\":{\"$ref\":\"#/components/schemas/uuid\"}}}},\"examples\":{\"example-1\":{\"value\":{\"data\":[\"550e8400-e29b-41d4-a716-446655441234\",\"550e8400-e29b-41d4-a716-446655441235\",\"550e8400-e29b-41d4-a716-446655451234\"]}}}}},\"headers\":{\"X-Trace-ID\":{\"schema\":{\"type\":\"string\"},\"description\":\"Trace ID to track the request through the system\"},\"X-Request-ID\":{\"schema\":{\"type\":\"string\"},\"description\":\"Request ID to track the request through the system\"}}},\"204\":{\"$ref\":\"#/components/responses/standard_response_no_content\"},\"400\":{\"$ref\":\"#/components/responses/response_400\"},\"401\":{\"$ref\":\"#/components/responses/response_401\"},\"403\":{\"$ref\":\"#/components/responses/response_403\"},\"405\":{\"$ref\":\"#/components/responses/response_405\"},\"500\":{\"$ref\":\"#/components/responses/response_500\"},\"503\":{\"$ref\":\"#/components/responses/response_503\"},\"default\":{\"$ref\":\"#/components/responses/response_500\"}},\"operationId\":\"get-validations-blacklist\",\"parameters\":[{\"$ref\":\"#/components/parameters/Oauth\"}]}}},\"components\":{\"schemas\":{\"qr\":{\"title\":\"qr\",\"x-stoplight\":{\"id\":\"6y21avhbmsmcz\"},\"type\":\"object\",\"x-examples\":{\"example-1\":{\"id\":\"550e8400-e29b-41d4-a716-446655441234\",\"data\":\"data qr\"}},\"properties\":{\"id\":{\"$ref\":\"#/components/schemas/uuid\"},\"data\":{\"type\":\"string\",\"example\":\"data qr\"}}},\"standard_error\":{\"title\":\"standard_error\",\"x-stoplight\":{\"id\":\"jtinaxx8vbfis\"},\"type\":\"object\",\"properties\":{\"code\":{\"type\":\"integer\",\"example\":401,\"format\":\"int32\"},\"message\":{\"type\":\"string\",\"example\":\"Unauthorized\"},\"field\":{\"type\":\"string\",\"example\":\"field\"},\"trace_id\":{\"$ref\":\"#/components/schemas/uuid\"}},\"required\":[\"code\",\"message\"],\"x-examples\":{\"example-1\":{\"code\":401,\"message\":\"Unauthorized\",\"field\":\"field\",\"trace_id\":\"550e8400-e29b-41d4-a716-446655441234\"}}},\"tickets\":{\"title\":\"tickets\",\"x-stoplight\":{\"id\":\"0puyx88i2gxh8\"},\"type\":\"object\",\"x-examples\":{\"example-1\":{\"timestamp\":\"1665507518\",\"price\":30000}},\"properties\":{\"id\":{\"$ref\":\"#/components/schemas/uuid\"},\"timestamp\":{\"type\":\"string\",\"example\":\"1665507518\"},\"price\":{\"type\":\"number\",\"example\":30000,\"format\":\"float\"}},\"required\":[\"timestamp\",\"price\"]},\"standard_page_link\":{\"title\":\"standard_page_link\",\"x-stoplight\":{\"id\":\"v80vpvxmfwome\"},\"type\":\"object\",\"properties\":{\"href\":{\"type\":\"string\",\"description\":\"URL encoded link\",\"example\":\"https://dev.example.net/api-example/v1\"}}},\"users\":{\"title\":\"users\",\"x-stoplight\":{\"id\":\"4lgijjifdwmpp\"},\"type\":\"object\",\"x-examples\":{\"example-1\":{\"type_document\":\"CC\",\"treatment_personal_data\":true,\"cel\":3204567463,\"number_document\":1034674321,\"last_name\":\"Per?®z\",\"device\":[\"550e8400-e29b-41d4-a716-446655441234\"],\"terms_and_conditions\":true,\"first_name\":\"Juan\",\"id\":\"550e8400-e29b-41d4-a716-446655441234\",\"email\":\"juanperez@gmail.com\",\"age\":23}},\"properties\":{\"type_document\":{\"type\":\"string\",\"example\":\"CC\"},\"treatment_personal_data\":{\"type\":\"boolean\",\"example\":true},\"cel\":{\"type\":\"integer\",\"example\":3204567463,\"format\":\"int64\"},\"number_document\":{\"type\":\"integer\",\"format\":\"int32\",\"minimum\":0,\"example\":1034674321},\"last_name\":{\"type\":\"string\",\"example\":\"Per?®z\"},\"device\":{\"type\":\"array\",\"items\":{\"$ref\":\"#/components/schemas/uuid\"}},\"terms_and_conditions\":{\"type\":\"boolean\",\"example\":true},\"first_name\":{\"type\":\"string\",\"example\":\"Juan\"},\"id\":{\"$ref\":\"#/components/schemas/uuid\"},\"email\":{\"type\":\"string\",\"example\":\"juanperez@gmail.com\",\"pattern\":\"^[a-z0-9._%+-]+@[a-z0-9.-]+\\\\.[a-z]{2,4}$\",\"format\":\"email\"},\"age\":{\"type\":\"integer\",\"minimum\":10,\"maximum\":120,\"example\":23,\"format\":\"int32\"}},\"required\":[\"number_document\",\"type_document\",\"email\",\"terms_and_conditions\",\"treatment_personal_data\"]},\"validations_setting\":{\"title\":\"validations_setting\",\"x-stoplight\":{\"id\":\"w9767himzy37f\"},\"type\":\"object\",\"x-examples\":{\"example-1\":{\"max_offline\":506,\"max_users_available\":30,\"max_time_offline\":8,\"time_change_qr\":\"2019-08-24T14:15:22Z\",\"time_refresh_qr\":\"2019-08-24T14:15:22Z\",\"time_available_key\":\"1day\",\"user_id\":\"550e8400-e29b-41d4-a716-446655441234\",\"wallet_id\":\"550e8400-e29b-41d4-a716-446655441234\"}},\"properties\":{\"max_offline\":{\"type\":\"integer\",\"example\":506,\"format\":\"int32\"},\"max_users_available\":{\"type\":\"integer\",\"example\":30,\"format\":\"int32\"},\"max_time_offline\":{\"type\":\"integer\",\"example\":8,\"format\":\"int32\"},\"time_change_qr\":{\"type\":\"string\",\"format\":\"date-time\",\"example\":\"2019-08-24T14:15:22Z\"},\"time_refresh_qr\":{\"type\":\"string\",\"format\":\"date-time\",\"example\":\"2019-08-24T14:15:22Z\"},\"time_available_key\":{\"type\":\"string\",\"example\":\"1day\"},\"user_id\":{\"$ref\":\"#/components/schemas/uuid\"},\"wallet_id\":{\"$ref\":\"#/components/schemas/uuid\"}},\"required\":[\"max_offline\",\"max_users_available\",\"max_time_offline\",\"time_change_qr\",\"time_refresh_qr\",\"time_available_key\",\"user_id\",\"wallet_id\"]},\"standard_paging\":{\"title\":\"standard_paging\",\"x-stoplight\":{\"id\":\"5ar7f6418g3vj\"},\"type\":\"object\",\"description\":\"\",\"properties\":{\"start\":{\"type\":\"integer\",\"format\":\"int32\",\"minimum\":0,\"example\":0,\"readOnly\":true},\"limit\":{\"type\":\"integer\",\"format\":\"int32\",\"minimum\":0,\"example\":5,\"readOnly\":true},\"total\":{\"type\":\"integer\",\"format\":\"int32\",\"minimum\":0,\"example\":20,\"readOnly\":true},\"numPages\":{\"type\":\"integer\",\"format\":\"int32\",\"minimum\":0,\"example\":1,\"readOnly\":true},\"totalPages\":{\"type\":\"integer\",\"format\":\"int32\",\"minimum\":0,\"example\":4,\"readOnly\":true},\"links\":{\"type\":\"object\",\"required\":[\"self\",\"previous\",\"next\"],\"properties\":{\"self\":{\"$ref\":\"#/components/schemas/standard_page_link\"},\"first\":{\"$ref\":\"#/components/schemas/standard_page_link\"},\"previous\":{\"$ref\":\"#/components/schemas/standard_page_link\"},\"next\":{\"$ref\":\"#/components/schemas/standard_page_link\"},\"last\":{\"$ref\":\"#/components/schemas/standard_page_link\"}}}},\"required\":[\"start\",\"limit\",\"links\"],\"x-examples\":{\"example-1\":{\"start\":0,\"limit\":5,\"total\":20,\"numPages\":1,\"totalPages\":4,\"links\":{\"self\":{\"href\":\"https://dev.example.net/api-example/v1\"},\"first\":{\"href\":\"https://dev.example.net/api-example/v1\"},\"previous\":{\"href\":\"https://dev.example.net/api-example/v1\"},\"next\":{\"href\":\"https://dev.example.net/api-example/v1\"},\"last\":{\"href\":\"https://dev.example.net/api-example/v1\"}}}}},\"device\":{\"title\":\"device\",\"x-stoplight\":{\"id\":\"5r9hmswq2dwps\"},\"type\":\"object\",\"properties\":{\"user_id\":{\"$ref\":\"#/components/schemas/uuid\"},\"device_id\":{\"$ref\":\"#/components/schemas/uuid\"}},\"x-examples\":{\"example-1\":{\"user_id\":\"550e8400-e29b-41d4-a716-446655441234\",\"device_id\":\"550e8400-e29b-41d4-a716-446655441234\"}}},\"legal\":{\"title\":\"legal\",\"x-stoplight\":{\"id\":\"sj0r9tln1gksp\"},\"type\":\"object\",\"properties\":{\"id\":{\"$ref\":\"#/components/schemas/uuid\"},\"name\":{\"type\":\"string\",\"example\":\"terms and conditions\"},\"text\":{\"type\":\"string\",\"example\":\"text of example\"}},\"required\":[\"name\",\"text\"],\"x-examples\":{\"example-1\":{\"id\":\"550e8400-e29b-41d4-a716-446655441234\",\"name\":\"terms and conditions\",\"text\":\"text of example\"}}},\"users_setting\":{\"title\":\"users_setting\",\"x-stoplight\":{\"id\":\"uws63i8b75991\"},\"type\":\"object\",\"x-examples\":{\"example-1\":{\"config\":\"example\"}},\"properties\":{\"config\":{\"type\":\"string\",\"example\":\"example\"}}},\"uuid\":{\"readOnly\":true,\"example\":\"550e8400-e29b-41d4-a716-446655441234\",\"maxLength\":36,\"pattern\":\"[0-9a-f]{8}-[0-9a-f]{4}-[0-9a-f]{4}-[0-9a-f]{4}-[0-9a-f]{12}\",\"format\":\"uuid\",\"title\":\"uuid\",\"minLength\":36,\"type\":\"string\",\"description\":\"uuid standard\",\"x-examples\":{\"example-1\":\"550e8400-e29b-41d4-a716-446655441234\"},\"x-stoplight\":{\"id\":\"nssrgts7weka9\"}},\"faqs\":{\"title\":\"faqs\",\"x-stoplight\":{\"id\":\"pckopitvo2erg\"},\"type\":\"object\",\"properties\":{\"id\":{\"$ref\":\"#/components/schemas/uuid\"},\"question\":{\"type\":\"string\",\"example\":\"fisrt question?\"},\"answer\":{\"type\":\"string\",\"example\":\"response\"}},\"required\":[\"question\",\"answer\"],\"x-examples\":{\"example-1\":{\"id\":\"550e8400-e29b-41d4-a716-446655441234\",\"question\":\"fisrt question?\",\"answer\":\"response\"}}},\"validate_tickets\":{\"title\":\"validate_tickets\",\"x-stoplight\":{\"id\":\"2qezncb1sxo0t\"},\"type\":\"object\",\"properties\":{\"status\":{\"type\":\"string\",\"example\":\"success\"},\"qr\":{\"$ref\":\"#/components/schemas/qr\"}},\"required\":[\"status\",\"qr\"],\"x-examples\":{\"example-1\":{\"status\":\"success\",\"qr\":{\"id\":\"550e8400-e29b-41d4-a716-446655441234\",\"data\":\"string\"}}}}},\"responses\":{\"standard_response_created\":{\"description\":\"Example response\",\"content\":{\"application/json\":{\"schema\":{\"type\":\"object\",\"properties\":{\"data\":{\"$ref\":\"#/components/schemas/uuid\"}}},\"examples\":{\"example-1\":{\"value\":{\"data\":\"550e8400-e29b-41d4-a716-446655441234\"}}}}},\"headers\":{\"location\":{\"schema\":{\"type\":\"string\"},\"description\":\"www.example.com/uuid\"},\"X-Trace-ID\":{\"schema\":{\"type\":\"string\"},\"description\":\"Trace ID to track the request through the system\"},\"X-Request-ID\":{\"schema\":{\"type\":\"string\"},\"description\":\"Request ID to track the request through the system\"}}},\"response_400\":{\"description\":\"Example response\",\"content\":{\"application/json\":{\"schema\":{\"type\":\"object\",\"properties\":{\"errors\":{\"type\":\"array\",\"items\":{\"$ref\":\"#/components/schemas/standard_error\"}}}},\"examples\":{\"example-1\":{\"value\":{\"errors\":[{\"code\":400,\"message\":\"Bad Request\"}]}}}}},\"headers\":{\"X-Trace-ID\":{\"schema\":{\"type\":\"string\"},\"description\":\"Trace ID to track the request through the system\"},\"X-Request-ID\":{\"schema\":{\"type\":\"string\"},\"description\":\"Request ID to track the request through the system\"}}},\"response_401\":{\"description\":\"Example response\",\"content\":{\"application/json\":{\"schema\":{\"type\":\"object\",\"properties\":{\"errors\":{\"type\":\"array\",\"items\":{\"$ref\":\"#/components/schemas/standard_error\"}}}},\"examples\":{\"example-1\":{\"value\":{\"errors\":[{\"code\":401,\"message\":\"Unauthorized\"}]}}}}},\"headers\":{\"X-Trace-ID\":{\"schema\":{\"type\":\"string\"},\"description\":\"Trace ID to track the request through the system\"},\"X-Request-ID\":{\"schema\":{\"type\":\"string\"},\"description\":\"Request ID to track the request through the system\"}}},\"standard_response_no_content\":{\"description\":\"Example response\",\"headers\":{\"X-Trace-ID\":{\"schema\":{\"type\":\"string\"},\"description\":\"Trace ID to track the request through the system\"},\"X-Request-ID\":{\"schema\":{\"type\":\"string\"},\"description\":\"Request ID to track the request through the system\"}}},\"response_500\":{\"description\":\"Example response\",\"content\":{\"application/json\":{\"schema\":{\"type\":\"object\",\"properties\":{\"errors\":{\"type\":\"array\",\"items\":{\"$ref\":\"#/components/schemas/standard_error\"}}}},\"examples\":{\"example-1\":{\"value\":{\"errors\":[{\"code\":500,\"message\":\"Internal Server Error\"}]}}}}},\"headers\":{\"X-Trace-ID\":{\"schema\":{\"type\":\"string\"},\"description\":\"Trace ID to track the request through the system\"},\"X-Request-ID\":{\"schema\":{\"type\":\"string\"},\"description\":\"Request ID to track the request through the system\"}}},\"response_403\":{\"description\":\"Example response\",\"content\":{\"application/json\":{\"schema\":{\"type\":\"object\",\"properties\":{\"errors\":{\"type\":\"array\",\"items\":{\"$ref\":\"#/components/schemas/standard_error\"}}}},\"examples\":{\"example-1\":{\"value\":{\"errors\":[{\"code\":403,\"message\":\"Forbidden\"}]}}}}},\"headers\":{\"X-Trace-ID\":{\"schema\":{\"type\":\"string\"},\"description\":\"Trace ID to track the request through the system\"},\"X-Request-ID\":{\"schema\":{\"type\":\"string\"},\"description\":\"Request ID to track the request through the system\"}}},\"response_404\":{\"description\":\"Example response\",\"content\":{\"application/json\":{\"schema\":{\"type\":\"object\",\"properties\":{\"errors\":{\"type\":\"array\",\"items\":{\"$ref\":\"#/components/schemas/standard_error\"}}}},\"examples\":{\"example-1\":{\"value\":{\"errors\":[{\"code\":404,\"message\":\"Not Found\"}]}}}}},\"headers\":{\"X-Trace-ID\":{\"schema\":{\"type\":\"string\"},\"description\":\"Trace ID to track the request through the system\"},\"X-Request-ID\":{\"schema\":{\"type\":\"string\"},\"description\":\"Request ID to track the request through the system\"}}},\"response_415\":{\"description\":\"Example response\",\"content\":{\"application/json\":{\"schema\":{\"type\":\"object\",\"properties\":{\"errors\":{\"type\":\"array\",\"items\":{\"$ref\":\"#/components/schemas/standard_error\"}}}},\"examples\":{\"example-1\":{\"value\":{\"errors\":[{\"code\":415,\"message\":\"Unsupported Media Type\"}]}}}}},\"headers\":{\"X-Trace-ID\":{\"schema\":{\"type\":\"string\"},\"description\":\"Trace ID to track the request through the system\"},\"X-Request-ID\":{\"schema\":{\"type\":\"string\"},\"description\":\"Request ID to track the request through the system\"}}},\"response_503\":{\"description\":\"Example response\",\"content\":{\"application/json\":{\"schema\":{\"type\":\"object\",\"properties\":{\"errors\":{\"type\":\"array\",\"items\":{\"$ref\":\"#/components/schemas/standard_error\"}}}},\"examples\":{\"example-1\":{\"value\":{\"errors\":[{\"code\":503,\"message\":\"Service Unavailable\"}]}}}}},\"headers\":{\"X-Trace-ID\":{\"schema\":{\"type\":\"string\"},\"description\":\"Trace ID to track the request through the system\"},\"X-Request-ID\":{\"schema\":{\"type\":\"string\"},\"description\":\"Request ID to track the request through the system\"}}},\"response_405\":{\"description\":\"Example response\",\"content\":{\"application/json\":{\"schema\":{\"type\":\"object\",\"properties\":{\"errors\":{\"type\":\"array\",\"items\":{\"$ref\":\"#/components/schemas/standard_error\"}}}},\"examples\":{\"example-1\":{\"value\":{\"errors\":[{\"code\":405,\"message\":\"Method Not Allowed\"}]}}}}},\"headers\":{\"X-Trace-ID\":{\"schema\":{\"type\":\"string\"},\"description\":\"Trace ID to track the request through the system\"},\"X-Request-ID\":{\"schema\":{\"type\":\"string\"},\"description\":\"Request ID to track the request through the system\"}}}},\"parameters\":{\"Oauth\":{\"name\":\"Oauth\",\"in\":\"header\",\"required\":true,\"schema\":{\"type\":\"string\",\"example\":\"Bearer token\"},\"description\":\"Bearer token\"},\"init\":{\"name\":\"$init\",\"in\":\"query\",\"required\":false,\"schema\":{\"type\":\"integer\",\"format\":\"int32\",\"minimum\":0,\"example\":1},\"description\":\"Initial record to be shown in the list. * Minimum value: 1* Maximum value: Total of records\"},\"limit\":{\"name\":\"$limit\",\"in\":\"query\",\"required\":false,\"schema\":{\"type\":\"integer\",\"format\":\"int32\",\"example\":20,\"minimum\":1},\"description\":\"Maximum number of records per page.* Minimum value: 1* Maximum value: 250\"},\"total\":{\"name\":\"$total\",\"in\":\"query\",\"schema\":{\"type\":\"integer\",\"format\":\"int32\",\"example\":10,\"minimum\":1},\"description\":\"Indicates whether the _total_ and _total_pages_ attributes should be calculated and returned in the _metadata.paging_ object of the standard response.\"},\"apikey\":{\"name\":\"apikey\",\"in\":\"header\",\"schema\":{\"type\":\"string\",\"example\":\"jBX3uWCR1XTUFWq62RQl8TZZNOPtAqHB\"},\"description\":\"key apikey\",\"required\":true}},\"requestBodies\":{},\"examples\":{}},\"tags\":[{\"name\":\"faqs\",\"description\":\"Operations and resources related to faqs\"},{\"name\":\"legal\",\"description\":\"Operations and resources related to legal\"},{\"name\":\"notifications\",\"description\":\"Operations and resources related to notifications\"},{\"name\":\"status_server\",\"description\":\"Operations and resources related to status_server\"},{\"name\":\"users\",\"description\":\"Operations and resources related to users\"},{\"name\":\"validations\",\"description\":\"Operations and resources related to validations\"}]}',NULL,'api-qr-payments');
/*!40000 ALTER TABLE `sura_library_apis` ENABLE KEYS */;
UNLOCK TABLES;

--
-- Table structure for table `sura_library_apis_components`
--

DROP TABLE IF EXISTS `sura_library_apis_components`;
/*!40101 SET @saved_cs_client     = @@character_set_client */;
/*!40101 SET character_set_client = utf8 */;
CREATE TABLE `sura_library_apis_components` (
  `id` int(10) unsigned NOT NULL AUTO_INCREMENT,
  `field` varchar(255) NOT NULL,
  `order` int(10) unsigned NOT NULL,
  `component_type` varchar(255) NOT NULL,
  `component_id` int(11) NOT NULL,
  `sura_library_api_id` int(10) unsigned NOT NULL,
  PRIMARY KEY (`id`),
  KEY `sura_library_api_id_fk` (`sura_library_api_id`),
  CONSTRAINT `sura_library_api_id_fk` FOREIGN KEY (`sura_library_api_id`) REFERENCES `sura_library_apis` (`id`) ON DELETE CASCADE
) ENGINE=InnoDB AUTO_INCREMENT=54 DEFAULT CHARSET=latin1;
/*!40101 SET character_set_client = @saved_cs_client */;

--
-- Dumping data for table `sura_library_apis_components`
--

LOCK TABLES `sura_library_apis_components` WRITE;
/*!40000 ALTER TABLE `sura_library_apis_components` DISABLE KEYS */;
INSERT INTO `sura_library_apis_components` VALUES (4,'buttons',1,'components_links_simple_buttons',17,1),(5,'buttons',2,'components_links_simple_buttons',18,1),(6,'benefits',1,'components_home_work_sections',71,1),(9,'buttons',1,'components_links_simple_buttons',19,2),(10,'buttons',2,'components_links_simple_buttons',20,2),(11,'benefits',1,'components_home_work_sections',72,2),(12,'tags',1,'components_elements_titles',23,1),(13,'tags',2,'components_elements_titles',24,1),(14,'tags',1,'components_elements_titles',25,2),(15,'tags',2,'components_elements_titles',26,2),(16,'buttons',1,'components_links_simple_buttons',21,3),(17,'buttons',2,'components_links_simple_buttons',22,3),(18,'benefits',1,'components_home_work_sections',73,3),(19,'tags',1,'components_elements_titles',27,3),(20,'tags',2,'components_elements_titles',28,3),(21,'buttons',1,'components_links_simple_buttons',23,4),(22,'benefits',1,'components_home_work_sections',74,4),(23,'tags',1,'components_elements_titles',29,4),(24,'tags',2,'components_elements_titles',30,4),(25,'tags',3,'components_elements_titles',31,4),(26,'buttons',1,'components_links_simple_buttons',24,5),(27,'benefits',1,'components_home_work_sections',75,5),(28,'tags',1,'components_elements_titles',32,5),(29,'tags',2,'components_elements_titles',33,5),(30,'tags',3,'components_elements_titles',34,5),(31,'buttons',1,'components_links_simple_buttons',25,6),(32,'benefits',1,'components_home_work_sections',76,6),(33,'tags',1,'components_elements_titles',35,6),(34,'tags',2,'components_elements_titles',36,6),(35,'tags',3,'components_elements_titles',37,6),(36,'buttons',1,'components_links_simple_buttons',26,7),(37,'benefits',1,'components_home_work_sections',77,7),(38,'tags',1,'components_elements_titles',38,7),(39,'tags',2,'components_elements_titles',39,7),(40,'buttons',1,'components_links_simple_buttons',27,8),(41,'benefits',1,'components_home_work_sections',78,8),(42,'tags',1,'components_elements_titles',40,8),(43,'tags',2,'components_elements_titles',41,8),(44,'buttons',1,'components_links_simple_buttons',28,9),(45,'buttons',2,'components_links_simple_buttons',29,9),(46,'benefits',1,'components_home_work_sections',79,9),(47,'tags',1,'components_elements_titles',42,9),(48,'tags',2,'components_elements_titles',43,9),(49,'buttons',1,'components_links_simple_buttons',30,10),(50,'buttons',2,'components_links_simple_buttons',31,10),(51,'benefits',1,'components_home_work_sections',80,10),(52,'tags',1,'components_elements_titles',44,10),(53,'tags',2,'components_elements_titles',45,10);
/*!40000 ALTER TABLE `sura_library_apis_components` ENABLE KEYS */;
UNLOCK TABLES;

--
-- Table structure for table `susbscriptions`
--

DROP TABLE IF EXISTS `susbscriptions`;
/*!40101 SET @saved_cs_client     = @@character_set_client */;
/*!40101 SET character_set_client = utf8 */;
CREATE TABLE `susbscriptions` (
  `id` int(10) unsigned NOT NULL AUTO_INCREMENT,
  `name` varchar(255) DEFAULT NULL,
  `created_by` int(11) DEFAULT NULL,
  `updated_by` int(11) DEFAULT NULL,
  `created_at` timestamp NULL DEFAULT CURRENT_TIMESTAMP,
  `updated_at` timestamp NULL DEFAULT CURRENT_TIMESTAMP,
  PRIMARY KEY (`id`)
) ENGINE=InnoDB DEFAULT CHARSET=utf8;
/*!40101 SET character_set_client = @saved_cs_client */;

--
-- Dumping data for table `susbscriptions`
--

LOCK TABLES `susbscriptions` WRITE;
/*!40000 ALTER TABLE `susbscriptions` DISABLE KEYS */;
/*!40000 ALTER TABLE `susbscriptions` ENABLE KEYS */;
UNLOCK TABLES;

--
-- Table structure for table `tags`
--

DROP TABLE IF EXISTS `tags`;
/*!40101 SET @saved_cs_client     = @@character_set_client */;
/*!40101 SET character_set_client = utf8 */;
CREATE TABLE `tags` (
  `id` int(10) unsigned NOT NULL AUTO_INCREMENT,
  `title` varchar(255) DEFAULT NULL,
  `description` varchar(255) DEFAULT NULL,
  `published_at` datetime DEFAULT NULL,
  `created_by` int(11) DEFAULT NULL,
  `updated_by` int(11) DEFAULT NULL,
  `created_at` timestamp NULL DEFAULT CURRENT_TIMESTAMP,
  `updated_at` timestamp NULL DEFAULT CURRENT_TIMESTAMP,
  `category_tag` int(11) DEFAULT NULL,
  `developer_guide` int(11) DEFAULT NULL,
  `locale` varchar(255) DEFAULT NULL,
  PRIMARY KEY (`id`)
) ENGINE=InnoDB AUTO_INCREMENT=11 DEFAULT CHARSET=utf8;
/*!40101 SET character_set_client = @saved_cs_client */;

--
-- Dumping data for table `tags`
--

LOCK TABLES `tags` WRITE;
/*!40000 ALTER TABLE `tags` DISABLE KEYS */;
INSERT INTO `tags` VALUES (2,'Vehicular',NULL,'2021-05-21 15:44:05',1,6,'2021-05-21 15:43:07','2021-08-20 10:41:06',2,NULL,'en'),(7,'IoT',NULL,'2021-10-06 04:12:11',3,3,'2021-10-06 04:09:15','2021-10-06 04:12:12',NULL,NULL,'en'),(8,'Agile',NULL,'2021-10-06 04:18:22',3,3,'2021-10-06 04:18:20','2021-10-06 04:18:22',NULL,NULL,'en'),(9,'APIs',NULL,'2021-10-06 04:22:10',3,3,'2021-10-06 04:22:08','2021-10-06 04:22:10',NULL,NULL,'en'),(10,'DevSecOps',NULL,'2021-10-06 04:37:48',3,3,'2021-10-06 04:37:40','2021-10-06 04:37:48',NULL,NULL,'en');
/*!40000 ALTER TABLE `tags` ENABLE KEYS */;
UNLOCK TABLES;

--
-- Table structure for table `tags__localizations`
--

DROP TABLE IF EXISTS `tags__localizations`;
/*!40101 SET @saved_cs_client     = @@character_set_client */;
/*!40101 SET character_set_client = utf8 */;
CREATE TABLE `tags__localizations` (
  `id` int(10) unsigned NOT NULL AUTO_INCREMENT,
  `tag_id` int(11) DEFAULT NULL,
  `related_tag_id` int(11) DEFAULT NULL,
  PRIMARY KEY (`id`)
) ENGINE=InnoDB DEFAULT CHARSET=utf8;
/*!40101 SET character_set_client = @saved_cs_client */;

--
-- Dumping data for table `tags__localizations`
--

LOCK TABLES `tags__localizations` WRITE;
/*!40000 ALTER TABLE `tags__localizations` DISABLE KEYS */;
/*!40000 ALTER TABLE `tags__localizations` ENABLE KEYS */;
UNLOCK TABLES;

--
-- Table structure for table `tags_posts__updates_tags`
--

DROP TABLE IF EXISTS `tags_posts__updates_tags`;
/*!40101 SET @saved_cs_client     = @@character_set_client */;
/*!40101 SET character_set_client = utf8 */;
CREATE TABLE `tags_posts__updates_tags` (
  `id` int(10) unsigned NOT NULL AUTO_INCREMENT,
  `update_id` int(11) DEFAULT NULL,
  `tag_id` int(11) DEFAULT NULL,
  PRIMARY KEY (`id`)
) ENGINE=InnoDB AUTO_INCREMENT=50 DEFAULT CHARSET=utf8;
/*!40101 SET character_set_client = @saved_cs_client */;

--
-- Dumping data for table `tags_posts__updates_tags`
--

LOCK TABLES `tags_posts__updates_tags` WRITE;
/*!40000 ALTER TABLE `tags_posts__updates_tags` DISABLE KEYS */;
INSERT INTO `tags_posts__updates_tags` VALUES (8,4,2),(34,13,2),(38,14,2),(49,18,2);
/*!40000 ALTER TABLE `tags_posts__updates_tags` ENABLE KEYS */;
UNLOCK TABLES;

--
-- Table structure for table `tests`
--

DROP TABLE IF EXISTS `tests`;
/*!40101 SET @saved_cs_client     = @@character_set_client */;
/*!40101 SET character_set_client = utf8 */;
CREATE TABLE `tests` (
  `id` int(10) unsigned NOT NULL AUTO_INCREMENT,
  `nameTest` varchar(255) DEFAULT NULL,
  `contentTest` longtext,
  `published_at` datetime DEFAULT NULL,
  `created_by` int(11) DEFAULT NULL,
  `updated_by` int(11) DEFAULT NULL,
  `created_at` timestamp NULL DEFAULT CURRENT_TIMESTAMP,
  `updated_at` timestamp NULL DEFAULT CURRENT_TIMESTAMP,
  PRIMARY KEY (`id`)
) ENGINE=InnoDB AUTO_INCREMENT=2 DEFAULT CHARSET=utf8;
/*!40101 SET character_set_client = @saved_cs_client */;

--
-- Dumping data for table `tests`
--

LOCK TABLES `tests` WRITE;
/*!40000 ALTER TABLE `tests` DISABLE KEYS */;
INSERT INTO `tests` VALUES (1,'First Name','Primer test content','2022-01-12 18:40:27',13,13,'2022-01-12 18:39:41','2022-01-19 13:41:02');
/*!40000 ALTER TABLE `tests` ENABLE KEYS */;
UNLOCK TABLES;

--
-- Table structure for table `tests_components`
--

DROP TABLE IF EXISTS `tests_components`;
/*!40101 SET @saved_cs_client     = @@character_set_client */;
/*!40101 SET character_set_client = utf8 */;
CREATE TABLE `tests_components` (
  `id` int(10) unsigned NOT NULL AUTO_INCREMENT,
  `field` varchar(255) NOT NULL,
  `order` int(10) unsigned NOT NULL,
  `component_type` varchar(255) NOT NULL,
  `component_id` int(11) NOT NULL,
  `test_id` int(10) unsigned NOT NULL,
  PRIMARY KEY (`id`),
  KEY `test_id_fk` (`test_id`),
  CONSTRAINT `test_id_fk` FOREIGN KEY (`test_id`) REFERENCES `tests` (`id`) ON DELETE CASCADE
) ENGINE=InnoDB DEFAULT CHARSET=utf8;
/*!40101 SET character_set_client = @saved_cs_client */;

--
-- Dumping data for table `tests_components`
--

LOCK TABLES `tests_components` WRITE;
/*!40000 ALTER TABLE `tests_components` DISABLE KEYS */;
/*!40000 ALTER TABLE `tests_components` ENABLE KEYS */;
UNLOCK TABLES;

--
-- Table structure for table `updates`
--

DROP TABLE IF EXISTS `updates`;
/*!40101 SET @saved_cs_client     = @@character_set_client */;
/*!40101 SET character_set_client = utf8 */;
CREATE TABLE `updates` (
  `id` int(10) unsigned NOT NULL AUTO_INCREMENT,
  `title` varchar(255) DEFAULT NULL,
  `subtitle` varchar(255) DEFAULT NULL,
  `published_at` datetime DEFAULT NULL,
  `created_by` int(11) DEFAULT NULL,
  `updated_by` int(11) DEFAULT NULL,
  `created_at` timestamp NULL DEFAULT CURRENT_TIMESTAMP,
  `updated_at` timestamp NULL DEFAULT CURRENT_TIMESTAMP,
  `category_post` int(11) DEFAULT NULL,
  `isPublicCoverVisible` tinyint(1) DEFAULT NULL,
  `isPrivateCoverVisible` tinyint(1) DEFAULT NULL,
  `isPrivateGeneralVisible` tinyint(1) DEFAULT NULL,
  `isPublicGeneralVisible` tinyint(1) DEFAULT NULL,
  `isPublicGeneralPopularVisible` tinyint(1) DEFAULT NULL,
  `isHighlighted` tinyint(1) DEFAULT NULL,
  `shortDescription` varchar(255) DEFAULT NULL,
  `longDescription` longtext,
  `readingTime` varchar(255) DEFAULT NULL,
  `publicationDate` datetime DEFAULT NULL,
  `content` longtext,
  `url` varchar(255) DEFAULT NULL,
  `author` int(11) DEFAULT NULL,
  `isPopular` tinyint(1) DEFAULT NULL,
  `order` bigint(20) DEFAULT NULL,
  PRIMARY KEY (`id`),
  UNIQUE KEY `updates_url_unique` (`url`),
  UNIQUE KEY `updates_order_unique` (`order`)
) ENGINE=InnoDB AUTO_INCREMENT=19 DEFAULT CHARSET=utf8;
/*!40101 SET character_set_client = @saved_cs_client */;

--
-- Dumping data for table `updates`
--

LOCK TABLES `updates` WRITE;
/*!40000 ALTER TABLE `updates` DISABLE KEYS */;
INSERT INTO `updates` VALUES (4,'El papel del Cloud en la transformaci├│n digital de los seguros','Donec pharetra massa a feugiat viverra.','2022-01-31 15:58:33',1,1,'2021-04-21 02:10:57','2022-01-31 15:58:33',NULL,0,1,1,1,NULL,NULL,'Conoce nuestras APIs de auto flexible.','Conoce nuestras APIs de auto flexible. Conoce nuestras APIs de auto flexible. Conoce nuestras APIs de auto flexible.','Lectura de 5 min.','2021-06-10 17:00:00','![img-2 1 (3)](https://pre-strapi.cloudappi.net/uploads/img_2_1_3_4a4b6eb0aa.svg)\n\n\n### DDD como filosof├¡a de empresa. DEMO\n\n##### In egestas blandit felis id porttitor. Mauris vel nibh ex. Integer iaculis placerat nunc, in ultricies nunc dignissim eu. Proin eros elit, aliquet nec magna ornare, luctus posuere lacus. Proin placerat viverra lacus at dignissim. In egestas blandit felis id porttitor. Mauris vel nibh ex. Integer iaculis placerat nunc, in ultricies nunc dignissim eu. Proin eros elit, aliquet nec magna ornare, luctus posuere lacus. Proin placerat viverra lacus at dignissim. \n\n![img-2 1 (3)](https://pre-strapi.cloudappi.net/uploads/img_2_1_3_4a4b6eb0aa.svg)\n\n### ┬┐Qu├® beneficios tienen las APIs de auto flexible?\n\nIn egestas blandit felis id porttitor. Mauris vel nibh ex. Integer iaculis placerat nunc, in ultricies nunc dignissim eu. Proin eros elit, aliquet nec magna ornare, luctus posuere lacus. Proin eros elit, aliquet nec magna ornare, luctus posuere lacus. Proin placerat viverra lacus presenta: \n\n     ÔÇó  In egestas blandit felis id porttitor. \n     ÔÇó  Felis id porttitor. \n     ÔÇó  Luctus posuere lacus. \n     ÔÇó  Proin eros elit, aliquet nec magna ornare','conoce-nuestras-ap-is-de-auto-flexible-1',8,NULL,NULL),(13,'Por qu├® adoptar Serverless en nuestros proyectos','Donec pharetra massa a feugiat viverra.',NULL,1,1,'2021-06-11 18:11:56','2022-01-31 15:53:19',NULL,0,0,1,1,1,NULL,' Proin placerat viverra lacus at dignissim. In egestas blandit felis id porttitor.',' Proin placerat viverra lacus at dignissim. In egestas blandit felis id porttitor.  Proin placerat viverra lacus at dignissim. In egestas blandit felis id porttitor.','Lectura de 5 min.','2021-06-17 17:00:00','![img-2 1 (3)](https://pre-strapi.cloudappi.net/uploads/img_2_1_3_4a4b6eb0aa.svg)\n\n\n### DDD como filosof├¡a de empresa. DEMO\n\n##### In egestas blandit felis id porttitor. Mauris vel nibh ex. Integer iaculis placerat nunc, in ultricies nunc dignissim eu. Proin eros elit, aliquet nec magna ornare, luctus posuere lacus. Proin placerat viverra lacus at dignissim. In egestas blandit felis id porttitor. Mauris vel nibh ex. Integer iaculis placerat nunc, in ultricies nunc dignissim eu. Proin eros elit, aliquet nec magna ornare, luctus posuere lacus. Proin placerat viverra lacus at dignissim. \n\n![img-2 1 (3)](https://pre-strapi.cloudappi.net/uploads/img_2_1_3_4a4b6eb0aa.svg)\n\n### ┬┐Qu├® beneficios tienen las APIs de auto flexible?\n\nIn egestas blandit felis id porttitor. Mauris vel nibh ex. Integer iaculis placerat nunc, in ultricies nunc dignissim eu. Proin eros elit, aliquet nec magna ornare, luctus posuere lacus. Proin eros elit, aliquet nec magna ornare, luctus posuere lacus. Proin placerat viverra lacus presenta: \n\n     ÔÇó  In egestas blandit felis id porttitor. \n     ÔÇó  Felis id porttitor. \n     ÔÇó  Luctus posuere lacus. \n     ÔÇó  Proin eros elit, aliquet nec magna ornare','api-owner-7',8,NULL,NULL),(14,'Las p├│lizas por uso que revolucionan el sector asegurador en Per├║ ','Donec pharetra massa a feugiat viverra.','2022-01-31 15:58:44',1,1,'2021-06-11 18:12:21','2022-01-31 16:00:35',NULL,0,0,1,1,NULL,NULL,'Conoce nuestras APIs de auto flexible.','Conoce nuestras APIs de auto flexible. Conoce nuestras APIs de auto flexible. Conoce nuestras APIs de auto flexible...','Lectura de 5 min.','2021-06-10 17:00:00','![img-2 1 (3)](https://pre-strapi.cloudappi.net/uploads/img_2_1_3_4a4b6eb0aa.svg)\n\n\n### DDD como filosof├¡a de empresa. DEMO\n\n##### In egestas blandit felis id porttitor. Mauris vel nibh ex. Integer iaculis placerat nunc, in ultricies nunc dignissim eu. Proin eros elit, aliquet nec magna ornare, luctus posuere lacus. Proin placerat viverra lacus at dignissim. In egestas blandit felis id porttitor. Mauris vel nibh ex. Integer iaculis placerat nunc, in ultricies nunc dignissim eu. Proin eros elit, aliquet nec magna ornare, luctus posuere lacus. Proin placerat viverra lacus at dignissim. \n\n![img-2 1 (3)](https://pre-strapi.cloudappi.net/uploads/img_2_1_3_4a4b6eb0aa.svg)\n\n### ┬┐Qu├® beneficios tienen las APIs de auto flexible?\n\nIn egestas blandit felis id porttitor. Mauris vel nibh ex. Integer iaculis placerat nunc, in ultricies nunc dignissim eu. Proin eros elit, aliquet nec magna ornare, luctus posuere lacus. Proin eros elit, aliquet nec magna ornare, luctus posuere lacus. Proin placerat viverra lacus presenta: \n\n     ÔÇó  In egestas blandit felis id porttitor. \n     ÔÇó  Felis id porttitor. \n     ÔÇó  Luctus posuere lacus. \n     ÔÇó  Proin eros elit, aliquet nec magna ornare','2-conoce-nuestras-ap-is-de-auto-flexible',8,1,NULL),(18,'El chatbot que ayuda a proteger lo que m├ís importa','Donec pharetra massa a feugiat viverra.',NULL,1,6,'2021-06-11 18:14:15','2021-10-04 19:44:52',NULL,0,0,1,1,1,1,'ThisDonec pharetra massa a feugiat viverra.','In egestas blandit felis id porttitor. Mauris vel nibh ex. Integer iaculis placerat nunc, in ultricies nunc dignissim eu. Proin eros elit, aliquet nec magna ornare, luctus posuere lacus. Proin placerat viverra lacus at dignissim.','Lectura de 5 min.','2021-06-04 17:00:00','### ┬┐Qu├® no es Serverlesshhh?\n\nPrueba In egestas blandit felis id porttitor. Mauris vel nibh ex. Integer iaculis placerat nunc, in ultricies nunc dignissim eu. Proin eros elit, aliquet nec magna ornare, luctus posuere lacus. Proin placerat viverra lacus at dignissim. In egestas blandit felis id porttitor. Mauris vel nibh ex. Integer iaculis placerat nunc, in ultricies nunc dignissim eu. Proin eros elit, aliquet nec magna ornare, luctus posuere lacus. Proin placerat viverra lacus at dignissim. \n\n![img-2 1 (3)](https://pre-strapi.cloudappi.net/uploads/img_2_1_3_4a4b6eb0aa.svg)\n\n### ┬┐Qu├® beneficios tienen las APIs de auto flexible?\n\nIn egestas blandit felis id porttitor. Mauris vel nibh ex. Integer iaculis placerat nunc, in ultricies nunc dignissim eu. Proin eros elit, aliquet nec magna ornare, luctus posuere lacus. Proin eros elit, aliquet nec magna ornare, luctus posuere lacus. Proin placerat viverra lacus presenta: \n\n     ÔÇó  In egestas blandit felis id porttitor. \n     ÔÇó  Felis id porttitor. \n     ÔÇó  Luctus posuere lacus. \n     ÔÇó  Proin eros elit, aliquet nec magna ornare\n------\n\n```json\n{\n  \"firstName\": \"John\",\n  \"lastName\": \"Smith\",\n  \"age\": 25\n}\n```','2-que-es-serverless-ttt',1,1,NULL);
/*!40000 ALTER TABLE `updates` ENABLE KEYS */;
UNLOCK TABLES;

--
-- Table structure for table `updates__category_tags`
--

DROP TABLE IF EXISTS `updates__category_tags`;
/*!40101 SET @saved_cs_client     = @@character_set_client */;
/*!40101 SET character_set_client = utf8 */;
CREATE TABLE `updates__category_tags` (
  `id` int(10) unsigned NOT NULL AUTO_INCREMENT,
  `update_id` int(11) DEFAULT NULL,
  `category-tag_id` int(11) DEFAULT NULL,
  PRIMARY KEY (`id`)
) ENGINE=InnoDB DEFAULT CHARSET=utf8;
/*!40101 SET character_set_client = @saved_cs_client */;

--
-- Dumping data for table `updates__category_tags`
--

LOCK TABLES `updates__category_tags` WRITE;
/*!40000 ALTER TABLE `updates__category_tags` DISABLE KEYS */;
/*!40000 ALTER TABLE `updates__category_tags` ENABLE KEYS */;
UNLOCK TABLES;

--
-- Table structure for table `updates__tags`
--

DROP TABLE IF EXISTS `updates__tags`;
/*!40101 SET @saved_cs_client     = @@character_set_client */;
/*!40101 SET character_set_client = utf8 */;
CREATE TABLE `updates__tags` (
  `id` int(10) unsigned NOT NULL AUTO_INCREMENT,
  `update_id` int(11) DEFAULT NULL,
  `tag_id` int(11) DEFAULT NULL,
  PRIMARY KEY (`id`)
) ENGINE=InnoDB AUTO_INCREMENT=2 DEFAULT CHARSET=utf8;
/*!40101 SET character_set_client = @saved_cs_client */;

--
-- Dumping data for table `updates__tags`
--

LOCK TABLES `updates__tags` WRITE;
/*!40000 ALTER TABLE `updates__tags` DISABLE KEYS */;
INSERT INTO `updates__tags` VALUES (1,1,1);
/*!40000 ALTER TABLE `updates__tags` ENABLE KEYS */;
UNLOCK TABLES;

--
-- Table structure for table `updates_components`
--

DROP TABLE IF EXISTS `updates_components`;
/*!40101 SET @saved_cs_client     = @@character_set_client */;
/*!40101 SET character_set_client = utf8 */;
CREATE TABLE `updates_components` (
  `id` int(10) unsigned NOT NULL AUTO_INCREMENT,
  `field` varchar(255) NOT NULL,
  `order` int(10) unsigned NOT NULL,
  `component_type` varchar(255) NOT NULL,
  `component_id` int(11) NOT NULL,
  `update_id` int(10) unsigned NOT NULL,
  PRIMARY KEY (`id`),
  KEY `update_id_fk` (`update_id`),
  CONSTRAINT `update_id_fk` FOREIGN KEY (`update_id`) REFERENCES `updates` (`id`) ON DELETE CASCADE
) ENGINE=InnoDB AUTO_INCREMENT=116 DEFAULT CHARSET=utf8;
/*!40101 SET character_set_client = @saved_cs_client */;

--
-- Dumping data for table `updates_components`
--

LOCK TABLES `updates_components` WRITE;
/*!40000 ALTER TABLE `updates_components` DISABLE KEYS */;
INSERT INTO `updates_components` VALUES (10,'summaryGeneral',1,'components_elements_containers',28,4),(11,'summaryCover',1,'components_sections_summaries',32,4),(12,'entriesList',1,'components_sections_entries_lists',7,4),(38,'summaryGeneral',1,'components_elements_containers',42,13),(39,'summaryCover',1,'components_sections_summaries',59,13),(40,'entriesList',1,'components_sections_entries_lists',17,13),(41,'summaryGeneral',1,'components_elements_containers',43,14),(42,'summaryCover',1,'components_sections_summaries',60,14),(43,'entriesList',1,'components_sections_entries_lists',18,14),(53,'summaryGeneral',1,'components_elements_containers',47,18),(54,'summaryCover',1,'components_sections_summaries',64,18),(55,'entriesList',1,'components_sections_entries_lists',22,18),(107,'shareIn',1,'components_sections_social_networks',1,14),(115,'sharing',1,'components_elements_social_networks',9,4);
/*!40000 ALTER TABLE `updates_components` ENABLE KEYS */;
UNLOCK TABLES;

--
-- Table structure for table `upload_file`
--

DROP TABLE IF EXISTS `upload_file`;
/*!40101 SET @saved_cs_client     = @@character_set_client */;
/*!40101 SET character_set_client = utf8 */;
CREATE TABLE `upload_file` (
  `id` int(10) unsigned NOT NULL AUTO_INCREMENT,
  `name` varchar(255) NOT NULL,
  `alternativeText` varchar(255) DEFAULT NULL,
  `caption` varchar(255) DEFAULT NULL,
  `width` int(11) DEFAULT NULL,
  `height` int(11) DEFAULT NULL,
  `formats` longtext,
  `hash` varchar(255) NOT NULL,
  `ext` varchar(255) DEFAULT NULL,
  `mime` varchar(255) NOT NULL,
  `size` decimal(10,2) NOT NULL,
  `url` varchar(255) NOT NULL,
  `previewUrl` varchar(255) DEFAULT NULL,
  `provider` varchar(255) NOT NULL,
  `provider_metadata` longtext,
  `created_by` int(11) DEFAULT NULL,
  `updated_by` int(11) DEFAULT NULL,
  `created_at` timestamp NULL DEFAULT CURRENT_TIMESTAMP,
  `updated_at` timestamp NULL DEFAULT CURRENT_TIMESTAMP,
  PRIMARY KEY (`id`)
) ENGINE=InnoDB AUTO_INCREMENT=552 DEFAULT CHARSET=utf8;
/*!40101 SET character_set_client = @saved_cs_client */;

--
-- Dumping data for table `upload_file`
--

LOCK TABLES `upload_file` WRITE;
/*!40000 ALTER TABLE `upload_file` DISABLE KEYS */;
INSERT INTO `upload_file` VALUES (254,'Caracteristicas-Soluciones.png','','',357,311,'{\"thumbnail\":{\"name\":\"thumbnail_Caracteristicas-Soluciones-Rimac.png\",\"hash\":\"thumbnail_Caracteristicas_Soluciones_Rimac_6e95cd978c\",\"ext\":\".png\",\"mime\":\"image/png\",\"width\":179,\"height\":156,\"size\":59.19,\"path\":null,\"url\":\"https://dyvr5xl1zwdq4.cloudfront.net/thumbnail_Caracteristicas_Soluciones_Rimac_6e95cd978c.png\"}}','Caracteristicas_Soluciones_Rimac_6e95cd978c','.png','image/png',85.46,'https://dyvr5xl1zwdq4.cloudfront.net/Caracteristicas_Soluciones_Rimac_6e95cd978c.png',NULL,'aws-s3-cloudfront',NULL,1,13,'2021-09-07 00:41:06','2022-01-18 15:43:33'),(259,'Error-404.jpg','','',1360,523,'{\"thumbnail\":{\"name\":\"thumbnail_Error-404-Rimac.jpg\",\"hash\":\"thumbnail_Error_404_Rimac_35db7383c5\",\"ext\":\".jpg\",\"mime\":\"image/jpeg\",\"width\":245,\"height\":94,\"size\":10.3,\"path\":null,\"url\":\"https://dyvr5xl1zwdq4.cloudfront.net/thumbnail_Error_404_Rimac_35db7383c5.jpg\"},\"large\":{\"name\":\"large_Error-404-Rimac.jpg\",\"hash\":\"large_Error_404_Rimac_35db7383c5\",\"ext\":\".jpg\",\"mime\":\"image/jpeg\",\"width\":1000,\"height\":385,\"size\":63.27,\"path\":null,\"url\":\"https://dyvr5xl1zwdq4.cloudfront.net/large_Error_404_Rimac_35db7383c5.jpg\"},\"medium\":{\"name\":\"medium_Error-404-Rimac.jpg\",\"hash\":\"medium_Error_404_Rimac_35db7383c5\",\"ext\":\".jpg\",\"mime\":\"image/jpeg\",\"width\":750,\"height\":288,\"size\":41.3,\"path\":null,\"url\":\"https://dyvr5xl1zwdq4.cloudfront.net/medium_Error_404_Rimac_35db7383c5.jpg\"},\"small\":{\"name\":\"small_Error-404-Rimac.jpg\",\"hash\":\"small_Error_404_Rimac_35db7383c5\",\"ext\":\".jpg\",\"mime\":\"image/jpeg\",\"width\":500,\"height\":192,\"size\":21.91,\"path\":null,\"url\":\"https://dyvr5xl1zwdq4.cloudfront.net/small_Error_404_Rimac_35db7383c5.jpg\"}}','Error_404_Rimac_35db7383c5','.jpg','image/jpeg',70.12,'https://dyvr5xl1zwdq4.cloudfront.net/Error_404_Rimac_35db7383c5.jpg',NULL,'aws-s3-cloudfront',NULL,1,13,'2021-09-07 17:41:26','2022-01-18 15:26:32'),(424,'calculate.svg','','',487,547,NULL,'calculate_0aaf91bad7','.svg','image/svg+xml',310.06,'https://d2mjzaq2vrbmdm.cloudfront.net/calculate_0aaf91bad7.svg',NULL,'aws-s3-cloudfront',NULL,13,13,'2022-01-14 17:04:46','2022-01-14 17:04:46'),(431,'banner-faqs.svg','','',1400,450,NULL,'banner_faqs_1a9639209b','.svg','image/svg+xml',53.09,'https://d2mjzaq2vrbmdm.cloudfront.net/banner_faqs_1a9639209b.svg',NULL,'aws-s3-cloudfront',NULL,13,13,'2022-01-19 17:35:06','2022-01-19 17:35:06'),(481,'crypto_large.jpg','','',1400,500,'{\"thumbnail\":{\"name\":\"thumbnail_crypto_large.jpg\",\"hash\":\"thumbnail_crypto_large_a03570789d\",\"ext\":\".jpg\",\"mime\":\"image/jpeg\",\"width\":245,\"height\":88,\"size\":7,\"path\":null,\"url\":\"https://d2mjzaq2vrbmdm.cloudfront.net/thumbnail_crypto_large_a03570789d.jpg\"},\"large\":{\"name\":\"large_crypto_large.jpg\",\"hash\":\"large_crypto_large_a03570789d\",\"ext\":\".jpg\",\"mime\":\"image/jpeg\",\"width\":1000,\"height\":357,\"size\":59.91,\"path\":null,\"url\":\"https://d2mjzaq2vrbmdm.cloudfront.net/large_crypto_large_a03570789d.jpg\"},\"medium\":{\"name\":\"medium_crypto_large.jpg\",\"hash\":\"medium_crypto_large_a03570789d\",\"ext\":\".jpg\",\"mime\":\"image/jpeg\",\"width\":750,\"height\":268,\"size\":39.44,\"path\":null,\"url\":\"https://d2mjzaq2vrbmdm.cloudfront.net/medium_crypto_large_a03570789d.jpg\"},\"small\":{\"name\":\"small_crypto_large.jpg\",\"hash\":\"small_crypto_large_a03570789d\",\"ext\":\".jpg\",\"mime\":\"image/jpeg\",\"width\":500,\"height\":179,\"size\":21.41,\"path\":null,\"url\":\"https://d2mjzaq2vrbmdm.cloudfront.net/small_crypto_large_a03570789d.jpg\"}}','crypto_large_a03570789d','.jpg','image/jpeg',96.90,'https://d2mjzaq2vrbmdm.cloudfront.net/crypto_large_a03570789d.jpg',NULL,'aws-s3-cloudfront',NULL,13,13,'2022-03-14 21:22:52','2022-03-14 21:22:52'),(484,'financial_large.jpg','','',1400,500,'{\"thumbnail\":{\"name\":\"thumbnail_financial_large.jpg\",\"hash\":\"thumbnail_financial_large_42ebd78326\",\"ext\":\".jpg\",\"mime\":\"image/jpeg\",\"width\":245,\"height\":88,\"size\":6.36,\"path\":null,\"url\":\"https://d2mjzaq2vrbmdm.cloudfront.net/thumbnail_financial_large_42ebd78326.jpg\"},\"large\":{\"name\":\"large_financial_large.jpg\",\"hash\":\"large_financial_large_42ebd78326\",\"ext\":\".jpg\",\"mime\":\"image/jpeg\",\"width\":1000,\"height\":357,\"size\":54.42,\"path\":null,\"url\":\"https://d2mjzaq2vrbmdm.cloudfront.net/large_financial_large_42ebd78326.jpg\"},\"medium\":{\"name\":\"medium_financial_large.jpg\",\"hash\":\"medium_financial_large_42ebd78326\",\"ext\":\".jpg\",\"mime\":\"image/jpeg\",\"width\":750,\"height\":268,\"size\":36.46,\"path\":null,\"url\":\"https://d2mjzaq2vrbmdm.cloudfront.net/medium_financial_large_42ebd78326.jpg\"},\"small\":{\"name\":\"small_financial_large.jpg\",\"hash\":\"small_financial_large_42ebd78326\",\"ext\":\".jpg\",\"mime\":\"image/jpeg\",\"width\":500,\"height\":179,\"size\":20.21,\"path\":null,\"url\":\"https://d2mjzaq2vrbmdm.cloudfront.net/small_financial_large_42ebd78326.jpg\"}}','financial_large_42ebd78326','.jpg','image/jpeg',87.98,'https://d2mjzaq2vrbmdm.cloudfront.net/financial_large_42ebd78326.jpg',NULL,'aws-s3-cloudfront',NULL,13,19,'2022-03-14 21:35:14','2022-05-21 20:10:37'),(496,'Captura15.PNG','','',1410,785,'{\"thumbnail\":{\"name\":\"thumbnail_Captura15.PNG\",\"hash\":\"thumbnail_Captura15_05e4406870\",\"ext\":\".PNG\",\"mime\":\"image/png\",\"width\":245,\"height\":136,\"size\":25.6,\"path\":null,\"url\":\"https://d2mjzaq2vrbmdm.cloudfront.net/thumbnail_Captura15_05e4406870.PNG\"},\"large\":{\"name\":\"large_Captura15.PNG\",\"hash\":\"large_Captura15_05e4406870\",\"ext\":\".PNG\",\"mime\":\"image/png\",\"width\":1000,\"height\":557,\"size\":270.7,\"path\":null,\"url\":\"https://d2mjzaq2vrbmdm.cloudfront.net/large_Captura15_05e4406870.PNG\"},\"medium\":{\"name\":\"medium_Captura15.PNG\",\"hash\":\"medium_Captura15_05e4406870\",\"ext\":\".PNG\",\"mime\":\"image/png\",\"width\":750,\"height\":418,\"size\":168.5,\"path\":null,\"url\":\"https://d2mjzaq2vrbmdm.cloudfront.net/medium_Captura15_05e4406870.PNG\"},\"small\":{\"name\":\"small_Captura15.PNG\",\"hash\":\"small_Captura15_05e4406870\",\"ext\":\".PNG\",\"mime\":\"image/png\",\"width\":500,\"height\":278,\"size\":83.7,\"path\":null,\"url\":\"https://d2mjzaq2vrbmdm.cloudfront.net/small_Captura15_05e4406870.PNG\"}}','Captura15_05e4406870','.PNG','image/png',323.97,'https://d2mjzaq2vrbmdm.cloudfront.net/Captura15_05e4406870.PNG',NULL,'aws-s3-cloudfront',NULL,18,18,'2022-04-01 18:54:38','2022-04-01 18:54:38'),(498,'sistema.png','','',2880,730,'{\"thumbnail\":{\"name\":\"thumbnail_sistema.png\",\"hash\":\"thumbnail_sistema_b74e8f02c8\",\"ext\":\".png\",\"mime\":\"image/png\",\"width\":245,\"height\":62,\"size\":28.34,\"path\":null,\"url\":\"https://d2mjzaq2vrbmdm.cloudfront.net/thumbnail_sistema_b74e8f02c8.png\"},\"large\":{\"name\":\"large_sistema.png\",\"hash\":\"large_sistema_b74e8f02c8\",\"ext\":\".png\",\"mime\":\"image/png\",\"width\":1000,\"height\":253,\"size\":353.53,\"path\":null,\"url\":\"https://d2mjzaq2vrbmdm.cloudfront.net/large_sistema_b74e8f02c8.png\"},\"medium\":{\"name\":\"medium_sistema.png\",\"hash\":\"medium_sistema_b74e8f02c8\",\"ext\":\".png\",\"mime\":\"image/png\",\"width\":750,\"height\":190,\"size\":212.31,\"path\":null,\"url\":\"https://d2mjzaq2vrbmdm.cloudfront.net/medium_sistema_b74e8f02c8.png\"},\"small\":{\"name\":\"small_sistema.png\",\"hash\":\"small_sistema_b74e8f02c8\",\"ext\":\".png\",\"mime\":\"image/png\",\"width\":500,\"height\":127,\"size\":102.38,\"path\":null,\"url\":\"https://d2mjzaq2vrbmdm.cloudfront.net/small_sistema_b74e8f02c8.png\"}}','sistema_b74e8f02c8','.png','image/png',2054.21,'https://d2mjzaq2vrbmdm.cloudfront.net/sistema_b74e8f02c8.png',NULL,'aws-s3-cloudfront',NULL,18,18,'2022-04-04 22:35:13','2022-04-04 22:35:13'),(499,'novedades1.png','','',754,481,'{\"thumbnail\":{\"name\":\"thumbnail_novedades1.png\",\"hash\":\"thumbnail_novedades1_43c55d3441\",\"ext\":\".png\",\"mime\":\"image/png\",\"width\":245,\"height\":156,\"size\":62.99,\"path\":null,\"url\":\"https://d2mjzaq2vrbmdm.cloudfront.net/thumbnail_novedades1_43c55d3441.png\"},\"medium\":{\"name\":\"medium_novedades1.png\",\"hash\":\"medium_novedades1_43c55d3441\",\"ext\":\".png\",\"mime\":\"image/png\",\"width\":750,\"height\":478,\"size\":527.71,\"path\":null,\"url\":\"https://d2mjzaq2vrbmdm.cloudfront.net/medium_novedades1_43c55d3441.png\"},\"small\":{\"name\":\"small_novedades1.png\",\"hash\":\"small_novedades1_43c55d3441\",\"ext\":\".png\",\"mime\":\"image/png\",\"width\":500,\"height\":319,\"size\":247.07,\"path\":null,\"url\":\"https://d2mjzaq2vrbmdm.cloudfront.net/small_novedades1_43c55d3441.png\"}}','novedades1_43c55d3441','.png','image/png',517.93,'https://d2mjzaq2vrbmdm.cloudfront.net/novedades1_43c55d3441.png',NULL,'aws-s3-cloudfront',NULL,18,18,'2022-04-04 22:42:47','2022-04-04 22:42:47'),(500,'novedades2.png','','',754,481,'{\"thumbnail\":{\"name\":\"thumbnail_novedades2.png\",\"hash\":\"thumbnail_novedades2_caa989ef1a\",\"ext\":\".png\",\"mime\":\"image/png\",\"width\":245,\"height\":156,\"size\":69.06,\"path\":null,\"url\":\"https://d2mjzaq2vrbmdm.cloudfront.net/thumbnail_novedades2_caa989ef1a.png\"},\"medium\":{\"name\":\"medium_novedades2.png\",\"hash\":\"medium_novedades2_caa989ef1a\",\"ext\":\".png\",\"mime\":\"image/png\",\"width\":750,\"height\":478,\"size\":587.71,\"path\":null,\"url\":\"https://d2mjzaq2vrbmdm.cloudfront.net/medium_novedades2_caa989ef1a.png\"},\"small\":{\"name\":\"small_novedades2.png\",\"hash\":\"small_novedades2_caa989ef1a\",\"ext\":\".png\",\"mime\":\"image/png\",\"width\":500,\"height\":319,\"size\":272.92,\"path\":null,\"url\":\"https://d2mjzaq2vrbmdm.cloudfront.net/small_novedades2_caa989ef1a.png\"}}','novedades2_caa989ef1a','.png','image/png',581.84,'https://d2mjzaq2vrbmdm.cloudfront.net/novedades2_caa989ef1a.png',NULL,'aws-s3-cloudfront',NULL,18,18,'2022-04-04 22:43:49','2022-04-04 22:43:49'),(501,'novedades6.png','','',756,481,'{\"thumbnail\":{\"name\":\"thumbnail_novedades6.png\",\"hash\":\"thumbnail_novedades6_2f2866d47c\",\"ext\":\".png\",\"mime\":\"image/png\",\"width\":245,\"height\":156,\"size\":65.44,\"path\":null,\"url\":\"https://d2mjzaq2vrbmdm.cloudfront.net/thumbnail_novedades6_2f2866d47c.png\"},\"medium\":{\"name\":\"medium_novedades6.png\",\"hash\":\"medium_novedades6_2f2866d47c\",\"ext\":\".png\",\"mime\":\"image/png\",\"width\":750,\"height\":477,\"size\":561.73,\"path\":null,\"url\":\"https://d2mjzaq2vrbmdm.cloudfront.net/medium_novedades6_2f2866d47c.png\"},\"small\":{\"name\":\"small_novedades6.png\",\"hash\":\"small_novedades6_2f2866d47c\",\"ext\":\".png\",\"mime\":\"image/png\",\"width\":500,\"height\":318,\"size\":257.83,\"path\":null,\"url\":\"https://d2mjzaq2vrbmdm.cloudfront.net/small_novedades6_2f2866d47c.png\"}}','novedades6_2f2866d47c','.png','image/png',558.50,'https://d2mjzaq2vrbmdm.cloudfront.net/novedades6_2f2866d47c.png',NULL,'aws-s3-cloudfront',NULL,18,18,'2022-04-04 22:44:28','2022-04-04 22:44:28'),(502,'bannner 3.png','','',2878,590,'{\"thumbnail\":{\"name\":\"thumbnail_bannner 3.png\",\"hash\":\"thumbnail_bannner_3_0ec4e14d0a\",\"ext\":\".png\",\"mime\":\"image/png\",\"width\":245,\"height\":50,\"size\":13.81,\"path\":null,\"url\":\"https://d2mjzaq2vrbmdm.cloudfront.net/thumbnail_bannner_3_0ec4e14d0a.png\"},\"large\":{\"name\":\"large_bannner 3.png\",\"hash\":\"large_bannner_3_0ec4e14d0a\",\"ext\":\".png\",\"mime\":\"image/png\",\"width\":1000,\"height\":205,\"size\":129.08,\"path\":null,\"url\":\"https://d2mjzaq2vrbmdm.cloudfront.net/large_bannner_3_0ec4e14d0a.png\"},\"medium\":{\"name\":\"medium_bannner 3.png\",\"hash\":\"medium_bannner_3_0ec4e14d0a\",\"ext\":\".png\",\"mime\":\"image/png\",\"width\":750,\"height\":154,\"size\":80.87,\"path\":null,\"url\":\"https://d2mjzaq2vrbmdm.cloudfront.net/medium_bannner_3_0ec4e14d0a.png\"},\"small\":{\"name\":\"small_bannner 3.png\",\"hash\":\"small_bannner_3_0ec4e14d0a\",\"ext\":\".png\",\"mime\":\"image/png\",\"width\":500,\"height\":103,\"size\":42.26,\"path\":null,\"url\":\"https://d2mjzaq2vrbmdm.cloudfront.net/small_bannner_3_0ec4e14d0a.png\"}}','bannner_3_0ec4e14d0a','.png','image/png',416.80,'https://d2mjzaq2vrbmdm.cloudfront.net/bannner_3_0ec4e14d0a.png',NULL,'aws-s3-cloudfront',NULL,18,18,'2022-04-04 22:45:28','2022-04-04 22:45:28'),(503,'bannnerFaqs.png','','',2880,576,'{\"thumbnail\":{\"name\":\"thumbnail_bannnerFaqs.png\",\"hash\":\"thumbnail_bannner_Faqs_2ccb4c7c1f\",\"ext\":\".png\",\"mime\":\"image/png\",\"width\":245,\"height\":49,\"size\":26.29,\"path\":null,\"url\":\"https://d2mjzaq2vrbmdm.cloudfront.net/thumbnail_bannner_Faqs_2ccb4c7c1f.png\"},\"large\":{\"name\":\"large_bannnerFaqs.png\",\"hash\":\"large_bannner_Faqs_2ccb4c7c1f\",\"ext\":\".png\",\"mime\":\"image/png\",\"width\":1000,\"height\":200,\"size\":358.44,\"path\":null,\"url\":\"https://d2mjzaq2vrbmdm.cloudfront.net/large_bannner_Faqs_2ccb4c7c1f.png\"},\"medium\":{\"name\":\"medium_bannnerFaqs.png\",\"hash\":\"medium_bannner_Faqs_2ccb4c7c1f\",\"ext\":\".png\",\"mime\":\"image/png\",\"width\":750,\"height\":150,\"size\":211.83,\"path\":null,\"url\":\"https://d2mjzaq2vrbmdm.cloudfront.net/medium_bannner_Faqs_2ccb4c7c1f.png\"},\"small\":{\"name\":\"small_bannnerFaqs.png\",\"hash\":\"small_bannner_Faqs_2ccb4c7c1f\",\"ext\":\".png\",\"mime\":\"image/png\",\"width\":500,\"height\":100,\"size\":98.86,\"path\":null,\"url\":\"https://d2mjzaq2vrbmdm.cloudfront.net/small_bannner_Faqs_2ccb4c7c1f.png\"}}','bannner_Faqs_2ccb4c7c1f','.png','image/png',2068.47,'https://d2mjzaq2vrbmdm.cloudfront.net/bannner_Faqs_2ccb4c7c1f.png',NULL,'aws-s3-cloudfront',NULL,18,18,'2022-04-06 15:52:28','2022-04-06 15:52:30'),(504,'Fondo_Negro.jpg','','',800,1018,'{\"thumbnail\":{\"name\":\"thumbnail_Fondo_Negro.jpg\",\"hash\":\"thumbnail_Fondo_Negro_2a775ad980\",\"ext\":\".jpg\",\"mime\":\"image/jpeg\",\"width\":123,\"height\":156,\"size\":0.58,\"path\":null,\"url\":\"https://d2mjzaq2vrbmdm.cloudfront.net/thumbnail_Fondo_Negro_2a775ad980.jpg\"},\"large\":{\"name\":\"large_Fondo_Negro.jpg\",\"hash\":\"large_Fondo_Negro_2a775ad980\",\"ext\":\".jpg\",\"mime\":\"image/jpeg\",\"width\":786,\"height\":1000,\"size\":5.18,\"path\":null,\"url\":\"https://d2mjzaq2vrbmdm.cloudfront.net/large_Fondo_Negro_2a775ad980.jpg\"},\"medium\":{\"name\":\"medium_Fondo_Negro.jpg\",\"hash\":\"medium_Fondo_Negro_2a775ad980\",\"ext\":\".jpg\",\"mime\":\"image/jpeg\",\"width\":589,\"height\":750,\"size\":3.06,\"path\":null,\"url\":\"https://d2mjzaq2vrbmdm.cloudfront.net/medium_Fondo_Negro_2a775ad980.jpg\"},\"small\":{\"name\":\"small_Fondo_Negro.jpg\",\"hash\":\"small_Fondo_Negro_2a775ad980\",\"ext\":\".jpg\",\"mime\":\"image/jpeg\",\"width\":393,\"height\":500,\"size\":1.66,\"path\":null,\"url\":\"https://d2mjzaq2vrbmdm.cloudfront.net/small_Fondo_Negro_2a775ad980.jpg\"}}','Fondo_Negro_2a775ad980','.jpg','image/jpeg',3.34,'https://d2mjzaq2vrbmdm.cloudfront.net/Fondo_Negro_2a775ad980.jpg',NULL,'aws-s3-cloudfront',NULL,13,13,'2022-04-08 15:50:29','2022-04-08 15:50:29'),(505,'image 4.png','','',427,344,'{\"thumbnail\":{\"name\":\"thumbnail_image 4.png\",\"hash\":\"thumbnail_image_4_66297e7112\",\"ext\":\".png\",\"mime\":\"image/png\",\"width\":194,\"height\":156,\"size\":79.92,\"path\":null,\"url\":\"https://d2mjzaq2vrbmdm.cloudfront.net/thumbnail_image_4_66297e7112.png\"}}','image_4_66297e7112','.png','image/png',200.84,'https://d2mjzaq2vrbmdm.cloudfront.net/image_4_66297e7112.png',NULL,'aws-s3-cloudfront',NULL,18,18,'2022-04-13 20:17:49','2022-04-13 20:17:51'),(506,'Captura de pantalla 2021-03-04 a las 11.02 1.png','','',518,353,'{\"thumbnail\":{\"name\":\"thumbnail_Captura de pantalla 2021-03-04 a las 11.02 1.png\",\"hash\":\"thumbnail_Captura_de_pantalla_2021_03_04_a_las_11_02_1_aba22bd4e6\",\"ext\":\".png\",\"mime\":\"image/png\",\"width\":229,\"height\":156,\"size\":86.84,\"path\":null,\"url\":\"https://d2mjzaq2vrbmdm.cloudfront.net/thumbnail_Captura_de_pantalla_2021_03_04_a_las_11_02_1_aba22bd4e6.png\"},\"small\":{\"name\":\"small_Captura de pantalla 2021-03-04 a las 11.02 1.png\",\"hash\":\"small_Captura_de_pantalla_2021_03_04_a_las_11_02_1_aba22bd4e6\",\"ext\":\".png\",\"mime\":\"image/png\",\"width\":500,\"height\":341,\"size\":368.34,\"path\":null,\"url\":\"https://d2mjzaq2vrbmdm.cloudfront.net/small_Captura_de_pantalla_2021_03_04_a_las_11_02_1_aba22bd4e6.png\"}}','Captura_de_pantalla_2021_03_04_a_las_11_02_1_aba22bd4e6','.png','image/png',255.45,'https://d2mjzaq2vrbmdm.cloudfront.net/Captura_de_pantalla_2021_03_04_a_las_11_02_1_aba22bd4e6.png',NULL,'aws-s3-cloudfront',NULL,18,18,'2022-04-13 20:18:32','2022-04-13 20:18:33'),(508,'bg.png','','',1440,630,'{\"thumbnail\":{\"name\":\"thumbnail_bg.png\",\"hash\":\"thumbnail_bg_bf6671f5da\",\"ext\":\".png\",\"mime\":\"image/png\",\"width\":245,\"height\":107,\"size\":57.23,\"path\":null,\"url\":\"https://d2mjzaq2vrbmdm.cloudfront.net/thumbnail_bg_bf6671f5da.png\"},\"large\":{\"name\":\"large_bg.png\",\"hash\":\"large_bg_bf6671f5da\",\"ext\":\".png\",\"mime\":\"image/png\",\"width\":1000,\"height\":438,\"size\":760.77,\"path\":null,\"url\":\"https://d2mjzaq2vrbmdm.cloudfront.net/large_bg_bf6671f5da.png\"},\"medium\":{\"name\":\"medium_bg.png\",\"hash\":\"medium_bg_bf6671f5da\",\"ext\":\".png\",\"mime\":\"image/png\",\"width\":750,\"height\":328,\"size\":450.46,\"path\":null,\"url\":\"https://d2mjzaq2vrbmdm.cloudfront.net/medium_bg_bf6671f5da.png\"},\"small\":{\"name\":\"small_bg.png\",\"hash\":\"small_bg_bf6671f5da\",\"ext\":\".png\",\"mime\":\"image/png\",\"width\":500,\"height\":219,\"size\":213.69,\"path\":null,\"url\":\"https://d2mjzaq2vrbmdm.cloudfront.net/small_bg_bf6671f5da.png\"}}','bg_bf6671f5da','.png','image/png',818.39,'https://d2mjzaq2vrbmdm.cloudfront.net/bg_bf6671f5da.png',NULL,'aws-s3-cloudfront',NULL,18,18,'2022-04-13 23:17:33','2022-04-13 23:17:34'),(509,'bannnerFaqs.png','','',2880,576,'{\"thumbnail\":{\"name\":\"thumbnail_bannnerFaqs.png\",\"hash\":\"thumbnail_bannner_Faqs_0ed68a9d0d\",\"ext\":\".png\",\"mime\":\"image/png\",\"width\":245,\"height\":49,\"size\":26.29,\"path\":null,\"url\":\"https://d2mjzaq2vrbmdm.cloudfront.net/thumbnail_bannner_Faqs_0ed68a9d0d.png\"},\"large\":{\"name\":\"large_bannnerFaqs.png\",\"hash\":\"large_bannner_Faqs_0ed68a9d0d\",\"ext\":\".png\",\"mime\":\"image/png\",\"width\":1000,\"height\":200,\"size\":358.44,\"path\":null,\"url\":\"https://d2mjzaq2vrbmdm.cloudfront.net/large_bannner_Faqs_0ed68a9d0d.png\"},\"medium\":{\"name\":\"medium_bannnerFaqs.png\",\"hash\":\"medium_bannner_Faqs_0ed68a9d0d\",\"ext\":\".png\",\"mime\":\"image/png\",\"width\":750,\"height\":150,\"size\":211.83,\"path\":null,\"url\":\"https://d2mjzaq2vrbmdm.cloudfront.net/medium_bannner_Faqs_0ed68a9d0d.png\"},\"small\":{\"name\":\"small_bannnerFaqs.png\",\"hash\":\"small_bannner_Faqs_0ed68a9d0d\",\"ext\":\".png\",\"mime\":\"image/png\",\"width\":500,\"height\":100,\"size\":98.86,\"path\":null,\"url\":\"https://d2mjzaq2vrbmdm.cloudfront.net/small_bannner_Faqs_0ed68a9d0d.png\"}}','bannner_Faqs_0ed68a9d0d','.png','image/png',2068.47,'https://d2mjzaq2vrbmdm.cloudfront.net/bannner_Faqs_0ed68a9d0d.png',NULL,'aws-s3-cloudfront',NULL,18,18,'2022-04-13 23:46:07','2022-04-13 23:46:08'),(510,'bg.png','','',1440,345,'{\"thumbnail\":{\"name\":\"thumbnail_bg.png\",\"hash\":\"thumbnail_bg_362ed1b77c\",\"ext\":\".png\",\"mime\":\"image/png\",\"width\":245,\"height\":59,\"size\":24.33,\"path\":null,\"url\":\"https://d2mjzaq2vrbmdm.cloudfront.net/thumbnail_bg_362ed1b77c.png\"},\"large\":{\"name\":\"large_bg.png\",\"hash\":\"large_bg_362ed1b77c\",\"ext\":\".png\",\"mime\":\"image/png\",\"width\":1000,\"height\":240,\"size\":349.72,\"path\":null,\"url\":\"https://d2mjzaq2vrbmdm.cloudfront.net/large_bg_362ed1b77c.png\"},\"medium\":{\"name\":\"medium_bg.png\",\"hash\":\"medium_bg_362ed1b77c\",\"ext\":\".png\",\"mime\":\"image/png\",\"width\":750,\"height\":180,\"size\":200.54,\"path\":null,\"url\":\"https://d2mjzaq2vrbmdm.cloudfront.net/medium_bg_362ed1b77c.png\"},\"small\":{\"name\":\"small_bg.png\",\"hash\":\"small_bg_362ed1b77c\",\"ext\":\".png\",\"mime\":\"image/png\",\"width\":500,\"height\":120,\"size\":90.82,\"path\":null,\"url\":\"https://d2mjzaq2vrbmdm.cloudfront.net/small_bg_362ed1b77c.png\"}}','bg_362ed1b77c','.png','image/png',415.65,'https://d2mjzaq2vrbmdm.cloudfront.net/bg_362ed1b77c.png',NULL,'aws-s3-cloudfront',NULL,18,18,'2022-04-14 00:14:06','2022-04-19 18:41:49'),(511,'bg3.png','','',1440,345,'{\"thumbnail\":{\"name\":\"thumbnail_bg3.png\",\"hash\":\"thumbnail_bg3_21256e4447\",\"ext\":\".png\",\"mime\":\"image/png\",\"width\":245,\"height\":59,\"size\":31.04,\"path\":null,\"url\":\"https://d2mjzaq2vrbmdm.cloudfront.net/thumbnail_bg3_21256e4447.png\"},\"large\":{\"name\":\"large_bg3.png\",\"hash\":\"large_bg3_21256e4447\",\"ext\":\".png\",\"mime\":\"image/png\",\"width\":1000,\"height\":240,\"size\":378.85,\"path\":null,\"url\":\"https://d2mjzaq2vrbmdm.cloudfront.net/large_bg3_21256e4447.png\"},\"medium\":{\"name\":\"medium_bg3.png\",\"hash\":\"medium_bg3_21256e4447\",\"ext\":\".png\",\"mime\":\"image/png\",\"width\":750,\"height\":180,\"size\":227.18,\"path\":null,\"url\":\"https://d2mjzaq2vrbmdm.cloudfront.net/medium_bg3_21256e4447.png\"},\"small\":{\"name\":\"small_bg3.png\",\"hash\":\"small_bg3_21256e4447\",\"ext\":\".png\",\"mime\":\"image/png\",\"width\":500,\"height\":120,\"size\":110.34,\"path\":null,\"url\":\"https://d2mjzaq2vrbmdm.cloudfront.net/small_bg3_21256e4447.png\"}}','bg3_21256e4447','.png','image/png',371.20,'https://d2mjzaq2vrbmdm.cloudfront.net/bg3_21256e4447.png',NULL,'aws-s3-cloudfront',NULL,18,18,'2022-04-14 00:15:40','2022-04-14 00:15:41'),(513,'Group 1595203 (1).png','','',505,386,'{\"thumbnail\":{\"name\":\"thumbnail_Group 1595203 (1).png\",\"hash\":\"thumbnail_Group_1595203_1_8d3c29fafc\",\"ext\":\".png\",\"mime\":\"image/png\",\"width\":204,\"height\":156,\"size\":66.97,\"path\":null,\"url\":\"https://d2mjzaq2vrbmdm.cloudfront.net/thumbnail_Group_1595203_1_8d3c29fafc.png\"},\"small\":{\"name\":\"small_Group 1595203 (1).png\",\"hash\":\"small_Group_1595203_1_8d3c29fafc\",\"ext\":\".png\",\"mime\":\"image/png\",\"width\":500,\"height\":382,\"size\":389.44,\"path\":null,\"url\":\"https://d2mjzaq2vrbmdm.cloudfront.net/small_Group_1595203_1_8d3c29fafc.png\"}}','Group_1595203_1_8d3c29fafc','.png','image/png',304.15,'https://d2mjzaq2vrbmdm.cloudfront.net/Group_1595203_1_8d3c29fafc.png',NULL,'aws-s3-cloudfront',NULL,18,18,'2022-04-14 16:50:35','2022-04-14 16:50:36'),(524,'user.png','','',80,80,NULL,'user_10c36dede7','.png','image/png',1.59,'/uploads/user_10c36dede7.png',NULL,'local',NULL,19,19,'2022-05-24 18:10:53','2022-05-24 18:10:53'),(537,'beneficios_home.jpg','beneficios_home.jpg','',509,339,'{\"thumbnail\":{\"name\":\"thumbnail_pro-1601989014.jpg\",\"hash\":\"thumbnail_pro_1601989014_1bb8c476f9\",\"ext\":\".jpg\",\"mime\":\"image/jpeg\",\"width\":234,\"height\":156,\"size\":9.68,\"path\":null,\"url\":\"https://stapimarketdev.blob.core.windows.net/images-apimarket/assets/thumbnail_pro_1601989014_1bb8c476f9.jpg\"},\"small\":{\"name\":\"small_pro-1601989014.jpg\",\"hash\":\"small_pro_1601989014_1bb8c476f9\",\"ext\":\".jpg\",\"mime\":\"image/jpeg\",\"width\":500,\"height\":333,\"size\":32.55,\"path\":null,\"url\":\"https://stapimarketdev.blob.core.windows.net/images-apimarket/assets/small_pro_1601989014_1bb8c476f9.jpg\"}}','pro_1601989014_1bb8c476f9','.jpg','image/jpeg',33.44,'https://stapimarketdev.blob.core.windows.net/images-apimarket/assets/pro_1601989014_1bb8c476f9.jpg',NULL,'azure-storage',NULL,19,19,'2022-06-24 14:49:16','2022-07-19 21:34:37'),(538,'biblioteca.png','','',593,341,'{\"thumbnail\":{\"name\":\"thumbnail_biblioteca.png\",\"hash\":\"thumbnail_biblioteca_c3d48882f4\",\"ext\":\".png\",\"mime\":\"image/png\",\"width\":245,\"height\":141,\"size\":94.6,\"path\":null,\"url\":\"https://stapimarketdev.blob.core.windows.net/images-apimarket/assets/thumbnail_biblioteca_c3d48882f4.png\"},\"small\":{\"name\":\"small_biblioteca.png\",\"hash\":\"small_biblioteca_c3d48882f4\",\"ext\":\".png\",\"mime\":\"image/png\",\"width\":500,\"height\":288,\"size\":354.04,\"path\":null,\"url\":\"https://stapimarketdev.blob.core.windows.net/images-apimarket/assets/small_biblioteca_c3d48882f4.png\"}}','biblioteca_c3d48882f4','.png','image/png',276.15,'https://stapimarketdev.blob.core.windows.net/images-apimarket/assets/biblioteca_c3d48882f4.png',NULL,'azure-storage',NULL,12,12,'2022-07-11 18:58:01','2022-07-11 18:58:01'),(541,'Fondo Reuniones Zoom (1).png','','',1920,1080,'{\"thumbnail\":{\"name\":\"thumbnail_Fondo Reuniones Zoom (1).png\",\"hash\":\"thumbnail_Fondo_Reuniones_Zoom_1_ccffdf4e8c\",\"ext\":\".png\",\"mime\":\"image/png\",\"width\":245,\"height\":138,\"size\":81.98,\"path\":null,\"url\":\"https://stapimarketdev.blob.core.windows.net/images-apimarket/assets/thumbnail_Fondo_Reuniones_Zoom_1_ccffdf4e8c.png\"},\"large\":{\"name\":\"large_Fondo Reuniones Zoom (1).png\",\"hash\":\"large_Fondo_Reuniones_Zoom_1_ccffdf4e8c\",\"ext\":\".png\",\"mime\":\"image/png\",\"width\":1000,\"height\":563,\"size\":1017.88,\"path\":null,\"url\":\"https://stapimarketdev.blob.core.windows.net/images-apimarket/assets/large_Fondo_Reuniones_Zoom_1_ccffdf4e8c.png\"},\"medium\":{\"name\":\"medium_Fondo Reuniones Zoom (1).png\",\"hash\":\"medium_Fondo_Reuniones_Zoom_1_ccffdf4e8c\",\"ext\":\".png\",\"mime\":\"image/png\",\"width\":750,\"height\":422,\"size\":596.14,\"path\":null,\"url\":\"https://stapimarketdev.blob.core.windows.net/images-apimarket/assets/medium_Fondo_Reuniones_Zoom_1_ccffdf4e8c.png\"},\"small\":{\"name\":\"small_Fondo Reuniones Zoom (1).png\",\"hash\":\"small_Fondo_Reuniones_Zoom_1_ccffdf4e8c\",\"ext\":\".png\",\"mime\":\"image/png\",\"width\":500,\"height\":281,\"size\":284.59,\"path\":null,\"url\":\"https://stapimarketdev.blob.core.windows.net/images-apimarket/assets/small_Fondo_Reuniones_Zoom_1_ccffdf4e8c.png\"}}','Fondo_Reuniones_Zoom_1_ccffdf4e8c','.png','image/png',2599.54,'https://stapimarketdev.blob.core.windows.net/images-apimarket/assets/Fondo_Reuniones_Zoom_1_ccffdf4e8c.png',NULL,'azure-storage',NULL,1,1,'2022-07-20 15:30:37','2022-07-20 15:30:37'),(542,'bg.png','','',1440,630,'{\"thumbnail\":{\"name\":\"thumbnail_bg.png\",\"hash\":\"thumbnail_bg_be1d60f770\",\"ext\":\".png\",\"mime\":\"image/png\",\"width\":245,\"height\":107,\"size\":57.23,\"path\":null,\"url\":\"https://stapimarketdev.blob.core.windows.net/images-apimarket/assets/thumbnail_bg_be1d60f770.png\"},\"large\":{\"name\":\"large_bg.png\",\"hash\":\"large_bg_be1d60f770\",\"ext\":\".png\",\"mime\":\"image/png\",\"width\":1000,\"height\":438,\"size\":760.77,\"path\":null,\"url\":\"https://stapimarketdev.blob.core.windows.net/images-apimarket/assets/large_bg_be1d60f770.png\"},\"medium\":{\"name\":\"medium_bg.png\",\"hash\":\"medium_bg_be1d60f770\",\"ext\":\".png\",\"mime\":\"image/png\",\"width\":750,\"height\":328,\"size\":450.46,\"path\":null,\"url\":\"https://stapimarketdev.blob.core.windows.net/images-apimarket/assets/medium_bg_be1d60f770.png\"},\"small\":{\"name\":\"small_bg.png\",\"hash\":\"small_bg_be1d60f770\",\"ext\":\".png\",\"mime\":\"image/png\",\"width\":500,\"height\":219,\"size\":213.69,\"path\":null,\"url\":\"https://stapimarketdev.blob.core.windows.net/images-apimarket/assets/small_bg_be1d60f770.png\"}}','bg_be1d60f770','.png','image/png',818.39,'https://stapimarketdev.blob.core.windows.net/images-apimarket/assets/bg_be1d60f770.png',NULL,'azure-storage',NULL,1,1,'2022-07-22 01:29:26','2022-07-22 01:29:26'),(543,'bannerBackground.png','','',2880,730,'{\"thumbnail\":{\"name\":\"thumbnail_bannerBackground.png\",\"hash\":\"thumbnail_banner_Background_a15b6ea523\",\"ext\":\".png\",\"mime\":\"image/png\",\"width\":245,\"height\":62,\"size\":28.34,\"path\":null,\"url\":\"https://stapimarketdev.blob.core.windows.net/images-apimarket/assets/thumbnail_banner_Background_a15b6ea523.png\"},\"large\":{\"name\":\"large_bannerBackground.png\",\"hash\":\"large_banner_Background_a15b6ea523\",\"ext\":\".png\",\"mime\":\"image/png\",\"width\":1000,\"height\":253,\"size\":353.53,\"path\":null,\"url\":\"https://stapimarketdev.blob.core.windows.net/images-apimarket/assets/large_banner_Background_a15b6ea523.png\"},\"medium\":{\"name\":\"medium_bannerBackground.png\",\"hash\":\"medium_banner_Background_a15b6ea523\",\"ext\":\".png\",\"mime\":\"image/png\",\"width\":750,\"height\":190,\"size\":212.31,\"path\":null,\"url\":\"https://stapimarketdev.blob.core.windows.net/images-apimarket/assets/medium_banner_Background_a15b6ea523.png\"},\"small\":{\"name\":\"small_bannerBackground.png\",\"hash\":\"small_banner_Background_a15b6ea523\",\"ext\":\".png\",\"mime\":\"image/png\",\"width\":500,\"height\":127,\"size\":102.38,\"path\":null,\"url\":\"https://stapimarketdev.blob.core.windows.net/images-apimarket/assets/small_banner_Background_a15b6ea523.png\"}}','banner_Background_a15b6ea523','.png','image/png',2054.21,'https://stapimarketdev.blob.core.windows.net/images-apimarket/assets/banner_Background_a15b6ea523.png',NULL,'azure-storage',NULL,12,12,'2022-07-22 04:50:14','2022-07-22 04:50:14'),(544,'world_background.png','','',1440,630,'{\"thumbnail\":{\"name\":\"thumbnail_world_background.png\",\"hash\":\"thumbnail_world_background_a5e2be3149\",\"ext\":\".png\",\"mime\":\"image/png\",\"width\":245,\"height\":107,\"size\":60.15,\"path\":null,\"url\":\"https://stapimarketdev.blob.core.windows.net/images-apimarket/assets/thumbnail_world_background_a5e2be3149.png\"},\"large\":{\"name\":\"large_world_background.png\",\"hash\":\"large_world_background_a5e2be3149\",\"ext\":\".png\",\"mime\":\"image/png\",\"width\":1000,\"height\":438,\"size\":819.95,\"path\":null,\"url\":\"https://stapimarketdev.blob.core.windows.net/images-apimarket/assets/large_world_background_a5e2be3149.png\"},\"medium\":{\"name\":\"medium_world_background.png\",\"hash\":\"medium_world_background_a5e2be3149\",\"ext\":\".png\",\"mime\":\"image/png\",\"width\":750,\"height\":328,\"size\":471.93,\"path\":null,\"url\":\"https://stapimarketdev.blob.core.windows.net/images-apimarket/assets/medium_world_background_a5e2be3149.png\"},\"small\":{\"name\":\"small_world_background.png\",\"hash\":\"small_world_background_a5e2be3149\",\"ext\":\".png\",\"mime\":\"image/png\",\"width\":500,\"height\":219,\"size\":221.09,\"path\":null,\"url\":\"https://stapimarketdev.blob.core.windows.net/images-apimarket/assets/small_world_background_a5e2be3149.png\"}}','world_background_a5e2be3149','.png','image/png',1153.66,'https://stapimarketdev.blob.core.windows.net/images-apimarket/assets/world_background_a5e2be3149.png',NULL,'azure-storage',NULL,12,12,'2022-10-13 12:38:38','2022-10-31 15:27:52'),(545,'salud.jpg','','',2200,1461,'{\"thumbnail\":{\"name\":\"thumbnail_salud.jpg\",\"hash\":\"thumbnail_salud_ae3d9aac2c\",\"ext\":\".jpg\",\"mime\":\"image/jpeg\",\"width\":235,\"height\":156,\"size\":7.02,\"path\":null,\"url\":\"https://stapimarketdev.blob.core.windows.net/images-apimarket/assets/thumbnail_salud_ae3d9aac2c.jpg\"},\"large\":{\"name\":\"large_salud.jpg\",\"hash\":\"large_salud_ae3d9aac2c\",\"ext\":\".jpg\",\"mime\":\"image/jpeg\",\"width\":1000,\"height\":664,\"size\":84.35,\"path\":null,\"url\":\"https://stapimarketdev.blob.core.windows.net/images-apimarket/assets/large_salud_ae3d9aac2c.jpg\"},\"medium\":{\"name\":\"medium_salud.jpg\",\"hash\":\"medium_salud_ae3d9aac2c\",\"ext\":\".jpg\",\"mime\":\"image/jpeg\",\"width\":750,\"height\":498,\"size\":52.07,\"path\":null,\"url\":\"https://stapimarketdev.blob.core.windows.net/images-apimarket/assets/medium_salud_ae3d9aac2c.jpg\"},\"small\":{\"name\":\"small_salud.jpg\",\"hash\":\"small_salud_ae3d9aac2c\",\"ext\":\".jpg\",\"mime\":\"image/jpeg\",\"width\":500,\"height\":332,\"size\":25.06,\"path\":null,\"url\":\"https://stapimarketdev.blob.core.windows.net/images-apimarket/assets/small_salud_ae3d9aac2c.jpg\"}}','salud_ae3d9aac2c','.jpg','image/jpeg',372.86,'https://stapimarketdev.blob.core.windows.net/images-apimarket/assets/salud_ae3d9aac2c.jpg',NULL,'azure-storage',NULL,12,8,'2022-10-17 23:35:04','2022-11-17 12:13:41'),(547,'api.jpg','','',1200,627,'{\"thumbnail\":{\"name\":\"thumbnail_api.jpg\",\"hash\":\"thumbnail_api_50c4bd69f6\",\"ext\":\".jpg\",\"mime\":\"image/jpeg\",\"width\":245,\"height\":128,\"size\":9.2,\"path\":null,\"url\":\"https://stapimarketdev.blob.core.windows.net/images-apimarket/assets/thumbnail_api_50c4bd69f6.jpg\"},\"large\":{\"name\":\"large_api.jpg\",\"hash\":\"large_api_50c4bd69f6\",\"ext\":\".jpg\",\"mime\":\"image/jpeg\",\"width\":1000,\"height\":523,\"size\":75.61,\"path\":null,\"url\":\"https://stapimarketdev.blob.core.windows.net/images-apimarket/assets/large_api_50c4bd69f6.jpg\"},\"medium\":{\"name\":\"medium_api.jpg\",\"hash\":\"medium_api_50c4bd69f6\",\"ext\":\".jpg\",\"mime\":\"image/jpeg\",\"width\":750,\"height\":392,\"size\":48.54,\"path\":null,\"url\":\"https://stapimarketdev.blob.core.windows.net/images-apimarket/assets/medium_api_50c4bd69f6.jpg\"},\"small\":{\"name\":\"small_api.jpg\",\"hash\":\"small_api_50c4bd69f6\",\"ext\":\".jpg\",\"mime\":\"image/jpeg\",\"width\":500,\"height\":261,\"size\":26.11,\"path\":null,\"url\":\"https://stapimarketdev.blob.core.windows.net/images-apimarket/assets/small_api_50c4bd69f6.jpg\"}}','api_50c4bd69f6','.jpg','image/jpeg',102.26,'https://stapimarketdev.blob.core.windows.net/images-apimarket/assets/api_50c4bd69f6.jpg',NULL,'azure-storage',NULL,12,12,'2022-10-18 22:49:36','2022-10-18 22:49:36');
/*!40000 ALTER TABLE `upload_file` ENABLE KEYS */;
UNLOCK TABLES;

--
-- Table structure for table `upload_file_morph`
--

DROP TABLE IF EXISTS `upload_file_morph`;
/*!40101 SET @saved_cs_client     = @@character_set_client */;
/*!40101 SET character_set_client = utf8 */;
CREATE TABLE `upload_file_morph` (
  `id` int(10) unsigned NOT NULL AUTO_INCREMENT,
  `upload_file_id` int(11) DEFAULT NULL,
  `related_id` int(11) DEFAULT NULL,
  `related_type` longtext,
  `field` longtext,
  `order` int(11) DEFAULT NULL,
  PRIMARY KEY (`id`)
) ENGINE=InnoDB AUTO_INCREMENT=30737 DEFAULT CHARSET=utf8;
/*!40101 SET character_set_client = @saved_cs_client */;

--
-- Dumping data for table `upload_file_morph`
--

LOCK TABLES `upload_file_morph` WRITE;
/*!40000 ALTER TABLE `upload_file_morph` DISABLE KEYS */;
INSERT INTO `upload_file_morph` VALUES (13382,254,5,'solutions','featuresIcon',1),(13389,254,1,'solutions','featuresIcon',1),(13396,254,2,'solutions','featuresIcon',1),(13399,254,6,'solutions','featuresIcon',1),(15059,0,145,'components_links_buttons','icon',1),(15062,0,1,'components_sections_call_to_actions','icon',3),(28169,481,27,'components_home_banner_sections','background',1),(28195,481,63,'components_home_banner_sections','background',1),(28273,484,26,'components_home_banner_sections','background',1),(28286,484,57,'components_home_banner_sections','background',1),(28480,496,1,'components_cards_card_carousels','banner',1),(29527,509,5,'sura_blog_items','image',1),(29574,484,3,'sura_blog_items','image',1),(29575,510,4,'sura_blog_items','image',1),(29576,498,6,'sura_blog_items','image',1),(29583,513,11,'components_sura_questions','img',1),(29584,505,12,'components_sura_questions','img',1),(29585,506,7,'sura_blog_items','image',1),(29596,506,3,'sura_library_apis','image',1),(29598,424,4,'sura_library_apis','image',1),(29600,424,5,'sura_library_apis','image',1),(29602,424,6,'sura_library_apis','image',1),(29603,424,7,'sura_library_apis','image',1),(29604,424,8,'sura_library_apis','image',1),(29605,254,9,'sura_library_apis','image',1),(29731,254,1,'sura_library_apis','image',1),(29878,505,1,'components_sura_questions','img',1),(29879,506,2,'components_sura_questions','img',1),(29880,498,1,'sura_blog_items','image',1),(29881,506,14,'components_sura_questions','img',1),(29882,510,8,'sura_blog_items','image',1),(29883,505,4,'components_sura_questions','img',1),(29884,506,5,'components_sura_questions','img',1),(29885,500,2,'sura_blog_items','image',1),(30025,538,76,'components_home_banner_sections','background',1),(30143,481,2,'blog_items','image',1),(30144,505,19,'components_sura_questions','img',1),(30145,506,20,'components_sura_questions','img',1),(30146,500,3,'blog_items','image',1),(30147,547,4,'blog_items','image',1),(30407,544,72,'components_home_banner_sections','background',1),(30630,505,11,'components_sura_tab_cards','img',1),(30631,537,12,'components_sura_tab_cards','img',1),(30632,538,13,'components_sura_tab_cards','img',1),(30633,511,14,'components_sura_tab_cards','img',1),(30634,499,15,'components_sura_tab_cards','img',1),(30688,505,1,'blog_items','image',1),(30725,543,74,'components_home_banner_sections','background',1),(30726,544,1,'components_elements_sliders','imgSrc',1),(30727,510,2,'components_elements_sliders','imgSrc',1),(30728,508,2,'components_elements_sliders','imgSrc',2),(30729,509,2,'components_elements_sliders','imgSrc',3),(30730,511,4,'components_elements_sliders','imgSrc',1),(30731,537,70,'components_home_work_sections','background',1),(30732,513,1,'components_sura_tab_cards','img',1),(30733,513,2,'components_sura_tab_cards','img',1),(30734,513,3,'components_sura_tab_cards','img',1),(30735,513,9,'components_sura_tab_cards','img',1),(30736,513,10,'components_sura_tab_cards','img',1);
/*!40000 ALTER TABLE `upload_file_morph` ENABLE KEYS */;
UNLOCK TABLES;

--
-- Table structure for table `use-cases`
--

DROP TABLE IF EXISTS `use-cases`;
/*!40101 SET @saved_cs_client     = @@character_set_client */;
/*!40101 SET character_set_client = utf8 */;
CREATE TABLE `use-cases` (
  `id` int(10) unsigned NOT NULL AUTO_INCREMENT,
  `title` varchar(255) DEFAULT NULL,
  `locale` varchar(255) DEFAULT NULL,
  `published_at` datetime DEFAULT NULL,
  `created_by` int(11) DEFAULT NULL,
  `updated_by` int(11) DEFAULT NULL,
  `created_at` timestamp NULL DEFAULT CURRENT_TIMESTAMP,
  `updated_at` timestamp NULL DEFAULT CURRENT_TIMESTAMP,
  `Slug` varchar(255) DEFAULT NULL,
  `ShortName` varchar(255) DEFAULT NULL,
  PRIMARY KEY (`id`)
) ENGINE=InnoDB AUTO_INCREMENT=10 DEFAULT CHARSET=utf8;
/*!40101 SET character_set_client = @saved_cs_client */;

--
-- Dumping data for table `use-cases`
--

LOCK TABLES `use-cases` WRITE;
/*!40000 ALTER TABLE `use-cases` DISABLE KEYS */;
INSERT INTO `use-cases` VALUES (2,NULL,'en','2021-12-16 12:25:37',9,9,'2021-12-16 12:25:33','2021-12-16 12:29:24','Airports','Airports'),(6,NULL,'en','2022-01-18 14:19:24',13,13,'2022-01-18 14:18:04','2022-01-18 14:19:25','test-use-cases',NULL),(8,NULL,'es','2022-01-21 18:15:45',13,13,'2022-01-21 18:15:26','2022-01-21 18:15:45','test','test usecase'),(9,NULL,'fr','2022-01-21 18:24:50',13,13,'2022-01-21 18:24:48','2022-01-21 18:24:50','useacses-frances','frances');
/*!40000 ALTER TABLE `use-cases` ENABLE KEYS */;
UNLOCK TABLES;

--
-- Table structure for table `use-cases__localizations`
--

DROP TABLE IF EXISTS `use-cases__localizations`;
/*!40101 SET @saved_cs_client     = @@character_set_client */;
/*!40101 SET character_set_client = utf8 */;
CREATE TABLE `use-cases__localizations` (
  `id` int(10) unsigned NOT NULL AUTO_INCREMENT,
  `use-case_id` int(11) DEFAULT NULL,
  `related_use-case_id` int(11) DEFAULT NULL,
  PRIMARY KEY (`id`)
) ENGINE=InnoDB AUTO_INCREMENT=11 DEFAULT CHARSET=utf8;
/*!40101 SET character_set_client = @saved_cs_client */;

--
-- Dumping data for table `use-cases__localizations`
--

LOCK TABLES `use-cases__localizations` WRITE;
/*!40000 ALTER TABLE `use-cases__localizations` DISABLE KEYS */;
INSERT INTO `use-cases__localizations` VALUES (2,2,3),(5,2,5),(6,3,5),(8,6,7),(9,9,8),(10,8,9);
/*!40000 ALTER TABLE `use-cases__localizations` ENABLE KEYS */;
UNLOCK TABLES;

--
-- Table structure for table `use-cases_components`
--

DROP TABLE IF EXISTS `use-cases_components`;
/*!40101 SET @saved_cs_client     = @@character_set_client */;
/*!40101 SET character_set_client = utf8 */;
CREATE TABLE `use-cases_components` (
  `id` int(10) unsigned NOT NULL AUTO_INCREMENT,
  `field` varchar(255) NOT NULL,
  `order` int(10) unsigned NOT NULL,
  `component_type` varchar(255) NOT NULL,
  `component_id` int(11) NOT NULL,
  `use-case_id` int(10) unsigned NOT NULL,
  PRIMARY KEY (`id`),
  KEY `use-case_id_fk` (`use-case_id`),
  CONSTRAINT `use-case_id_fk` FOREIGN KEY (`use-case_id`) REFERENCES `use-cases` (`id`) ON DELETE CASCADE
) ENGINE=InnoDB AUTO_INCREMENT=6 DEFAULT CHARSET=utf8;
/*!40101 SET character_set_client = @saved_cs_client */;

--
-- Dumping data for table `use-cases_components`
--

LOCK TABLES `use-cases_components` WRITE;
/*!40000 ALTER TABLE `use-cases_components` DISABLE KEYS */;
INSERT INTO `use-cases_components` VALUES (1,'contentSection',1,'components_sections_button_heroes',9,2),(2,'contentSection',2,'components_sections_main_features',9,2),(5,'contentSection',1,'components_sections_button_heroes',17,6);
/*!40000 ALTER TABLE `use-cases_components` ENABLE KEYS */;
UNLOCK TABLES;

--
-- Table structure for table `use_cases`
--

DROP TABLE IF EXISTS `use_cases`;
/*!40101 SET @saved_cs_client     = @@character_set_client */;
/*!40101 SET character_set_client = utf8 */;
CREATE TABLE `use_cases` (
  `id` int(10) unsigned NOT NULL AUTO_INCREMENT,
  `slug` varchar(255) DEFAULT NULL,
  `published_at` datetime DEFAULT NULL,
  `created_by` int(11) DEFAULT NULL,
  `updated_by` int(11) DEFAULT NULL,
  `created_at` timestamp NULL DEFAULT CURRENT_TIMESTAMP,
  `updated_at` timestamp NULL DEFAULT CURRENT_TIMESTAMP,
  `shortName` varchar(255) DEFAULT NULL,
  `locale` varchar(255) DEFAULT NULL,
  `name` varchar(255) DEFAULT NULL,
  PRIMARY KEY (`id`),
  UNIQUE KEY `use_cases_slug_unique` (`slug`)
) ENGINE=InnoDB AUTO_INCREMENT=34 DEFAULT CHARSET=utf8;
/*!40101 SET character_set_client = @saved_cs_client */;

--
-- Dumping data for table `use_cases`
--

LOCK TABLES `use_cases` WRITE;
/*!40000 ALTER TABLE `use_cases` DISABLE KEYS */;
INSERT INTO `use_cases` VALUES (1,'ecommerce','2022-01-26 17:32:13',13,13,'2022-01-26 16:42:31','2022-03-24 02:11:39','Ecommerce','en','ecommerce'),(3,'mobility','2022-01-26 18:24:35',13,13,'2022-01-26 18:10:19','2022-03-24 02:16:43','mobility','en','mobility'),(4,'airlines','2022-01-26 18:27:09',13,13,'2022-01-26 18:26:53','2022-03-24 02:00:47','Airlines','en','airlines'),(16,'events','2022-02-16 14:42:56',13,13,'2022-02-16 14:36:55','2022-03-24 02:13:06','Events','en','events'),(19,'construction','2022-02-16 15:01:46',13,13,'2022-02-16 15:01:30','2022-03-24 02:08:15','Construction','en','construction'),(20,'tourism','2022-02-16 15:19:34',13,13,'2022-02-16 15:18:57','2022-03-24 02:17:55','Tourism','en','tourism'),(21,'chambers-of-commerce','2022-02-16 15:22:06',13,13,'2022-02-16 15:22:00','2022-03-24 02:06:32','chambers-of-commerce','en','chambers-of-commerce'),(22,'financial-services','2022-02-16 15:29:15',13,13,'2022-02-16 15:29:11','2022-03-24 02:15:31','Financial services','en','financial-services'),(23,'crypto','2022-02-16 15:32:59',13,13,'2022-02-16 15:32:56','2022-03-24 02:09:30','Crypto','en','crypto'),(24,'aerolineas','2022-02-23 00:26:54',13,13,'2022-02-22 23:42:03','2022-03-24 02:02:46','Airlines','es','airlines'),(25,'mobilidad','2022-02-22 23:46:10',13,13,'2022-02-22 23:46:07','2022-03-24 02:17:10','Mobillidad','es','mobility'),(26,'eventos','2022-02-23 00:17:44',13,13,'2022-02-23 00:16:23','2022-03-24 02:14:27','Events','es','events'),(27,'construccion','2022-02-23 00:30:11',13,13,'2022-02-23 00:29:18','2022-03-24 02:08:53','Construcci├│n','es','construction'),(29,'turismo','2022-02-23 00:38:17',13,13,'2022-02-23 00:38:14','2022-03-24 02:18:26','Turismo','es','tourism'),(30,'las-camaras-de-comercio','2022-02-23 00:41:12',13,13,'2022-02-23 00:41:10','2022-03-24 02:07:07','chambers-of-commerce','es','chambers-of-commerce'),(31,'comercio-electronico','2022-02-23 00:43:53',13,13,'2022-02-23 00:43:51','2022-03-24 02:12:08','Comercio electr├│nico','es','ecommerce'),(32,'servicios-financieros','2022-02-23 00:46:05',13,13,'2022-02-23 00:46:02','2022-03-24 02:15:58','Servicios financieros','es','financial-services'),(33,'cripto','2022-02-23 00:48:29',13,13,'2022-02-23 00:48:05','2022-03-24 02:10:09','Cripto','es','crypto');
/*!40000 ALTER TABLE `use_cases` ENABLE KEYS */;
UNLOCK TABLES;

--
-- Table structure for table `use_cases__localizations`
--

DROP TABLE IF EXISTS `use_cases__localizations`;
/*!40101 SET @saved_cs_client     = @@character_set_client */;
/*!40101 SET character_set_client = utf8 */;
CREATE TABLE `use_cases__localizations` (
  `id` int(10) unsigned NOT NULL AUTO_INCREMENT,
  `use_case_id` int(11) DEFAULT NULL,
  `use-case_id` int(11) DEFAULT NULL,
  PRIMARY KEY (`id`)
) ENGINE=InnoDB AUTO_INCREMENT=19 DEFAULT CHARSET=utf8;
/*!40101 SET character_set_client = @saved_cs_client */;

--
-- Dumping data for table `use_cases__localizations`
--

LOCK TABLES `use_cases__localizations` WRITE;
/*!40000 ALTER TABLE `use_cases__localizations` DISABLE KEYS */;
INSERT INTO `use_cases__localizations` VALUES (1,24,4),(2,4,24),(3,25,3),(4,3,25),(5,26,16),(6,16,26),(7,27,19),(8,19,27),(9,29,20),(10,20,29),(11,30,21),(12,21,30),(13,31,1),(14,1,31),(15,32,22),(16,22,32),(17,33,23),(18,23,33);
/*!40000 ALTER TABLE `use_cases__localizations` ENABLE KEYS */;
UNLOCK TABLES;

--
-- Table structure for table `use_cases_components`
--

DROP TABLE IF EXISTS `use_cases_components`;
/*!40101 SET @saved_cs_client     = @@character_set_client */;
/*!40101 SET character_set_client = utf8 */;
CREATE TABLE `use_cases_components` (
  `id` int(10) unsigned NOT NULL AUTO_INCREMENT,
  `field` varchar(255) NOT NULL,
  `order` int(10) unsigned NOT NULL,
  `component_type` varchar(255) NOT NULL,
  `component_id` int(11) NOT NULL,
  `use_case_id` int(10) unsigned NOT NULL,
  PRIMARY KEY (`id`),
  KEY `use_case_id_fk` (`use_case_id`),
  CONSTRAINT `use_case_id_fk` FOREIGN KEY (`use_case_id`) REFERENCES `use_cases` (`id`) ON DELETE CASCADE
) ENGINE=InnoDB AUTO_INCREMENT=184 DEFAULT CHARSET=utf8;
/*!40101 SET character_set_client = @saved_cs_client */;

--
-- Dumping data for table `use_cases_components`
--

LOCK TABLES `use_cases_components` WRITE;
/*!40000 ALTER TABLE `use_cases_components` DISABLE KEYS */;
INSERT INTO `use_cases_components` VALUES (1,'metadata',1,'components_use_cases_metadata',1,1),(5,'contentSections',5,'components_sections_section_use_cases',1,1),(8,'metadata',1,'components_use_cases_metadata',3,3),(14,'metadata',1,'components_use_cases_metadata',4,4),(17,'contentSections',5,'components_sections_section_use_cases',5,3),(20,'contentSections',5,'components_sections_section_use_cases',6,4),(21,'contentSections',2,'components_use_cases_calculate_use_cases',1,4),(22,'contentSections',2,'components_use_cases_calculate_use_cases',2,1),(23,'contentSections',2,'components_use_cases_calculate_use_cases',4,3),(24,'contentSections',1,'components_home_banner_sections',7,4),(25,'contentSections',3,'components_home_key_sections',6,4),(26,'contentSections',4,'components_home_work_sections',7,4),(27,'contentSections',1,'components_home_banner_sections',8,1),(28,'contentSections',3,'components_home_key_sections',7,1),(29,'contentSections',4,'components_home_work_sections',8,1),(30,'contentSections',3,'components_home_key_sections',8,3),(31,'contentSections',4,'components_home_work_sections',9,3),(32,'contentSections',1,'components_home_banner_sections',9,3),(48,'metadata',1,'components_use_cases_metadata',15,16),(49,'contentSections',1,'components_home_banner_sections',20,16),(50,'contentSections',2,'components_use_cases_calculate_use_cases',16,16),(51,'contentSections',4,'components_home_work_sections',20,16),(52,'contentSections',5,'components_sections_section_use_cases',18,16),(53,'contentSections',3,'components_home_key_sections',20,16),(56,'metadata',1,'components_use_cases_metadata',18,19),(57,'contentSections',1,'components_home_banner_sections',23,19),(58,'contentSections',2,'components_use_cases_calculate_use_cases',19,19),(59,'contentSections',4,'components_home_work_sections',23,19),(60,'contentSections',5,'components_sections_section_use_cases',21,19),(61,'contentSections',3,'components_home_key_sections',23,19),(62,'metadata',1,'components_use_cases_metadata',19,20),(63,'contentSections',1,'components_home_banner_sections',24,20),(64,'contentSections',2,'components_use_cases_calculate_use_cases',20,20),(65,'contentSections',4,'components_home_work_sections',24,20),(66,'contentSections',5,'components_sections_section_use_cases',22,20),(67,'contentSections',3,'components_home_key_sections',24,20),(68,'metadata',1,'components_use_cases_metadata',20,21),(69,'contentSections',1,'components_home_banner_sections',25,21),(70,'contentSections',2,'components_use_cases_calculate_use_cases',21,21),(71,'contentSections',4,'components_home_work_sections',25,21),(72,'contentSections',5,'components_sections_section_use_cases',23,21),(73,'contentSections',3,'components_home_key_sections',25,21),(74,'metadata',1,'components_use_cases_metadata',21,22),(75,'contentSections',1,'components_home_banner_sections',26,22),(76,'contentSections',2,'components_use_cases_calculate_use_cases',22,22),(77,'contentSections',4,'components_home_work_sections',26,22),(78,'contentSections',5,'components_sections_section_use_cases',24,22),(79,'contentSections',3,'components_home_key_sections',26,22),(80,'metadata',1,'components_use_cases_metadata',22,23),(81,'contentSections',1,'components_home_banner_sections',27,23),(82,'contentSections',2,'components_use_cases_calculate_use_cases',23,23),(83,'contentSections',4,'components_home_work_sections',27,23),(84,'contentSections',5,'components_sections_section_use_cases',25,23),(85,'contentSections',3,'components_home_key_sections',27,23),(121,'metadata',1,'components_use_cases_metadata',31,27),(122,'contentSections',1,'components_home_banner_sections',49,27),(123,'contentSections',4,'components_home_work_sections',49,27),(124,'contentSections',5,'components_sections_section_use_cases',46,27),(125,'contentSections',3,'components_home_key_sections',52,27),(126,'contentSections',2,'components_use_cases_calculate_use_cases',38,27),(128,'metadata',1,'components_use_cases_metadata',33,29),(129,'contentSections',1,'components_home_banner_sections',51,29),(130,'contentSections',4,'components_home_work_sections',51,29),(131,'contentSections',5,'components_sections_section_use_cases',48,29),(132,'contentSections',3,'components_home_key_sections',54,29),(133,'contentSections',2,'components_use_cases_calculate_use_cases',40,29),(135,'metadata',1,'components_use_cases_metadata',35,30),(136,'contentSections',1,'components_home_banner_sections',53,30),(137,'contentSections',4,'components_home_work_sections',53,30),(138,'contentSections',5,'components_sections_section_use_cases',50,30),(139,'contentSections',3,'components_home_key_sections',56,30),(140,'contentSections',2,'components_use_cases_calculate_use_cases',42,30),(142,'metadata',1,'components_use_cases_metadata',37,31),(143,'contentSections',1,'components_home_banner_sections',55,31),(144,'contentSections',4,'components_home_work_sections',55,31),(145,'contentSections',5,'components_sections_section_use_cases',52,31),(146,'contentSections',3,'components_home_key_sections',58,31),(147,'contentSections',2,'components_use_cases_calculate_use_cases',44,31),(149,'metadata',1,'components_use_cases_metadata',39,32),(150,'contentSections',1,'components_home_banner_sections',57,32),(151,'contentSections',4,'components_home_work_sections',57,32),(152,'contentSections',5,'components_sections_section_use_cases',54,32),(153,'contentSections',3,'components_home_key_sections',60,32),(154,'contentSections',2,'components_use_cases_calculate_use_cases',46,32),(160,'metadata',1,'components_use_cases_metadata',45,33),(161,'contentSections',1,'components_home_banner_sections',63,33),(162,'contentSections',4,'components_home_work_sections',63,33),(163,'contentSections',3,'components_home_key_sections',66,33),(164,'contentSections',2,'components_use_cases_calculate_use_cases',52,33),(165,'contentSections',5,'components_sections_section_use_cases',60,33),(166,'metadata',1,'components_use_cases_metadata',46,25),(167,'contentSections',1,'components_home_banner_sections',65,25),(168,'contentSections',4,'components_home_work_sections',65,25),(169,'contentSections',5,'components_sections_section_use_cases',62,25),(170,'contentSections',3,'components_home_key_sections',68,25),(171,'contentSections',2,'components_use_cases_calculate_use_cases',54,25),(172,'metadata',1,'components_use_cases_metadata',47,26),(173,'contentSections',1,'components_home_banner_sections',66,26),(174,'contentSections',4,'components_home_work_sections',66,26),(175,'contentSections',5,'components_sections_section_use_cases',63,26),(176,'contentSections',3,'components_home_key_sections',69,26),(177,'contentSections',2,'components_use_cases_calculate_use_cases',55,26),(178,'metadata',1,'components_use_cases_metadata',48,24),(179,'contentSections',1,'components_home_banner_sections',67,24),(180,'contentSections',4,'components_home_work_sections',67,24),(181,'contentSections',5,'components_sections_section_use_cases',64,24),(182,'contentSections',3,'components_home_key_sections',70,24),(183,'contentSections',2,'components_use_cases_calculate_use_cases',56,24);
/*!40000 ALTER TABLE `use_cases_components` ENABLE KEYS */;
UNLOCK TABLES;

--
-- Table structure for table `usecases`
--

DROP TABLE IF EXISTS `usecases`;
/*!40101 SET @saved_cs_client     = @@character_set_client */;
/*!40101 SET character_set_client = utf8 */;
CREATE TABLE `usecases` (
  `id` int(10) unsigned NOT NULL AUTO_INCREMENT,
  `title` varchar(255) DEFAULT NULL,
  `IsPublicGeneralVisible` tinyint(1) DEFAULT NULL,
  `IsPublicCoverVisible` tinyint(1) DEFAULT NULL,
  `IsPrivateCoverVisible` tinyint(1) DEFAULT NULL,
  `IsAvailable` tinyint(1) DEFAULT NULL,
  `shortDescription` longtext,
  `longDescription` longtext,
  `slug` varchar(255) DEFAULT NULL,
  `order` int(11) DEFAULT NULL,
  `published_at` datetime DEFAULT NULL,
  `created_by` int(11) DEFAULT NULL,
  `updated_by` int(11) DEFAULT NULL,
  `created_at` timestamp NULL DEFAULT CURRENT_TIMESTAMP,
  `updated_at` timestamp NULL DEFAULT CURRENT_TIMESTAMP,
  PRIMARY KEY (`id`),
  UNIQUE KEY `usecases_slug_unique` (`slug`)
) ENGINE=InnoDB AUTO_INCREMENT=2 DEFAULT CHARSET=utf8;
/*!40101 SET character_set_client = @saved_cs_client */;

--
-- Dumping data for table `usecases`
--

LOCK TABLES `usecases` WRITE;
/*!40000 ALTER TABLE `usecases` DISABLE KEYS */;
INSERT INTO `usecases` VALUES (1,'eee',NULL,NULL,NULL,NULL,NULL,NULL,NULL,NULL,'2022-01-13 18:19:29',13,13,'2022-01-13 18:19:07','2022-01-13 18:19:30');
/*!40000 ALTER TABLE `usecases` ENABLE KEYS */;
UNLOCK TABLES;

--
-- Table structure for table `usecases_components`
--

DROP TABLE IF EXISTS `usecases_components`;
/*!40101 SET @saved_cs_client     = @@character_set_client */;
/*!40101 SET character_set_client = utf8 */;
CREATE TABLE `usecases_components` (
  `id` int(10) unsigned NOT NULL AUTO_INCREMENT,
  `field` varchar(255) NOT NULL,
  `order` int(10) unsigned NOT NULL,
  `component_type` varchar(255) NOT NULL,
  `component_id` int(11) NOT NULL,
  `useCase_id` int(10) unsigned NOT NULL,
  PRIMARY KEY (`id`),
  KEY `useCase_id_fk` (`useCase_id`),
  CONSTRAINT `useCase_id_fk` FOREIGN KEY (`useCase_id`) REFERENCES `usecases` (`id`) ON DELETE CASCADE
) ENGINE=InnoDB DEFAULT CHARSET=utf8;
/*!40101 SET character_set_client = @saved_cs_client */;

--
-- Dumping data for table `usecases_components`
--

LOCK TABLES `usecases_components` WRITE;
/*!40000 ALTER TABLE `usecases_components` DISABLE KEYS */;
/*!40000 ALTER TABLE `usecases_components` ENABLE KEYS */;
UNLOCK TABLES;

--
-- Table structure for table `users-permissions_permission`
--

DROP TABLE IF EXISTS `users-permissions_permission`;
/*!40101 SET @saved_cs_client     = @@character_set_client */;
/*!40101 SET character_set_client = utf8 */;
CREATE TABLE `users-permissions_permission` (
  `id` int(10) unsigned NOT NULL AUTO_INCREMENT,
  `type` varchar(255) NOT NULL,
  `controller` varchar(255) NOT NULL,
  `action` varchar(255) NOT NULL,
  `enabled` tinyint(1) NOT NULL,
  `policy` varchar(255) DEFAULT NULL,
  `role` int(11) DEFAULT NULL,
  `created_by` int(11) DEFAULT NULL,
  `updated_by` int(11) DEFAULT NULL,
  PRIMARY KEY (`id`)
) ENGINE=InnoDB AUTO_INCREMENT=2713 DEFAULT CHARSET=utf8;
/*!40101 SET character_set_client = @saved_cs_client */;

--
-- Dumping data for table `users-permissions_permission`
--

LOCK TABLES `users-permissions_permission` WRITE;
/*!40000 ALTER TABLE `users-permissions_permission` DISABLE KEYS */;
INSERT INTO `users-permissions_permission` VALUES (15,'application','page','count',1,'',1,NULL,NULL),(19,'application','page','count',1,'',2,NULL,NULL),(21,'application','page','create',0,'',2,NULL,NULL),(22,'application','page','create',1,'',1,NULL,NULL),(23,'application','page','delete',1,'',1,NULL,NULL),(24,'application','page','find',1,'',1,NULL,NULL),(25,'application','page','findone',1,'',1,NULL,NULL),(26,'application','page','findone',1,'',2,NULL,NULL),(27,'application','page','update',1,'',1,NULL,NULL),(28,'application','page','update',0,'',2,NULL,NULL),(29,'application','page','delete',0,'',2,NULL,NULL),(30,'application','page','find',1,'',2,NULL,NULL),(31,'content-manager','collection-types','bulkdelete',0,'',1,NULL,NULL),(32,'content-manager','collection-types','bulkdelete',1,'',2,NULL,NULL),(33,'content-manager','collection-types','create',1,'',2,NULL,NULL),(34,'content-manager','collection-types','delete',0,'',1,NULL,NULL),(35,'content-manager','collection-types','delete',1,'',2,NULL,NULL),(36,'content-manager','collection-types','find',0,'',1,NULL,NULL),(37,'content-manager','collection-types','create',0,'',1,NULL,NULL),(38,'content-manager','collection-types','find',1,'',2,NULL,NULL),(39,'content-manager','collection-types','findone',0,'',1,NULL,NULL),(40,'content-manager','collection-types','findone',1,'',2,NULL,NULL),(41,'content-manager','collection-types','previewmanyrelations',0,'',1,NULL,NULL),(42,'content-manager','collection-types','previewmanyrelations',1,'',2,NULL,NULL),(43,'content-manager','collection-types','publish',1,'',2,NULL,NULL),(44,'content-manager','collection-types','unpublish',0,'',1,NULL,NULL),(45,'content-manager','collection-types','unpublish',1,'',2,NULL,NULL),(46,'content-manager','collection-types','publish',0,'',1,NULL,NULL),(47,'content-manager','collection-types','update',0,'',1,NULL,NULL),(48,'content-manager','collection-types','update',1,'',2,NULL,NULL),(49,'content-manager','components','findcomponentconfiguration',0,'',1,NULL,NULL),(50,'content-manager','components','findcomponentconfiguration',1,'',2,NULL,NULL),(51,'content-manager','components','findcomponents',0,'',1,NULL,NULL),(52,'content-manager','components','findcomponents',1,'',2,NULL,NULL),(53,'content-manager','components','updatecomponentconfiguration',0,'',1,NULL,NULL),(54,'content-manager','components','updatecomponentconfiguration',1,'',2,NULL,NULL),(55,'content-manager','content-types','findcontenttypeconfiguration',1,'',1,NULL,NULL),(56,'content-manager','content-types','findcontenttypeconfiguration',1,'',2,NULL,NULL),(57,'content-manager','content-types','findcontenttypes',0,'',1,NULL,NULL),(58,'content-manager','content-types','findcontenttypes',1,'',2,NULL,NULL),(59,'content-manager','content-types','updatecontenttypeconfiguration',1,'',1,NULL,NULL),(60,'content-manager','content-types','updatecontenttypeconfiguration',1,'',2,NULL,NULL),(61,'content-manager','relations','find',0,'',1,NULL,NULL),(62,'content-manager','single-types','createorupdate',0,'',1,NULL,NULL),(63,'content-manager','single-types','delete',0,'',1,NULL,NULL),(64,'content-manager','relations','find',1,'',2,NULL,NULL),(65,'content-manager','single-types','createorupdate',1,'',2,NULL,NULL),(66,'content-manager','single-types','delete',1,'',2,NULL,NULL),(67,'content-manager','single-types','find',1,'',2,NULL,NULL),(68,'content-manager','single-types','find',0,'',1,NULL,NULL),(69,'content-manager','single-types','publish',0,'',1,NULL,NULL),(70,'content-manager','single-types','publish',1,'',2,NULL,NULL),(71,'content-manager','single-types','unpublish',0,'',1,NULL,NULL),(72,'content-manager','single-types','unpublish',1,'',2,NULL,NULL),(73,'content-manager','uid','checkuidavailability',0,'',1,NULL,NULL),(74,'content-manager','uid','checkuidavailability',1,'',2,NULL,NULL),(75,'content-manager','uid','generateuid',0,'',1,NULL,NULL),(76,'content-manager','uid','generateuid',1,'',2,NULL,NULL),(77,'content-type-builder','builder','getreservednames',0,'',1,NULL,NULL),(78,'content-type-builder','builder','getreservednames',1,'',2,NULL,NULL),(79,'content-type-builder','componentcategories','deletecategory',0,'',1,NULL,NULL),(80,'content-type-builder','componentcategories','deletecategory',0,'',2,NULL,NULL),(81,'content-type-builder','componentcategories','editcategory',0,'',1,NULL,NULL),(82,'content-type-builder','componentcategories','editcategory',0,'',2,NULL,NULL),(83,'content-type-builder','components','createcomponent',0,'',2,NULL,NULL),(84,'content-type-builder','components','deletecomponent',0,'',1,NULL,NULL),(85,'content-type-builder','components','deletecomponent',0,'',2,NULL,NULL),(86,'content-type-builder','components','getcomponent',0,'',1,NULL,NULL),(87,'content-type-builder','components','getcomponent',1,'',2,NULL,NULL),(88,'content-type-builder','components','createcomponent',0,'',1,NULL,NULL),(89,'content-type-builder','components','getcomponents',0,'',1,NULL,NULL),(90,'content-type-builder','components','getcomponents',1,'',2,NULL,NULL),(91,'content-type-builder','components','updatecomponent',0,'',2,NULL,NULL),(92,'content-type-builder','connections','getconnections',0,'',1,NULL,NULL),(93,'content-type-builder','contenttypes','createcontenttype',0,'',1,NULL,NULL),(94,'content-type-builder','contenttypes','createcontenttype',0,'',2,NULL,NULL),(95,'content-type-builder','components','updatecomponent',0,'',1,NULL,NULL),(96,'content-type-builder','connections','getconnections',0,'',2,NULL,NULL),(97,'content-type-builder','contenttypes','deletecontenttype',0,'',1,NULL,NULL),(98,'content-type-builder','contenttypes','deletecontenttype',0,'',2,NULL,NULL),(99,'content-type-builder','contenttypes','getcontenttype',0,'',1,NULL,NULL),(100,'content-type-builder','contenttypes','getcontenttype',0,'',2,NULL,NULL),(101,'content-type-builder','contenttypes','getcontenttypes',0,'',1,NULL,NULL),(102,'content-type-builder','contenttypes','getcontenttypes',0,'',2,NULL,NULL),(103,'content-type-builder','contenttypes','updatecontenttype',0,'',1,NULL,NULL),(104,'email','email','getsettings',0,'',1,NULL,NULL),(105,'email','email','getsettings',0,'',2,NULL,NULL),(106,'email','email','send',0,'',1,NULL,NULL),(107,'email','email','send',0,'',2,NULL,NULL),(108,'content-type-builder','contenttypes','updatecontenttype',0,'',2,NULL,NULL),(109,'email','email','test',0,'',1,NULL,NULL),(110,'email','email','test',0,'',2,NULL,NULL),(111,'upload','upload','count',0,'',1,NULL,NULL),(112,'upload','upload','destroy',0,'',1,NULL,NULL),(113,'upload','upload','find',0,'',1,NULL,NULL),(114,'upload','upload','count',1,'',2,NULL,NULL),(115,'upload','upload','destroy',0,'',2,NULL,NULL),(116,'upload','upload','find',1,'',2,NULL,NULL),(117,'upload','upload','findone',0,'',1,NULL,NULL),(118,'upload','upload','findone',1,'',2,NULL,NULL),(119,'upload','upload','getsettings',0,'',1,NULL,NULL),(120,'upload','upload','getsettings',1,'',2,NULL,NULL),(121,'upload','upload','search',0,'',1,NULL,NULL),(122,'upload','upload','search',0,'',2,NULL,NULL),(123,'upload','upload','updatesettings',0,'',2,NULL,NULL),(124,'upload','upload','updatesettings',0,'',1,NULL,NULL),(125,'upload','upload','upload',1,'',2,NULL,NULL),(126,'upload','upload','upload',0,'',1,NULL,NULL),(127,'users-permissions','auth','callback',0,'',1,NULL,NULL),(128,'users-permissions','auth','connect',0,'',1,NULL,NULL),(129,'users-permissions','auth','callback',1,'',2,NULL,NULL),(130,'users-permissions','auth','connect',1,'',2,NULL,NULL),(131,'users-permissions','auth','emailconfirmation',0,'',1,NULL,NULL),(132,'users-permissions','auth','emailconfirmation',1,'',2,NULL,NULL),(133,'users-permissions','auth','forgotpassword',0,'',1,NULL,NULL),(134,'users-permissions','auth','forgotpassword',1,'',2,NULL,NULL),(135,'users-permissions','auth','register',0,'',1,NULL,NULL),(136,'users-permissions','auth','sendemailconfirmation',0,'',1,NULL,NULL),(137,'users-permissions','auth','register',1,'',2,NULL,NULL),(138,'users-permissions','auth','resetpassword',0,'',1,NULL,NULL),(139,'users-permissions','auth','resetpassword',1,'',2,NULL,NULL),(140,'users-permissions','auth','sendemailconfirmation',1,'',2,NULL,NULL),(141,'users-permissions','user','count',1,'',2,NULL,NULL),(142,'users-permissions','user','create',0,'',1,NULL,NULL),(143,'users-permissions','user','count',0,'',1,NULL,NULL),(144,'users-permissions','user','create',1,'',2,NULL,NULL),(145,'users-permissions','user','destroy',0,'',1,NULL,NULL),(146,'users-permissions','user','destroy',1,'',2,NULL,NULL),(147,'users-permissions','user','destroyall',0,'',1,NULL,NULL),(148,'users-permissions','user','destroyall',1,'',2,NULL,NULL),(149,'users-permissions','user','find',0,'',1,NULL,NULL),(150,'users-permissions','user','find',1,'',2,NULL,NULL),(151,'users-permissions','user','findone',0,'',1,NULL,NULL),(152,'users-permissions','user','me',0,'',1,NULL,NULL),(153,'users-permissions','user','findone',1,'',2,NULL,NULL),(154,'users-permissions','user','me',1,'',2,NULL,NULL),(155,'users-permissions','user','update',0,'',1,NULL,NULL),(156,'users-permissions','user','update',1,'',2,NULL,NULL),(157,'users-permissions','userspermissions','createrole',0,'',1,NULL,NULL),(158,'users-permissions','userspermissions','createrole',1,'',2,NULL,NULL),(159,'users-permissions','userspermissions','deleterole',0,'',1,NULL,NULL),(160,'users-permissions','userspermissions','deleterole',1,'',2,NULL,NULL),(161,'users-permissions','userspermissions','getadvancedsettings',0,'',1,NULL,NULL),(162,'users-permissions','userspermissions','getadvancedsettings',1,'',2,NULL,NULL),(163,'users-permissions','userspermissions','getemailtemplate',0,'',1,NULL,NULL),(164,'users-permissions','userspermissions','getemailtemplate',1,'',2,NULL,NULL),(165,'users-permissions','userspermissions','getpermissions',0,'',1,NULL,NULL),(166,'users-permissions','userspermissions','getpermissions',1,'',2,NULL,NULL),(167,'users-permissions','userspermissions','getpolicies',0,'',1,NULL,NULL),(168,'users-permissions','userspermissions','getproviders',0,'',1,NULL,NULL),(169,'users-permissions','userspermissions','getpolicies',1,'',2,NULL,NULL),(170,'users-permissions','userspermissions','getproviders',1,'',2,NULL,NULL),(171,'users-permissions','userspermissions','getrole',0,'',1,NULL,NULL),(172,'users-permissions','userspermissions','getrole',1,'',2,NULL,NULL),(173,'users-permissions','userspermissions','getroles',1,'',2,NULL,NULL),(174,'users-permissions','userspermissions','getroles',0,'',1,NULL,NULL),(175,'users-permissions','userspermissions','getroutes',0,'',1,NULL,NULL),(176,'users-permissions','userspermissions','getroutes',1,'',2,NULL,NULL),(177,'users-permissions','userspermissions','index',0,'',1,NULL,NULL),(178,'users-permissions','userspermissions','searchusers',1,'',2,NULL,NULL),(179,'users-permissions','userspermissions','searchusers',0,'',1,NULL,NULL),(180,'users-permissions','userspermissions','index',1,'',2,NULL,NULL),(181,'users-permissions','userspermissions','updateadvancedsettings',0,'',1,NULL,NULL),(182,'users-permissions','userspermissions','updateadvancedsettings',1,'',2,NULL,NULL),(183,'users-permissions','userspermissions','updateemailtemplate',1,'',2,NULL,NULL),(184,'users-permissions','userspermissions','updateemailtemplate',0,'',1,NULL,NULL),(185,'users-permissions','userspermissions','updateproviders',0,'',1,NULL,NULL),(186,'users-permissions','userspermissions','updateproviders',1,'',2,NULL,NULL),(187,'users-permissions','userspermissions','updaterole',0,'',1,NULL,NULL),(188,'users-permissions','userspermissions','updaterole',1,'',2,NULL,NULL),(225,'documentation','documentation','deletedoc',0,'',1,NULL,NULL),(226,'documentation','documentation','deletedoc',0,'',2,NULL,NULL),(227,'documentation','documentation','getinfos',0,'',1,NULL,NULL),(228,'documentation','documentation','getinfos',0,'',2,NULL,NULL),(229,'documentation','documentation','index',0,'',2,NULL,NULL),(230,'documentation','documentation','login',0,'',1,NULL,NULL),(231,'documentation','documentation','login',0,'',2,NULL,NULL),(232,'documentation','documentation','index',0,'',1,NULL,NULL),(233,'documentation','documentation','loginview',0,'',2,NULL,NULL),(234,'documentation','documentation','loginview',0,'',1,NULL,NULL),(235,'documentation','documentation','regeneratedoc',0,'',1,NULL,NULL),(236,'documentation','documentation','regeneratedoc',0,'',2,NULL,NULL),(237,'documentation','documentation','updatesettings',0,'',1,NULL,NULL),(238,'documentation','documentation','updatesettings',0,'',2,NULL,NULL),(616,'application','page','find',0,'',3,NULL,NULL),(617,'application','page','findone',0,'',3,NULL,NULL),(618,'application','page','count',0,'',3,NULL,NULL),(619,'application','page','create',0,'',3,NULL,NULL),(620,'application','page','update',0,'',3,NULL,NULL),(621,'application','page','delete',0,'',3,NULL,NULL),(646,'content-manager','collection-types','find',0,'',3,NULL,NULL),(647,'content-manager','collection-types','findone',0,'',3,NULL,NULL),(648,'content-manager','collection-types','create',0,'',3,NULL,NULL),(649,'content-manager','collection-types','update',0,'',3,NULL,NULL),(650,'content-manager','collection-types','delete',0,'',3,NULL,NULL),(651,'content-manager','collection-types','publish',0,'',3,NULL,NULL),(652,'content-manager','collection-types','unpublish',0,'',3,NULL,NULL),(653,'content-manager','collection-types','bulkdelete',0,'',3,NULL,NULL),(654,'content-manager','collection-types','previewmanyrelations',0,'',3,NULL,NULL),(655,'content-manager','components','findcomponents',0,'',3,NULL,NULL),(656,'content-manager','components','findcomponentconfiguration',0,'',3,NULL,NULL),(657,'content-manager','components','updatecomponentconfiguration',0,'',3,NULL,NULL),(658,'content-manager','content-types','findcontenttypes',0,'',3,NULL,NULL),(660,'content-manager','content-types','findcontenttypeconfiguration',0,'',3,NULL,NULL),(661,'content-manager','content-types','updatecontenttypeconfiguration',0,'',3,NULL,NULL),(662,'content-manager','relations','find',0,'',3,NULL,NULL),(663,'content-manager','single-types','find',0,'',3,NULL,NULL),(664,'content-manager','single-types','createorupdate',0,'',3,NULL,NULL),(665,'content-manager','single-types','delete',0,'',3,NULL,NULL),(666,'content-manager','single-types','publish',0,'',3,NULL,NULL),(667,'content-manager','single-types','unpublish',0,'',3,NULL,NULL),(668,'content-manager','uid','generateuid',0,'',3,NULL,NULL),(669,'content-manager','uid','checkuidavailability',0,'',3,NULL,NULL),(670,'content-type-builder','builder','getreservednames',0,'',3,NULL,NULL),(671,'content-type-builder','componentcategories','editcategory',0,'',3,NULL,NULL),(672,'content-type-builder','componentcategories','deletecategory',0,'',3,NULL,NULL),(673,'content-type-builder','components','getcomponents',0,'',3,NULL,NULL),(674,'content-type-builder','components','getcomponent',0,'',3,NULL,NULL),(675,'content-type-builder','components','createcomponent',0,'',3,NULL,NULL),(676,'content-type-builder','components','updatecomponent',0,'',3,NULL,NULL),(677,'content-type-builder','components','deletecomponent',0,'',3,NULL,NULL),(678,'content-type-builder','connections','getconnections',0,'',3,NULL,NULL),(679,'content-type-builder','contenttypes','getcontenttypes',0,'',3,NULL,NULL),(680,'content-type-builder','contenttypes','getcontenttype',0,'',3,NULL,NULL),(681,'content-type-builder','contenttypes','createcontenttype',0,'',3,NULL,NULL),(682,'content-type-builder','contenttypes','updatecontenttype',0,'',3,NULL,NULL),(683,'content-type-builder','contenttypes','deletecontenttype',0,'',3,NULL,NULL),(684,'documentation','documentation','index',0,'',3,NULL,NULL),(685,'documentation','documentation','getinfos',0,'',3,NULL,NULL),(686,'documentation','documentation','loginview',0,'',3,NULL,NULL),(687,'documentation','documentation','login',0,'',3,NULL,NULL),(688,'documentation','documentation','regeneratedoc',0,'',3,NULL,NULL),(689,'documentation','documentation','deletedoc',0,'',3,NULL,NULL),(690,'documentation','documentation','updatesettings',0,'',3,NULL,NULL),(691,'email','email','test',0,'',3,NULL,NULL),(692,'email','email','send',0,'',3,NULL,NULL),(693,'email','email','getsettings',0,'',3,NULL,NULL),(694,'upload','upload','find',0,'',3,NULL,NULL),(695,'upload','upload','findone',0,'',3,NULL,NULL),(696,'upload','upload','count',0,'',3,NULL,NULL),(697,'upload','upload','destroy',0,'',3,NULL,NULL),(698,'upload','upload','updatesettings',0,'',3,NULL,NULL),(699,'upload','upload','getsettings',0,'',3,NULL,NULL),(700,'upload','upload','upload',0,'',3,NULL,NULL),(701,'upload','upload','search',0,'',3,NULL,NULL),(702,'users-permissions','auth','callback',0,'',3,NULL,NULL),(703,'users-permissions','auth','resetpassword',0,'',3,NULL,NULL),(704,'users-permissions','auth','connect',0,'',3,NULL,NULL),(705,'users-permissions','auth','forgotpassword',0,'',3,NULL,NULL),(706,'users-permissions','auth','register',0,'',3,NULL,NULL),(707,'users-permissions','auth','emailconfirmation',0,'',3,NULL,NULL),(708,'users-permissions','auth','sendemailconfirmation',0,'',3,NULL,NULL),(709,'users-permissions','user','create',0,'',3,NULL,NULL),(710,'users-permissions','user','update',0,'',3,NULL,NULL),(711,'users-permissions','user','find',0,'',3,NULL,NULL),(712,'users-permissions','user','findone',0,'',3,NULL,NULL),(713,'users-permissions','user','count',0,'',3,NULL,NULL),(714,'users-permissions','user','destroy',0,'',3,NULL,NULL),(715,'users-permissions','user','destroyall',0,'',3,NULL,NULL),(716,'users-permissions','user','me',0,'',3,NULL,NULL),(717,'users-permissions','userspermissions','createrole',0,'',3,NULL,NULL),(718,'users-permissions','userspermissions','deleterole',0,'',3,NULL,NULL),(719,'users-permissions','userspermissions','getpermissions',0,'',3,NULL,NULL),(720,'users-permissions','userspermissions','getpolicies',0,'',3,NULL,NULL),(721,'users-permissions','userspermissions','getrole',0,'',3,NULL,NULL),(722,'users-permissions','userspermissions','getroles',0,'',3,NULL,NULL),(723,'users-permissions','userspermissions','getroutes',0,'',3,NULL,NULL),(724,'users-permissions','userspermissions','index',0,'',3,NULL,NULL),(725,'users-permissions','userspermissions','searchusers',0,'',3,NULL,NULL),(726,'users-permissions','userspermissions','updaterole',0,'',3,NULL,NULL),(727,'users-permissions','userspermissions','getemailtemplate',0,'',3,NULL,NULL),(728,'users-permissions','userspermissions','updateemailtemplate',0,'',3,NULL,NULL),(729,'users-permissions','userspermissions','getadvancedsettings',0,'',3,NULL,NULL),(730,'users-permissions','userspermissions','updateadvancedsettings',0,'',3,NULL,NULL),(731,'users-permissions','userspermissions','getproviders',0,'',3,NULL,NULL),(732,'users-permissions','userspermissions','updateproviders',0,'',3,NULL,NULL),(769,'content-manager','content-types','findcontenttypessettings',1,'',1,NULL,NULL),(770,'content-manager','content-types','findcontenttypessettings',1,'',2,NULL,NULL),(771,'content-manager','content-types','findcontenttypessettings',0,'',3,NULL,NULL),(1714,'application','page','createlocalization',0,'',1,NULL,NULL),(1715,'application','page','createlocalization',0,'',2,NULL,NULL),(1716,'application','page','createlocalization',0,'',3,NULL,NULL),(1741,'i18n','content-types','getnonlocalizedattributes',0,'',1,NULL,NULL),(1742,'i18n','content-types','getnonlocalizedattributes',0,'',2,NULL,NULL),(1743,'i18n','content-types','getnonlocalizedattributes',0,'',3,NULL,NULL),(1744,'i18n','iso-locales','listisolocales',0,'',1,NULL,NULL),(1745,'i18n','iso-locales','listisolocales',0,'',2,NULL,NULL),(1746,'i18n','iso-locales','listisolocales',0,'',3,NULL,NULL),(1747,'i18n','locales','createlocale',0,'',1,NULL,NULL),(1748,'i18n','locales','createlocale',0,'',2,NULL,NULL),(1749,'i18n','locales','createlocale',0,'',3,NULL,NULL),(1750,'i18n','locales','deletelocale',0,'',1,NULL,NULL),(1751,'i18n','locales','deletelocale',0,'',2,NULL,NULL),(1752,'i18n','locales','deletelocale',0,'',3,NULL,NULL),(1753,'i18n','locales','listlocales',1,'',2,NULL,NULL),(1754,'i18n','locales','listlocales',0,'',1,NULL,NULL),(1755,'i18n','locales','listlocales',0,'',3,NULL,NULL),(1756,'i18n','locales','updatelocale',0,'',1,NULL,NULL),(1757,'i18n','locales','updatelocale',0,'',2,NULL,NULL),(1758,'i18n','locales','updatelocale',0,'',3,NULL,NULL),(2677,'application','library-api','count',0,'',1,NULL,NULL),(2678,'application','library-api','count',0,'',2,NULL,NULL),(2679,'application','library-api','count',0,'',3,NULL,NULL),(2680,'application','library-api','create',0,'',1,NULL,NULL),(2681,'application','library-api','create',0,'',2,NULL,NULL),(2682,'application','library-api','create',0,'',3,NULL,NULL),(2683,'application','library-api','delete',0,'',1,NULL,NULL),(2684,'application','library-api','delete',0,'',2,NULL,NULL),(2685,'application','library-api','delete',0,'',3,NULL,NULL),(2686,'application','library-api','find',0,'',1,NULL,NULL),(2687,'application','library-api','findone',0,'',1,NULL,NULL),(2688,'application','library-api','find',1,'',2,NULL,NULL),(2689,'application','library-api','find',0,'',3,NULL,NULL),(2690,'application','library-api','findone',1,'',2,NULL,NULL),(2691,'application','library-api','findone',0,'',3,NULL,NULL),(2692,'application','library-api','update',0,'',1,NULL,NULL),(2693,'application','library-api','update',0,'',2,NULL,NULL),(2694,'application','library-api','update',0,'',3,NULL,NULL),(2695,'application','blog-item','count',0,'',1,NULL,NULL),(2696,'application','blog-item','count',0,'',2,NULL,NULL),(2697,'application','blog-item','count',0,'',3,NULL,NULL),(2698,'application','blog-item','create',0,'',1,NULL,NULL),(2699,'application','blog-item','create',0,'',2,NULL,NULL),(2700,'application','blog-item','delete',0,'',1,NULL,NULL),(2701,'application','blog-item','create',0,'',3,NULL,NULL),(2702,'application','blog-item','delete',0,'',2,NULL,NULL),(2703,'application','blog-item','delete',0,'',3,NULL,NULL),(2704,'application','blog-item','find',0,'',1,NULL,NULL),(2705,'application','blog-item','find',1,'',2,NULL,NULL),(2706,'application','blog-item','find',0,'',3,NULL,NULL),(2707,'application','blog-item','findone',0,'',1,NULL,NULL),(2708,'application','blog-item','findone',1,'',2,NULL,NULL),(2709,'application','blog-item','findone',0,'',3,NULL,NULL),(2710,'application','blog-item','update',0,'',1,NULL,NULL),(2711,'application','blog-item','update',0,'',3,NULL,NULL),(2712,'application','blog-item','update',0,'',2,NULL,NULL);
/*!40000 ALTER TABLE `users-permissions_permission` ENABLE KEYS */;
UNLOCK TABLES;

--
-- Table structure for table `users-permissions_role`
--

DROP TABLE IF EXISTS `users-permissions_role`;
/*!40101 SET @saved_cs_client     = @@character_set_client */;
/*!40101 SET character_set_client = utf8 */;
CREATE TABLE `users-permissions_role` (
  `id` int(10) unsigned NOT NULL AUTO_INCREMENT,
  `name` varchar(255) NOT NULL,
  `description` varchar(255) DEFAULT NULL,
  `type` varchar(255) DEFAULT NULL,
  `created_by` int(11) DEFAULT NULL,
  `updated_by` int(11) DEFAULT NULL,
  PRIMARY KEY (`id`),
  UNIQUE KEY `users-permissions_role_type_unique` (`type`)
) ENGINE=InnoDB AUTO_INCREMENT=4 DEFAULT CHARSET=utf8;
/*!40101 SET character_set_client = @saved_cs_client */;

--
-- Dumping data for table `users-permissions_role`
--

LOCK TABLES `users-permissions_role` WRITE;
/*!40000 ALTER TABLE `users-permissions_role` DISABLE KEYS */;
INSERT INTO `users-permissions_role` VALUES (1,'Authenticated','Default role given to authenticated user.','authenticated',NULL,NULL),(2,'Public','Default role given to unauthenticated user.','public',NULL,NULL),(3,'Author','author','author',NULL,NULL);
/*!40000 ALTER TABLE `users-permissions_role` ENABLE KEYS */;
UNLOCK TABLES;

--
-- Table structure for table `users-permissions_user`
--

DROP TABLE IF EXISTS `users-permissions_user`;
/*!40101 SET @saved_cs_client     = @@character_set_client */;
/*!40101 SET character_set_client = utf8 */;
CREATE TABLE `users-permissions_user` (
  `id` int(10) unsigned NOT NULL AUTO_INCREMENT,
  `username` varchar(255) NOT NULL,
  `email` varchar(255) NOT NULL,
  `provider` varchar(255) DEFAULT NULL,
  `password` varchar(255) DEFAULT NULL,
  `resetPasswordToken` varchar(255) DEFAULT NULL,
  `confirmationToken` varchar(255) DEFAULT NULL,
  `confirmed` tinyint(1) DEFAULT NULL,
  `blocked` tinyint(1) DEFAULT NULL,
  `role` int(11) DEFAULT NULL,
  `created_by` int(11) DEFAULT NULL,
  `updated_by` int(11) DEFAULT NULL,
  `created_at` timestamp NULL DEFAULT CURRENT_TIMESTAMP,
  `updated_at` timestamp NULL DEFAULT CURRENT_TIMESTAMP,
  PRIMARY KEY (`id`),
  UNIQUE KEY `users-permissions_user_username_unique` (`username`)
) ENGINE=InnoDB DEFAULT CHARSET=utf8;
/*!40101 SET character_set_client = @saved_cs_client */;

--
-- Dumping data for table `users-permissions_user`
--

LOCK TABLES `users-permissions_user` WRITE;
/*!40000 ALTER TABLE `users-permissions_user` DISABLE KEYS */;
/*!40000 ALTER TABLE `users-permissions_user` ENABLE KEYS */;
UNLOCK TABLES;

--
-- Dumping routines for database 'devportal_cloudappi_db'
--
/*!40103 SET TIME_ZONE=@OLD_TIME_ZONE */;

/*!40101 SET SQL_MODE=@OLD_SQL_MODE */;
/*!40014 SET FOREIGN_KEY_CHECKS=@OLD_FOREIGN_KEY_CHECKS */;
/*!40014 SET UNIQUE_CHECKS=@OLD_UNIQUE_CHECKS */;
/*!40101 SET CHARACTER_SET_CLIENT=@OLD_CHARACTER_SET_CLIENT */;
/*!40101 SET CHARACTER_SET_RESULTS=@OLD_CHARACTER_SET_RESULTS */;
/*!40101 SET COLLATION_CONNECTION=@OLD_COLLATION_CONNECTION */;
/*!40111 SET SQL_NOTES=@OLD_SQL_NOTES */;

-- Dump completed on 2023-02-09 19:36:43
